ply
format ascii 1.0
element vertex 3000
property float x
property float y
property float z
property uchar red
property uchar green
property uchar blue
end_header
15.3407 -12.5157 2.5663 200 200 200
1.0564 -26.6180 1.0552 200 200 200
291.3100 164.9296 -98.7769 200 200 200
16.2687 -11.9121 1.3364 200 200 200
12.5848 7.5390 6.1251 200 200 200
-463.8200 -742.5035 -267.4072 200 200 200
-211.5144 -411.3872 -133.5868 200 200 200
4.5433 -16.2615 -3.6000 200 200 200
-47.2151 84.1842 -27.8566 200 200 200
-27.5154 72.5441 -24.0707 200 200 200
44.7582 65.5055 -25.4007 200 200 200
19.8802 -7.1951 -7.3696 200 200 200
4.6676 -15.1611 -2.7535 200 200 200
3.1023 -14.9705 -1.4424 200 200 200
-35.5586 65.8212 -24.4857 200 200 200
-24.1304 59.4713 -20.9562 200 200 200
-16.7954 57.9848 -20.1015 200 200 200
61.9351 103.2241 -37.1277 200 200 200
21.1413 -3.8505 -4.8487 200 200 200
20.3254 -3.9812 -5.7971 200 200 200
11.8515 -0.7649 1.3118 200 200 200
16.1178 -11.5326 1.2724 200 200 200
87.9032 50.4305 -15.5647 200 200 200
33.3327 -29.4600 -6.7891 200 200 200
-30.2124 -10.0303 -5.9798 200 200 200
4.9900 -14.8148 -1.3960 200 200 200
22.0352 -2.4564 1.1891 200 200 200
-37.4735 -7.5344 -6.8839 200 200 200
-44.5918 34.7757 -29.6283 200 200 200
-58.8081 88.7917 -30.4238 200 200 200
-36.4992 73.8096 -26.0446 200 200 200
63.9638 45.5867 -20.1539 200 200 200
65.1415 86.2682 -32.2072 200 200 200
60.4490 38.9719 -18.1763 200 200 200
67.4212 47.3925 -22.5947 200 200 200
-2.2201 -7.5753 2.8811 200 200 200
20.2897 -6.1150 -8.0960 200 200 200
14.3713 -13.0844 3.3578 200 200 200
-1.0141 -23.3896 1.6542 200 200 200
-1.0660 -23.9854 1.3818 200 200 200
-1.3717 -24.1633 1.3830 200 200 200
17.3138 -12.6438 1.4104 200 200 200
16.7859 -12.2131 0.9276 200 200 200
14.3598 -2.0820 0.7608 200 200 200
109.0465 62.9110 -24.7831 200 200 200
36.7693 -9.9728 0.0665 200 200 200
8.5704 7.9192 4.1983 200 200 200
-233.4591 -425.1373 -133.5850 200 200 200
4.9948 -17.0013 -3.6357 200 200 200
1.9400 -15.3917 -1.4647 200 200 200
-55.3298 49.8672 -35.6743 200 200 200
-26.6688 62.2185 -21.8560 200 200 200
-30.1634 62.3502 -22.0856 200 200 200
-22.6838 68.6519 -22.6921 200 200 200
-18.3334 66.1419 -21.1119 200 200 200
-20.6956 68.7864 -20.5225 200 200 200
63.6821 106.8673 -39.5796 200 200 200
25.0985 -15.1106 -14.6457 200 200 200
96.6110 132.1910 -50.3469 200 200 200
-1.3267 -6.5790 1.6206 200 200 200
13.5916 3.9825 4.0322 200 200 200
13.6370 3.7100 4.9900 200 200 200
15.5106 -12.5529 2.6521 200 200 200
1.1935 -27.0244 1.1805 200 200 200
15.8418 -14.2805 3.2565 200 200 200
15.8679 -11.4499 1.3105 200 200 200
8.3827 1.0258 0.6249 200 200 200
10.8605 0.1417 2.2853 200 200 200
16.6966 -11.9961 0.8046 200 200 200
20.2927 -7.5616 -3.0888 200 200 200
20.2621 -7.7101 -3.0825 200 200 200
102.5585 65.2931 -25.6083 200 200 200
137.0414 92.9356 -50.3385 200 200 200
278.1758 148.5888 -76.1833 200 200 200
4.9975 -14.1484 -2.2413 200 200 200
1.8020 -16.6700 -0.6530 200 200 200
-38.3848 35.3564 -29.2039 200 200 200
21.7541 -3.4985 1.7771 200 200 200
-23.7454 46.3472 -15.4443 200 200 200
0.9743 43.2078 -13.7649 200 200 200
15.5673 -13.0238 5.7317 200 200 200
22.1836 -7.1767 5.1311 200 200 200
55.8601 101.2188 -41.8907 200 200 200
11.2779 -11.2529 -9.8107 200 200 200
0.8513 -8.3851 -3.9562 200 200 200
21.0523 -5.2636 -3.3725 200 200 200
64.8180 48.5371 -21.4207 200 200 200
2.6674 -10.0348 -5.0715 200 200 200
3.2575 -9.6555 -4.7885 200 200 200
-1.5068 -7.9427 2.3442 200 200 200
21.8416 -7.0982 -3.4752 200 200 200
13.5355 5.6205 2.1872 200 200 200
18.7341 0.7319 0.1200 200 200 200
4.4924 0.2050 -3.0282 200 200 200
4.8505 -5.1905 1.6978 200 200 200
5.4135 -5.3006 -0.6798 200 200 200
1.1283 -8.3264 1.7962 200 200 200
0.2328 -25.3825 1.5003 200 200 200
16.0819 -11.9192 1.2196 200 200 200
9.5823 0.6093 -1.1611 200 200 200
-10.3412 -12.9088 -2.8854 200 200 200
-2.1201 -25.9809 2.2414 200 200 200
15.4905 -12.6332 2.7901 200 200 200
-1.9690 -28.1075 0.3157 200 200 200
16.1361 -13.3034 2.6666 200 200 200
58.6409 51.9253 -15.4216 200 200 200
59.2809 54.7595 -16.5480 200 200 200
437.2098 280.6962 -182.8254 200 200 200
35.8772 -6.9717 -0.0127 200 200 200
12.1132 9.6624 5.4461 200 200 200
8.9004 -3.2840 4.4371 200 200 200
4.0150 -16.8232 -3.7091 200 200 200
4.8683 -14.2632 -3.5453 200 200 200
-32.8092 28.1620 -24.0258 200 200 200
14.7788 0.6119 -3.8171 200 200 200
1.5760 -14.0924 -3.5937 200 200 200
2.8704 -15.4051 -1.0306 200 200 200
11.6059 -16.8654 -8.3966 200 200 200
-34.1991 -7.1820 -7.1934 200 200 200
22.2325 -3.4047 0.6078 200 200 200
4.9477 -14.6663 -2.6544 200 200 200
3.7555 -14.8935 -0.7414 200 200 200
19.9228 6.4726 1.4611 200 200 200
-63.9015 85.5685 -36.4308 200 200 200
-27.4101 59.6123 -23.3741 200 200 200
-41.8889 76.7116 -24.8480 200 200 200
6.7986 29.1394 -9.7850 200 200 200
20.8478 0.3710 3.8764 200 200 200
22.6165 -5.9584 5.4423 200 200 200
23.3365 -7.0735 4.6512 200 200 200
22.2713 -7.1205 5.2595 200 200 200
-13.8260 71.5838 -21.1910 200 200 200
16.1907 -14.7084 5.5209 200 200 200
0.7127 -9.1726 3.9948 200 200 200
12.8116 6.2988 -10.7488 200 200 200
14.1226 0.2367 -8.4824 200 200 200
12.0666 -6.5162 -6.0180 200 200 200
13.3321 -3.8243 -10.6081 200 200 200
11.4533 5.1179 -9.9343 200 200 200
6.9130 -3.3018 -15.0552 200 200 200
7.8452 -5.3163 -11.1857 200 200 200
12.4412 -5.7040 -10.1690 200 200 200
-9.0247 9.5724 -1.3083 200 200 200
59.8278 504.3231 -151.3079 200 200 200
74.3223 115.6330 -39.8003 200 200 200
-1.4642 -6.5857 2.4652 200 200 200
199.0202 1481.3519 -437.4827 200 200 200
1535.8571 10756.0189 -3177.3801 200 200 200
10726.2212 63762.9981 -21783.6233 200 200 200
-2.6843 -7.8992 2.2041 200 200 200
21.1424 -2.2419 -7.2051 200 200 200
0.0548 -8.4343 1.7115 200 200 200
21.6633 -8.1590 -4.5974 200 200 200
21.5506 -8.5204 -6.9421 200 200 200
127.5983 40.5817 -52.7889 200 200 200
63.3675 118.4820 -53.7385 200 200 200
58.5414 101.2640 -45.0068 200 200 200
22.5757 -1.4708 -5.7681 200 200 200
-2.2730 -8.2216 2.1065 200 200 200
27.4021 -6.8206 -6.6354 200 200 200
26.6679 -8.1252 -9.6099 200 200 200
22.1146 -4.1491 -4.6660 200 200 200
20.9901 -8.1232 -4.6706 200 200 200
23.8865 -6.6787 -4.9783 200 200 200
-1.5423 -6.7021 2.6955 200 200 200
21.1590 -3.2552 -5.9594 200 200 200
93.9832 -12.6695 -13.3056 200 200 200
20.2958 8.3138 2.4980 200 200 200
10.8847 4.8937 2.0218 200 200 200
10.9702 4.6863 1.7407 200 200 200
12.2239 4.5344 2.1622 200 200 200
9.4444 6.2882 1.8576 200 200 200
22.7237 4.1160 -1.7053 200 200 200
10.9213 4.3226 -0.8233 200 200 200
-0.8586 -11.2520 2.2772 200 200 200
0.4800 -18.2878 2.7499 200 200 200
-3.7631 -7.8324 -1.3111 200 200 200
3.9245 -3.6644 3.3761 200 200 200
1.9008 -19.9791 3.4568 200 200 200
14.6294 -12.9824 3.4462 200 200 200
12.3494 2.4424 3.0254 200 200 200
1.8813 -21.2160 2.7808 200 200 200
-2.1551 -28.4519 1.0260 200 200 200
-1.8720 -26.2458 2.0054 200 200 200
9.5448 0.4736 -0.2468 200 200 200
18.2315 -12.5330 0.4323 200 200 200
17.8523 -11.6702 0.3923 200 200 200
49.7953 17.9878 -2.6695 200 200 200
60.6760 59.9441 -18.1728 200 200 200
74.2101 59.7654 -20.4441 200 200 200
42.4807 16.7510 -2.2982 200 200 200
110.5690 71.5046 -22.2984 200 200 200
245.2835 154.5072 -87.9496 200 200 200
179.2666 110.6210 -43.7355 200 200 200
227.8082 134.3399 -56.7095 200 200 200
1802.3435 985.4324 -531.4372 200 200 200
107.1229 -49.1074 -25.7459 200 200 200
19.1143 9.2986 4.4547 200 200 200
19.7499 6.4229 6.6367 200 200 200
12.6295 7.2814 4.7464 200 200 200
12.6652 7.0804 4.4346 200 200 200
8.6594 8.0801 3.9550 200 200 200
8.8743 11.0214 5.5840 200 200 200
18.2308 -1.9817 -2.4970 200 200 200
21.1547 -1.2273 -0.5831 200 200 200
15.9392 -1.1012 -4.9760 200 200 200
19.3954 3.6649 2.4950 200 200 200
-4.0144 -37.5496 -16.1566 200 200 200
8.1269 4.3839 -3.7456 200 200 200
20.6299 3.2809 2.6254 200 200 200
1.8425 -14.0648 -2.7106 200 200 200
22.1922 -4.7565 1.0556 200 200 200
21.6306 -3.7592 2.0614 200 200 200
2.2796 -13.6948 -3.5142 200 200 200
4.3971 -16.4386 -2.1668 200 200 200
5.1359 -14.3143 -3.1125 200 200 200
5.0930 -15.2833 -3.2883 200 200 200
17.2780 0.2966 -4.9671 200 200 200
22.2436 -3.5199 0.6402 200 200 200
-38.2481 -5.0954 -9.3018 200 200 200
4.9866 -15.3108 -2.7676 200 200 200
20.3641 3.4215 1.2241 200 200 200
-34.3428 -8.8667 -8.0046 200 200 200
-50.0655 36.3288 -31.1960 200 200 200
5.6360 13.7282 -9.1752 200 200 200
20.7128 5.6069 1.3943 200 200 200
-53.3518 73.4850 -28.0928 200 200 200
-28.5355 49.4457 -18.9315 200 200 200
20.6881 0.2881 3.8623 200 200 200
-14.7877 61.6896 -18.7324 200 200 200
22.3972 -0.2991 3.7569 200 200 200
15.5209 -11.2480 0.5095 200 200 200
23.4310 -7.0097 3.9025 200 200 200
-0.5590 -8.5818 3.5969 200 200 200
-28.1171 63.7062 -21.9402 200 200 200
0.3197 61.9014 -17.8163 200 200 200
-0.5873 -12.2027 2.4703 200 200 200
14.6657 -2.2443 -7.6681 200 200 200
246.5154 528.0563 -332.1616 200 200 200
11.6504 -1.3956 -8.2180 200 200 200
11.3779 -4.3915 -6.7423 200 200 200
9.4536 -4.2774 -5.5616 200 200 200
0.3118 6.4966 -34.3881 200 200 200
13.5740 -3.1525 -14.2000 200 200 200
11.1065 10.1155 -17.1118 200 200 200
-10.7941 -0.7626 -15.2088 200 200 200
13.5372 11.7875 -27.6631 200 200 200
-163.7109 272.9025 -381.4209 200 200 200
9.9022 0.6183 -12.8574 200 200 200
268.9123 869.9479 -651.2268 200 200 200
-21.7082 33.4832 -6.6753 200 200 200
-2.4197 -8.0537 2.3794 200 200 200
-2.5933 -8.7181 1.5789 200 200 200
-1.8829 -8.0718 3.4001 200 200 200
-1.9383 -9.6132 1.2938 200 200 200
82.0425 135.3518 -48.2512 200 200 200
325.3677 3120.2638 -1025.1603 200 200 200
-2.7843 -7.9412 2.4127 200 200 200
17.0748 -3.7339 -11.0268 200 200 200
-1.6206 -6.5636 1.6260 200 200 200
-1.0629 -8.0688 1.9626 200 200 200
24.2351 -3.3694 -3.8971 200 200 200
80.7271 132.7156 -50.9605 200 200 200
22.8223 -1.5003 -7.6921 200 200 200
27.2809 -8.5277 -7.9423 200 200 200
21.2844 -6.0786 -5.6657 200 200 200
21.4952 -6.3465 -5.7499 200 200 200
0.2727 -8.0417 2.0098 200 200 200
206.1652 63.0107 -91.1043 200 200 200
-3.1156 17.1203 -11.9446 200 200 200
29.5694 -3.9694 -6.9652 200 200 200
27.3709 -7.8419 -7.3340 200 200 200
-2.4064 17.1935 -11.9048 200 200 200
20.4125 -4.4083 -5.5824 200 200 200
-2.2328 -7.7992 1.9549 200 200 200
24.1076 -9.3285 -8.4849 200 200 200
-0.7518 -8.0929 1.8799 200 200 200
21.5019 -3.3722 -7.3646 200 200 200
9.0652 -15.8334 -5.1250 200 200 200
-0.8306 -6.3796 1.7261 200 200 200
-1.1135 -8.6292 1.8739 200 200 200
-2.3153 -6.4464 2.8869 200 200 200
19.9750 -4.4447 -2.4793 200 200 200
67.9738 -10.2172 -6.4743 200 200 200
20.8492 8.6037 2.3163 200 200 200
20.8163 -0.1378 -0.5496 200 200 200
12.2592 4.3747 1.0811 200 200 200
9.0203 6.9173 1.2279 200 200 200
9.4278 6.9782 0.6317 200 200 200
9.7003 5.8353 1.0587 200 200 200
19.9992 2.0950 1.1986 200 200 200
5.2487 -5.3737 -0.4288 200 200 200
17.1055 -18.6364 0.0127 200 200 200
21.3036 3.6373 -0.6668 200 200 200
0.1428 -17.5093 3.1944 200 200 200
1205.9454 -2260.0341 -653.2928 200 200 200
2.6437 -5.8796 1.4631 200 200 200
1.9303 -20.2453 3.5856 200 200 200
13.5664 2.9082 5.2502 200 200 200
13.1647 4.1065 4.1604 200 200 200
13.7884 4.4898 4.0577 200 200 200
13.1440 3.4163 2.6683 200 200 200
15.1497 -12.8285 2.3862 200 200 200
-5.6979 -11.8814 -3.0172 200 200 200
-10.2317 -12.2007 -5.2575 200 200 200
15.7035 -12.0024 1.2420 200 200 200
14.1396 -13.2189 1.5080 200 200 200
14.1540 -12.4692 0.8833 200 200 200
17.6623 -11.7520 -0.1116 200 200 200
14.2393 -12.2162 1.3141 200 200 200
15.1689 -5.1364 2.9564 200 200 200
16.9620 -11.5467 1.6923 200 200 200
19.9817 -2.7623 -2.0018 200 200 200
19.0791 -6.6565 -2.6534 200 200 200
16.6857 -12.0868 2.5478 200 200 200
52.7238 61.3291 -16.0097 200 200 200
72.3060 38.1819 -10.5169 200 200 200
63.5716 51.3284 -16.7998 200 200 200
54.0363 45.2200 -12.8290 200 200 200
56.4899 63.7722 -15.1469 200 200 200
48.6198 52.9016 -14.5317 200 200 200
62.5781 59.3247 -17.9778 200 200 200
148.6631 99.3159 -58.0902 200 200 200
354.1211 204.2098 -102.7337 200 200 200
356.2214 202.9507 -95.2542 200 200 200
652.6146 367.6095 -213.5027 200 200 200
1017.7781 556.4616 -294.1995 200 200 200
48.2129 12.1633 -7.8319 200 200 200
18.8294 3.7166 5.9252 200 200 200
19.2896 9.1972 4.2828 200 200 200
17.3838 9.2992 3.9027 200 200 200
14.7053 10.0660 4.3727 200 200 200
18.4358 11.0466 4.3420 200 200 200
19.2204 3.4613 6.6626 200 200 200
18.8723 1.9888 6.3759 200 200 200
18.5453 7.7659 1.9686 200 200 200
13.3914 7.3010 2.8045 200 200 200
13.1001 7.1354 3.3462 200 200 200
10.9102 -1.8096 5.1105 200 200 200
3.2316 5.1999 5.9812 200 200 200
20.3348 3.6489 4.9940 200 200 200
10.6570 -2.4025 5.8296 200 200 200
0.2126 11.1859 -5.6559 200 200 200
-6.9012 3.8914 -4.5868 200 200 200
17.8710 -2.0270 -2.8075 200 200 200
16.1280 -0.4901 -3.2445 200 200 200
10.0761 6.6940 -1.8073 200 200 200
3.7310 -14.8181 -1.3912 200 200 200
15.6401 -1.3009 -3.4415 200 200 200
21.5427 -3.7359 2.3972 200 200 200
16.1389 -9.4721 -0.2619 200 200 200
5.5039 -13.7254 -3.0634 200 200 200
11.8811 -19.8710 -9.6135 200 200 200
-30.0441 -10.1757 -5.5891 200 200 200
15.2174 -1.3845 -3.3991 200 200 200
-35.0071 -6.6428 -8.0693 200 200 200
20.8411 -3.2874 2.8921 200 200 200
21.4640 -3.7730 2.1079 200 200 200
-47.3413 29.9121 -30.6250 200 200 200
20.1261 -2.0341 0.9307 200 200 200
5.9426 -16.1848 -5.5355 200 200 200
3.3356 -16.7833 -3.0426 200 200 200
-5.0523 10.0086 -8.8665 200 200 200
2.1794 -14.1326 -4.1067 200 200 200
21.8923 -3.8850 1.4837 200 200 200
5.0584 -17.2088 -5.6380 200 200 200
21.2237 -3.4335 2.0066 200 200 200
21.5939 -3.1955 1.4073 200 200 200
21.0866 3.9767 0.9115 200 200 200
-38.8361 68.3138 -28.7398 200 200 200
22.1742 1.1228 4.1257 200 200 200
21.1737 -0.8875 3.4822 200 200 200
22.6400 -0.2289 3.8401 200 200 200
22.5208 -7.2840 3.6841 200 200 200
15.9655 -14.6061 5.3248 200 200 200
20.8824 -0.3159 3.9544 200 200 200
17.6368 -10.5142 3.9109 200 200 200
16.1750 -12.5128 0.9134 200 200 200
-0.4054 -12.6040 2.4109 200 200 200
21.8631 0.6592 4.1472 200 200 200
16.1399 26.4177 -2.7287 200 200 200
21.9076 -6.0691 5.4354 200 200 200
15.6625 -14.4775 5.7663 200 200 200
16.1466 -14.6603 5.6528 200 200 200
7.6327 60.8328 -16.8636 200 200 200
20.4590 -0.2603 3.0614 200 200 200
16.2568 -14.8471 4.1652 200 200 200
-28.3744 12.2435 -15.3222 200 200 200
12.5375 7.7657 -12.9540 200 200 200
12.3926 -4.4730 -4.6735 200 200 200
13.3325 -3.3898 -11.5747 200 200 200
13.7228 -1.8527 -13.2605 200 200 200
8.1577 -2.1449 -6.7824 200 200 200
14.0759 -1.5100 -14.5760 200 200 200
6.8179 0.1149 -9.7982 200 200 200
14.2360 -1.2493 -14.6012 200 200 200
14.4919 -0.3368 -13.5176 200 200 200
83.6422 163.5947 -77.5483 200 200 200
-13.3595 0.9894 -31.1047 200 200 200
4.6740 4.0488 -27.9335 200 200 200
5.9896 53.2307 -50.4132 200 200 200
7.8080 60.8433 -62.7380 200 200 200
-120.4327 83.9661 -157.2498 200 200 200
0.9659 50.9938 -45.1483 200 200 200
10.7555 6.4681 -15.4460 200 200 200
0.9853 23.8737 -55.9920 200 200 200
3.6730 15.9753 -38.8907 200 200 200
-55.5565 16.1622 -75.4990 200 200 200
-1.5550 46.0547 -38.7863 200 200 200
47.8807 52.3804 -35.4663 200 200 200
13.4053 5.0912 -13.1308 200 200 200
8.9841 -2.4672 -16.0192 200 200 200
24.8413 0.3689 -16.6758 200 200 200
32.1391 0.0427 2.3694 200 200 200
-6.9135 19.9941 -1.9053 200 200 200
11.7952 -15.7402 6.5124 200 200 200
11.8526 -14.5606 6.7445 200 200 200
45.6983 79.5128 -30.7319 200 200 200
116.0523 933.6778 -289.2726 200 200 200
63.3680 49.1050 -21.9073 200 200 200
3.3037 -11.4717 -2.9410 200 200 200
-1.4719 -9.3905 2.1278 200 200 200
-2.4918 -8.0445 2.3789 200 200 200
-2.0010 -7.8291 2.7333 200 200 200
100.8023 141.8078 -53.1388 200 200 200
203.0896 1480.1720 -423.7081 200 200 200
1937.1053 15202.8592 -4837.1155 200 200 200
3.0547 -10.5454 -3.8235 200 200 200
142344.4398 915447.2913 -266455.1244 200 200 200
3.5874 -2.9529 -4.1655 200 200 200
279.4033 2287.6021 -644.0535 200 200 200
-1.9245 -7.5535 2.2063 200 200 200
0.7448 -8.3248 -4.6436 200 200 200
2.7827 -11.0370 -4.1708 200 200 200
58.1333 107.1327 -41.3619 200 200 200
-1.5393 -6.6242 2.6181 200 200 200
-1.6225 -8.5725 1.3753 200 200 200
28.5956 -4.9755 -7.1255 200 200 200
23.9422 -5.7977 -4.7438 200 200 200
-2.1488 -8.3045 2.0025 200 200 200
-1.6168 -8.5848 1.3855 200 200 200
80.5241 66.0200 -32.8149 200 200 200
4.3688 -4.6013 -9.9736 200 200 200
31.2609 -2.4278 -8.1027 200 200 200
22.0207 -2.2142 -5.8946 200 200 200
-2.1405 -8.3970 2.1148 200 200 200
24.7299 -8.5515 -5.7657 200 200 200
60.7065 100.3632 -35.2350 200 200 200
23.8245 -7.0904 -5.8321 200 200 200
22.1523 -6.3584 -8.8375 200 200 200
-1.3085 -8.6718 1.6563 200 200 200
21.9356 -8.6995 -10.0765 200 200 200
21.0887 -4.4323 -3.1245 200 200 200
22.8563 -2.6835 -3.1706 200 200 200
-1.3316 -6.3609 1.8323 200 200 200
0.7418 -7.9135 1.7294 200 200 200
14.3698 -10.0156 -3.5358 200 200 200
79.6067 -12.1278 -12.0336 200 200 200
11.5211 4.6461 -0.1600 200 200 200
11.1811 4.8275 1.9235 200 200 200
4.8354 0.5699 -1.8869 200 200 200
12.4118 4.3818 -0.7640 200 200 200
9.9233 7.5202 -0.3708 200 200 200
21.7109 2.6396 -0.1652 200 200 200
9.5432 6.7741 -0.0192 200 200 200
1.7715 -3.9911 0.5640 200 200 200
5.2575 -5.1879 -0.9513 200 200 200
5.8905 -4.3247 -3.5274 200 200 200
2.0190 -10.1229 -2.8684 200 200 200
17.4675 -19.4886 -0.5146 200 200 200
0.4646 -18.1096 2.8219 200 200 200
1.4922 -19.0452 3.3350 200 200 200
1.8689 -20.3076 2.8711 200 200 200
15.2192 -13.6722 2.9173 200 200 200
1.3428 -7.5128 3.9071 200 200 200
0.9797 -18.4985 4.1824 200 200 200
12.8968 3.5819 2.9744 200 200 200
13.3392 4.4775 3.5220 200 200 200
12.4456 2.9744 3.9671 200 200 200
10.1128 -16.5929 4.7247 200 200 200
12.3346 3.3763 3.0241 200 200 200
14.8174 -13.3574 3.0769 200 200 200
14.4875 1.5670 4.3833 200 200 200
0.4186 -5.3241 1.0278 200 200 200
-6.4558 -12.2296 -4.4716 200 200 200
-8.9262 -16.6792 -3.5279 200 200 200
15.7350 -12.2473 1.6287 200 200 200
16.0584 -11.9116 1.2235 200 200 200
17.8031 -13.5284 -0.0336 200 200 200
-1.2744 -24.4741 1.2158 200 200 200
17.8691 -12.9945 0.4584 200 200 200
11.0132 -0.3285 -0.3218 200 200 200
15.8506 -11.6852 0.7075 200 200 200
17.0271 -13.0286 0.4910 200 200 200
14.7053 -12.0013 0.4595 200 200 200
-16.6855 -11.7023 -6.6580 200 200 200
-2.7367 -27.5315 2.2002 200 200 200
15.5235 2.0011 3.9089 200 200 200
15.4819 1.9648 3.9779 200 200 200
8.3586 1.1596 0.9703 200 200 200
15.7893 3.0370 3.6280 200 200 200
17.6654 -11.2274 1.7078 200 200 200
17.7721 -11.0827 0.2040 200 200 200
10.2886 5.2132 3.8117 200 200 200
16.4024 -10.9183 1.6959 200 200 200
15.7557 1.7844 3.9939 200 200 200
15.5052 1.9446 4.0813 200 200 200
15.2540 -5.1284 3.0614 200 200 200
16.2297 2.7636 3.3335 200 200 200
16.0300 2.7612 3.5613 200 200 200
20.7556 -19.5468 -5.6934 200 200 200
64.3690 43.6568 -17.7219 200 200 200
40.2573 44.3863 -9.9125 200 200 200
53.4197 47.9552 -12.6468 200 200 200
63.5240 66.7583 -18.9622 200 200 200
45.3606 37.2092 -11.3926 200 200 200
68.5414 59.9424 -20.3919 200 200 200
50.2353 53.8567 -14.7334 200 200 200
54.4486 20.1574 -3.9177 200 200 200
53.3314 21.9925 -5.4012 200 200 200
63.2175 24.2944 -12.1038 200 200 200
471.0346 261.7286 -143.3211 200 200 200
66.4687 64.6613 -20.2815 200 200 200
112.0556 95.7269 -48.6063 200 200 200
160.1423 91.9883 -39.9253 200 200 200
43.0760 36.2298 -10.3613 200 200 200
262.8626 155.5480 -66.1080 200 200 200
536.6751 302.0122 -147.4964 200 200 200
473.3807 274.0005 -127.6454 200 200 200
671.6853 402.3394 -184.4553 200 200 200
84.8781 -1.3385 -19.9458 200 200 200
96.5394 -4.6144 -26.1464 200 200 200
42.3396 -2.6588 -4.1460 200 200 200
88.6351 -155.4575 -39.1986 200 200 200
21.5877 1.9261 4.7218 200 200 200
20.0404 8.3191 4.6345 200 200 200
18.9852 3.4240 5.7305 200 200 200
14.4791 7.8187 6.0466 200 200 200
19.3331 6.2641 6.0391 200 200 200
19.5115 7.1215 6.5189 200 200 200
32.8251 -3.3980 0.1761 200 200 200
19.3598 8.7709 5.5586 200 200 200
11.4380 1.5697 6.9233 200 200 200
15.2700 9.5908 6.2383 200 200 200
9.0302 -3.3865 4.7813 200 200 200
9.1616 10.9495 4.8422 200 200 200
4.6058 6.7526 6.4475 200 200 200
3.3379 4.7972 7.2564 200 200 200
16.2241 6.6559 4.4818 200 200 200
-167.8227 -270.7203 -87.4761 200 200 200
-261.7449 -410.3282 -145.3567 200 200 200
-16.0238 10.8290 -7.9103 200 200 200
-15.9702 -2.7086 -1.3103 200 200 200
-3.1155 3.6545 -3.1830 200 200 200
-16145.6714 -27178.1291 -8788.9038 200 200 200
22.0207 -2.0713 1.5673 200 200 200
22.1692 -1.8779 1.3460 200 200 200
4.4625 -18.5102 -2.4295 200 200 200
15.7204 -5.6470 -1.3598 200 200 200
21.6566 -1.7510 0.1083 200 200 200
16.2489 -2.4534 -3.4781 200 200 200
20.8136 -3.1427 3.5161 200 200 200
19.0392 5.4314 2.4250 200 200 200
19.6961 -2.3040 2.1105 200 200 200
19.1578 3.6586 2.3488 200 200 200
5.1406 -17.0156 -3.0174 200 200 200
4.8736 -13.7404 -3.3001 200 200 200
15.3657 0.7143 -4.3499 200 200 200
-14.2349 -47.3691 -24.2414 200 200 200
2.2796 -13.7172 -3.5306 200 200 200
-34.9940 -9.5603 -7.1278 200 200 200
-39.0924 32.2993 -25.6676 200 200 200
21.9265 -3.9396 1.3853 200 200 200
21.8371 -2.5291 1.5137 200 200 200
5.0781 -17.4155 -3.4762 200 200 200
4.6257 -15.0480 -1.6156 200 200 200
-70.9817 59.3688 -43.6343 200 200 200
-55.0831 49.6580 -37.3921 200 200 200
1.5404 -14.3842 -4.2591 200 200 200
20.8104 4.1774 1.6806 200 200 200
21.3677 -5.0528 1.3008 200 200 200
-56.6747 44.0720 -38.5698 200 200 200
20.0017 6.5249 1.1983 200 200 200
19.3749 7.2441 1.0121 200 200 200
20.8851 4.9624 1.2325 200 200 200
21.6257 -4.3765 1.1972 200 200 200
20.3959 3.9697 1.2682 200 200 200
20.1107 3.3312 1.2414 200 200 200
20.7666 4.6621 0.7232 200 200 200
20.6380 3.4394 1.0274 200 200 200
20.9470 2.9274 0.3935 200 200 200
19.6266 5.2068 1.1818 200 200 200
20.4701 7.2225 0.9012 200 200 200
21.2654 6.1106 1.1576 200 200 200
22.1775 3.5422 0.6534 200 200 200
-50.0896 67.3302 -33.0065 200 200 200
19.9556 1.7422 3.5444 200 200 200
-21.1361 65.7047 -18.5603 200 200 200
-9.9163 52.4883 -16.8692 200 200 200
22.9630 -5.5039 5.3159 200 200 200
15.8482 -13.8503 3.7012 200 200 200
-1.9032 -7.5536 3.4092 200 200 200
15.4586 -15.1630 4.0235 200 200 200
22.1199 0.7665 4.0336 200 200 200
11.9509 25.7773 -7.3639 200 200 200
9.7014 -11.8820 6.7456 200 200 200
10.2099 -17.5366 0.4504 200 200 200
22.8611 -7.1412 5.6015 200 200 200
20.9093 -1.0976 3.4441 200 200 200
22.4701 -6.1550 5.8380 200 200 200
15.8971 -11.4719 0.8215 200 200 200
11.6009 28.2343 -8.0994 200 200 200
21.3157 -0.1838 4.1210 200 200 200
16.6063 25.7642 -2.5851 200 200 200
-0.6184 -12.1874 2.4762 200 200 200
15.8426 -12.8522 4.9762 200 200 200
9.0246 40.6660 -11.2950 200 200 200
15.3606 -13.9944 5.7070 200 200 200
22.1237 -7.3936 5.4446 200 200 200
14.0071 -14.0955 6.2415 200 200 200
1.4621 -10.3655 -10.0894 200 200 200
92.7520 242.6833 -153.5057 200 200 200
10.6118 -2.6311 -2.3576 200 200 200
-88.8235 43.6133 -79.0071 200 200 200
8.8008 0.4176 -5.1229 200 200 200
12.1483 -1.6585 -3.4585 200 200 200
13.6876 -3.9488 -11.0459 200 200 200
-17.7435 5.1562 -19.2402 200 200 200
13.8040 -2.6358 -6.2072 200 200 200
14.2820 -3.6605 -12.0765 200 200 200
-8.6835 28.3714 -59.1338 200 200 200
-168.1878 45.6408 -197.0219 200 200 200
-187.9841 68.6846 -198.5484 200 200 200
9.0442 7.3249 -12.8695 200 200 200
11.1167 0.9408 -12.1568 200 200 200
6.5390 16.2248 -27.5725 200 200 200
-45.5784 9.0759 -66.2058 200 200 200
10.9907 0.4354 -13.0098 200 200 200
5.1097 38.3265 -59.4507 200 200 200
6.4087 10.3879 -13.3320 200 200 200
-0.2451 24.6044 -47.2430 200 200 200
9.1800 26.5848 -45.9053 200 200 200
-4.4277 28.0059 -57.7609 200 200 200
-1.6616 21.6022 -52.9607 200 200 200
10.2904 3.7076 -13.3961 200 200 200
14.1744 46.5952 -68.6484 200 200 200
-1124.2197 582.2284 -1281.7837 200 200 200
-377.9556 204.2185 -394.6585 200 200 200
-3.1653 -12.1828 -11.2767 200 200 200
10.3450 -0.7135 -9.5751 200 200 200
11.2157 -8.3952 -3.7945 200 200 200
10.9365 -9.1713 -5.1764 200 200 200
13.1914 3.6414 -11.7272 200 200 200
-11.2231 17.4506 -1.3603 200 200 200
18.1294 -6.2225 4.7401 200 200 200
9.1070 -14.4685 2.7467 200 200 200
-10.3648 16.2515 -0.9280 200 200 200
7.0023 -18.6668 5.6594 200 200 200
7.1575 -18.6394 5.9333 200 200 200
15.1916 -11.6446 4.3829 200 200 200
-8.2583 11.0294 -1.5178 200 200 200
4.3832 -16.9045 3.3574 200 200 200
-10.3769 9.7745 -2.6195 200 200 200
11.6136 -15.7297 6.3008 200 200 200
7.4805 11.7919 -1.9883 200 200 200
-7.7769 14.1214 -3.5039 200 200 200
21.3747 -5.3478 3.1688 200 200 200
-10.2385 19.4000 -6.1164 200 200 200
-16.7440 41.2976 -11.7955 200 200 200
-21.7619 57.0294 -16.5121 200 200 200
14.1523 -5.1458 -9.8078 200 200 200
96.8512 1830.4482 -753.1533 200 200 200
-2.0566 -9.7357 0.8205 200 200 200
21.8886 -15.7114 -10.9324 200 200 200
1.4121 -10.1833 -3.0161 200 200 200
-2.9950 -8.1444 2.4675 200 200 200
-1.3848 -7.2142 1.8908 200 200 200
26.9586 -5.9262 -5.4843 200 200 200
3.3229 -2.1334 -6.8117 200 200 200
0.2554 -8.0321 2.1797 200 200 200
28.6571 -5.4583 -6.7106 200 200 200
95.0251 65.7539 -37.0521 200 200 200
-0.1230 -8.0888 2.1987 200 200 200
22.8652 -1.1468 -7.7315 200 200 200
-1.5759 -6.1572 1.7934 200 200 200
-1.6928 -8.8870 1.4592 200 200 200
-1.4698 -6.4429 1.5931 200 200 200
22.5684 -4.6898 -10.4689 200 200 200
24.5429 -4.3308 -4.5295 200 200 200
21.1412 -8.5572 -8.8864 200 200 200
77.7924 148.7172 -73.5142 200 200 200
26.4233 -21.1468 -14.1410 200 200 200
21.6627 -2.4816 -6.2896 200 200 200
19.8216 -6.8681 -4.1434 200 200 200
-1.7359 -8.8223 1.0326 200 200 200
-2.1621 -7.8621 2.2868 200 200 200
22.5513 -1.7196 -7.4492 200 200 200
-2.5070 -7.6222 2.1915 200 200 200
22.9107 -3.3823 -4.9734 200 200 200
-1.6942 -6.5824 2.6578 200 200 200
19.6045 -9.1439 -7.7934 200 200 200
-2.4455 -7.6947 2.5195 200 200 200
-1.1564 -7.7931 1.7663 200 200 200
-2.2486 -6.6953 3.2746 200 200 200
-2.1541 -6.7932 2.8439 200 200 200
-2.0393 -6.5886 2.9205 200 200 200
-2.0004 -7.8562 3.2741 200 200 200
19.3077 -6.1962 -3.1841 200 200 200
0.0899 -8.7345 1.7330 200 200 200
45.2025 52.0409 -20.8677 200 200 200
18.9311 -4.9541 -3.5388 200 200 200
16.9487 -6.8829 -1.1789 200 200 200
19.5956 -5.7950 -0.6504 200 200 200
-0.2966 -9.1211 2.0996 200 200 200
70.0555 26.8833 -21.1017 200 200 200
122.6269 -9.9222 -20.6922 200 200 200
19.3005 28.6289 -4.8109 200 200 200
99.7572 -11.2344 -15.2657 200 200 200
-2.3681 -2.1257 9.0833 200 200 200
0.0806 -3.6525 9.3505 200 200 200
17.9202 0.8034 -0.0249 200 200 200
20.2618 0.2831 0.3398 200 200 200
12.3707 6.8759 2.4456 200 200 200
9.1085 6.2068 -0.6633 200 200 200
9.7906 5.4509 1.0341 200 200 200
20.3041 1.9489 1.3488 200 200 200
19.2237 0.9303 -0.8620 200 200 200
1.0711 -3.5923 -0.5165 200 200 200
9.6567 6.1574 1.0118 200 200 200
10.6562 5.9807 2.0576 200 200 200
9.3682 6.7542 0.9177 200 200 200
5.3524 3.6941 -1.1437 200 200 200
4.9253 0.1813 -0.7289 200 200 200
10.0972 7.3029 1.3484 200 200 200
21.7358 3.6789 -1.5415 200 200 200
10.8618 6.6876 2.4947 200 200 200
4.3968 0.7278 -2.7679 200 200 200
11.7104 4.6279 -0.8368 200 200 200
9.6448 5.8606 -0.8435 200 200 200
9.8369 4.9706 1.8845 200 200 200
11.5408 4.9958 2.4276 200 200 200
18.6458 -16.2155 0.9447 200 200 200
13.8392 5.2450 2.0611 200 200 200
11.7996 4.4008 1.1560 200 200 200
11.4245 4.0906 -0.5295 200 200 200
21.1330 1.8261 1.4721 200 200 200
0.3876 -9.5995 0.7482 200 200 200
0.2856 -18.3176 2.2339 200 200 200
0.5197 -17.9655 3.0972 200 200 200
-1.5349 -8.8058 1.5565 200 200 200
-2.7025 -6.5828 -1.0939 200 200 200
1.4131 -19.0961 3.7196 200 200 200
2.3534 -6.1805 1.6287 200 200 200
12.8566 2.0056 3.0227 200 200 200
0.6612 -18.0237 3.9326 200 200 200
6.8284 0.2649 2.0018 200 200 200
-2.9704 -7.0596 -1.1627 200 200 200
13.6728 3.7078 5.1823 200 200 200
13.7874 4.0506 4.1127 200 200 200
13.4743 4.4866 3.5894 200 200 200
3.6486 -4.0769 1.8572 200 200 200
11.3500 0.8985 -1.2659 200 200 200
13.2719 3.7903 2.9802 200 200 200
6.3478 3.2723 2.4699 200 200 200
10.7025 0.4689 -1.5435 200 200 200
15.0195 -14.1135 1.0689 200 200 200
14.0899 -14.4990 1.1737 200 200 200
40.7279 -170.7217 -38.0471 200 200 200
-9.6781 -15.1183 -3.7255 200 200 200
9.1022 1.1825 -0.1621 200 200 200
13.0154 -9.9163 1.9712 200 200 200
9.6598 0.7859 -1.9122 200 200 200
16.4863 -11.5713 1.6862 200 200 200
14.4450 -11.9662 1.0563 200 200 200
-0.8229 -28.1655 0.9668 200 200 200
0.3121 -25.4814 0.8810 200 200 200
-1.8583 -6.1780 -1.2967 200 200 200
10.2830 4.9239 3.8112 200 200 200
0.2845 -27.9525 0.1789 200 200 200
15.7401 3.2359 3.5484 200 200 200
23.9429 -33.0098 -5.4555 200 200 200
16.3640 2.4815 3.5929 200 200 200
16.0529 -12.8441 2.9330 200 200 200
15.2822 3.2234 3.7583 200 200 200
18.3952 -7.8533 -2.9428 200 200 200
16.8360 -11.5750 1.8308 200 200 200
16.4132 -10.7481 1.3731 200 200 200
24.1659 -26.8131 -6.4627 200 200 200
10.2351 5.3001 3.3071 200 200 200
10.2183 4.5556 2.7285 200 200 200
17.9148 -11.8315 -0.9160 200 200 200
16.5460 -11.4896 1.5617 200 200 200
16.2682 -10.9309 2.4448 200 200 200
16.4836 2.3271 3.5856 200 200 200
16.4509 2.1657 3.7927 200 200 200
47.1957 55.3038 -15.3934 200 200 200
52.7755 63.4563 -13.9829 200 200 200
28.9139 36.8204 -6.6855 200 200 200
65.2738 35.0244 -11.3299 200 200 200
77.6308 43.0287 -12.0530 200 200 200
53.4787 35.9170 -11.3051 200 200 200
27.5777 36.4391 -6.4155 200 200 200
56.1314 20.9909 -4.4513 200 200 200
63.6749 34.8267 -8.6586 200 200 200
67.2093 81.9600 -23.4627 200 200 200
67.2093 81.9600 -23.4627 200 200 200
30.0419 37.9652 -7.8336 200 200 200
82.7048 89.9542 -32.1178 200 200 200
62.1407 62.1752 -15.5444 200 200 200
48.4002 24.2521 -10.2586 200 200 200
7283.7251 2186.8042 -2511.7102 200 200 200
224.2647 143.1412 -56.2533 200 200 200
815.9639 432.5821 -242.5750 200 200 200
281.5294 166.6159 -74.8394 200 200 200
542.3936 302.3153 -171.5572 200 200 200
858.8627 504.0667 -245.2248 200 200 200
2552.7964 1435.8888 -874.5222 200 200 200
4340.7818 2540.9597 -1258.0051 200 200 200
97.3222 11.2439 -33.7643 200 200 200
80.7768 -18.2749 -22.0098 200 200 200
100.0093 -37.1110 -33.8261 200 200 200
26.9348 23.0997 -11.5397 200 200 200
62.7473 12.1656 -20.1541 200 200 200
116.3315 -7.4865 -35.5615 200 200 200
38.7127 12.8999 -9.6507 200 200 200
34.4820 4.4064 -1.9540 200 200 200
44.5912 0.8623 -10.2878 200 200 200
140.9328 -80.8566 -37.7608 200 200 200
50.6016 15.1888 -8.6149 200 200 200
37.9002 1.1081 -6.2489 200 200 200
92.8476 -29.6631 -28.0422 200 200 200
53.4032 -16.9264 -4.7274 200 200 200
41.8152 -9.8007 -0.8929 200 200 200
36.7432 -6.1073 1.1300 200 200 200
18.3741 7.4786 5.1892 200 200 200
19.5619 6.6140 6.2473 200 200 200
18.7152 3.5689 5.7198 200 200 200
13.1965 8.1333 6.4299 200 200 200
18.3708 11.5007 4.7315 200 200 200
19.5064 8.7804 6.6006 200 200 200
18.8131 7.9142 5.1883 200 200 200
12.7210 10.6505 6.5810 200 200 200
32.6558 -7.8405 2.5821 200 200 200
18.5507 3.9226 5.9514 200 200 200
17.1867 9.2741 5.6311 200 200 200
19.9986 9.0170 6.5671 200 200 200
19.9681 8.2095 7.3208 200 200 200
14.5484 8.5863 5.9368 200 200 200
11.8955 10.8718 5.3299 200 200 200
27.3281 -5.8521 -0.8909 200 200 200
23.4004 -6.1692 0.4142 200 200 200
23.0222 -3.8374 2.5779 200 200 200
8.4376 7.8995 3.0635 200 200 200
9.6534 7.1489 2.7459 200 200 200
16.1118 8.9621 3.5125 200 200 200
12.0557 9.7607 5.7209 200 200 200
12.6925 7.2275 4.2983 200 200 200
9.7531 7.6783 3.7123 200 200 200
9.7124 -4.1941 5.2824 200 200 200
16.2815 6.4683 5.3641 200 200 200
7.5145 8.7646 6.3166 200 200 200
15.9972 6.6054 4.0762 200 200 200
7.9443 9.7109 5.8650 200 200 200
9.1074 7.6638 3.2723 200 200 200
3.9578 5.6744 5.8652 200 200 200
13.6643 6.9905 3.3170 200 200 200
17.0154 6.2284 3.1867 200 200 200
19.7368 8.3635 6.0693 200 200 200
4.5427 7.1797 6.3772 200 200 200
3.8456 6.4071 5.6244 200 200 200
5.5911 10.6866 3.7480 200 200 200
19.9771 0.5119 5.5761 200 200 200
19.3472 3.0582 4.7120 200 200 200
17.3078 6.4209 4.8382 200 200 200
3.9010 5.7272 6.1252 200 200 200
19.6786 3.1366 5.4320 200 200 200
15.8963 6.9245 3.8096 200 200 200
4.3697 6.4176 7.9849 200 200 200
3.4278 4.9848 5.9414 200 200 200
3.7877 5.2747 6.1564 200 200 200
5.4657 10.7574 3.5503 200 200 200
8.9742 -3.3883 4.9238 200 200 200
15.8775 6.9411 4.5618 200 200 200
3.8344 5.8513 6.6148 200 200 200
8.3248 10.8817 4.1247 200 200 200
-160.5655 -259.9664 -83.8065 200 200 200
6.1564 3.7530 -1.3562 200 200 200
-14.3591 -1.3183 1.4738 200 200 200
3.7455 3.5215 -1.0038 200 200 200
22.3079 -1.7880 1.3043 200 200 200
22.2887 -1.7879 0.9694 200 200 200
22.4313 -1.7028 0.3737 200 200 200
16.6019 5.7205 0.4157 200 200 200
21.2377 -1.7034 0.6346 200 200 200
-14.2441 13.5057 -12.3465 200 200 200
22.3013 -2.2915 1.3329 200 200 200
16.0279 1.6087 -0.8305 200 200 200
20.9110 -1.0285 -0.0249 200 200 200
21.2165 3.2271 3.0318 200 200 200
20.2687 -2.5324 2.6272 200 200 200
20.0226 -2.7992 2.7963 200 200 200
15.9849 0.0687 -3.0171 200 200 200
19.6501 4.4884 2.7833 200 200 200
-16.8359 -63.6375 -26.5391 200 200 200
21.6218 -3.5824 2.4616 200 200 200
19.0934 5.2798 2.2056 200 200 200
18.9266 5.6128 2.5558 200 200 200
15.7640 -0.1407 -0.4839 200 200 200
15.6399 -5.6520 -1.8398 200 200 200
-25.5167 17.1076 -19.1447 200 200 200
5.0291 -17.2666 -5.1883 200 200 200
20.5935 2.8453 2.4930 200 200 200
-12.9738 7.9007 -8.3291 200 200 200
21.2046 -5.1611 1.9410 200 200 200
21.0745 3.4996 2.5419 200 200 200
22.2559 -4.5962 0.9123 200 200 200
22.3306 -4.3337 0.7357 200 200 200
19.6948 3.5819 2.2480 200 200 200
5.1163 -17.2939 -3.0334 200 200 200
-35.3228 -57.4176 -23.8173 200 200 200
19.1554 4.8658 1.3188 200 200 200
5.4102 -14.5703 -2.9505 200 200 200
20.9000 3.3411 2.0626 200 200 200
20.8487 -4.2568 2.3398 200 200 200
19.3974 3.5101 1.6962 200 200 200
15.0607 0.7573 -6.1240 200 200 200
-34.0132 18.4071 -17.9505 200 200 200
3.2458 -13.9121 -4.3771 200 200 200
19.9569 3.1115 1.8478 200 200 200
17.5906 -13.1444 -6.8419 200 200 200
19.0527 2.5265 0.7125 200 200 200
17.5299 0.8063 -5.9865 200 200 200
20.9359 -4.7489 1.6347 200 200 200
21.4644 -2.9169 1.6170 200 200 200
1.1470 -15.4988 -3.1677 200 200 200
19.9578 3.0204 1.3265 200 200 200
21.2199 -5.3004 1.1765 200 200 200
21.2887 -4.9305 0.9856 200 200 200
4.4332 -16.3278 -2.6328 200 200 200
20.6044 -3.3260 3.0051 200 200 200
17.8738 5.9729 0.4690 200 200 200
3.4612 -16.1119 -3.0245 200 200 200
20.9201 3.9460 0.9789 200 200 200
-107.8644 87.7027 -61.5262 200 200 200
20.2575 7.6437 0.5522 200 200 200
1.7706 -19.0228 -3.2548 200 200 200
-36.8814 -5.3960 -8.5790 200 200 200
4.4517 -15.6530 -3.7291 200 200 200
-132.6534 104.3232 -66.8829 200 200 200
20.9289 7.0686 0.7340 200 200 200
20.1561 6.6201 0.9119 200 200 200
-74.1067 58.3355 -45.1058 200 200 200
18.8096 5.8307 0.6293 200 200 200
20.9902 -2.2602 0.6516 200 200 200
19.1902 4.9802 0.7371 200 200 200
-44.3843 -11.6775 -11.4009 200 200 200
21.7910 5.2085 1.1057 200 200 200
-33.2341 18.9382 -17.6901 200 200 200
21.4116 -3.4826 1.8159 200 200 200
21.6480 -4.6922 1.0146 200 200 200
19.7915 2.7323 -0.1576 200 200 200
-101.8252 95.8048 -59.9416 200 200 200
21.7022 4.4794 1.1207 200 200 200
-36.5567 -7.5833 -6.7066 200 200 200
-6.7856 9.6429 -9.5462 200 200 200
14.7835 -8.9711 -4.2605 200 200 200
-102.3160 107.1089 -60.4374 200 200 200
22.0267 2.4965 1.0006 200 200 200
21.3711 2.3832 1.4469 200 200 200
21.2009 2.4569 -0.1572 200 200 200
19.3686 2.1182 1.5385 200 200 200
-45.6357 61.7367 -23.4791 200 200 200
-62.2838 79.8214 -37.6167 200 200 200
-28.8417 61.9614 -23.2143 200 200 200
14.6192 -14.6939 2.7395 200 200 200
13.9405 -12.8813 4.5666 200 200 200
14.1597 -13.6531 4.9879 200 200 200
1.8888 39.4812 -12.3919 200 200 200
13.9841 -13.6328 4.9869 200 200 200
20.0657 1.0390 3.6692 200 200 200
22.2948 -6.9834 5.5047 200 200 200
21.8532 0.7587 4.2603 200 200 200
15.5004 -13.1065 5.0250 200 200 200
22.0457 -0.4909 3.6078 200 200 200
15.4367 -11.5668 0.5132 200 200 200
23.4260 -7.0445 3.9229 200 200 200
17.5959 -10.4786 3.8567 200 200 200
22.4842 -0.3035 3.7236 200 200 200
22.6353 -7.5754 4.4636 200 200 200
22.1725 -7.2468 4.6596 200 200 200
22.5263 -7.5544 4.3123 200 200 200
14.5680 -15.0885 5.2878 200 200 200
-35.2202 54.1392 -21.0013 200 200 200
15.8553 -14.3466 5.3423 200 200 200
23.3078 -7.0919 5.1220 200 200 200
9.9057 -11.9484 6.8336 200 200 200
8.8280 -9.8180 6.5391 200 200 200
15.0711 -15.3775 5.2805 200 200 200
-25.7830 71.5623 -19.4586 200 200 200
22.1869 -7.2985 5.2179 200 200 200
15.4195 -15.4917 4.7461 200 200 200
22.3013 -6.1283 5.7883 200 200 200
13.8847 -10.6412 5.0407 200 200 200
-30.9514 77.0307 -21.8421 200 200 200
15.4012 -14.0367 5.5176 200 200 200
17.6251 24.3717 -2.9910 200 200 200
10.2338 45.8916 -6.2564 200 200 200
14.5573 -15.1848 5.4683 200 200 200
15.6544 -13.3772 5.5203 200 200 200
-1823.8489 683.7468 -526.0415 200 200 200
21.6081 -6.1060 5.4762 200 200 200
-14.2811 59.5393 -19.8565 200 200 200
-26.0146 49.7208 -18.4877 200 200 200
21.8400 -7.1594 2.7366 200 200 200
1.2387 -11.9418 2.8066 200 200 200
23.3328 -7.5095 3.8453 200 200 200
19.1272 23.3794 -1.6471 200 200 200
23.2892 -7.3202 3.8860 200 200 200
21.9001 2.1653 4.0154 200 200 200
9.7619 54.3822 -9.7033 200 200 200
-1.1341 -12.2900 3.0467 200 200 200
-32.0418 67.6230 -22.2252 200 200 200
15.6574 -15.5848 4.6403 200 200 200
14.5756 -15.9867 4.5684 200 200 200
15.8572 29.5103 -1.9049 200 200 200
-2.9782 -9.0037 1.1921 200 200 200
26.3972 7.8203 -6.7905 200 200 200
-18.3693 2.3758 -6.2747 200 200 200
-15.7435 -4.5710 -15.1226 200 200 200
-17.8967 -5.6635 -16.4555 200 200 200
-31.0217 2.6741 -26.6288 200 200 200
-15.8631 3.7609 -16.8328 200 200 200
41.2257 49.1911 -31.9056 200 200 200
-47.6229 27.8340 -19.9472 200 200 200
-32.8687 3.6287 -26.6368 200 200 200
10.5035 3.7613 -6.3330 200 200 200
-18.4910 44.7481 -90.6537 200 200 200
10.3265 46.8478 -61.8288 200 200 200
8.8679 37.6943 -36.7819 200 200 200
-129.7373 32.2416 -148.4181 200 200 200
-40.7760 5.5833 -48.6317 200 200 200
5.0753 39.8345 -67.5365 200 200 200
8.7831 4.1004 -13.9249 200 200 200
-0.6999 34.2299 -52.5922 200 200 200
-6.3076 39.6871 -43.8183 200 200 200
8.4394 27.8083 -30.0260 200 200 200
-40.2638 2.4616 -44.1721 200 200 200
6.4919 2.6128 -25.0022 200 200 200
3.8296 26.8796 -27.3336 200 200 200
-79.0111 23.6995 -107.9918 200 200 200
-3.9794 24.9689 -32.7955 200 200 200
16.1821 13.2914 -30.6362 200 200 200
-16462.8573 13441.1314 -18014.0496 200 200 200
-28.4981 13.6047 -33.2760 200 200 200
-276.5886 201.1088 -239.6083 200 200 200
7.7235 5.3286 -10.0708 200 200 200
-326.5495 256.7535 -369.5232 200 200 200
120.4421 349.0113 -313.6119 200 200 200
0.5739 -9.5428 -11.6539 200 200 200
6.8135 22.0063 -33.3583 200 200 200
12.8544 -7.8670 -5.4298 200 200 200
11.9827 -6.1487 -3.3145 200 200 200
1242.1874 4092.6958 -2701.6059 200 200 200
18.0716 -6.2331 4.7622 200 200 200
7.2980 19.3613 0.1392 200 200 200
10.9242 11.1327 0.8097 200 200 200
11.7656 -15.8368 6.5013 200 200 200
5.0465 11.4799 -0.4854 200 200 200
11.7084 -14.6691 6.4719 200 200 200
12.4117 -16.4111 5.9110 200 200 200
7.8587 -17.2057 3.5641 200 200 200
10.0323 -15.2717 3.4246 200 200 200
11.2034 -16.2754 5.8628 200 200 200
12.4675 -15.0446 6.2733 200 200 200
12.1601 -16.2468 5.5582 200 200 200
11.6955 -15.8746 6.2755 200 200 200
8.1833 -17.2564 3.3938 200 200 200
10.2096 -15.1565 3.2356 200 200 200
11.5672 -16.3176 5.9322 200 200 200
11.8848 -16.7323 4.4403 200 200 200
7.7233 10.9536 -1.3738 200 200 200
11.0209 -16.3582 5.2126 200 200 200
-11.6623 11.2691 -2.6341 200 200 200
3.4705 -13.5518 3.1177 200 200 200
-14.1993 39.0811 -11.7067 200 200 200
-9.5352 10.0601 -4.3106 200 200 200
158.2001 1173.0228 -410.7584 200 200 200
-458.6613 4224.6302 -1562.4442 200 200 200
-2.4349 -9.4304 3.7643 200 200 200
18.5943 -10.5168 -0.4308 200 200 200
13.5935 -5.9033 -6.9426 200 200 200
59.6026 83.1730 -30.4645 200 200 200
68.2564 98.0653 -34.3358 200 200 200
263.9337 1780.3612 -548.7688 200 200 200
-2.0152 -8.9205 3.9287 200 200 200
133.5401 377.2494 -132.2052 200 200 200
-1.5235 -7.6729 3.1568 200 200 200
331.7011 3449.1358 -1079.9646 200 200 200
117.0703 875.6338 -246.8179 200 200 200
11.8903 -6.5825 -7.9946 200 200 200
0.8046 -9.3093 2.6909 200 200 200
89.7344 41.2097 -43.3729 200 200 200
64.0107 43.5183 -19.4505 200 200 200
79.4835 731.9825 -220.4477 200 200 200
-1.2504 -6.6229 2.0529 200 200 200
-0.1153 -8.5800 1.6951 200 200 200
82.1383 55.2400 -29.9242 200 200 200
101.2574 1104.5857 -337.6287 200 200 200
2.7674 -11.6218 -3.3921 200 200 200
19.1191 -7.9356 -7.7901 200 200 200
82.5589 116.5945 -48.0937 200 200 200
275.3459 93.3938 -116.9657 200 200 200
31.1027 -3.9003 -7.2718 200 200 200
-1.7787 -9.1081 0.6625 200 200 200
-1.3054 -5.8886 1.6471 200 200 200
20.8132 -6.5520 -4.8503 200 200 200
-2.8758 15.4491 -10.2752 200 200 200
-0.3762 -7.2932 2.2608 200 200 200
-1.9206 -9.0750 1.6965 200 200 200
2.6772 -11.1895 -3.9439 200 200 200
54.3347 88.2488 -36.0306 200 200 200
90.3167 178.6174 -84.6495 200 200 200
0.4348 -8.0133 2.0457 200 200 200
184.1054 565.5071 -204.3088 200 200 200
21.4054 -6.0852 -8.5539 200 200 200
-1.9779 -6.2362 2.4819 200 200 200
545.5949 5531.3980 -1553.6953 200 200 200
20.5859 -7.7178 -9.6102 200 200 200
13861.2293 90709.9651 -30084.5853 200 200 200
335.5563 2018.9013 -595.4371 200 200 200
-2.7375 -7.7802 0.9815 200 200 200
104.8226 135.8957 -57.2929 200 200 200
62.9878 110.2544 -53.8861 200 200 200
70.7994 131.9291 -48.4242 200 200 200
24.2633 -15.0717 -14.4146 200 200 200
25.2480 -9.1541 -10.1686 200 200 200
24.7352 -8.3838 -7.8374 200 200 200
43.9404 834.1183 -362.5126 200 200 200
91.0847 116.7360 -50.4228 200 200 200
9.4760 -15.3690 -3.5557 200 200 200
261.3656 1466.0394 -456.2662 200 200 200
-2.2591 -8.2913 2.1831 200 200 200
87.9610 161.5230 -59.1061 200 200 200
38.7235 553.9314 -244.0828 200 200 200
-1.3171 -6.2498 2.0806 200 200 200
98.4600 623.9211 -167.4889 200 200 200
235.6785 1657.5228 -667.1211 200 200 200
10.2468 -15.3336 -3.5377 200 200 200
58.8413 75.2009 -32.6522 200 200 200
130.7329 170.0460 -76.0480 200 200 200
0.2916 -8.2072 2.0341 200 200 200
-0.4491 -7.3034 1.9532 200 200 200
8.6713 -16.4829 -3.0572 200 200 200
37.1837 52.1174 -14.3861 200 200 200
-2.9496 -7.6092 2.7584 200 200 200
36.7992 59.9097 -29.0790 200 200 200
-0.3207 -8.2586 2.3722 200 200 200
57.0067 33.5967 -17.1298 200 200 200
8.3680 -17.0856 -2.7550 200 200 200
28.5954 -5.9324 -7.2237 200 200 200
26.3705 -4.9538 -5.5575 200 200 200
41.7743 51.6922 -20.6806 200 200 200
21.5523 -3.3935 -3.2668 200 200 200
-1.4019 -6.5385 1.9387 200 200 200
-0.3098 -8.3977 2.3555 200 200 200
20.4740 -3.6390 -5.1811 200 200 200
-1.4319 -8.4877 2.3184 200 200 200
-1.6494 -8.0197 2.3640 200 200 200
-1.0105 -5.1883 2.4023 200 200 200
-2.0526 -7.8241 2.5958 200 200 200
19.2923 -4.5315 -3.5824 200 200 200
24.7239 35.9604 -16.4696 200 200 200
-1.9327 -7.6264 3.2583 200 200 200
-1.7338 -8.8078 2.5572 200 200 200
18.8355 -9.4877 -2.6631 200 200 200
9.0344 -18.5410 -3.0096 200 200 200
8.4968 33.2666 -13.2507 200 200 200
18.8456 -18.1370 -9.4717 200 200 200
0.0549 6.6028 -2.8247 200 200 200
17.0989 20.1305 -1.3478 200 200 200
6.8262 31.7760 -8.5779 200 200 200
12.4234 -9.0416 1.3915 200 200 200
11.1670 15.6381 0.4525 200 200 200
-3.0784 -2.7150 8.4683 200 200 200
-4.1435 -2.5886 8.6267 200 200 200
-2.3994 -2.2913 9.3112 200 200 200
26.8633 12.8411 0.7179 200 200 200
9.4147 7.0669 -0.5937 200 200 200
9.0796 5.8681 1.9884 200 200 200
9.0432 -0.4249 1.8575 200 200 200
10.3303 7.6176 1.4317 200 200 200
9.6314 7.1044 -0.8523 200 200 200
7.9969 6.3192 -1.7404 200 200 200
10.3981 4.7914 1.7167 200 200 200
11.0648 4.5019 -1.0131 200 200 200
7.5058 -2.5532 0.0144 200 200 200
21.9432 -0.7594 -0.7791 200 200 200
5.4542 -0.0007 0.1251 200 200 200
22.0162 1.1000 1.0870 200 200 200
9.5875 7.2909 0.9836 200 200 200
11.6266 4.2459 -1.4088 200 200 200
5.6421 -5.3050 -0.7346 200 200 200
8.4557 3.1535 -3.9047 200 200 200
19.5858 1.6504 -0.4497 200 200 200
14.8635 4.7501 1.3525 200 200 200
11.3788 4.4423 -1.0622 200 200 200
19.7891 0.1924 -1.0897 200 200 200
19.9000 0.3515 -0.8556 200 200 200
18.5704 0.7348 -0.4234 200 200 200
1.2206 -4.1027 0.6823 200 200 200
-2.1574 -9.7965 1.2503 200 200 200
9.9036 5.4391 2.1121 200 200 200
9.9862 5.3221 2.1106 200 200 200
13.0705 4.4550 1.5987 200 200 200
9.7682 6.1122 1.9088 200 200 200
9.9100 6.0448 -0.6908 200 200 200
1.7521 -4.4292 0.0468 200 200 200
11.5318 5.8024 2.3215 200 200 200
10.9826 4.6301 1.7778 200 200 200
1.7080 -10.2172 -2.3267 200 200 200
5.2991 1.0203 -1.7152 200 200 200
22.1398 -0.2667 0.1336 200 200 200
11.4462 6.6497 2.4878 200 200 200
6.1441 -5.0613 -3.0491 200 200 200
10.7608 -0.4702 -3.0052 200 200 200
10.2494 -0.0851 -2.9286 200 200 200
9.0322 -1.2723 -1.6946 200 200 200
8.9151 -1.5285 -1.5734 200 200 200
8.2405 2.5981 -0.9596 200 200 200
19.1369 -20.4064 -0.8524 200 200 200
13.4111 2.4673 -2.3031 200 200 200
8.7300 -1.3204 -2.4665 200 200 200
-0.5634 -17.6499 1.4229 200 200 200
0.4470 -18.4229 2.4655 200 200 200
0.4436 -18.4218 2.0773 200 200 200
0.9087 -18.4334 2.3680 200 200 200
0.3751 -18.5196 2.2856 200 200 200
-2.9841 -7.0179 1.0681 200 200 200
-2.4905 -6.4888 -0.0714 200 200 200
-1.6569 -6.4352 -1.1409 200 200 200
15.7137 -12.7482 2.7045 200 200 200
0.1371 -16.7959 5.2374 200 200 200
13.9735 0.9408 1.3958 200 200 200
1.2365 -18.6817 4.0864 200 200 200
1.4512 -19.1054 3.1771 200 200 200
0.5060 -17.5081 3.6439 200 200 200
14.9825 -11.4876 3.1344 200 200 200
2.2229 -5.9778 5.8934 200 200 200
8.8609 5.5446 5.2607 200 200 200
8.3572 5.6272 5.1832 200 200 200
12.7330 3.1372 4.7403 200 200 200
5.0603 3.4807 3.5210 200 200 200
12.4906 3.5387 4.3102 200 200 200
11.9866 1.8942 1.1036 200 200 200
13.2026 4.3355 3.8777 200 200 200
13.4661 4.1112 2.9458 200 200 200
13.3887 4.5425 3.8926 200 200 200
12.8726 3.9058 3.1979 200 200 200
11.9800 3.3236 4.0045 200 200 200
-8.7851 -15.7750 -5.1120 200 200 200
12.2496 1.7029 0.7592 200 200 200
0.0194 -3.6885 -1.7834 200 200 200
12.3442 2.5239 3.0495 200 200 200
5.9025 -1.7722 1.6761 200 200 200
0.2368 -11.4032 -0.2279 200 200 200
-6.8167 -15.2455 -1.4005 200 200 200
6.6584 2.4483 1.9514 200 200 200
18.1040 -13.1199 1.6932 200 200 200
13.8144 3.3063 4.4180 200 200 200
10.6933 0.2340 -0.7376 200 200 200
16.8613 -14.1771 1.4803 200 200 200
17.8464 -14.0483 0.9493 200 200 200
15.8449 -12.4376 0.0427 200 200 200
17.8931 -13.1376 -0.9972 200 200 200
14.0326 -13.4753 0.0570 200 200 200
16.2276 -12.6957 0.4381 200 200 200
15.5041 -13.6956 1.8356 200 200 200
20.9814 -7.8097 -3.3931 200 200 200
-2.1269 -28.5258 0.6069 200 200 200
14.0738 -12.3944 0.9623 200 200 200
10.8205 2.2909 -1.8001 200 200 200
15.5767 -12.3900 3.3477 200 200 200
-1.3915 -5.5931 -1.0696 200 200 200
16.0139 -11.2260 2.4308 200 200 200
16.5965 -12.1759 1.6653 200 200 200
16.2566 -11.4712 1.8945 200 200 200
21.0846 -3.1451 -2.3862 200 200 200
14.9556 3.7091 3.5230 200 200 200
7.7445 4.8488 3.5412 200 200 200
16.2327 2.7567 3.2918 200 200 200
-2.8247 -29.2068 0.7623 200 200 200
-2.0402 -24.9472 0.6709 200 200 200
0.3462 -26.3303 1.3323 200 200 200
14.7141 2.6558 4.3039 200 200 200
15.9826 -13.1415 3.3361 200 200 200
3.9200 -1.5419 -0.0956 200 200 200
15.3337 2.5680 3.9505 200 200 200
15.2526 -5.1475 2.9108 200 200 200
14.3016 3.4338 3.1936 200 200 200
15.8518 -9.7789 1.8746 200 200 200
21.6709 -7.8123 -2.8236 200 200 200
-2.5740 -28.8300 -0.2570 200 200 200
10.5298 4.5844 3.5123 200 200 200
15.0956 2.6374 4.5637 200 200 200
16.8538 -11.0531 2.1292 200 200 200
16.8103 -11.4341 1.6677 200 200 200
17.7133 -4.5934 -2.3328 200 200 200
16.0152 2.9398 3.5231 200 200 200
19.2266 -12.1881 -4.0208 200 200 200
14.9647 2.6764 4.3485 200 200 200
17.1496 -11.3999 1.5178 200 200 200
19.9240 -7.0785 -2.6745 200 200 200
15.6802 3.3936 3.4942 200 200 200
1.2455 -25.0177 1.3730 200 200 200
19.0848 -6.1015 -2.7697 200 200 200
17.8428 -4.3435 -2.5786 200 200 200
10.0081 4.9241 3.5036 200 200 200
10.0905 4.7367 3.5381 200 200 200
10.3358 5.0137 3.2698 200 200 200
10.4956 4.9948 3.2636 200 200 200
15.2529 3.4562 3.4537 200 200 200
10.3596 4.7133 2.6009 200 200 200
18.0096 -14.8621 1.6273 200 200 200
18.3776 -12.3407 -0.0804 200 200 200
-4.4789 -31.4165 0.4290 200 200 200
17.6794 -4.8331 -2.5946 200 200 200
16.1869 -10.9773 0.0310 200 200 200
20.8664 -21.0517 -6.1413 200 200 200
10.1648 4.9543 3.4720 200 200 200
10.1508 4.4942 2.8211 200 200 200
10.0573 4.1816 2.6216 200 200 200
9.8319 4.7523 3.3631 200 200 200
10.2067 5.1296 2.7761 200 200 200
10.3677 5.0494 2.5737 200 200 200
18.2775 -12.9764 1.7197 200 200 200
17.7596 -11.8325 1.2810 200 200 200
16.5108 -15.3260 1.5394 200 200 200
16.9061 -12.3114 1.3721 200 200 200
15.2298 2.9523 4.1411 200 200 200
15.2183 2.5840 4.1797 200 200 200
8.6723 0.5800 0.8870 200 200 200
15.3964 -5.5077 3.0983 200 200 200
16.6094 -2.6354 -2.0854 200 200 200
16.4428 2.1094 3.5360 200 200 200
-62.2921 -29.7515 -22.1234 200 200 200
16.8429 -13.0464 1.9273 200 200 200
-3.6208 -7.7074 -3.4189 200 200 200
13.8871 19.2668 1.1967 200 200 200
17.8529 25.2051 -0.2724 200 200 200
39.0675 13.4180 0.1737 200 200 200
35.9288 11.8561 0.4400 200 200 200
28.5842 39.0734 -5.0602 200 200 200
48.8603 63.0421 -12.7993 200 200 200
28.7819 37.9741 -5.9949 200 200 200
36.6139 48.0712 -8.8049 200 200 200
48.4209 52.1603 -13.2217 200 200 200
53.3682 65.5144 -15.6760 200 200 200
36.9292 12.7667 2.1549 200 200 200
15.1985 21.3397 0.5699 200 200 200
38.2180 13.1181 0.7022 200 200 200
55.9074 32.5710 -14.1311 200 200 200
37.4310 44.6043 -7.9891 200 200 200
73.9152 48.1405 -15.2949 200 200 200
71.1220 65.0751 -21.4568 200 200 200
56.3778 30.5650 -6.0824 200 200 200
81.1229 44.5288 -15.4712 200 200 200
40.6202 19.1520 -5.8585 200 200 200
49.9573 55.9891 -11.3628 200 200 200
28.7982 37.3380 -6.8935 200 200 200
61.5753 28.3998 -9.3693 200 200 200
49.9484 61.3956 -15.4776 200 200 200
52.5562 60.0078 -16.1861 200 200 200
149.1548 117.0202 -58.0989 200 200 200
34.5719 45.2207 -11.2410 200 200 200
40.5375 10.1270 -4.9802 200 200 200
55.8656 49.1264 -13.0111 200 200 200
55.5836 61.9427 -13.9737 200 200 200
30.2732 2.8781 1.3373 200 200 200
61.5893 50.1875 -15.5335 200 200 200
61.0443 38.4366 -7.2558 200 200 200
213.2988 143.3467 -61.8046 200 200 200
168.3535 138.9778 -65.4565 200 200 200
99.4377 9.1858 -35.7011 200 200 200
604.0468 253.5019 -196.3977 200 200 200
131.4184 13.4205 -46.3133 200 200 200
151.1379 -10.7257 -48.0469 200 200 200
90.3261 -58.7717 -48.6528 200 200 200
39.5206 -6.0541 -4.8596 200 200 200
20.8583 -16.7961 -10.5182 200 200 200
9090.1006 5197.3340 -3938.2332 200 200 200
191.3532 47.0780 -61.5140 200 200 200
25.1397 -11.6401 -4.1603 200 200 200
9.0968 9.9527 0.6247 200 200 200
21.1810 -13.0442 -8.0713 200 200 200
20.8027 -18.7694 -12.8170 200 200 200
147.5615 14.5586 -59.4519 200 200 200
131.8567 12.9214 -38.8250 200 200 200
79.7942 13.3852 -10.6337 200 200 200
13.8032 11.4098 -0.5747 200 200 200
21.4625 9.2812 -2.9254 200 200 200
12.8204 -11.6199 -1.6405 200 200 200
63.4794 -57.5174 -27.9692 200 200 200
47.1125 -3.2560 -9.4987 200 200 200
47.9626 -12.0050 -6.1569 200 200 200
45.0911 -3.6335 -8.3575 200 200 200
47.6875 -4.9959 -7.4214 200 200 200
14.3793 9.2230 -1.4671 200 200 200
117.6885 -61.1201 -31.9301 200 200 200
19.2407 9.4340 -2.0470 200 200 200
37.5819 9.4765 -11.6875 200 200 200
32.1082 -6.2816 -0.0396 200 200 200
33.6821 4.2539 -0.0230 200 200 200
25.7264 3.8231 0.3653 200 200 200
44.2187 -111.8459 -24.3579 200 200 200
19.9124 2.2354 6.8587 200 200 200
14.5376 10.0245 4.6457 200 200 200
11.2533 8.9220 6.4677 200 200 200
19.4589 10.2537 3.8422 200 200 200
12.7665 10.0200 6.3082 200 200 200
11.6790 10.3905 6.4216 200 200 200
14.6654 9.0939 5.9271 200 200 200
12.6200 10.3656 6.4871 200 200 200
19.1337 7.6216 5.2040 200 200 200
15.6732 11.3469 4.9860 200 200 200
19.8789 8.4389 5.4664 200 200 200
19.8853 7.2927 6.6821 200 200 200
19.7585 8.8333 6.0766 200 200 200
11.6412 8.4386 6.1222 200 200 200
19.1147 8.5764 5.2916 200 200 200
32.6812 -3.5095 2.3601 200 200 200
14.4801 9.6047 4.4179 200 200 200
12.7214 10.6520 6.5835 200 200 200
12.7105 10.4628 6.4455 200 200 200
15.5852 7.4891 5.9821 200 200 200
18.8195 10.4170 4.4712 200 200 200
12.8810 8.4060 6.8107 200 200 200
9.9170 2.4859 7.2552 200 200 200
33.2095 -6.7684 2.6985 200 200 200
14.3704 9.5836 6.4630 200 200 200
12.7816 10.3942 6.7499 200 200 200
31.2987 -1.9260 3.9550 200 200 200
18.2273 4.2727 6.0084 200 200 200
20.2006 9.0535 6.6108 200 200 200
19.8877 9.1611 6.5141 200 200 200
19.7121 8.9424 6.9661 200 200 200
19.7668 8.5187 7.2482 200 200 200
17.5227 10.7436 4.9266 200 200 200
7.2921 8.2474 7.3702 200 200 200
17.7824 9.3741 4.2792 200 200 200
19.2009 10.8243 4.3890 200 200 200
19.9333 8.3329 7.0841 200 200 200
19.5133 7.8154 6.8799 200 200 200
14.3718 7.8961 6.0609 200 200 200
18.1368 8.9738 3.4673 200 200 200
19.0623 6.7822 6.4304 200 200 200
11.7894 10.9896 5.4011 200 200 200
21.9414 -2.1075 3.9104 200 200 200
12.0186 9.9949 5.8074 200 200 200
29.5099 -8.7656 -4.9488 200 200 200
16.9879 7.6402 2.7841 200 200 200
21.1763 7.5029 3.3557 200 200 200
20.8900 7.4887 1.5491 200 200 200
17.8603 9.3211 3.1852 200 200 200
11.0786 10.1232 5.9767 200 200 200
11.0786 10.1232 5.9767 200 200 200
24.6916 -3.8515 1.9232 200 200 200
15.6976 9.5980 3.3033 200 200 200
7.5646 -10.1808 2.2211 200 200 200
21.2117 7.1340 3.0180 200 200 200
21.4267 5.2694 4.8839 200 200 200
20.7371 6.0549 4.6245 200 200 200
12.2381 10.0137 3.2074 200 200 200
17.8095 9.1982 2.8918 200 200 200
13.6644 6.6776 4.0376 200 200 200
21.5307 -1.6024 1.3239 200 200 200
21.6980 -2.1422 1.0910 200 200 200
20.7071 6.3609 3.6448 200 200 200
7.9596 8.6393 5.1292 200 200 200
9.6240 7.6912 3.2276 200 200 200
10.0980 -3.2060 4.4664 200 200 200
9.5256 7.8422 3.1923 200 200 200
19.9632 8.6742 5.5130 200 200 200
19.9076 7.1806 6.8119 200 200 200
20.5551 0.4739 5.5394 200 200 200
8.7565 11.0405 5.1556 200 200 200
9.1199 10.8947 4.9145 200 200 200
11.5529 10.4758 3.7308 200 200 200
9.6728 7.8560 3.7183 200 200 200
3.5801 4.7775 7.0354 200 200 200
16.3982 8.8292 4.2246 200 200 200
8.8627 8.1830 3.6353 200 200 200
11.8830 -2.8809 4.8637 200 200 200
18.0515 0.8740 5.3990 200 200 200
3.7515 6.6117 7.0026 200 200 200
4.6291 7.2968 7.6006 200 200 200
13.0402 7.3036 6.3545 200 200 200
19.2893 8.7856 6.6211 200 200 200
7.5753 8.8092 6.3818 200 200 200
19.2735 3.7324 5.2107 200 200 200
15.8718 6.9149 4.5396 200 200 200
19.7081 7.3598 7.2716 200 200 200
8.4989 12.0998 4.5778 200 200 200
-617.3653 -978.9596 -356.0680 200 200 200
3.7421 5.7257 6.1394 200 200 200
3.5395 6.2321 7.1198 200 200 200
20.6214 4.0164 5.4555 200 200 200
11.4258 -2.1491 5.7786 200 200 200
19.5176 3.5846 6.9323 200 200 200
3.3877 4.7368 7.1195 200 200 200
16.3509 9.0244 4.8548 200 200 200
14.9722 8.0363 5.4153 200 200 200
10.4174 -2.8172 5.8891 200 200 200
12.1881 10.0238 3.0870 200 200 200
21.7768 -1.8654 2.5117 200 200 200
20.8444 -1.6916 3.5288 200 200 200
-14.1069 10.9436 -9.7674 200 200 200
19.9176 -1.1297 3.1071 200 200 200
0.0006 8.8868 -2.6306 200 200 200
21.7250 -1.5442 0.7674 200 200 200
-13.1761 16.1545 -10.4911 200 200 200
-16.5645 11.4324 -10.9866 200 200 200
15.9129 6.3706 0.7810 200 200 200
-17.5874 -3.0172 -0.6653 200 200 200
5.4620 6.8970 -1.3587 200 200 200
21.8587 -2.8494 1.9983 200 200 200
22.5647 -1.9860 1.0222 200 200 200
4.3254 3.3281 -2.6085 200 200 200
16.1911 5.9939 0.3487 200 200 200
2.5638 -14.4321 -2.3025 200 200 200
20.3556 -1.2117 1.9044 200 200 200
-8.9949 11.6347 -8.9165 200 200 200
-21.3723 -6.1247 -2.8445 200 200 200
20.1350 -2.3747 2.8229 200 200 200
10.6064 -33.4739 -13.8423 200 200 200
21.7805 -3.5242 2.6571 200 200 200
19.2720 5.7420 3.0835 200 200 200
19.1781 6.1396 2.8430 200 200 200
20.6558 -1.6775 -0.1105 200 200 200
20.7482 3.2161 3.3366 200 200 200
16.3221 4.8286 -0.0995 200 200 200
19.4545 5.1782 2.8108 200 200 200
4.9113 -17.4083 -4.1643 200 200 200
4.4687 -17.1408 -3.1082 200 200 200
16.1768 -0.5145 -4.6348 200 200 200
21.9212 -2.0538 1.9933 200 200 200
20.8503 -1.1584 0.0273 200 200 200
22.4344 -4.4983 0.9087 200 200 200
22.3732 -4.4547 1.0574 200 200 200
20.7076 4.8391 3.4951 200 200 200
22.0714 -2.3857 2.0973 200 200 200
19.0845 5.8019 2.9127 200 200 200
21.9541 -2.0883 1.3045 200 200 200
15.9310 5.3721 -0.1663 200 200 200
19.1403 4.5924 2.8643 200 200 200
1.4261 -14.9573 -0.4790 200 200 200
15.5861 -9.8537 -1.8565 200 200 200
4.7189 -14.3681 -1.7898 200 200 200
22.7659 -3.5513 0.5739 200 200 200
21.7712 -2.3237 2.0783 200 200 200
21.0334 -5.0559 2.2751 200 200 200
21.6277 -2.8655 2.2394 200 200 200
21.3956 -1.9637 1.4846 200 200 200
6.1750 3.0308 -7.5157 200 200 200
21.0615 -1.2324 -0.3050 200 200 200
12.3507 -19.6423 -9.8670 200 200 200
15.5034 4.3954 -0.9116 200 200 200
15.7376 -5.8389 -1.1071 200 200 200
4.9683 -17.8643 -5.6074 200 200 200
3.4740 -18.3986 -3.1714 200 200 200
2.7448 -14.8637 -1.4064 200 200 200
15.7621 -1.3073 -3.6397 200 200 200
22.1583 -5.0012 1.3951 200 200 200
21.7243 -2.4858 1.8750 200 200 200
13.7763 -17.2122 -8.2346 200 200 200
19.2476 -1.9399 0.9783 200 200 200
-30.2170 20.8091 -20.8601 200 200 200
3.5532 -17.8428 -2.5308 200 200 200
1.1007 -15.6223 -1.1981 200 200 200
21.4536 -5.2297 1.5083 200 200 200
21.8164 -3.4317 1.9238 200 200 200
19.9547 5.5987 2.7537 200 200 200
19.5197 -2.3144 1.9250 200 200 200
1.8369 -13.8182 -2.4399 200 200 200
18.0440 -1.3221 -3.3587 200 200 200
3.2876 -14.4105 -1.0560 200 200 200
4.9298 -14.8553 -2.9862 200 200 200
-30.4394 -4.0467 -6.4211 200 200 200
21.9793 -3.0130 1.7151 200 200 200
20.7059 -2.8767 3.0125 200 200 200
4.5070 -17.1928 -2.6463 200 200 200
4.2171 -13.9258 -2.9266 200 200 200
22.2473 -4.6009 0.8911 200 200 200
20.2338 -4.9021 1.9215 200 200 200
21.8990 -3.3452 1.4526 200 200 200
-14.6524 19.3969 -16.5834 200 200 200
4.3669 -15.9014 -2.7428 200 200 200
19.6090 3.8186 2.0491 200 200 200
18.5733 5.1443 1.6157 200 200 200
18.6741 5.1714 1.5508 200 200 200
20.6304 5.0854 2.3246 200 200 200
20.6852 4.5746 2.3363 200 200 200
20.9669 3.8619 2.3260 200 200 200
17.6562 0.3714 -6.1268 200 200 200
19.5880 2.8460 1.8712 200 200 200
18.6222 2.4495 1.0451 200 200 200
21.9418 -4.4433 1.6974 200 200 200
14.8868 0.7139 -5.6991 200 200 200
21.9354 -2.7015 2.0162 200 200 200
21.3905 -2.9612 2.1427 200 200 200
20.7116 -3.0552 3.3387 200 200 200
4.6899 -17.6292 -3.7074 200 200 200
4.4444 -17.4219 -3.0141 200 200 200
-31.2373 16.3673 -16.5942 200 200 200
-4.1706 9.9845 -8.6652 200 200 200
2.2047 -14.5566 -4.7499 200 200 200
3.9689 -10.1159 -1.5905 200 200 200
18.3155 3.8662 1.2001 200 200 200
19.8244 2.6503 1.6099 200 200 200
14.3854 -1.3147 -1.7945 200 200 200
-37.1231 -59.6504 -25.9955 200 200 200
3.1336 -18.3363 -2.9859 200 200 200
3.1336 -18.3363 -2.9859 200 200 200
21.4622 -3.4454 1.9117 200 200 200
20.8703 3.8829 1.2497 200 200 200
-76.3831 66.5813 -46.7777 200 200 200
21.5566 -5.0404 1.2623 200 200 200
2.2743 -15.6875 -0.7741 200 200 200
21.0627 -3.7052 1.9615 200 200 200
21.5869 -2.9569 1.4112 200 200 200
1.3037 -14.0412 -4.0344 200 200 200
5.9019 -15.9326 -5.2639 200 200 200
0.4867 -14.3923 -4.5583 200 200 200
-196.8018 -105.2100 -80.5174 200 200 200
7.1172 22.8327 -13.0024 200 200 200
17.5980 5.1903 0.4983 200 200 200
-44.5276 -6.1071 -8.6507 200 200 200
20.0666 -4.5548 1.6276 200 200 200
20.5838 -3.7781 1.8047 200 200 200
20.5569 -3.1005 1.8980 200 200 200
-84.6906 75.9681 -51.1819 200 200 200
-155.6438 128.6955 -91.4312 200 200 200
9.0313 8.3436 -5.5569 200 200 200
20.8700 -3.6966 1.7604 200 200 200
21.2535 -4.4969 1.0455 200 200 200
0.7527 -15.1842 -5.7168 200 200 200
21.0768 6.2518 0.6424 200 200 200
20.9296 -2.5816 0.7396 200 200 200
20.8226 6.5024 0.7767 200 200 200
17.5777 5.2222 0.4809 200 200 200
18.4553 5.2236 0.0727 200 200 200
21.0617 4.3888 0.7038 200 200 200
20.7021 -2.9636 1.8778 200 200 200
20.6579 3.0438 0.5211 200 200 200
20.4397 8.3172 -0.1554 200 200 200
1.9776 -16.4019 -1.9089 200 200 200
19.9151 8.2306 0.6135 200 200 200
1.4266 -17.8900 -3.0527 200 200 200
20.9673 6.2995 0.4358 200 200 200
21.6699 4.4277 0.3237 200 200 200
3.6029 -19.5297 -6.0785 200 200 200
22.0561 -3.2122 0.4036 200 200 200
21.8391 -3.3107 1.1671 200 200 200
20.9843 -5.3721 1.1338 200 200 200
19.5595 2.6722 0.6794 200 200 200
20.6088 7.5002 0.4849 200 200 200
21.0057 3.1596 1.0602 200 200 200
21.7181 5.7427 0.6532 200 200 200
20.9803 6.0121 0.7346 200 200 200
19.6811 5.1447 1.2669 200 200 200
22.2861 4.0052 1.3327 200 200 200
-39.3326 34.2903 -27.9456 200 200 200
8.8374 -15.7947 -5.6139 200 200 200
20.8167 -4.0150 2.4879 200 200 200
22.4375 -4.5473 0.6003 200 200 200
21.5929 6.4748 0.0640 200 200 200
2.7468 -16.7159 -0.7235 200 200 200
-36.6735 -11.5041 -7.3671 200 200 200
22.1659 -3.3444 1.7066 200 200 200
21.2200 -4.0555 2.3815 200 200 200
-87.7873 108.9046 -54.2361 200 200 200
22.4089 3.3019 1.2050 200 200 200
22.6722 4.7696 0.7962 200 200 200
21.9623 4.8141 0.7414 200 200 200
22.0048 4.1147 1.1905 200 200 200
-63.3038 98.0178 -41.9570 200 200 200
-21.9682 68.4129 -22.4027 200 200 200
21.7746 1.0694 3.6686 200 200 200
5.1287 -4.0144 5.0681 200 200 200
12.3731 -14.7679 4.1109 200 200 200
22.7072 -6.6096 5.0717 200 200 200
23.3393 -6.6111 3.2026 200 200 200
14.6779 -12.9538 4.1429 200 200 200
22.5748 -5.8485 5.3446 200 200 200
23.3303 -5.1293 4.6004 200 200 200
12.7786 -11.5965 -0.8776 200 200 200
7.5108 -19.5795 -1.1318 200 200 200
-12.4939 67.9054 -20.1347 200 200 200
13.2017 -14.9192 4.2843 200 200 200
13.1063 -14.1516 4.5029 200 200 200
22.6892 -6.6868 5.1703 200 200 200
13.3246 -13.2779 5.3030 200 200 200
19.8429 -10.1273 0.8840 200 200 200
12.5125 27.5505 -7.9768 200 200 200
-10.8245 52.5632 -19.5281 200 200 200
15.2631 -14.8638 3.5331 200 200 200
-37.9971 79.4399 -23.1055 200 200 200
19.5819 -5.5100 -0.0335 200 200 200
24.6657 -0.3440 0.5495 200 200 200
1.1667 56.0516 -15.7000 200 200 200
20.8760 -0.5534 3.8235 200 200 200
18.1726 -10.1856 3.6058 200 200 200
-15.8075 67.0954 -18.6357 200 200 200
-16.2108 45.5045 -17.8866 200 200 200
21.6311 -5.8009 5.3763 200 200 200
13.9680 -18.3164 1.3576 200 200 200
18.4041 -10.3006 2.7316 200 200 200
15.5415 -15.1909 4.1215 200 200 200
15.7940 -14.5795 4.3188 200 200 200
15.1961 -13.9099 5.3961 200 200 200
16.0162 -13.9584 5.3152 200 200 200
16.0977 -13.9859 5.2164 200 200 200
20.8379 -0.5200 3.9451 200 200 200
22.8602 -5.8335 5.2840 200 200 200
22.5437 -5.6899 5.7350 200 200 200
23.4653 -6.8643 3.9676 200 200 200
19.2394 -12.6475 1.5135 200 200 200
18.2419 -10.4439 4.0580 200 200 200
18.0032 -10.5366 4.0296 200 200 200
15.4359 -13.0288 5.1629 200 200 200
15.1757 -13.9315 5.6616 200 200 200
21.8878 -7.0683 4.8793 200 200 200
14.3333 -10.4316 4.9963 200 200 200
15.6945 -13.5421 5.1463 200 200 200
22.8994 -5.6716 5.4442 200 200 200
20.9103 -0.5708 4.2420 200 200 200
22.3525 0.5730 3.8476 200 200 200
22.6156 2.5795 3.5188 200 200 200
10.4850 -19.9087 1.3076 200 200 200
24.8781 -7.9819 2.3304 200 200 200
16.9353 27.2570 -4.4033 200 200 200
19.2757 11.7041 0.8118 200 200 200
21.0896 -0.8217 3.8577 200 200 200
10.3351 -12.7369 6.9914 200 200 200
15.6553 -13.1975 5.5995 200 200 200
15.9346 -15.1087 3.9227 200 200 200
16.4503 -14.6011 4.2181 200 200 200
23.1443 -7.4212 3.7228 200 200 200
22.3253 -7.5098 4.6542 200 200 200
-10.5926 30.6256 -11.5145 200 200 200
21.1237 -1.1532 3.5082 200 200 200
10.9382 -19.2791 1.2081 200 200 200
15.9899 24.0914 0.1760 200 200 200
21.6695 -7.4779 3.4387 200 200 200
-2.6233 51.8861 -17.4922 200 200 200
22.9302 -7.6843 3.6494 200 200 200
22.3339 -7.4593 5.0086 200 200 200
23.5899 -6.9525 4.5354 200 200 200
19.7332 0.4149 3.0630 200 200 200
15.4745 -15.3953 5.7260 200 200 200
22.8099 -7.3644 5.1111 200 200 200
14.9185 -14.8059 5.4627 200 200 200
15.9855 -15.1581 4.0141 200 200 200
16.3933 -14.5511 4.5409 200 200 200
16.4858 -14.5744 4.4736 200 200 200
17.9390 -10.7888 4.1434 200 200 200
16.3886 24.2184 -0.3043 200 200 200
22.9724 -7.5265 3.7095 200 200 200
22.4308 -5.9705 5.8804 200 200 200
16.1007 25.2426 -0.1728 200 200 200
23.6431 -6.9782 3.7989 200 200 200
21.5206 -5.4569 5.3785 200 200 200
22.4116 -6.1709 5.9805 200 200 200
21.8639 -7.3616 4.4073 200 200 200
19.7231 -11.5941 1.5058 200 200 200
19.7628 -0.0047 1.7084 200 200 200
15.6431 -13.3712 5.9462 200 200 200
15.9710 -13.1155 5.8697 200 200 200
13.8810 -14.1878 6.1517 200 200 200
22.1823 -6.7157 3.9449 200 200 200
15.5037 -13.1394 5.8438 200 200 200
15.4676 -15.8178 5.0027 200 200 200
23.2007 -6.2418 2.9933 200 200 200
-13.8355 -2.2207 -0.3932 200 200 200
-19.9428 0.5417 -4.9717 200 200 200
-25.5563 6.1823 -5.3029 200 200 200
45.4924 146.2793 -52.6473 200 200 200
-17.9717 4.3238 -4.5583 200 200 200
15.0218 1.4342 -15.5923 200 200 200
51.7659 93.3019 -42.7337 200 200 200
12.3743 -5.6470 -5.0846 200 200 200
-35.1023 16.7890 -14.0245 200 200 200
13.0470 -4.2798 -8.5033 200 200 200
13.2239 -5.5369 -7.0035 200 200 200
11.7470 -6.7228 -4.1858 200 200 200
11.2763 -6.9910 -2.8568 200 200 200
11.3849 -7.3250 -2.7915 200 200 200
11.0962 -7.0126 -7.9776 200 200 200
11.2612 -8.3110 -6.0816 200 200 200
14.0083 -5.5554 -4.6830 200 200 200
-7.6262 -3.8853 -22.6687 200 200 200
-7.3706 -4.1204 -22.6941 200 200 200
10.4289 -6.3594 -4.2645 200 200 200
11.4274 -2.3321 -2.4768 200 200 200
-2.0048 19.7752 -50.9068 200 200 200
-8.4593 36.2138 -49.4138 200 200 200
11.0213 32.9600 -59.1823 200 200 200
-49.9622 -3.5605 -60.0042 200 200 200
-50.8508 -2.5146 -60.1838 200 200 200
-34.6524 -1.4093 -47.7422 200 200 200
9.3839 5.6423 -23.9934 200 200 200
-591.2145 445.7487 -328.9262 200 200 200
-40.8832 9.3512 -52.8688 200 200 200
-339.5848 179.3153 -278.9726 200 200 200
8.6298 9.1425 -16.5587 200 200 200
12.9123 44.7398 -52.4967 200 200 200
13.1118 32.6853 -48.9017 200 200 200
-195.9120 88.5600 -216.0110 200 200 200
-57.6552 1.3759 -65.8017 200 200 200
-45.7132 1.3211 -49.7748 200 200 200
12.1079 30.6913 -52.5560 200 200 200
6.9873 1.8166 -14.5238 200 200 200
4.2786 43.5120 -37.6916 200 200 200
9.4412 29.8563 -36.9692 200 200 200
-285.7842 221.6626 -256.6053 200 200 200
-48.3974 7.5259 -51.5523 200 200 200
-2.0504 33.8757 -30.8163 200 200 200
-4.5932 27.1691 -31.9730 200 200 200
-97.2351 28.9351 -131.4024 200 200 200
9.0492 -7.6972 -2.8747 200 200 200
12.7236 -3.0317 -2.9894 200 200 200
-233.5210 96.5652 -225.2637 200 200 200
-129.1252 58.0375 -135.9776 200 200 200
-41.9471 23.2672 -56.7440 200 200 200
-42.5410 163.8548 -227.6509 200 200 200
-2.5022 -4.7324 -0.4557 200 200 200
-305.3447 176.9337 -264.4314 200 200 200
32.0497 42.4638 -18.0216 200 200 200
20.0452 -8.8023 4.4419 200 200 200
6.1856 15.6218 -28.6751 200 200 200
-36.2504 18.9303 -48.0584 200 200 200
61.7263 40.5640 -58.9378 200 200 200
14.2532 4.9163 -20.4288 200 200 200
15.2137 -5.5110 -7.2615 200 200 200
59.7894 81.9793 -77.1141 200 200 200
9.9769 7.5439 -11.5414 200 200 200
20.9147 32.7835 -5.9156 200 200 200
15.6886 -0.4064 4.0760 200 200 200
6.7509 -18.7077 5.9819 200 200 200
17.9854 -8.3846 4.4434 200 200 200
-2.7895 -3.2863 1.8421 200 200 200
14.9849 -11.6346 4.5773 200 200 200
12.1773 -15.1261 6.6294 200 200 200
11.0610 -15.2507 6.3982 200 200 200
12.4106 -14.8370 6.6039 200 200 200
5.2599 -15.9809 5.2229 200 200 200
18.6638 -8.5506 3.8260 200 200 200
18.3287 -8.8418 4.2272 200 200 200
18.2170 -7.9208 5.7784 200 200 200
31.4081 -0.6491 2.6872 200 200 200
7.3633 15.9268 -2.1107 200 200 200
8.6502 -17.6820 3.0676 200 200 200
20.6535 -12.2315 2.4430 200 200 200
4.7990 -16.0661 5.0817 200 200 200
1.7745 -11.3762 2.7590 200 200 200
12.0993 -16.9618 5.0769 200 200 200
7.1448 -18.5054 5.9479 200 200 200
19.8515 -7.4316 3.2060 200 200 200
17.6843 -7.5351 4.5863 200 200 200
15.4286 -11.7901 5.2792 200 200 200
16.2770 -1.5318 4.7026 200 200 200
11.8699 -16.9485 5.2176 200 200 200
-7.5136 4.3473 -1.9711 200 200 200
12.3252 -16.7180 5.8717 200 200 200
15.1404 -11.5558 4.3864 200 200 200
21.1563 -5.6801 2.1620 200 200 200
5.4855 22.7560 -2.3620 200 200 200
11.2888 -16.7544 5.1423 200 200 200
19.0486 -5.8405 5.7379 200 200 200
3.2440 -14.6274 6.0567 200 200 200
4.2058 -16.9740 4.4064 200 200 200
11.1378 -16.4288 5.3334 200 200 200
11.4764 -14.9762 6.9297 200 200 200
12.5884 -16.1912 5.9414 200 200 200
7.3717 -18.9126 6.1459 200 200 200
11.8764 -14.8581 6.8689 200 200 200
12.1984 -15.0847 6.5845 200 200 200
2.2046 -10.6496 2.2122 200 200 200
19.5766 -4.5901 3.8247 200 200 200
-16.9035 37.2487 -11.0909 200 200 200
11.4301 -14.7093 6.2318 200 200 200
19.6272 -3.9024 2.6977 200 200 200
12.4159 -14.8399 5.3340 200 200 200
2.1410 -13.3952 6.4247 200 200 200
-32.6415 239.0532 -82.4000 200 200 200
-0.0519 -11.0984 4.8367 200 200 200
41.8511 7.4716 -12.3974 200 200 200
-1.3851 -13.0014 2.8298 200 200 200
45.2704 292.1620 -87.8622 200 200 200
35.2024 56.9687 -22.1020 200 200 200
-43.7332 1915.4069 -549.7443 200 200 200
-2.3777 -10.2257 2.1810 200 200 200
51.1688 91.1124 -34.5840 200 200 200
-1.7587 -11.7940 2.1486 200 200 200
17.0417 -11.9970 -2.8298 200 200 200
43.4121 29.8342 -12.6820 200 200 200
-4.0752 11.4805 -8.3340 200 200 200
-1.6976 -9.8691 1.1523 200 200 200
1.4225 -1.6378 -4.0397 200 200 200
-2.1527 -8.4839 2.6542 200 200 200
-1.5020 -9.9358 2.8068 200 200 200
73.2661 103.2880 -37.6943 200 200 200
-1.3671 -7.7695 3.3798 200 200 200
-1.3792 -9.8922 2.2750 200 200 200
-1.3792 -9.8922 2.2750 200 200 200
-1.5930 -10.7765 1.0759 200 200 200
86.3222 148.3731 -51.6899 200 200 200
226.2086 2049.3553 -583.3215 200 200 200
14.0462 -5.6200 -11.0833 200 200 200
-1.0010 -7.6698 2.6645 200 200 200
0.0870 -9.4332 3.1295 200 200 200
10.0768 -8.2813 -3.0134 200 200 200
0.3510 -9.4656 2.8502 200 200 200
23.2244 -8.4527 -2.3741 200 200 200
0.9291 -9.0049 1.9781 200 200 200
21.8685 -8.4544 -1.8772 200 200 200
20.5501 -9.1996 -1.7622 200 200 200
22.0204 -6.5412 -1.3136 200 200 200
61.3247 36.6259 -17.1053 200 200 200
69.4554 136.0491 -61.2802 200 200 200
87.5278 120.9714 -45.5168 200 200 200
-1.4054 -9.0404 2.7034 200 200 200
6.6701 -9.7252 -4.7371 200 200 200
-1.0577 -6.2147 1.7399 200 200 200
21.9983 -5.8914 -2.6492 200 200 200
24.4632 -9.1310 -5.3070 200 200 200
138.8701 42.5866 -56.6369 200 200 200
0.3718 -7.8026 2.6995 200 200 200
-0.0544 -8.3063 -3.5012 200 200 200
248.1270 1870.6876 -576.7608 200 200 200
2.7633 -11.7063 -3.2395 200 200 200
-3.1280 -8.6346 1.6417 200 200 200
-2.7649 -8.0807 2.0851 200 200 200
-1.5240 -8.1392 2.3315 200 200 200
-0.1684 -8.6508 1.6698 200 200 200
-2.0301 -8.5505 2.1265 200 200 200
-2.8417 -7.6602 0.9928 200 200 200
-1.7280 -9.0099 1.0163 200 200 200
21.4141 -6.1821 -4.1012 200 200 200
197.8266 572.3958 -221.1644 200 200 200
23.0689 -0.6543 -7.2762 200 200 200
71.3039 3901.6935 -1683.2887 200 200 200
0.2579 -7.9204 2.0607 200 200 200
2.6604 -11.0257 -4.0594 200 200 200
25.9267 -8.0483 -5.7158 200 200 200
144.7821 1325.3191 -384.3155 200 200 200
22.2607 -9.1501 -9.0420 200 200 200
0.0617 -6.9055 -4.7874 200 200 200
20.7274 -9.2043 -8.8053 200 200 200
21.1387 -5.1430 -4.3807 200 200 200
68.1160 50.2156 -26.6821 200 200 200
-1.8493 -8.8725 0.5638 200 200 200
0.0390 -8.4034 1.4728 200 200 200
22.7812 -8.7817 -7.8807 200 200 200
787.1195 7938.3039 -2305.4163 200 200 200
25.5547 -3.8975 -4.5438 200 200 200
0.5579 -8.0335 1.3303 200 200 200
10.5971 -1.6581 1.2671 200 200 200
20.3866 -3.6174 -5.9422 200 200 200
55.1780 174.0265 -64.2337 200 200 200
-2.1543 -8.8648 1.7044 200 200 200
-0.1893 -8.4585 2.2161 200 200 200
25.4568 -7.9822 -6.5949 200 200 200
-2.6995 -7.6482 1.6872 200 200 200
21.8676 -6.3546 -5.4721 200 200 200
10.9467 -3.9043 1.8808 200 200 200
146.1019 878.6481 -294.4031 200 200 200
20.1098 -4.7984 -2.2299 200 200 200
49.4029 512.8038 -234.5768 200 200 200
23.7346 -8.2982 -6.1592 200 200 200
109.7002 688.5871 -180.4065 200 200 200
162.1829 939.3588 -259.2981 200 200 200
23.9728 -3.5951 -4.6469 200 200 200
9.3317 -15.8161 -5.8193 200 200 200
26.7370 -2.2722 -5.0896 200 200 200
-2.2522 -7.9917 2.7526 200 200 200
40.6204 128.9814 -46.4562 200 200 200
-1.5585 -6.2435 2.1556 200 200 200
-1.7189 -8.4628 2.1349 200 200 200
143.2180 187.9997 -84.5125 200 200 200
9.6518 -8.0579 -14.0425 200 200 200
-0.2180 -8.3552 1.2111 200 200 200
23.3328 -7.5205 -9.6442 200 200 200
23.7045 -6.7827 -6.9734 200 200 200
23.5019 -8.5587 -8.4850 200 200 200
-2.2124 -7.4317 2.9728 200 200 200
-1.8625 -7.3752 2.5581 200 200 200
23.5864 -5.6300 -6.5647 200 200 200
-1.7791 -8.7056 1.3245 200 200 200
-2.2303 -8.3213 1.7590 200 200 200
0.5024 -7.7103 1.7526 200 200 200
27.5109 -6.6368 -6.4078 200 200 200
-2.0952 -7.9173 2.9736 200 200 200
-1.7951 -6.4617 2.5335 200 200 200
-2.0756 -8.6847 1.9527 200 200 200
27.7847 0.2851 -5.9633 200 200 200
-1.5645 -8.7006 2.6286 200 200 200
-1.1471 -7.7107 1.6556 200 200 200
67.2990 120.6348 -63.3876 200 200 200
66.1893 118.8298 -61.1949 200 200 200
21.4884 -3.4290 -3.2253 200 200 200
-1.3860 -4.9966 1.9372 200 200 200
-1.2373 -5.8310 2.1213 200 200 200
-0.4219 -8.3517 2.3090 200 200 200
571.0909 375.0752 -218.1036 200 200 200
21.3025 -5.4400 -1.0440 200 200 200
50.4095 28.2033 -13.8375 200 200 200
-0.5990 -8.7196 2.7175 200 200 200
37.5528 62.5182 -18.7337 200 200 200
-1.7271 -6.7024 2.5117 200 200 200
-2.1450 -7.8143 2.0194 200 200 200
7.9754 -17.2311 -1.9632 200 200 200
52.0377 27.4395 -13.4154 200 200 200
0.1461 -7.7177 2.2434 200 200 200
20.4381 -5.1972 -1.7158 200 200 200
17.0601 -7.0202 -5.6337 200 200 200
16.4999 -6.3967 -1.6016 200 200 200
20.9255 32.0459 -8.0966 200 200 200
0.6967 -8.2415 2.0095 200 200 200
-2.1654 -6.8312 3.4318 200 200 200
30.8947 31.8905 -10.8366 200 200 200
20.2844 -15.2040 -10.1608 200 200 200
19.1985 -22.1334 -9.4462 200 200 200
112.7404 60.1196 -32.2701 200 200 200
15.3616 -10.3581 -3.4318 200 200 200
-1.5319 -6.9236 3.2950 200 200 200
-0.5225 -8.1045 2.8762 200 200 200
8.4321 -15.4123 -1.6364 200 200 200
0.0641 7.3654 -3.0828 200 200 200
6.6811 -17.1270 -2.0913 200 200 200
8.2730 -15.2379 -0.8014 200 200 200
6.5023 -16.0348 -3.3646 200 200 200
15.6628 -8.3535 -0.0781 200 200 200
14.7928 -8.9100 -3.1336 200 200 200
14.4814 -7.0943 1.3343 200 200 200
-1.9004 3.4490 -1.5345 200 200 200
0.1666 7.0402 -2.7714 200 200 200
0.3346 6.3310 -2.3458 200 200 200
1.4556 8.8557 -2.8758 200 200 200
-2.4373 -1.1088 -0.7805 200 200 200
6.7471 -14.9617 -1.5300 200 200 200
14.8407 -8.7158 0.9065 200 200 200
53.3317 9.8184 -11.6201 200 200 200
6.9974 -9.9735 -3.9649 200 200 200
-1.9818 -1.6266 -0.0398 200 200 200
2.2608 -2.9392 8.3331 200 200 200
-0.4430 -0.1165 8.3483 200 200 200
-3.9888 -3.6355 8.7854 200 200 200
-4.2807 -2.0934 8.6838 200 200 200
-4.1507 -4.8697 9.5234 200 200 200
-4.4729 -2.8158 8.7983 200 200 200
-4.5965 -2.6890 9.0803 200 200 200
8.1840 -5.0327 5.8280 200 200 200
22.9422 -0.8694 1.1084 200 200 200
-5.8983 -6.8629 9.9726 200 200 200
-4.4076 -4.8278 9.5841 200 200 200
0.6587 -3.8493 9.2243 200 200 200
-1.8032 -1.5498 9.2297 200 200 200
3.8829 -2.3232 8.2105 200 200 200
6.0599 -0.9997 6.2746 200 200 200
-1.4673 -2.4251 4.8558 200 200 200
2.6970 0.1935 6.9149 200 200 200
35.4556 15.2483 -6.4111 200 200 200
13.3546 -15.9491 2.3672 200 200 200
5.9232 7.1932 -1.8592 200 200 200
10.3728 4.9712 2.5793 200 200 200
11.1173 4.0200 -0.3002 200 200 200
142.0633 -0.4910 -37.6416 200 200 200
18.3155 1.4697 1.9358 200 200 200
18.1253 0.4347 0.4734 200 200 200
10.8197 6.1003 2.5352 200 200 200
10.0778 5.8516 2.1838 200 200 200
5.2475 4.9387 -1.7321 200 200 200
64.8904 22.2942 -11.5090 200 200 200
20.2682 2.7648 -0.2968 200 200 200
-1.2680 -10.9458 2.7002 200 200 200
10.0814 7.4185 -1.1518 200 200 200
22.6441 -0.5220 -0.7167 200 200 200
9.7169 6.3800 -0.7443 200 200 200
13.6471 6.6281 1.9546 200 200 200
11.2962 4.5741 -1.1964 200 200 200
-1.8099 -6.2959 1.1517 200 200 200
6.4278 -4.2081 -1.7780 200 200 200
21.6257 -0.1854 -0.9543 200 200 200
4.2687 -0.2016 -3.1182 200 200 200
11.8495 4.4021 1.0935 200 200 200
10.0234 6.8394 1.6308 200 200 200
19.5277 0.0023 -0.6406 200 200 200
11.7404 4.8599 1.9079 200 200 200
116.4075 0.1803 -33.2890 200 200 200
19.4410 1.1733 1.3971 200 200 200
-2.1829 -9.7300 1.3317 200 200 200
9.4688 6.1411 1.8760 200 200 200
9.9528 5.3147 2.1355 200 200 200
-0.8775 -11.2580 2.0371 200 200 200
-1.0530 -11.1922 2.3803 200 200 200
10.7225 4.6461 -0.8187 200 200 200
2472.1266 -261.0770 -658.9512 200 200 200
19.0373 0.9226 -1.1419 200 200 200
9.4817 7.7094 0.3763 200 200 200
7.9282 6.5284 -1.7545 200 200 200
11.6129 5.4967 2.3006 200 200 200
13.3980 5.1576 2.2999 200 200 200
2.7330 -9.0860 -2.7045 200 200 200
-1.7458 -10.8155 0.5242 200 200 200
9.3149 7.0195 1.4756 200 200 200
18.1909 0.6938 -1.3972 200 200 200
14.2435 4.9207 1.7500 200 200 200
0.0897 -11.6653 -0.7556 200 200 200
-1.2249 -12.3800 0.2047 200 200 200
2.3844 -9.9957 -3.6879 200 200 200
20.5386 0.4224 1.3840 200 200 200
17.7321 1.5270 -1.2806 200 200 200
-0.0379 -11.8305 -0.7626 200 200 200
5.6907 -4.9410 1.8561 200 200 200
6.7197 -4.3273 -2.9803 200 200 200
8.9803 6.9352 1.8450 200 200 200
6.2085 1.2876 -2.0771 200 200 200
-4.0813 -13.5269 -2.0329 200 200 200
0.9688 -20.7688 0.8056 200 200 200
-2.5240 -7.6167 -0.8476 200 200 200
22.1129 -0.6659 0.4818 200 200 200
18.4384 -2.9524 0.8959 200 200 200
-0.9483 -10.8194 2.3453 200 200 200
0.2340 -3.8540 -1.9013 200 200 200
17.9540 -15.4571 0.4956 200 200 200
-0.3182 -17.4142 2.1301 200 200 200
10.3051 4.9462 3.3414 200 200 200
1.7424 -20.5269 2.9386 200 200 200
20.7378 0.8504 2.0030 200 200 200
16.5475 1.1832 -0.4317 200 200 200
1.0874 -3.5616 1.2631 200 200 200
14.9971 -13.9825 3.2916 200 200 200
5.1718 1.3428 0.8761 200 200 200
3.9463 0.2884 1.7086 200 200 200
-2.9023 -6.4917 -0.9050 200 200 200
1.0136 -8.2844 2.0186 200 200 200
1.1477 -19.0151 4.1860 200 200 200
12.7094 1.7898 1.9289 200 200 200
13.4123 2.8155 4.6036 200 200 200
-4.7423 -8.8210 -1.0104 200 200 200
-2.8365 -6.5264 0.4099 200 200 200
6.6244 5.7014 5.3005 200 200 200
4.0316 1.2024 1.8869 200 200 200
12.3875 3.0984 3.8680 200 200 200
0.3749 -16.7487 3.8217 200 200 200
0.1492 -17.0889 4.5666 200 200 200
15.2691 -13.3581 3.4233 200 200 200
12.6073 3.3778 4.9796 200 200 200
12.2865 3.7386 4.0827 200 200 200
0.7207 -1.8198 0.0183 200 200 200
11.1436 1.5175 0.2523 200 200 200
12.4003 2.2800 3.4387 200 200 200
8.1249 5.7049 5.2995 200 200 200
0.7337 -2.9661 2.1200 200 200 200
13.5889 4.8566 3.5669 200 200 200
12.6697 3.4775 4.9730 200 200 200
12.8417 3.1890 4.9294 200 200 200
12.9483 2.8980 4.9036 200 200 200
8.3580 5.5189 5.4182 200 200 200
5.8182 -0.9400 2.3692 200 200 200
-1.4359 -18.5816 3.4331 200 200 200
-0.5540 -19.2404 4.1560 200 200 200
7.2861 1.1204 3.3178 200 200 200
13.7889 4.7041 3.4879 200 200 200
12.4047 2.7032 4.7409 200 200 200
12.2772 2.8161 4.1060 200 200 200
12.3991 2.9979 4.0045 200 200 200
5.5818 3.5043 2.6965 200 200 200
5.9810 3.2217 2.6313 200 200 200
5.6180 2.9767 2.6403 200 200 200
-0.9815 -22.9468 2.7849 200 200 200
-7.0464 -15.3290 -1.7090 200 200 200
11.6513 0.6436 -1.3834 200 200 200
6.1189 2.9716 2.3545 200 200 200
-0.8669 -26.2606 2.0928 200 200 200
14.6780 3.7311 3.8957 200 200 200
13.9816 4.1445 4.1063 200 200 200
14.8149 -14.1968 2.3295 200 200 200
29.4200 -13.4234 -5.6134 200 200 200
-5.7944 -10.0174 -2.9369 200 200 200
8.2956 4.6806 4.2172 200 200 200
14.0677 3.9757 3.1752 200 200 200
8.0329 4.6260 4.3449 200 200 200
-13.3968 -15.7233 -6.0142 200 200 200
8.9515 1.8706 0.9802 200 200 200
0.0105 -26.6490 1.4242 200 200 200
0.3295 -25.8594 1.0807 200 200 200
14.1921 3.7184 3.7557 200 200 200
12.0256 -0.0507 -2.3490 200 200 200
14.2942 -13.4119 1.2367 200 200 200
15.3167 -14.4342 1.9698 200 200 200
16.2980 -12.3315 0.4105 200 200 200
-73.1734 -580.1940 -138.7599 200 200 200
0.6904 -8.1689 -1.4562 200 200 200
15.4334 3.0838 2.6325 200 200 200
14.9233 2.9108 2.8490 200 200 200
27.2916 -29.1563 -10.0002 200 200 200
-5.3421 -15.8817 -5.8912 200 200 200
9.3667 0.0239 -1.5223 200 200 200
22.9332 -10.4895 -5.4177 200 200 200
-0.0105 -27.1859 1.0458 200 200 200
16.5256 -12.3586 0.4327 200 200 200
14.9699 -13.3678 1.4466 200 200 200
-16.4532 -10.7152 -5.6705 200 200 200
-10.8751 -14.4655 -3.3823 200 200 200
-1.6068 -5.7642 -1.2459 200 200 200
17.2779 -11.1257 -0.6764 200 200 200
17.5404 -13.1292 1.5983 200 200 200
-1.4711 -25.9086 0.5738 200 200 200
15.1294 3.5716 3.3044 200 200 200
14.8599 3.2991 3.5526 200 200 200
-0.4038 -6.0457 -0.3493 200 200 200
3.1141 -1.1266 0.1547 200 200 200
3.0343 -1.2010 0.0602 200 200 200
15.4770 2.9578 4.0131 200 200 200
20.0885 -4.2801 -2.0900 200 200 200
17.8620 -11.2242 1.2452 200 200 200
14.7694 3.6369 3.4683 200 200 200
20.1370 -2.4525 -1.9542 200 200 200
10.2468 4.6327 3.8957 200 200 200
10.3930 5.2383 3.8243 200 200 200
10.3930 5.2383 3.8243 200 200 200
9.7324 -43.5272 -6.2599 200 200 200
13.1726 -9.4725 2.3850 200 200 200
16.3987 1.9195 4.0193 200 200 200
16.4313 2.6150 3.5298 200 200 200
16.3433 2.4086 3.6617 200 200 200
16.0376 -11.6119 3.1368 200 200 200
14.9408 -11.0098 1.7889 200 200 200
8.7490 4.9978 3.4850 200 200 200
3.7674 -1.6314 0.4542 200 200 200
15.6965 -9.9854 1.5296 200 200 200
10.1263 4.1475 3.5365 200 200 200
15.1879 3.4821 3.5126 200 200 200
17.4744 -11.4660 2.6723 200 200 200
15.0958 2.6929 4.2545 200 200 200
14.8648 3.7432 3.6147 200 200 200
14.6046 -12.2529 1.1704 200 200 200
15.3573 -5.2673 3.1570 200 200 200
8.3582 4.3703 3.7952 200 200 200
-0.2127 -23.2969 3.4032 200 200 200
-61.1139 -197.0643 -47.0268 200 200 200
21.7639 -3.0558 -1.3883 200 200 200
19.0896 -6.0574 -2.7059 200 200 200
10.4572 4.9132 3.2946 200 200 200
10.1638 4.4575 3.4152 200 200 200
15.9814 2.7382 3.6000 200 200 200
8.6540 1.2185 0.9467 200 200 200
17.5112 -11.3064 -0.2389 200 200 200
17.4437 -10.3270 -0.1654 200 200 200
16.3347 -13.2170 2.8921 200 200 200
14.3278 -12.3642 1.9794 200 200 200
15.7078 -11.3185 -0.5811 200 200 200
16.3403 -11.1691 0.1525 200 200 200
10.0924 5.0026 3.2976 200 200 200
10.4631 5.4152 3.0688 200 200 200
21.3362 -4.5235 -2.3923 200 200 200
9.5545 4.2979 3.3044 200 200 200
9.7530 4.3144 3.4142 200 200 200
7.9385 3.4294 -2.6119 200 200 200
10.2626 4.8141 2.7586 200 200 200
13.8989 1.3676 3.9438 200 200 200
16.0376 2.7952 3.4841 200 200 200
15.8720 -3.7173 -1.0926 200 200 200
15.7354 1.6886 4.0746 200 200 200
15.9139 1.0876 3.8341 200 200 200
-2.1746 -0.2773 -2.1493 200 200 200
19.8461 -4.1330 -2.3993 200 200 200
19.8502 -4.1121 -2.3686 200 200 200
16.9773 -11.0614 -0.8474 200 200 200
10.2963 4.9106 3.1420 200 200 200
9.1579 4.0594 2.9097 200 200 200
11.8265 -11.4857 1.7736 200 200 200
19.4443 -17.1684 -6.1523 200 200 200
0.0985 2.3627 -1.6690 200 200 200
16.4501 -15.7086 1.6325 200 200 200
15.3330 2.3618 4.1214 200 200 200
15.4415 2.3513 4.1269 200 200 200
16.5306 -11.8720 1.0963 200 200 200
15.8215 -13.5579 2.3781 200 200 200
19.8426 -4.1458 -2.4156 200 200 200
15.3188 3.1170 3.9772 200 200 200
17.4115 -11.1912 -0.6076 200 200 200
15.4633 -12.1563 1.0291 200 200 200
-4.6879 -8.7264 -3.7765 200 200 200
6.9309 3.5383 -3.4010 200 200 200
9.9291 4.6401 3.3472 200 200 200
-57.5258 -33.7028 -23.2842 200 200 200
17.0606 25.0168 1.1358 200 200 200
24.3138 34.0017 -0.7041 200 200 200
39.6432 13.4141 -0.0173 200 200 200
43.5935 52.6280 -9.1214 200 200 200
22.3289 28.5682 -0.8732 200 200 200
29.4141 37.3775 -2.4093 200 200 200
47.2136 39.1003 -7.0557 200 200 200
11.0518 15.9915 3.5096 200 200 200
8.3480 10.6644 4.8650 200 200 200
55.6510 56.2222 -16.4306 200 200 200
9.0575 11.4556 4.8023 200 200 200
14.9968 21.2540 0.6144 200 200 200
26.0475 13.3375 0.4486 200 200 200
14.5505 21.9114 2.3144 200 200 200
11.0190 15.0301 3.6774 200 200 200
15.3644 21.4160 0.4004 200 200 200
78.5730 40.1756 -22.0087 200 200 200
60.0597 29.0169 -10.4157 200 200 200
19.2844 28.0466 -2.1317 200 200 200
78.8380 43.6150 -16.6111 200 200 200
69.5593 33.5525 -18.1498 200 200 200
117.5649 68.7700 -28.5935 200 200 200
70.2691 31.5144 -10.9627 200 200 200
36.3572 10.9407 -4.8219 200 200 200
62.4084 30.1810 -19.4180 200 200 200
18.6847 -10.9216 1.3449 200 200 200
67.4142 36.5486 -11.0310 200 200 200
191.2542 112.8208 -52.3900 200 200 200
25.0299 33.7228 -6.5606 200 200 200
33.3829 3.7988 -0.3952 200 200 200
43.0602 17.7175 -10.2971 200 200 200
31.5768 33.4373 -6.2557 200 200 200
46.1613 38.8578 -11.7924 200 200 200
14.1029 -6.8064 8.2175 200 200 200
255.0279 165.5787 -67.6166 200 200 200
5.6216 -1.9325 11.0995 200 200 200
2.7597 -1.6264 11.9051 200 200 200
457.7139 278.5764 -125.0116 200 200 200
236.9177 120.2184 -71.8008 200 200 200
148.0212 71.2280 -42.8365 200 200 200
874.9780 574.2864 -245.7441 200 200 200
1738.9380 964.9941 -509.6697 200 200 200
5121.6341 2798.1424 -1579.5745 200 200 200
74.4299 -37.9750 -13.9442 200 200 200
2676.0521 1567.1361 -770.6713 200 200 200
91.8751 10.7669 -31.1016 200 200 200
291.4075 154.1829 -141.6293 200 200 200
114.4868 10.3563 -43.2099 200 200 200
113.5297 13.7885 -45.0375 200 200 200
86.4374 12.8097 -32.6412 200 200 200
398.2259 285.7744 -222.7372 200 200 200
184.2118 48.1480 -84.1631 200 200 200
180.0631 46.1140 -58.4957 200 200 200
17.7979 -4.2659 -9.8090 200 200 200
99.8971 1.5112 -32.1828 200 200 200
1905.6940 744.8495 -582.5539 200 200 200
8.6633 11.0651 1.2163 200 200 200
135.0591 5.9985 -40.7089 200 200 200
711.5799 219.3294 -351.7228 200 200 200
853.1966 345.3320 -308.6913 200 200 200
28.1519 -13.5413 -6.2051 200 200 200
21.2752 -19.3190 -13.1981 200 200 200
18.2967 -9.7277 -3.9827 200 200 200
25.0205 -12.7204 -6.0532 200 200 200
188.4023 135.1185 -102.0290 200 200 200
27.7283 -13.4000 -7.2224 200 200 200
9.0175 10.9574 1.3887 200 200 200
9.0089 10.5895 0.8579 200 200 200
151.5049 -1.9857 -46.3449 200 200 200
27.7906 -15.6691 -7.8424 200 200 200
2693.6162 1039.4164 -850.5655 200 200 200
434.3352 179.8896 -116.5205 200 200 200
21.2012 -16.6456 -12.7449 200 200 200
103.1836 -25.9439 -34.4402 200 200 200
26.9174 -13.0395 -7.3944 200 200 200
4390.8746 1129.7419 -2025.9809 200 200 200
28.2746 24.2981 -13.5529 200 200 200
15.3188 5.2367 7.1847 200 200 200
76.0896 -83.3980 -35.0063 200 200 200
138.1166 -91.9374 -52.2366 200 200 200
40.3518 -2.3884 -4.4301 200 200 200
153.0282 -89.3512 -47.7208 200 200 200
12.4095 9.7096 -0.5592 200 200 200
19.2882 9.4959 -2.4953 200 200 200
37.2959 10.5020 -9.9565 200 200 200
21.2311 8.7421 -2.0438 200 200 200
13.4722 -11.3252 -0.8744 200 200 200
45.4821 -4.6977 -6.6643 200 200 200
83.1554 -70.1221 -32.4488 200 200 200
148.4824 -76.7879 -36.6409 200 200 200
204.1511 32.4400 -43.0926 200 200 200
136.9549 -71.6178 -33.8597 200 200 200
16.7645 11.2157 -2.0312 200 200 200
10.8251 -21.2783 -13.3105 200 200 200
20.5030 10.0683 -3.4732 200 200 200
12.4958 9.6784 -0.8291 200 200 200
12.8061 9.6969 -1.4614 200 200 200
44.5389 0.7196 -5.3798 200 200 200
56.3212 11.9612 -9.6446 200 200 200
45.6016 -0.6113 -10.6328 200 200 200
46.4287 -4.2864 -6.0706 200 200 200
46.4287 -4.2864 -6.0706 200 200 200
12.1876 9.2012 -0.3837 200 200 200
17.0549 9.5928 -0.2750 200 200 200
45.5629 17.5797 -11.0371 200 200 200
40.5989 -1.4518 -5.6418 200 200 200
43.2294 -9.8255 -4.0792 200 200 200
24.0779 9.5374 -3.1280 200 200 200
17.6629 8.3429 -0.7725 200 200 200
32.9472 -7.9308 -0.7368 200 200 200
27.3974 9.3987 -2.9538 200 200 200
28.8052 7.1684 -2.9830 200 200 200
12.6108 9.1107 1.2623 200 200 200
36.1603 0.9471 -0.7464 200 200 200
42.1810 11.6580 -4.8205 200 200 200
6.9698 0.6702 1.6715 200 200 200
12.9979 11.1748 2.0760 200 200 200
12.4625 9.4422 1.7414 200 200 200
15.6856 8.3807 1.3267 200 200 200
11.8585 8.9548 1.8694 200 200 200
38.4307 -26.6650 -6.8248 200 200 200
20.2826 6.4967 4.5912 200 200 200
36.2512 -22.5038 -5.0964 200 200 200
17.5190 12.6662 4.9646 200 200 200
18.8174 2.4741 6.1677 200 200 200
19.9096 8.1179 5.8198 200 200 200
10.7056 8.9335 6.8861 200 200 200
18.7833 3.4651 5.9526 200 200 200
21.0989 6.2548 6.0399 200 200 200
15.4447 9.8535 4.2211 200 200 200
20.4886 6.4563 4.1957 200 200 200
12.7335 10.0851 6.1926 200 200 200
13.2226 9.7114 6.0795 200 200 200
10.3592 8.9117 6.6284 200 200 200
16.4199 10.8947 4.8542 200 200 200
20.4107 2.5640 5.5218 200 200 200
17.9146 9.1204 3.6652 200 200 200
19.9907 5.9322 5.4056 200 200 200
15.6981 9.0641 5.6771 200 200 200
9.9767 1.8335 7.3177 200 200 200
13.5953 9.6080 6.0626 200 200 200
19.8718 8.7665 5.1075 200 200 200
19.6776 7.8987 5.3033 200 200 200
11.9280 10.5837 6.1931 200 200 200
11.3433 10.2232 6.5581 200 200 200
17.8838 9.1821 4.2457 200 200 200
15.3246 9.8051 4.5469 200 200 200
31.8847 -3.9312 2.6649 200 200 200
14.6462 9.3098 6.1630 200 200 200
18.7001 3.6196 5.7465 200 200 200
18.4153 4.0594 5.9856 200 200 200
13.1226 9.8902 6.6214 200 200 200
17.2972 12.5844 5.0840 200 200 200
19.9588 9.4000 6.4060 200 200 200
20.2753 9.1096 6.4788 200 200 200
19.1459 9.3474 6.2519 200 200 200
17.1426 10.1411 4.9538 200 200 200
18.8086 8.9587 4.5359 200 200 200
18.8086 8.9587 4.5359 200 200 200
17.6682 9.3546 4.9835 200 200 200
15.3263 9.9498 5.1027 200 200 200
10.1302 3.3576 7.7461 200 200 200
10.7906 2.8037 7.3291 200 200 200
14.1841 9.5714 6.5406 200 200 200
9.9344 9.4372 7.2053 200 200 200
12.7611 10.4086 6.5375 200 200 200
10.6653 9.1628 5.1054 200 200 200
14.5334 9.9712 6.3897 200 200 200
19.0922 12.4483 4.9782 200 200 200
15.6438 11.5505 5.2862 200 200 200
18.0094 3.0469 6.0383 200 200 200
15.1916 9.7844 6.5794 200 200 200
12.2461 10.2957 6.8264 200 200 200
14.6185 9.7185 6.3793 200 200 200
12.0396 9.1359 6.7013 200 200 200
16.9965 9.1676 4.3228 200 200 200
11.7742 10.7738 6.9697 200 200 200
20.2734 8.5546 7.0745 200 200 200
9.8736 9.6413 7.3771 200 200 200
18.7154 8.2431 7.1361 200 200 200
12.2705 10.8373 5.9223 200 200 200
14.3302 8.3044 6.2894 200 200 200
17.9993 11.6958 4.9337 200 200 200
20.2711 9.0501 6.4055 200 200 200
18.5497 2.7798 6.6004 200 200 200
17.0418 10.7833 4.7081 200 200 200
19.6221 7.0395 7.0096 200 200 200
18.7535 6.8218 6.3453 200 200 200
11.9542 8.8434 6.5627 200 200 200
13.1337 8.3558 6.7935 200 200 200
11.8789 10.9622 5.9428 200 200 200
13.9014 10.1070 6.6531 200 200 200
12.0027 10.0862 6.5873 200 200 200
12.0027 10.0862 6.5873 200 200 200
11.7680 10.5769 6.7969 200 200 200
12.7528 10.2744 6.6238 200 200 200
19.4227 11.3517 4.3711 200 200 200
20.5664 8.9762 5.6620 200 200 200
20.0227 9.0783 6.1850 200 200 200
8.7064 10.2420 8.2492 200 200 200
15.8468 9.7916 4.7082 200 200 200
15.0271 9.0625 5.4974 200 200 200
19.0692 3.0227 5.2684 200 200 200
11.5634 10.4562 6.5726 200 200 200
20.1724 7.8387 5.4532 200 200 200
10.6370 10.8385 6.9194 200 200 200
8.5651 10.0396 7.8641 200 200 200
20.4729 8.1424 5.9212 200 200 200
21.3789 7.1096 1.8047 200 200 200
21.1853 5.0598 4.0895 200 200 200
23.1516 2.3887 3.5677 200 200 200
12.1240 10.0455 5.8977 200 200 200
7.6215 9.0263 5.6781 200 200 200
21.5200 5.0244 4.4717 200 200 200
10.5659 7.7132 4.3974 200 200 200
9.6132 7.5666 3.6302 200 200 200
9.6584 7.6412 3.7665 200 200 200
21.7485 8.0064 1.5678 200 200 200
22.6479 4.3572 4.0829 200 200 200
11.1088 9.8217 5.5361 200 200 200
21.7500 5.2843 3.2121 200 200 200
21.2864 4.7883 4.2530 200 200 200
12.6259 6.3880 3.0323 200 200 200
21.2005 4.8404 2.3001 200 200 200
14.3759 2.8376 7.5205 200 200 200
19.3280 6.4368 2.9490 200 200 200
33.6037 -14.6949 -8.0863 200 200 200
23.9509 -4.2233 2.3085 200 200 200
7.6806 9.5415 5.6031 200 200 200
13.6494 6.0820 3.0577 200 200 200
-0.8968 -1.2431 0.9952 200 200 200
17.6946 3.9121 1.6556 200 200 200
8.7157 7.4318 3.0939 200 200 200
13.7053 6.8594 4.5150 200 200 200
4.5755 8.0174 2.6258 200 200 200
20.4899 7.7664 5.0585 200 200 200
21.9598 3.7790 4.7800 200 200 200
7.4262 8.5797 6.1031 200 200 200
8.2991 11.0392 5.9128 200 200 200
20.3887 6.7596 3.6067 200 200 200
15.9126 6.1928 3.9888 200 200 200
10.2025 7.7269 4.0350 200 200 200
12.1898 8.6172 5.3213 200 200 200
13.1260 7.0935 3.4624 200 200 200
5.5701 10.1466 4.1429 200 200 200
1.2410 1.2831 2.4014 200 200 200
19.6153 8.5615 5.8633 200 200 200
17.1423 6.1879 3.2597 200 200 200
5.5338 10.2363 3.7798 200 200 200
19.8094 2.0257 4.5475 200 200 200
12.3596 10.1317 5.4167 200 200 200
13.1529 7.1767 4.4974 200 200 200
17.8575 8.0978 4.5055 200 200 200
4.5442 7.1573 6.4889 200 200 200
3.8555 5.7809 6.2897 200 200 200
19.7630 3.4240 6.0889 200 200 200
19.6179 3.1752 5.9621 200 200 200
9.7897 8.0429 4.2563 200 200 200
19.3511 3.5284 4.9018 200 200 200
13.5487 7.8067 3.6765 200 200 200
11.0940 -2.8725 4.8577 200 200 200
12.2481 10.1590 4.8416 200 200 200
17.5689 6.5659 3.5950 200 200 200
10.0793 -2.4917 5.0472 200 200 200
16.4926 8.9701 4.0548 200 200 200
16.9291 6.7531 4.3455 200 200 200
4.0589 6.8208 7.0702 200 200 200
5.0127 8.2587 3.8438 200 200 200
20.0975 3.1177 6.8230 200 200 200
12.3429 10.2402 4.0667 200 200 200
19.9948 1.6258 6.4471 200 200 200
19.7931 1.7684 6.4191 200 200 200
19.8598 1.2077 6.3395 200 200 200
8.5105 11.1372 3.7611 200 200 200
12.3537 10.3032 4.0024 200 200 200
20.4438 1.9375 6.7988 200 200 200
15.2073 9.2719 5.6379 200 200 200
19.3146 8.9185 6.4983 200 200 200
9.3024 10.8531 5.9193 200 200 200
19.3355 7.3977 6.6349 200 200 200
19.6912 3.9199 5.1225 200 200 200
16.3268 9.0116 4.5386 200 200 200
3.9110 7.2892 6.2651 200 200 200
19.9208 2.3995 6.9034 200 200 200
19.7611 2.2963 6.6576 200 200 200
16.3481 9.0157 4.8394 200 200 200
9.4656 10.7991 5.2051 200 200 200
12.2236 10.1585 4.4223 200 200 200
-0.1676 5.5805 6.3536 200 200 200
7.7827 12.7783 3.9459 200 200 200
4.6966 9.9152 4.1590 200 200 200
15.8524 6.8445 4.6804 200 200 200
20.6246 3.5814 5.4824 200 200 200
20.0485 3.7973 6.8763 200 200 200
20.1951 2.7639 6.6310 200 200 200
15.7280 9.0587 5.6286 200 200 200
19.2634 3.6974 5.6835 200 200 200
18.6173 2.8519 5.7421 200 200 200
17.8832 8.8389 6.0628 200 200 200
16.9107 6.8633 4.9766 200 200 200
8.0266 10.8223 3.8503 200 200 200
5.7876 10.9527 5.0332 200 200 200
-25.5193 -183.0517 -50.3448 200 200 200
2.6497 5.0039 6.3095 200 200 200
7.4178 -0.2626 7.1164 200 200 200
7.4178 -0.2626 7.1164 200 200 200
6.4182 12.7257 2.6876 200 200 200
2.2503 5.4712 5.1224 200 200 200
18.7087 3.4196 2.2190 200 200 200
18.6254 3.3603 2.2580 200 200 200
18.6539 3.4817 2.1174 200 200 200
7.6928 -5.6434 3.5067 200 200 200
-460.5387 -852.6628 -282.1493 200 200 200
-543.5418 -830.8354 -303.1609 200 200 200
19.4660 -0.5320 3.1173 200 200 200
-2.6476 6.3603 -4.3725 200 200 200
-0.5715 9.4767 -1.8937 200 200 200
-15.2632 -2.3944 -0.0119 200 200 200
-12.6772 0.9114 1.0444 200 200 200
11.8410 4.1324 0.2182 200 200 200
12.1417 7.7175 1.0887 200 200 200
20.0854 -1.4803 3.3034 200 200 200
-14.6008 11.2309 -9.5754 200 200 200
-8.2230 10.0579 -6.9915 200 200 200
19.6317 -1.1965 2.1517 200 200 200
-2.9227 9.2131 -3.2800 200 200 200
1.8431 -14.8747 -0.1537 200 200 200
-8.9577 4.0742 -2.8354 200 200 200
-4.7364 3.7659 -4.1743 200 200 200
5.1904 8.3629 -2.4527 200 200 200
-15.1722 -1.2083 -0.8529 200 200 200
21.9502 -2.2620 2.3960 200 200 200
21.2459 -1.5438 0.8016 200 200 200
5.0420 -16.5314 -2.2654 200 200 200
20.9798 -0.8572 0.0313 200 200 200
3.7580 -14.8248 -0.7993 200 200 200
4.7876 -16.7572 -2.8322 200 200 200
4.0815 6.7404 -1.9868 200 200 200
-9.4426 13.1539 -9.8748 200 200 200
-5.7878 -11.3575 1.3467 200 200 200
-5.5868 7.6028 -4.1236 200 200 200
21.3307 -2.3584 3.0139 200 200 200
20.8403 -1.9326 0.0710 200 200 200
20.7435 3.2056 3.3170 200 200 200
15.9873 -9.3275 -2.7088 200 200 200
20.2974 4.1497 2.8403 200 200 200
20.2974 4.1497 2.8403 200 200 200
16.0205 4.9386 -0.0029 200 200 200
17.0082 -2.0855 -3.9855 200 200 200
-16.9511 15.4422 -8.9816 200 200 200
22.0470 -2.2312 2.1120 200 200 200
15.9440 3.2912 -0.2091 200 200 200
21.0616 -0.9192 -0.2555 200 200 200
-19.4349 16.0356 -9.9590 200 200 200
19.5290 3.9373 2.9943 200 200 200
22.4079 -2.2883 1.2219 200 200 200
20.2858 -1.7029 1.8324 200 200 200
19.5800 4.9005 2.7088 200 200 200
19.3651 4.3376 2.9835 200 200 200
16.1852 -0.5537 -0.2276 200 200 200
20.9449 -4.9624 2.2935 200 200 200
9.3739 6.9213 -2.4991 200 200 200
11.1669 6.0087 -1.9166 200 200 200
20.5247 -2.0006 2.3870 200 200 200
20.1542 -1.5029 0.1427 200 200 200
-1607.1454 -2885.8060 -983.7498 200 200 200
15.8087 -5.4829 -1.2185 200 200 200
17.7589 -2.2062 -3.7265 200 200 200
20.1206 3.4569 2.4767 200 200 200
-13.8891 3.4009 -5.0078 200 200 200
20.1281 4.1148 2.8428 200 200 200
16.1606 -0.6094 0.5569 200 200 200
-13.4111 5.0599 -11.4403 200 200 200
2.5873 -15.3121 -3.1962 200 200 200
2.1623 -14.9316 -0.7967 200 200 200
19.4177 4.6564 2.3283 200 200 200
22.4262 -2.0389 0.9226 200 200 200
4.8268 -18.1830 -5.5862 200 200 200
4.9422 -14.0597 -1.3548 200 200 200
11.4055 11.3997 -4.9554 200 200 200
22.3532 -4.5045 0.8058 200 200 200
22.0902 -3.1408 1.7754 200 200 200
20.0254 -2.2807 2.1013 200 200 200
19.5912 -2.1784 1.5769 200 200 200
9.8569 8.4024 -6.3278 200 200 200
17.9162 -1.3297 -4.0331 200 200 200
18.8964 5.8209 2.1979 200 200 200
21.0133 -5.0943 2.2045 200 200 200
20.9777 3.1275 2.5019 200 200 200
18.5725 5.5560 1.9824 200 200 200
-35.4384 -9.6924 -7.2498 200 200 200
-30.1916 -8.1173 -5.0477 200 200 200
8.1421 4.3993 -3.5206 200 200 200
18.1074 -1.3887 -4.8608 200 200 200
21.6206 -2.8009 1.9431 200 200 200
1.7668 -16.6703 -0.9286 200 200 200
5.3396 -14.6183 -3.0213 200 200 200
20.9735 3.4387 2.4439 200 200 200
19.3063 3.1043 1.8971 200 200 200
-31.6678 -5.9282 -4.9211 200 200 200
20.9906 2.9760 2.3430 200 200 200
20.7236 2.9296 2.2982 200 200 200
18.6432 4.4453 1.8674 200 200 200
3.6435 -9.7726 -1.2494 200 200 200
22.3325 -3.9081 1.0466 200 200 200
17.7726 0.2531 -5.5396 200 200 200
-31.4773 -10.4766 -5.4986 200 200 200
21.0919 3.4775 2.3700 200 200 200
12.4392 -16.6675 -7.9495 200 200 200
13.2397 -17.0380 -7.6961 200 200 200
18.5221 5.1659 1.5562 200 200 200
20.4476 4.4654 2.4342 200 200 200
17.4030 0.1261 -6.0452 200 200 200
-26.3163 27.4533 -19.8343 200 200 200
22.1362 -2.5908 2.0111 200 200 200
7.6302 7.8337 -4.0009 200 200 200
-26.5461 -29.2811 -12.3788 200 200 200
20.1700 5.7193 2.3574 200 200 200
14.5797 3.7043 -2.3702 200 200 200
9.2488 5.6183 -3.6889 200 200 200
19.9631 4.7520 2.0648 200 200 200
18.7663 4.1003 1.7498 200 200 200
20.5500 4.3700 1.7480 200 200 200
20.9124 3.8051 1.9929 200 200 200
20.9750 3.7691 2.0975 200 200 200
-38.8234 -6.9020 -9.2380 200 200 200
14.4378 2.1999 -2.9317 200 200 200
-50.8399 45.8943 -31.8270 200 200 200
13.1050 15.3324 -6.2486 200 200 200
22.1904 -3.3151 0.5427 200 200 200
21.2827 -3.2876 2.1779 200 200 200
-33.5596 19.5406 -24.0114 200 200 200
2.2473 -15.4066 -0.0522 200 200 200
7.1251 7.4118 -3.9261 200 200 200
5.9950 -16.2997 -3.2739 200 200 200
7.5805 7.7546 -8.9810 200 200 200
20.2629 4.6902 1.8050 200 200 200
20.3338 4.0647 1.5486 200 200 200
19.5933 3.2377 1.8112 200 200 200
20.5174 3.0512 1.5945 200 200 200
-38.3445 -5.8020 -8.7748 200 200 200
14.1049 -0.8961 -4.7701 200 200 200
22.0113 -4.0513 0.6185 200 200 200
21.1953 -3.5069 2.0894 200 200 200
20.1034 6.2119 1.4588 200 200 200
2.1640 -14.8093 -4.9750 200 200 200
21.1677 -2.6558 1.0176 200 200 200
17.6681 -13.0285 -6.6542 200 200 200
21.7150 -5.1189 0.9275 200 200 200
19.8927 2.7327 -0.0743 200 200 200
20.0575 -4.5012 1.7709 200 200 200
21.8776 -2.3954 0.7104 200 200 200
21.9511 -2.9252 0.7817 200 200 200
18.5797 5.5736 0.5948 200 200 200
19.6449 7.8130 0.4326 200 200 200
-49.5653 -71.0109 -33.2955 200 200 200
17.7941 4.0423 0.3667 200 200 200
21.5227 -4.4741 1.2081 200 200 200
20.4163 -4.8689 1.5150 200 200 200
18.7069 4.4066 0.8442 200 200 200
-0.0712 -15.7016 -5.2417 200 200 200
18.1701 4.2972 0.6814 200 200 200
2.9177 -18.7363 -5.2398 200 200 200
7.6191 -17.3981 -11.6895 200 200 200
4.1620 -16.2529 -3.2559 200 200 200
13.6304 2.5113 -3.3511 200 200 200
1.2389 -14.3303 -2.7628 200 200 200
20.1558 -3.9566 2.3242 200 200 200
-3.9629 9.9672 -9.5671 200 200 200
20.8941 6.3871 0.7013 200 200 200
20.8283 5.8857 0.8451 200 200 200
20.4610 4.7289 1.2107 200 200 200
20.2421 3.1306 0.5021 200 200 200
20.7759 6.9485 0.5205 200 200 200
16.4139 1.2893 -8.3328 200 200 200
-24.8262 -47.8970 -28.2281 200 200 200
21.0443 5.3903 0.3139 200 200 200
20.9598 4.3224 0.6033 200 200 200
21.3225 3.8006 0.3957 200 200 200
19.1049 3.2244 0.6997 200 200 200
-37.1863 -8.6418 -7.0899 200 200 200
-10.2296 -33.9268 -20.2138 200 200 200
10.1690 -21.9887 -12.3484 200 200 200
21.0604 5.3867 0.4701 200 200 200
17.0525 6.6147 -0.1020 200 200 200
21.2731 4.4053 0.4133 200 200 200
8.9153 8.5414 -5.8909 200 200 200
2.0944 -17.3694 -3.1729 200 200 200
20.9695 3.3445 0.5654 200 200 200
-0.5293 -17.8154 -1.9240 200 200 200
2.7739 -15.4228 -1.6220 200 200 200
-0.9833 -14.3975 -4.2834 200 200 200
21.1223 -4.7725 0.8941 200 200 200
19.9172 6.9673 0.7148 200 200 200
20.1734 7.8677 0.2588 200 200 200
-55.6103 65.3292 -27.6739 200 200 200
-7.7746 10.4904 -10.7794 200 200 200
20.4356 7.0316 0.3225 200 200 200
21.7355 5.0348 0.6712 200 200 200
22.0815 4.3072 0.8216 200 200 200
21.7162 -2.6293 1.3821 200 200 200
4.8691 -18.5248 -2.0823 200 200 200
21.2291 -3.3320 2.0493 200 200 200
21.2098 -3.5081 2.0762 200 200 200
7.5636 -15.1917 -4.2639 200 200 200
20.6918 -4.1272 2.0188 200 200 200
21.6163 -4.4777 1.3470 200 200 200
-4.8088 9.9787 -9.6923 200 200 200
19.6797 6.4736 1.2200 200 200 200
21.9281 6.1024 0.1515 200 200 200
21.2829 6.3609 0.4839 200 200 200
21.3464 6.3737 0.8839 200 200 200
19.9380 4.4387 1.5152 200 200 200
21.9242 2.8548 0.3474 200 200 200
6.3498 -18.8175 -3.3617 200 200 200
8.3442 -15.7865 -2.7622 200 200 200
20.3684 -4.5591 2.1682 200 200 200
22.0405 -4.2080 1.1975 200 200 200
-96.2332 109.2994 -47.3743 200 200 200
22.2024 -3.4646 1.5440 200 200 200
2.4178 -18.1281 -1.8540 200 200 200
-194.3704 194.8371 -102.8916 200 200 200
21.8835 5.0505 0.8094 200 200 200
5.6212 -19.1572 -2.4098 200 200 200
16.7125 6.8331 0.2378 200 200 200
-19.2682 -30.5433 -11.3935 200 200 200
19.8768 2.8823 1.4130 200 200 200
20.5501 -4.5976 2.5916 200 200 200
-51.1722 66.6206 -33.9377 200 200 200
13.7054 6.3257 -2.8313 200 200 200
8.3896 -14.8939 0.9873 200 200 200
18.2437 4.0108 1.0991 200 200 200
21.0746 6.2461 1.4037 200 200 200
22.6043 -5.5511 1.2823 200 200 200
6.9578 -16.8602 0.6407 200 200 200
20.4544 4.1267 2.1659 200 200 200
22.6107 -5.6235 2.4708 200 200 200
21.8414 -6.1362 1.7734 200 200 200
19.6711 1.8275 1.5440 200 200 200
16.1589 -1.9902 -0.4843 200 200 200
-42.7745 39.0118 -23.1227 200 200 200
10.1755 -14.6837 0.3533 200 200 200
-22.5968 -10.3014 -1.8538 200 200 200
-45.8524 90.5531 -35.5124 200 200 200
9.6369 5.7765 -2.4481 200 200 200
9.6369 5.7765 -2.4481 200 200 200
13.5433 19.1114 -5.6519 200 200 200
12.6724 -12.7967 2.1728 200 200 200
-39.7542 60.4633 -24.4658 200 200 200
21.0198 -0.6199 3.5364 200 200 200
-24.1607 58.0594 -19.6101 200 200 200
20.3226 2.1982 3.4846 200 200 200
11.9111 -14.4909 4.1930 200 200 200
14.1229 -13.5949 4.4353 200 200 200
17.1655 -9.3030 4.3908 200 200 200
22.7409 -5.2348 4.9796 200 200 200
-11.4732 52.7915 -13.9203 200 200 200
-12.4655 56.3997 -14.4189 200 200 200
14.6890 -12.7559 4.2252 200 200 200
23.4070 -5.7586 4.5396 200 200 200
23.0873 0.5756 3.4905 200 200 200
14.3513 -12.7819 4.2979 200 200 200
13.8738 22.0870 -5.5794 200 200 200
21.5757 0.7215 4.1856 200 200 200
23.0038 1.0382 3.3273 200 200 200
17.8363 -9.2465 0.3190 200 200 200
22.9546 -6.7772 4.7826 200 200 200
23.3159 -6.9043 4.5911 200 200 200
23.3928 -6.7362 4.3380 200 200 200
19.6274 -7.4956 0.9393 200 200 200
13.3957 -14.8983 4.4170 200 200 200
15.1905 -14.4187 3.1359 200 200 200
15.4269 -14.0910 3.7171 200 200 200
13.3122 -12.9976 5.4598 200 200 200
20.6929 -0.2100 3.9463 200 200 200
22.9760 0.3594 2.1786 200 200 200
-20.0357 27.5119 -14.0705 200 200 200
22.9109 -5.4980 5.1898 200 200 200
23.5137 -6.5940 4.1849 200 200 200
19.7127 -11.5304 0.7792 200 200 200
15.0885 -14.2932 4.0811 200 200 200
16.7104 -10.6716 2.0863 200 200 200
23.2297 -6.8107 5.0375 200 200 200
15.0652 -15.5395 3.6299 200 200 200
14.8095 -15.3121 3.1921 200 200 200
15.6689 -14.4547 4.2860 200 200 200
3.8017 46.5087 -15.5057 200 200 200
14.7648 -15.1989 3.9965 200 200 200
-1.1068 58.2159 -16.8766 200 200 200
22.2984 -7.0167 4.9082 200 200 200
18.1484 -10.3806 2.7290 200 200 200
23.3402 -6.1596 4.9319 200 200 200
23.8446 -6.5143 3.3196 200 200 200
22.7084 -6.7284 5.5681 200 200 200
15.4499 -12.8765 4.2129 200 200 200
25.2829 -4.5748 1.3698 200 200 200
22.2406 -7.1861 2.4748 200 200 200
23.6326 -6.8459 4.0895 200 200 200
21.6738 -6.9751 4.0310 200 200 200
-1.1470 -11.8589 2.2057 200 200 200
15.2866 -14.7963 5.3919 200 200 200
16.2624 -13.4781 3.5481 200 200 200
16.0797 -13.5217 3.7078 200 200 200
21.6896 -7.0859 4.7399 200 200 200
15.7037 -14.0940 5.1697 200 200 200
15.3796 -13.8580 5.6461 200 200 200
22.9752 -7.1725 5.4146 200 200 200
22.5017 -7.3936 3.2628 200 200 200
15.4277 -13.5767 5.5421 200 200 200
24.6641 -4.9430 1.5110 200 200 200
21.7306 -0.3189 4.2465 200 200 200
15.3444 -11.8620 0.5096 200 200 200
19.1083 -11.8477 1.2897 200 200 200
21.6381 -6.8705 3.7084 200 200 200
8.9993 -16.3387 2.2730 200 200 200
17.3500 24.4316 -3.1161 200 200 200
14.3056 -14.5402 5.7742 200 200 200
15.8016 -15.6068 3.8781 200 200 200
13.9739 -13.9157 6.0604 200 200 200
15.8394 -14.9706 4.1550 200 200 200
16.0601 -14.4281 4.9925 200 200 200
12.8407 34.0495 -9.6067 200 200 200
-34.5002 55.6658 -20.9918 200 200 200
20.9091 -12.4217 2.0140 200 200 200
25.2791 -6.8935 2.2799 200 200 200
12.3403 36.3620 -2.9502 200 200 200
22.2573 -7.7947 3.3052 200 200 200
22.9999 -5.7893 5.7064 200 200 200
1.4377 -11.8073 5.3254 200 200 200
-0.2947 -10.8243 5.4691 200 200 200
24.9342 -8.2162 2.3458 200 200 200
15.9128 -15.3664 4.4430 200 200 200
-287.1440 95.1930 -76.7142 200 200 200
23.0246 -7.2512 5.4173 200 200 200
15.8151 -14.0746 5.6896 200 200 200
18.0058 -10.7875 4.3575 200 200 200
18.7106 21.7688 -1.3692 200 200 200
20.0060 -12.9626 2.0435 200 200 200
8.7024 -18.6841 3.4727 200 200 200
17.7871 23.5417 0.4659 200 200 200
22.9188 -6.0410 5.6378 200 200 200
-0.4992 -11.6790 3.8002 200 200 200
21.7028 -0.7348 4.3618 200 200 200
16.3506 -7.3906 6.9285 200 200 200
-15.1220 43.0339 -16.2823 200 200 200
20.1976 -1.0955 3.2835 200 200 200
15.8988 -13.2317 5.3425 200 200 200
-32.3327 68.0044 -22.4031 200 200 200
1.9064 -10.8763 5.4200 200 200 200
20.7043 0.1787 4.0999 200 200 200
1.3195 -14.6857 0.0948 200 200 200
-13.5810 107.4250 -30.7967 200 200 200
16.2740 -14.6904 4.4088 200 200 200
14.2157 -18.2672 2.0777 200 200 200
23.1324 1.2916 3.5015 200 200 200
14.7263 -15.1008 5.8064 200 200 200
17.4152 24.7358 0.0874 200 200 200
-832.6733 320.8858 -230.6894 200 200 200
15.0999 -13.4974 6.1024 200 200 200
15.4786 -15.4237 5.6612 200 200 200
21.9080 0.9601 4.0263 200 200 200
15.8464 -12.8137 5.1488 200 200 200
15.6851 -14.1172 5.9802 200 200 200
16.9033 33.9193 -6.7253 200 200 200
14.8976 -16.0377 4.5946 200 200 200
21.8934 1.4782 3.4704 200 200 200
23.4041 -6.6098 3.5557 200 200 200
21.9877 5.6706 2.2868 200 200 200
22.1450 -5.4902 1.4752 200 200 200
-1.2427 -13.1395 -1.4027 200 200 200
11.5081 -8.8039 1.7506 200 200 200
-22.8957 1.3635 -6.3030 200 200 200
-18.7856 0.4163 -3.0051 200 200 200
-19.8413 2.6115 -4.0998 200 200 200
14.6543 -9.6419 -3.3633 200 200 200
-6.2524 -16.4381 -9.8620 200 200 200
-6.0956 -16.3323 -9.7342 200 200 200
0.0140 -17.8130 -5.3510 200 200 200
-0.4621 -16.5326 -4.9660 200 200 200
-47.9221 15.2895 -22.9886 200 200 200
-47.2199 14.8866 -22.5955 200 200 200
59.1401 140.8047 -63.4556 200 200 200
-19.8951 -3.1203 -21.3581 200 200 200
12.2539 -2.0813 -4.2976 200 200 200
11.1127 -7.8885 -3.6845 200 200 200
9.7145 -7.5092 -3.7534 200 200 200
14.4536 -5.2821 -4.9437 200 200 200
-2.0690 -6.4063 -16.0747 200 200 200
-52.1695 17.0147 -30.6512 200 200 200
-43.3480 24.4604 -17.7501 200 200 200
-19.4663 -1.3431 -14.4109 200 200 200
8.7788 -5.8860 -8.2262 200 200 200
11.0674 15.4386 -28.3724 200 200 200
-762.3157 618.4492 -736.8970 200 200 200
-57.0088 2.7592 -57.7516 200 200 200
-41.1569 -5.3318 -49.5908 200 200 200
-37.5311 -6.3977 -48.2089 200 200 200
-40.7841 1.5783 -41.7893 200 200 200
-401.0999 271.6684 -191.7774 200 200 200
-1.8613 40.6931 -40.2659 200 200 200
9.6720 20.5246 -39.7041 200 200 200
5.9101 6.6963 -22.9426 200 200 200
