ply
format ascii 1.0
element vertex 4402
property float x
property float y
property float z
property uchar red
property uchar green
property uchar blue
property float opacity
property float scale_0
property float scale_1
property float scale_2
property float rot_0
property float rot_1
property float rot_2
property float rot_3
end_header
15.3403 -12.2328 2.6075 84 110 37 0.4481 0.1996 0.2022 0.2000 0.9970 0.0286 -0.0694 -0.0206
1.0626 -26.5742 1.0226 112 141 91 0.4266 0.1967 0.1969 0.1968 0.9996 -0.0280 -0.0070 -0.0080
16.2804 -11.6918 1.3300 55 62 46 0.4451 0.1908 0.1929 0.1954 0.9976 0.0366 0.0577 -0.0140
12.2554 7.6005 6.2541 192 224 215 0.5486 0.2159 0.2209 0.2128 0.9975 -0.0658 0.0162 -0.0180
4.8664 -16.0405 -3.6135 158 196 111 0.4613 0.2143 0.2064 0.2094 0.9977 -0.0104 0.0196 0.0647
19.7803 -7.1155 -7.3562 158 167 135 0.4520 0.2122 0.2210 0.2172 0.9973 0.0144 0.0359 -0.0627
4.6620 -15.2870 -2.7083 98 101 85 0.3992 0.1944 0.1861 0.1871 0.9931 -0.0593 -0.0722 -0.0714
3.0880 -14.6804 -1.2155 54 68 50 0.4431 0.1931 0.1843 0.1941 0.9914 0.0985 -0.0445 -0.0741
20.9552 -3.6718 -4.5576 73 79 64 0.4130 0.1960 0.2002 0.2002 0.9995 -0.0022 0.0177 -0.0269
19.9437 -4.0413 -5.6049 116 120 100 0.4260 0.1986 0.1966 0.2079 0.9918 -0.1069 0.0699 -0.0038
11.9731 -0.9717 1.4278 255 255 255 0.5900 0.2484 0.2482 0.2529 0.9785 0.0226 0.1375 -0.1518
16.1340 -11.5870 1.3130 49 61 40 0.4364 0.1937 0.1941 0.1936 0.9993 0.0333 0.0138 -0.0091
33.3434 -29.5320 -6.6650 90 118 69 0.4118 0.2015 0.2064 0.2092 0.9981 0.0134 0.0590 -0.0097
-30.1085 -9.9622 -5.9550 169 198 118 0.4676 0.2002 0.2100 0.1979 0.9969 0.0601 0.0039 0.0516
4.9065 -14.9706 -1.2683 44 46 43 0.4201 0.1955 0.1942 0.2002 0.9930 0.0930 0.0546 0.0485
22.0396 -2.4351 1.1677 78 82 61 0.4271 0.1831 0.1936 0.1910 0.9990 0.0234 -0.0089 0.0361
-37.5142 -7.3967 -6.7057 196 201 170 0.4903 0.2006 0.2057 0.2046 0.9982 0.0219 -0.0139 0.0542
-2.0127 -7.9879 2.4895 75 71 54 0.3949 0.1878 0.1877 0.1825 0.9966 0.0286 -0.0635 -0.0439
20.1796 -6.2760 -8.0302 138 146 127 0.4521 0.2088 0.2069 0.2073 0.9988 -0.0112 -0.0465 0.0144
14.0516 -13.1350 3.1087 118 138 57 0.4708 0.2103 0.2059 0.2112 0.9963 0.0861 -0.0036 0.0026
-1.0306 -23.4736 1.8185 62 76 45 0.4070 0.1888 0.1922 0.1972 0.9985 -0.0282 0.0020 -0.0465
-1.1849 -23.9624 1.4114 80 87 62 0.4006 0.1853 0.1922 0.1892 0.9978 0.0031 0.0418 -0.0507
-1.3425 -24.2025 1.4515 60 69 49 0.3961 0.1856 0.1914 0.1930 0.9981 -0.0246 0.0274 -0.0497
17.4237 -12.5174 1.7365 127 140 95 0.4280 0.2032 0.2013 0.2050 0.9963 -0.0125 -0.0823 0.0192
16.7287 -11.9350 0.8809 106 105 91 0.4064 0.1935 0.1922 0.1849 0.9953 0.0645 0.0610 -0.0398
14.2231 -1.9220 0.3973 235 255 255 0.6134 0.2522 0.2435 0.2508 0.9952 -0.0026 0.0659 -0.0725
36.6559 -10.0891 -0.0010 90 115 62 0.4106 0.2075 0.1986 0.2015 0.9957 0.0296 0.0387 0.0792
8.5000 7.8261 4.7080 161 175 125 0.4884 0.2113 0.2196 0.2185 0.9976 -0.0202 -0.0427 -0.0508
5.1047 -16.6597 -3.5916 96 142 66 0.4029 0.2091 0.1917 0.1937 0.9986 -0.0141 -0.0406 -0.0306
1.8668 -14.9397 -1.4681 131 147 106 0.4374 0.2050 0.1969 0.2085 0.9964 0.0622 -0.0511 -0.0268
-1.2613 -6.5706 1.5377 99 83 70 0.4232 0.1946 0.1991 0.1994 0.9845 0.0938 0.1398 -0.0492
13.5569 3.9288 4.4144 85 94 90 0.5132 0.2050 0.2046 0.2071 0.9959 0.0343 -0.0733 -0.0396
13.8362 3.6283 4.9805 101 99 81 0.5589 0.2138 0.2138 0.2156 0.9987 0.0365 0.0211 -0.0280
15.5703 -12.3301 2.9417 90 100 46 0.4351 0.1953 0.1995 0.1912 0.9968 0.0695 0.0370 -0.0108
1.4051 -27.2419 1.2063 84 99 86 0.4100 0.2000 0.1986 0.2052 0.9994 -0.0010 -0.0172 0.0295
15.7202 -14.4148 3.2443 80 96 29 0.4303 0.1959 0.1986 0.1969 0.9940 -0.1063 -0.0253 0.0095
15.7599 -11.4917 1.4557 78 92 50 0.4295 0.1958 0.1939 0.1970 0.9989 0.0473 -0.0002 -0.0006
7.8656 1.3306 -0.1675 255 255 255 0.6096 0.2477 0.2482 0.2534 0.9957 0.0079 0.0598 -0.0710
10.5896 0.2777 2.1654 229 255 255 0.5908 0.2451 0.2435 0.2520 0.9868 -0.0111 0.1025 -0.1253
16.7953 -11.8324 0.8300 111 117 87 0.4365 0.1973 0.1964 0.1924 0.9992 0.0228 0.0162 -0.0285
20.4505 -7.5089 -3.0916 60 61 70 0.3986 0.1948 0.1971 0.1991 0.9950 -0.0403 0.0100 -0.0907
19.9262 -7.8644 -3.3675 82 88 90 0.4207 0.2019 0.1990 0.2014 0.9930 -0.0577 -0.0492 0.0901
5.1149 -13.9095 -1.9753 69 71 79 0.3868 0.1990 0.1961 0.1992 0.9961 -0.0268 -0.0769 0.0335
1.8520 -16.7903 -0.1034 181 196 144 0.4913 0.2156 0.2143 0.2160 0.9997 -0.0174 -0.0106 -0.0094
21.9003 -3.3501 1.4934 39 50 33 0.4167 0.1824 0.1862 0.1945 0.9996 -0.0115 0.0100 -0.0243
15.4161 -12.4500 6.1482 83 102 92 0.5165 0.2223 0.2209 0.2123 0.9944 0.0761 0.0693 -0.0242
22.1065 -7.0772 5.0447 63 78 41 0.3963 0.1898 0.1991 0.1865 0.9997 -0.0015 0.0234 0.0032
11.5791 -11.1857 -9.4105 233 244 214 0.5262 0.2347 0.2401 0.2378 0.9783 -0.0872 -0.1877 -0.0121
0.8239 -8.4696 -3.8803 255 255 255 0.5520 0.2206 0.2279 0.2312 0.9927 0.0575 -0.0807 -0.0689
20.9639 -5.4351 -3.3406 62 70 54 0.4153 0.1876 0.1979 0.1950 0.9999 0.0026 0.0155 0.0030
2.4373 -10.2552 -5.1332 255 255 255 0.5350 0.2187 0.2214 0.2339 0.9641 0.1156 -0.2385 0.0188
3.8634 -9.4632 -4.4916 255 255 255 0.6241 0.2437 0.2500 0.2469 0.9811 -0.0114 -0.1785 -0.0743
-1.6200 -8.1699 2.6117 72 78 63 0.4191 0.2001 0.1896 0.1841 0.9936 0.0295 -0.1089 -0.0071
21.9486 -6.8630 -3.1761 107 122 96 0.4221 0.2055 0.2060 0.2061 0.9964 -0.0063 0.0817 0.0214
13.6374 5.8870 2.3678 155 173 152 0.4918 0.2132 0.2048 0.2164 0.9971 -0.0570 0.0298 0.0405
18.6280 0.6816 0.2528 129 134 143 0.4606 0.2144 0.2061 0.2187 0.9939 -0.0802 -0.0047 -0.0750
4.8454 0.1373 -3.0680 255 255 255 0.5867 0.2361 0.2417 0.2384 0.9864 -0.0765 -0.0930 -0.1116
4.8138 -5.5192 1.6072 255 255 255 0.5765 0.2300 0.2413 0.2384 0.9940 -0.0695 -0.0064 -0.0846
5.7647 -5.6188 -0.0161 223 255 255 0.5961 0.2337 0.2548 0.2477 0.9713 0.0623 0.1127 -0.2001
1.6966 -8.5549 1.5116 230 234 253 0.6157 0.2461 0.2455 0.2446 0.9947 0.0101 -0.0352 -0.0959
0.1024 -25.2227 1.2910 70 89 53 0.4002 0.1873 0.1962 0.1904 0.9984 0.0427 -0.0174 -0.0334
16.3372 -11.7456 1.1780 71 77 69 0.4001 0.1895 0.1885 0.1902 0.9996 0.0093 0.0245 -0.0141
9.3201 0.6864 -1.2229 255 255 255 0.5848 0.2386 0.2368 0.2421 0.9908 -0.0745 -0.0261 -0.1102
-10.3284 -12.7551 -2.8639 184 223 168 0.4916 0.2106 0.2181 0.2210 0.9941 0.0485 -0.0952 0.0194
-2.1983 -25.9761 2.4183 113 135 72 0.4174 0.1973 0.1997 0.1973 0.9990 0.0056 0.0386 0.0229
15.2179 -12.6878 3.2285 108 123 56 0.4496 0.2025 0.2033 0.1908 0.9868 0.0257 0.1589 0.0177
-1.9077 -28.1994 0.2553 73 89 60 0.3972 0.1927 0.1894 0.1900 0.9976 -0.0540 -0.0022 0.0441
16.2484 -13.2426 2.4229 42 51 15 0.4423 0.1960 0.1996 0.1959 0.9959 0.0794 0.0436 -0.0003
36.0212 -6.9331 0.1328 79 105 37 0.4025 0.1977 0.2002 0.1968 0.9966 0.0752 0.0125 -0.0300
12.0067 9.4061 5.2195 177 255 255 0.5288 0.2155 0.2146 0.2100 0.9798 0.0728 -0.1861 0.0089
8.6188 -2.9551 4.1695 180 202 217 0.5466 0.2278 0.2326 0.2360 0.9938 -0.0119 0.0397 -0.1034
3.9722 -16.5665 -3.9479 109 116 107 0.4225 0.2073 0.1860 0.2067 0.9912 0.1237 -0.0365 -0.0298
5.0154 -14.4500 -3.6229 136 148 112 0.4255 0.2008 0.2070 0.2150 0.9795 0.1277 0.1466 -0.0519
14.4259 0.5081 -3.7649 181 179 175 0.4910 0.2296 0.2283 0.2332 0.9918 -0.1157 0.0364 -0.0390
1.5179 -14.2528 -3.3235 81 79 64 0.4145 0.1971 0.1867 0.1936 0.9895 0.0368 -0.0630 -0.1251
2.8458 -15.7327 -1.0717 143 159 107 0.4701 0.2054 0.1950 0.2072 0.9941 0.0686 -0.0202 -0.0815
11.2763 -16.9010 -8.3318 174 206 154 0.4779 0.2268 0.2183 0.2318 0.9736 0.2229 -0.0046 0.0482
-34.2924 -7.4169 -6.8610 152 194 117 0.4542 0.2046 0.2068 0.2039 0.9999 -0.0097 0.0050 0.0052
22.2299 -3.5704 0.5552 144 134 82 0.4100 0.1879 0.1920 0.1866 0.9974 -0.0503 0.0218 -0.0466
5.2006 -14.7973 -2.5785 68 76 66 0.4012 0.1884 0.1822 0.1965 0.9838 0.1531 0.0932 -0.0102
3.7972 -15.1937 -0.5485 51 63 44 0.4219 0.1974 0.1931 0.1971 0.9940 0.0845 -0.0615 -0.0322
19.9767 6.5886 1.5943 160 168 132 0.4754 0.2032 0.2039 0.2009 0.9961 0.0212 0.0003 -0.0857
7.1929 28.9335 -9.9594 141 156 199 0.4657 0.2107 0.2019 0.2039 0.9959 0.0067 -0.0116 0.0891
20.7603 0.7002 3.8241 114 130 100 0.4564 0.1970 0.2068 0.2053 0.9980 0.0125 -0.0254 0.0561
22.6454 -5.9737 5.6392 107 109 88 0.4473 0.1927 0.1955 0.1891 0.9982 0.0148 -0.0046 0.0578
23.6064 -7.2106 4.8646 80 104 47 0.4048 0.1919 0.1950 0.1951 0.9979 0.0574 0.0097 0.0267
22.1478 -7.0174 5.2854 68 77 45 0.3823 0.1841 0.1967 0.1880 0.9987 -0.0469 -0.0136 -0.0135
16.5763 -14.9191 5.7229 113 131 87 0.3848 0.2131 0.1890 0.1937 0.9986 0.0386 0.0156 -0.0326
0.9457 -8.9633 4.2646 159 181 149 0.5219 0.2244 0.2274 0.2182 0.9835 -0.1167 -0.1237 0.0612
13.9802 0.1118 -8.6832 253 244 233 0.5383 0.2288 0.2259 0.2356 0.9893 -0.1031 0.0938 -0.0441
11.8364 -6.5951 -5.9371 238 255 255 0.5361 0.2246 0.2199 0.2280 0.9977 0.0238 -0.0192 -0.0605
11.3876 5.1987 -9.8469 255 255 255 0.5576 0.2299 0.2260 0.2382 0.9823 -0.1582 0.0951 -0.0333
-9.0270 9.6223 -1.2896 213 253 163 0.5111 0.2236 0.2102 0.2198 0.9843 -0.1027 0.0663 0.1271
-0.9176 -6.7432 2.5915 111 101 83 0.4507 0.1994 0.2010 0.1932 0.9978 -0.0496 -0.0435 -0.0049
-2.2334 -7.7049 2.2097 42 85 3 0.3866 0.1872 0.1882 0.1818 0.9973 0.0525 -0.0374 -0.0341
20.7392 -1.9207 -7.3992 127 132 114 0.4337 0.2011 0.2061 0.2079 0.9977 0.0172 0.0663 0.0014
0.0080 -8.3029 2.3112 138 129 95 0.3756 0.1929 0.1932 0.1956 0.9946 0.0965 0.0104 -0.0373
21.9307 -8.3556 -4.5730 95 117 90 0.4367 0.2136 0.2112 0.2083 0.9995 0.0095 -0.0271 -0.0149
21.5870 -8.5748 -7.1435 112 122 104 0.4268 0.2075 0.2105 0.2107 0.9982 -0.0232 0.0494 0.0227
22.6205 -1.4443 -5.5985 81 86 68 0.4054 0.2090 0.2037 0.2069 0.9979 -0.0018 -0.0614 0.0205
-2.1024 -7.7579 2.3665 52 67 32 0.3777 0.1815 0.1872 0.1784 0.9951 0.0775 -0.0454 -0.0410
27.3180 -7.0276 -6.6927 180 187 183 0.4849 0.2068 0.2156 0.2089 0.9896 0.0792 0.0261 0.1172
26.6529 -8.3058 -9.6199 150 172 95 0.4456 0.2104 0.2100 0.2154 0.9917 -0.0998 0.0599 -0.0538
22.1172 -4.2160 -4.9494 49 65 48 0.4048 0.1953 0.2006 0.1976 0.9980 -0.0063 -0.0238 -0.0577
20.8152 -8.4895 -4.9942 111 133 111 0.4329 0.2021 0.2099 0.2090 0.9983 -0.0440 0.0342 -0.0175
23.9502 -6.7284 -5.1201 83 87 99 0.4226 0.2029 0.2102 0.1985 0.9855 0.1372 -0.0083 0.0990
-0.8626 -6.8097 2.8100 89 74 59 0.4817 0.2044 0.1976 0.2009 0.9972 0.0246 -0.0641 0.0281
21.3177 -3.2516 -6.0152 77 79 63 0.4051 0.1921 0.1976 0.1966 0.9991 0.0233 0.0182 0.0288
20.3335 8.2633 2.8041 117 137 163 0.4654 0.2004 0.2007 0.1979 0.9994 0.0100 -0.0245 -0.0213
10.7533 4.6515 2.4164 109 127 119 0.4336 0.1926 0.2004 0.1933 0.9977 -0.0667 0.0000 0.0079
11.0335 4.4644 1.5265 81 107 98 0.4340 0.1974 0.1993 0.2046 0.9968 0.0629 -0.0416 -0.0280
12.3337 4.5806 2.1227 118 144 139 0.4670 0.2050 0.2024 0.2135 0.9971 -0.0436 -0.0598 -0.0163
9.2787 6.3893 1.7536 119 118 113 0.4874 0.2025 0.2040 0.2018 0.9980 0.0011 0.0352 -0.0521
22.8583 3.8543 -1.7162 117 120 107 0.4266 0.2074 0.2073 0.2093 0.9991 -0.0432 0.0020 -0.0018
10.2093 3.9938 -1.2881 142 154 157 0.4988 0.2225 0.2128 0.2355 0.9839 -0.1589 0.0823 0.0001
-0.4505 -11.3348 2.2722 68 75 58 0.4483 0.2055 0.2021 0.2051 0.9924 0.0808 0.0929 0.0092
0.4180 -18.4510 2.8250 94 117 62 0.4074 0.1845 0.2021 0.1928 0.9986 -0.0239 -0.0218 0.0408
-3.8950 -8.1730 -1.3579 211 230 195 0.5096 0.2130 0.2195 0.2221 0.9836 0.1111 -0.0900 0.1097
3.9480 -3.5326 3.0891 210 228 255 0.5707 0.2256 0.2379 0.2355 0.9831 0.0034 -0.0218 -0.1819
1.7864 -19.8582 3.6866 104 126 56 0.4085 0.1961 0.2027 0.2028 0.9997 -0.0112 -0.0216 -0.0080
14.6647 -12.9683 3.4280 94 121 37 0.4530 0.2042 0.2034 0.2004 0.9991 -0.0267 0.0112 0.0299
12.1168 2.0117 2.6950 120 148 132 0.5197 0.2186 0.2146 0.2200 0.9994 0.0122 0.0216 -0.0231
1.9822 -21.2956 2.9105 69 85 45 0.4027 0.1954 0.2016 0.1961 0.9997 0.0244 -0.0049 0.0005
-2.1634 -28.4536 1.0444 103 110 82 0.4154 0.1899 0.1907 0.1839 0.9968 0.0773 -0.0197 0.0011
-1.7488 -26.3390 2.1026 99 107 68 0.4108 0.1918 0.1940 0.1928 0.9998 0.0151 -0.0078 -0.0098
9.4654 0.1596 -0.0354 226 228 243 0.5647 0.2348 0.2306 0.2428 0.9964 0.0038 0.0235 -0.0817
18.3260 -12.6130 0.2315 117 128 109 0.4307 0.2042 0.2017 0.2023 0.9977 -0.0404 -0.0545 -0.0022
17.6976 -11.5326 0.6335 156 175 128 0.4601 0.2144 0.2030 0.1977 0.9970 0.0079 0.0651 0.0420
49.8050 17.9068 -2.6958 118 157 66 0.4312 0.2042 0.2026 0.1990 0.9998 -0.0002 0.0166 -0.0077
42.3206 16.8315 -2.3867 139 151 112 0.4402 0.2105 0.2017 0.2047 0.9986 0.0096 -0.0246 -0.0449
19.2602 9.5527 4.5594 149 187 159 0.4857 0.2024 0.2028 0.2005 0.9992 -0.0024 0.0089 0.0398
19.8026 6.2810 6.7402 149 205 147 0.4808 0.2003 0.2067 0.2023 0.9954 0.0084 -0.0850 -0.0431
12.4933 7.4719 5.0356 159 165 158 0.5155 0.2248 0.2193 0.2232 0.9949 0.0678 0.0725 -0.0165
12.6796 6.8009 4.5841 129 141 143 0.4830 0.2115 0.2054 0.2032 0.9869 -0.0137 0.1583 0.0267
8.3616 8.2549 3.9229 163 165 113 0.4793 0.2108 0.2138 0.2070 0.9977 -0.0304 0.0414 0.0451
8.9793 11.0521 5.5387 168 183 171 0.4725 0.2060 0.2019 0.1945 0.9968 0.0585 -0.0537 -0.0093
18.3919 -1.6791 -2.5005 167 182 182 0.4841 0.2089 0.2110 0.2276 0.9791 -0.2019 0.0221 -0.0073
20.8574 -1.3671 -0.8938 66 77 68 0.4144 0.1938 0.1964 0.2105 0.9945 -0.0680 0.0769 -0.0222
15.8760 -1.1498 -5.1311 192 192 198 0.5002 0.2222 0.2220 0.2302 0.9943 -0.0810 0.0161 -0.0673
19.2772 3.2996 2.8878 157 164 142 0.5047 0.2052 0.2125 0.2090 0.9982 -0.0271 -0.0527 0.0025
7.8581 4.3784 -3.9332 227 225 243 0.5289 0.2234 0.2253 0.2276 0.9921 -0.1123 -0.0363 -0.0421
20.5736 3.2549 2.7812 83 113 62 0.4424 0.1893 0.1956 0.2011 0.9970 -0.0452 0.0631 0.0049
1.9754 -13.9403 -2.7265 120 139 108 0.4271 0.2049 0.1932 0.2065 0.9885 0.1361 0.0370 -0.0541
22.1539 -4.6136 0.9259 0 17 0 0.4378 0.1876 0.1904 0.1901 0.9994 0.0319 -0.0151 0.0060
21.2909 -3.7360 1.9749 38 45 34 0.4632 0.1897 0.1984 0.1932 0.9991 0.0395 -0.0006 -0.0163
2.6731 -13.6389 -3.1359 98 107 103 0.4073 0.1998 0.1926 0.1958 0.9948 0.0212 -0.0757 -0.0642
4.0955 -16.6846 -1.7198 116 126 88 0.4395 0.2029 0.1915 0.2039 0.9914 0.1217 0.0355 -0.0310
4.9871 -14.0842 -2.9056 114 122 107 0.4244 0.2051 0.1944 0.2107 0.9774 0.2076 0.0101 0.0393
5.4182 -15.2894 -3.2394 117 110 110 0.4271 0.2165 0.2038 0.2115 0.9988 0.0206 0.0014 0.0445
17.1567 0.5689 -4.5704 168 175 181 0.5036 0.2231 0.2191 0.2274 0.9938 -0.0988 0.0043 -0.0504
22.2201 -3.5947 0.4726 153 141 91 0.4117 0.1911 0.1916 0.1923 0.9995 -0.0160 0.0269 -0.0030
-38.1900 -5.2178 -9.1418 107 140 79 0.4177 0.2034 0.1985 0.2050 0.9989 0.0242 -0.0243 0.0310
5.1761 -15.4351 -2.4719 99 101 85 0.4145 0.1969 0.1878 0.1898 0.9935 -0.0586 -0.0929 -0.0309
20.3751 3.6858 1.3231 47 57 25 0.4083 0.1842 0.1885 0.1878 0.9994 0.0274 0.0195 0.0042
-34.4465 -8.9214 -7.6591 121 144 92 0.4275 0.1989 0.1992 0.2029 0.9996 -0.0039 -0.0268 0.0028
5.5690 13.7252 -9.1445 224 255 255 0.5560 0.2267 0.2243 0.2286 0.9949 -0.0839 0.0219 -0.0516
20.5673 5.8407 1.5204 168 177 114 0.4706 0.2038 0.1917 0.1980 0.9976 -0.0129 0.0397 0.0548
20.5189 0.4255 3.5333 95 115 87 0.4687 0.1982 0.2083 0.2100 0.9941 -0.0450 -0.0306 0.0941
22.3610 -0.3233 3.7330 70 87 41 0.4036 0.1878 0.1987 0.1991 0.9975 -0.0223 0.0095 0.0664
15.1717 -10.8810 0.2322 131 137 95 0.4719 0.2123 0.2064 0.2101 0.9991 0.0202 -0.0278 -0.0241
23.2541 -7.1837 4.1245 41 59 12 0.4013 0.1896 0.1887 0.1907 0.9984 -0.0351 0.0041 -0.0450
-0.5899 -8.8204 3.8135 133 150 79 0.4673 0.2106 0.2175 0.2106 0.9854 -0.1311 0.1048 0.0277
-0.2524 -12.2764 2.2036 66 70 51 0.4566 0.2033 0.2051 0.2147 0.9924 0.0832 -0.0641 0.0649
14.6054 -2.1485 -7.6813 224 222 204 0.5133 0.2222 0.2241 0.2304 0.9928 -0.0860 0.0594 -0.0589
11.8302 -1.4803 -7.8938 255 255 228 0.5388 0.2291 0.2288 0.2406 0.9797 -0.0686 0.1407 -0.1249
11.4884 -4.4974 -6.8124 255 255 255 0.5556 0.2300 0.2287 0.2377 0.9976 -0.0256 -0.0575 -0.0287
9.3312 -4.1690 -5.5397 255 255 255 0.6132 0.2398 0.2390 0.2427 0.9978 0.0123 0.0421 -0.0504
-21.7291 33.4337 -6.4511 44 61 37 0.3808 0.1921 0.1921 0.1911 0.9996 -0.0050 -0.0175 -0.0230
-2.1089 -7.8009 2.2460 43 67 13 0.3910 0.1840 0.1879 0.1803 0.9976 0.0453 -0.0437 -0.0304
-2.7177 -8.5737 1.7950 32 50 18 0.3906 0.1915 0.1869 0.1874 0.9984 0.0060 -0.0461 -0.0327
-1.8793 -8.1131 3.7957 159 151 92 0.4328 0.2046 0.2188 0.2164 0.9979 -0.0309 0.0412 0.0386
-2.0495 -9.4481 1.2190 118 124 77 0.4147 0.1918 0.1844 0.1901 0.9886 0.1498 -0.0040 -0.0147
-2.3838 -7.6537 2.3215 75 111 34 0.3984 0.1930 0.1896 0.1826 0.9970 0.0567 -0.0244 -0.0465
-1.6379 -6.6800 1.1847 123 102 80 0.4353 0.1938 0.1994 0.2009 0.9884 0.0500 0.1385 -0.0383
-0.4196 -7.6583 1.8883 113 90 71 0.3805 0.1884 0.1819 0.1871 0.9899 0.1253 -0.0598 -0.0295
24.3994 -3.3242 -3.9339 117 146 87 0.4301 0.2107 0.2166 0.2134 0.9847 0.1078 0.0467 0.1289
23.2074 -1.6712 -7.6951 62 75 49 0.3905 0.1961 0.1946 0.1968 0.9979 0.0204 -0.0299 -0.0543
27.2123 -8.4792 -7.8847 160 179 104 0.4443 0.2088 0.2121 0.2091 0.9878 0.1077 0.0515 0.0998
21.1493 -6.0872 -5.7551 63 73 60 0.3941 0.1919 0.1893 0.1958 0.9969 0.0145 0.0197 0.0743
21.4682 -6.5436 -5.9569 71 89 57 0.3954 0.1892 0.1946 0.1987 0.9978 -0.0259 0.0566 -0.0220
0.4821 -8.5101 2.3748 108 107 94 0.5153 0.2085 0.1983 0.2035 0.9906 0.1172 -0.0548 -0.0437
29.4720 -4.0443 -6.9442 179 187 178 0.4835 0.2081 0.2184 0.2100 0.9911 0.0506 0.0411 0.1163
27.4974 -7.8449 -7.1831 186 201 146 0.4881 0.2111 0.2149 0.2172 0.9793 -0.1089 0.0894 0.1453
20.2131 -4.6243 -5.6324 72 87 57 0.4086 0.1984 0.2029 0.2057 0.9976 -0.0671 -0.0084 -0.0163
-2.0797 -7.8785 2.2537 51 56 35 0.4058 0.1849 0.1882 0.1824 0.9971 0.0570 -0.0354 -0.0366
24.2452 -9.3763 -8.4382 149 174 93 0.4491 0.2086 0.2105 0.2185 0.9792 -0.1469 0.1302 0.0510
-0.3457 -7.6831 1.8479 107 86 73 0.4191 0.1888 0.1859 0.1947 0.9906 0.1145 0.0598 -0.0442
21.6467 -3.5737 -7.6912 64 87 50 0.3984 0.2000 0.2001 0.1996 0.9998 -0.0017 -0.0109 0.0134
9.3677 -15.8649 -4.8133 194 221 193 0.5192 0.2280 0.2215 0.2269 0.9931 -0.0261 0.0364 0.1080
-0.2105 -5.9423 1.6075 174 174 150 0.5314 0.2244 0.2330 0.2277 0.9934 -0.0628 0.0616 -0.0735
-1.2231 -8.3542 1.9214 96 73 43 0.4428 0.1937 0.1896 0.1859 0.9959 0.0325 -0.0775 -0.0339
-2.6272 -5.8818 2.9560 157 172 116 0.4706 0.2220 0.2297 0.2188 0.9965 0.0093 -0.0674 0.0490
19.7218 -4.6006 -2.6460 111 132 108 0.4335 0.1958 0.1939 0.2042 0.9931 -0.0964 0.0662 -0.0091
20.8618 8.6003 2.4942 147 174 183 0.4728 0.2016 0.2022 0.1948 0.9986 0.0282 0.0452 -0.0046
20.8976 0.1481 -0.5566 75 111 77 0.4269 0.1998 0.2036 0.2019 0.9983 0.0262 -0.0514 0.0048
12.4565 4.1715 0.9184 155 179 175 0.4881 0.2143 0.2091 0.2209 0.9791 -0.1194 -0.1028 -0.1287
8.9071 6.9185 1.0559 111 110 76 0.4413 0.2038 0.1954 0.2006 1.0000 -0.0015 0.0066 0.0027
9.7244 6.9103 0.6905 107 115 96 0.4425 0.1962 0.1919 0.1964 0.9990 0.0177 -0.0407 0.0004
9.5371 5.6396 0.8690 154 171 157 0.4739 0.2104 0.1955 0.2121 0.9945 -0.0147 0.0594 0.0849
19.7573 2.0469 1.1870 137 152 114 0.4477 0.1931 0.1985 0.1917 0.9968 0.0166 -0.0162 -0.0770
4.8829 -5.4157 0.1335 255 255 255 0.6022 0.2333 0.2485 0.2479 0.9747 0.1117 -0.0838 -0.1747
16.7192 -18.3709 0.0450 204 232 161 0.5011 0.2128 0.2176 0.2158 0.9956 -0.0436 0.0351 0.0750
21.2406 3.7359 -0.6069 129 139 96 0.4288 0.1906 0.1939 0.1910 0.9990 -0.0337 -0.0075 0.0270
0.0363 -17.1842 3.0007 123 160 79 0.4373 0.2014 0.2177 0.2117 0.9947 0.0328 -0.0672 0.0700
3.0803 -6.0726 1.3679 222 234 253 0.5668 0.2431 0.2494 0.2442 0.9974 -0.0055 0.0133 -0.0705
2.0184 -20.3761 3.6871 107 142 78 0.4211 0.2047 0.2022 0.2017 0.9981 -0.0315 0.0525 -0.0058
13.6908 2.5678 5.5227 179 185 175 0.5642 0.2203 0.2219 0.2152 0.9822 -0.1584 0.0907 -0.0448
13.1203 4.0673 4.4079 105 111 98 0.5040 0.2072 0.2009 0.1968 0.9893 -0.0318 0.1272 -0.0633
13.9362 4.8335 4.2318 73 77 57 0.4460 0.2009 0.2034 0.2036 0.9986 0.0031 0.0101 -0.0521
13.1236 3.2831 2.4890 109 137 110 0.4593 0.2015 0.1967 0.2051 0.9887 0.0262 -0.1447 -0.0306
14.9254 -12.7102 2.4277 107 126 45 0.4394 0.2012 0.2034 0.1981 0.9997 -0.0148 0.0080 0.0185
-5.6664 -12.0237 -2.5491 153 163 161 0.4675 0.2113 0.2173 0.2164 0.9975 -0.0155 -0.0632 -0.0278
-10.1937 -11.8533 -5.1838 227 252 221 0.5269 0.2181 0.2224 0.2227 0.9904 0.0053 -0.1127 0.0795
15.6749 -11.7530 1.2220 57 67 44 0.4262 0.1957 0.1990 0.1985 0.9992 0.0378 -0.0130 -0.0069
13.9136 -13.6401 1.8658 103 128 48 0.4422 0.2057 0.2056 0.2121 0.9881 0.1491 0.0238 -0.0289
13.8462 -12.6941 0.5846 104 119 66 0.4481 0.2013 0.2089 0.2062 0.9903 -0.0526 0.0859 -0.0954
17.5526 -11.8541 -0.0203 115 116 97 0.4371 0.2038 0.2054 0.1979 0.9979 0.0148 0.0576 0.0248
13.8391 -12.2089 1.7217 130 148 86 0.4848 0.2120 0.2096 0.2052 0.9962 -0.0433 0.0603 0.0460
14.4074 -5.0182 3.1705 185 201 225 0.5911 0.2468 0.2366 0.2464 0.9975 0.0240 0.0071 -0.0668
16.9232 -11.3405 1.6677 88 99 68 0.4421 0.1974 0.1986 0.1899 0.9899 0.1278 0.0280 -0.0554
19.8016 -2.8446 -2.4118 132 141 135 0.4516 0.1996 0.2067 0.2181 0.9854 -0.0914 0.1146 0.0868
18.8938 -6.9067 -2.2530 167 174 171 0.4749 0.2198 0.2057 0.2169 0.9943 -0.0345 -0.0250 0.0981
16.7562 -11.9505 2.6043 112 124 68 0.4307 0.2092 0.2005 0.2006 0.9990 0.0110 0.0300 0.0323
48.1267 12.0948 -8.0385 43 66 28 0.3821 0.2012 0.1932 0.2003 0.9992 -0.0367 0.0119 0.0121
18.9504 3.8926 5.7727 90 103 99 0.5086 0.2009 0.2038 0.2025 0.9962 -0.0031 -0.0529 -0.0693
19.4450 9.3525 4.2585 150 181 159 0.4786 0.2013 0.2019 0.1984 0.9976 0.0114 0.0532 0.0417
17.1094 9.2780 3.8875 255 255 255 0.5820 0.2186 0.2186 0.2158 0.9998 -0.0003 0.0190 -0.0074
14.4999 10.5132 3.9686 255 255 255 0.6120 0.2254 0.2294 0.2310 0.9911 0.0284 0.1299 -0.0010
18.2367 11.1407 4.1520 181 194 189 0.4926 0.2116 0.2004 0.2104 0.9982 0.0420 -0.0424 0.0062
19.0487 3.4366 6.7527 88 125 82 0.4494 0.1943 0.2061 0.2027 0.9984 0.0073 -0.0484 0.0296
18.8085 1.5555 6.5118 159 196 166 0.5041 0.2110 0.2178 0.2150 0.9986 0.0346 -0.0381 0.0104
18.1418 7.5960 2.3366 227 233 224 0.5268 0.2224 0.2153 0.2141 0.9829 0.1201 0.0871 0.1091
13.1921 7.5855 2.5511 144 168 155 0.4613 0.2073 0.2104 0.2109 0.9989 -0.0075 -0.0420 -0.0211
12.8954 7.1743 3.5058 133 132 111 0.4444 0.2063 0.2027 0.1991 0.9838 0.0506 0.1620 0.0573
10.8645 -1.5493 4.7553 184 206 220 0.5724 0.2311 0.2308 0.2337 0.9956 0.0619 0.0180 -0.0680
3.1202 5.0318 6.0883 140 187 148 0.4831 0.2034 0.2031 0.1941 0.9938 -0.0946 0.0593 -0.0010
20.4174 3.7591 5.2081 142 146 116 0.4606 0.1964 0.2005 0.1967 0.9952 0.0605 -0.0647 -0.0406
10.5095 -2.2657 5.8438 127 151 114 0.5250 0.2199 0.2179 0.2211 0.9963 0.0215 0.0529 -0.0637
0.3931 11.2518 -5.6759 255 255 255 0.6337 0.2365 0.2245 0.2396 0.9810 -0.1845 -0.0519 -0.0299
-7.1155 3.6684 -4.1646 210 210 212 0.5098 0.2127 0.2119 0.2167 0.9936 -0.0731 -0.0849 -0.0147
17.5658 -1.7828 -2.6832 135 142 158 0.4697 0.2100 0.2069 0.2223 0.9887 -0.1405 0.0216 -0.0475
16.2351 -0.3964 -3.1536 138 142 156 0.4645 0.2194 0.2101 0.2296 0.9920 -0.1061 0.0382 -0.0563
10.0096 6.6358 -2.1125 142 145 148 0.4540 0.2121 0.2039 0.2194 0.9941 -0.0439 -0.0900 0.0414
3.8232 -15.0452 -1.6295 86 105 80 0.4230 0.1986 0.1984 0.2020 0.9979 0.0207 0.0584 0.0161
15.5754 -1.3437 -3.1186 139 148 156 0.4836 0.2182 0.2164 0.2177 0.9957 -0.0095 0.0247 -0.0888
21.4918 -3.8466 2.2866 87 84 30 0.4065 0.1808 0.2015 0.1952 0.9985 0.0213 0.0416 0.0288
16.1053 -9.2403 0.0127 255 255 255 0.5060 0.2218 0.2167 0.2119 0.9852 0.0516 0.1578 -0.0425
6.1065 -13.3596 -3.0240 171 173 154 0.4775 0.2261 0.2314 0.2300 0.9859 -0.0507 -0.0016 -0.1597
12.0146 -19.9013 -9.5076 166 197 150 0.4703 0.2214 0.2144 0.2235 0.9867 0.1337 0.0882 0.0272
-30.0973 -10.1703 -5.4038 80 103 53 0.4085 0.1954 0.1960 0.1977 0.9998 -0.0196 0.0021 -0.0068
14.7734 -1.8150 -3.4406 216 222 229 0.5462 0.2287 0.2341 0.2352 0.9978 -0.0227 0.0538 -0.0303
-34.9078 -6.5388 -7.9965 110 142 88 0.4208 0.1977 0.1992 0.1983 0.9997 -0.0216 0.0099 -0.0114
20.8145 -3.3751 2.9438 67 82 4 0.4127 0.1911 0.2036 0.1984 0.9970 0.0379 -0.0607 -0.0285
21.2677 -3.7907 1.9922 62 64 26 0.4478 0.1791 0.1989 0.1868 0.9997 -0.0098 -0.0183 -0.0140
19.8440 -2.0355 0.8245 81 93 56 0.4139 0.1956 0.2034 0.2045 0.9986 0.0173 0.0116 -0.0489
5.9143 -15.9837 -5.8190 209 229 205 0.5107 0.2283 0.2287 0.2286 0.9950 -0.0897 0.0428 0.0060
2.9524 -16.7820 -2.7971 175 185 159 0.4816 0.2141 0.2017 0.2079 0.9993 -0.0185 0.0277 -0.0139
-5.0091 10.2669 -8.2837 255 255 255 0.5569 0.2214 0.2212 0.2328 0.9826 -0.1450 -0.1092 -0.0402
2.1610 -14.2983 -3.9923 108 131 65 0.4254 0.2026 0.1903 0.2018 0.9993 0.0246 0.0242 -0.0126
21.8655 -3.6872 1.2530 57 65 24 0.3966 0.1803 0.1925 0.1913 0.9988 0.0009 0.0469 0.0125
5.2058 -16.7950 -5.9184 203 243 192 0.5127 0.2263 0.2236 0.2277 0.9981 -0.0074 -0.0575 0.0193
21.2679 -3.6738 2.0240 48 57 38 0.4004 0.1808 0.1927 0.1845 0.9994 0.0145 -0.0227 -0.0212
21.8787 -3.1206 1.3498 103 100 84 0.4105 0.1753 0.1876 0.1900 0.9994 0.0164 -0.0108 -0.0279
21.0826 4.0421 0.9404 120 151 46 0.4235 0.1818 0.1903 0.1810 0.9967 0.0060 -0.0205 -0.0786
22.5642 1.1057 4.6190 130 157 88 0.4763 0.2062 0.2033 0.2123 0.9901 -0.1118 0.0021 -0.0844
20.8861 -1.0098 3.5616 75 91 53 0.4391 0.1937 0.1949 0.2050 0.9983 -0.0515 -0.0147 -0.0228
22.8290 -0.3052 4.1316 152 180 90 0.4761 0.2119 0.2090 0.2150 0.9978 -0.0324 -0.0229 -0.0537
22.5406 -7.1620 3.7636 60 81 19 0.4188 0.1894 0.1913 0.1932 0.9962 0.0386 0.0647 0.0430
15.7566 -14.4193 5.3336 84 90 55 0.3447 0.1854 0.1783 0.1773 0.9967 -0.0186 0.0642 0.0464
20.5742 -0.2991 4.0812 67 74 46 0.5014 0.2009 0.2011 0.2112 0.9986 -0.0220 -0.0066 -0.0486
17.3037 -10.4007 4.3825 114 136 86 0.4556 0.2122 0.2089 0.2024 0.9843 0.1078 0.1368 -0.0275
16.1641 -12.3141 0.9796 63 60 56 0.4353 0.1901 0.1925 0.1901 0.9988 0.0198 0.0240 -0.0376
-0.2935 -13.0710 2.3844 115 135 65 0.4750 0.2099 0.2194 0.2324 0.9699 -0.0549 -0.2373 0.0030
21.7107 0.6945 4.0276 91 108 64 0.4105 0.1919 0.1920 0.1973 0.9942 -0.1015 -0.0357 0.0012
16.2429 26.4010 -2.6117 42 61 32 0.3841 0.1884 0.1867 0.1879 0.9999 0.0006 0.0006 -0.0168
21.9415 -5.8716 5.6638 119 126 90 0.4657 0.1955 0.2008 0.2037 0.9960 0.0080 -0.0687 0.0561
15.5421 -14.4109 5.7464 102 108 64 0.3759 0.1854 0.1846 0.1870 0.9952 -0.0106 -0.0503 -0.0837
16.6212 -14.6102 6.2914 150 172 109 0.4640 0.2247 0.2121 0.2180 0.9933 -0.0715 -0.0640 -0.0642
20.6154 -0.1620 3.2895 105 129 91 0.4662 0.1973 0.2095 0.2011 0.9901 0.1395 -0.0064 0.0150
16.1817 -14.5361 3.9300 90 103 62 0.4045 0.1937 0.1963 0.2027 0.9971 0.0613 -0.0458 0.0035
12.5918 -4.4774 -4.2860 253 255 246 0.5536 0.2323 0.2305 0.2374 0.9968 0.0400 0.0295 -0.0632
8.2481 -2.3403 -6.6030 255 255 255 0.5763 0.2406 0.2412 0.2405 0.9920 -0.0282 0.0444 -0.1144
6.6856 0.0225 -9.4559 255 255 255 0.5902 0.2387 0.2353 0.2378 0.9873 -0.1225 0.0612 -0.0803
32.4216 -0.2075 2.3893 161 199 138 0.4625 0.2156 0.2098 0.2192 0.9942 -0.0449 0.0955 -0.0221
-6.7540 19.8153 -2.1932 146 184 122 0.4535 0.2128 0.2086 0.2104 0.9977 0.0053 0.0365 0.0564
11.7094 -15.6194 6.7746 124 140 74 0.4794 0.2027 0.2013 0.2057 0.9869 -0.0581 -0.1343 0.0682
11.9552 -14.1982 7.3346 141 158 130 0.5136 0.2138 0.2108 0.2069 0.9815 0.1680 0.0791 -0.0467
3.7392 -11.1467 -2.9143 230 224 219 0.5329 0.2353 0.2307 0.2418 0.9792 0.1257 -0.1583 0.0184
-1.5698 -9.1069 2.2014 68 77 63 0.4221 0.1863 0.1929 0.1916 0.9903 -0.0727 0.1128 0.0362
-2.1255 -7.7781 2.2004 41 71 0 0.3975 0.1849 0.1880 0.1817 0.9979 0.0408 -0.0418 -0.0269
-2.0693 -7.8666 2.3711 66 63 50 0.4065 0.1850 0.1898 0.1825 0.9974 0.0242 -0.0481 -0.0479
3.5108 -10.2119 -3.5100 255 255 255 0.5571 0.2279 0.2406 0.2365 0.9952 -0.0300 -0.0482 -0.0803
3.7203 -3.0679 -4.0155 255 255 255 0.6170 0.2413 0.2484 0.2472 0.9876 -0.0769 -0.0401 -0.1311
-2.0493 -7.7944 2.4153 85 87 72 0.3726 0.1828 0.1932 0.1757 0.9961 -0.0061 -0.0880 -0.0097
0.8779 -7.9010 -4.8037 255 255 255 0.5949 0.2281 0.2349 0.2407 0.9870 0.0940 -0.0870 -0.0969
3.1518 -11.3885 -4.6241 255 255 255 0.5314 0.2140 0.2256 0.2306 0.9878 0.0362 -0.1480 0.0325
-0.8630 -6.7924 2.8349 123 101 80 0.4516 0.2004 0.1965 0.1885 0.9927 -0.0023 -0.1206 -0.0063
-1.4922 -8.4704 1.4316 71 61 53 0.3863 0.1853 0.1841 0.1890 0.9975 0.0538 -0.0191 -0.0422
28.6586 -4.8993 -7.0430 170 187 174 0.4788 0.2074 0.2136 0.2116 0.9947 0.0381 0.0714 0.0633
24.0801 -5.7300 -4.7221 108 119 103 0.4291 0.2033 0.2040 0.2053 0.9986 -0.0462 0.0214 -0.0121
-2.0804 -8.0043 2.1542 54 68 27 0.4154 0.1852 0.1871 0.1861 0.9978 0.0255 -0.0481 -0.0390
-1.4829 -8.4947 1.3887 50 44 28 0.3972 0.1869 0.1849 0.1904 0.9979 0.0393 -0.0339 -0.0387
4.2843 -4.3628 -9.7575 255 255 255 0.6196 0.2428 0.2449 0.2442 0.9860 -0.0994 0.0386 -0.1283
31.3002 -2.6654 -8.1678 175 186 159 0.4749 0.2069 0.2123 0.2089 0.9919 0.0871 0.0516 0.0771
21.8915 -1.9159 -6.0027 92 100 79 0.4123 0.2014 0.2016 0.2034 0.9969 0.0027 -0.0737 -0.0281
-2.2153 -7.9367 2.1450 52 60 19 0.3952 0.1831 0.1827 0.1854 0.9976 0.0175 -0.0466 -0.0485
24.5493 -8.3612 -5.6051 176 188 173 0.4908 0.2163 0.2180 0.2185 0.9977 -0.0111 0.0658 0.0141
23.9311 -7.0969 -5.8293 103 112 110 0.4264 0.2046 0.2100 0.2072 0.9932 0.0948 0.0333 0.0596
22.2966 -6.4748 -8.6778 157 168 168 0.4653 0.2073 0.2166 0.2085 0.9916 0.1160 0.0432 -0.0384
-1.3964 -8.5599 1.5986 60 55 31 0.4002 0.1870 0.1841 0.1898 0.9975 0.0474 -0.0410 -0.0330
21.1293 -4.3211 -3.1543 54 55 48 0.4032 0.1974 0.1939 0.1954 0.9990 0.0429 -0.0109 0.0033
22.9528 -2.6394 -3.2424 105 121 81 0.4318 0.2093 0.2113 0.2156 0.9936 -0.0766 0.0748 0.0357
-1.0477 -6.5119 1.9397 136 109 106 0.4375 0.1979 0.1977 0.1879 0.9933 -0.0208 -0.1126 -0.0176
1.4625 -7.4127 1.6592 212 220 236 0.5828 0.2333 0.2388 0.2277 0.9687 -0.0037 -0.0899 -0.2315
14.0060 -9.9390 -3.5741 196 211 191 0.4993 0.2262 0.2153 0.2345 0.9645 0.2390 -0.1004 -0.0504
11.2662 4.6051 -0.0253 126 139 131 0.4627 0.2143 0.1949 0.2138 0.9923 -0.1202 0.0154 -0.0255
11.2662 4.8901 1.6446 98 117 100 0.4227 0.1953 0.1956 0.1983 0.9989 -0.0087 0.0464 -0.0061
4.7359 0.1639 -1.7371 237 245 218 0.5448 0.2290 0.2337 0.2263 0.9950 -0.0500 -0.0224 -0.0840
12.8369 4.1862 -1.0156 193 205 204 0.5000 0.2271 0.2150 0.2302 0.9958 -0.0517 -0.0419 -0.0631
10.0824 7.6364 -0.3542 175 195 163 0.4732 0.2096 0.2002 0.2063 0.9925 -0.0042 0.0824 0.0900
21.8763 2.7968 -0.2283 65 80 47 0.3905 0.1834 0.1876 0.1864 0.9966 0.0181 -0.0225 0.0765
9.8587 6.5662 0.1229 110 110 110 0.4385 0.2036 0.1987 0.2034 0.9980 0.0252 -0.0552 -0.0200
2.1434 -3.7775 0.7787 255 255 255 0.5605 0.2505 0.2542 0.2515 0.9924 -0.0725 -0.0318 -0.0945
5.0994 -5.2054 -1.0974 228 247 247 0.5544 0.2369 0.2401 0.2409 0.9889 0.0230 0.0582 -0.1351
5.5783 -3.8814 -3.4234 244 248 252 0.5462 0.2382 0.2427 0.2438 0.9846 -0.0862 -0.0174 -0.1512
1.9340 -10.5284 -3.0640 214 255 255 0.5043 0.2110 0.2212 0.2298 0.9906 0.0322 -0.1314 -0.0224
17.2012 -19.1247 -0.9937 159 198 112 0.4572 0.2178 0.2153 0.2164 0.9995 0.0257 0.0199 0.0019
0.1883 -17.8746 2.6896 122 147 82 0.4311 0.1863 0.2084 0.1968 0.9959 0.0137 -0.0611 0.0657
1.6095 -19.0661 3.4550 79 100 52 0.4173 0.1989 0.2019 0.1922 0.9995 0.0308 0.0093 0.0079
1.7529 -20.0780 2.7418 83 109 52 0.4016 0.1962 0.2030 0.1978 0.9978 0.0604 -0.0226 0.0142
15.2122 -13.5954 2.9843 134 139 71 0.4288 0.1997 0.1977 0.1938 0.9990 -0.0087 0.0313 0.0292
1.3403 -7.3340 4.4622 164 190 184 0.5609 0.2363 0.2283 0.2316 0.9952 0.0087 -0.0573 0.0788
0.9778 -18.3861 4.2838 100 127 58 0.4072 0.1855 0.1972 0.1929 0.9993 0.0051 -0.0361 -0.0013
12.7519 3.5076 2.9305 92 113 85 0.4643 0.2020 0.1960 0.2020 0.9944 0.0309 -0.0493 -0.0877
13.2393 4.7521 3.1340 49 63 35 0.4665 0.2035 0.1960 0.2053 0.9967 -0.0316 -0.0270 -0.0691
12.6448 2.7753 3.6967 103 117 108 0.4789 0.2099 0.2081 0.2002 0.9911 -0.0224 0.1287 0.0243
9.8424 -16.5989 4.4537 211 237 180 0.5093 0.2321 0.2340 0.2352 0.9967 -0.0269 -0.0544 -0.0541
12.1979 3.5475 2.8831 100 118 108 0.4720 0.2093 0.2084 0.2110 0.9852 -0.0042 -0.1410 -0.0977
14.7582 -13.2475 2.8207 108 123 56 0.4335 0.2035 0.1994 0.2005 0.9994 0.0195 -0.0061 0.0275
14.5408 1.1284 4.6002 180 194 207 0.5657 0.2265 0.2257 0.2225 0.9957 0.0345 0.0858 0.0085
0.5031 -5.4799 1.0599 255 255 255 0.5921 0.2430 0.2445 0.2432 0.9968 0.0009 -0.0336 -0.0721
-6.6397 -12.1890 -4.2602 206 214 229 0.5132 0.2173 0.2142 0.2153 0.9959 -0.0124 0.0829 -0.0344
-8.6378 -16.8899 -3.3224 151 186 101 0.4567 0.2088 0.2115 0.2120 0.9971 0.0078 -0.0686 0.0321
15.6238 -12.3565 1.8245 119 136 65 0.4506 0.2100 0.2077 0.2072 0.9942 -0.0947 -0.0097 0.0493
16.3321 -11.7439 1.1860 73 79 71 0.3936 0.1891 0.1876 0.1894 0.9996 0.0052 0.0218 -0.0148
17.5136 -13.4228 -0.2454 73 89 50 0.4089 0.2010 0.2047 0.2037 0.9968 -0.0300 -0.0733 -0.0110
-1.2253 -24.6161 1.2236 90 110 66 0.4103 0.1897 0.1966 0.1883 0.9979 0.0571 -0.0105 -0.0288
17.8459 -12.9475 0.6044 125 136 105 0.4422 0.2039 0.2095 0.2042 0.9975 -0.0060 -0.0383 0.0599
11.3519 -0.4269 0.0946 233 251 255 0.5847 0.2377 0.2416 0.2466 0.9960 0.0082 0.0553 -0.0696
15.9513 -11.6281 0.6800 90 96 77 0.4342 0.1953 0.1940 0.1968 0.9995 0.0246 -0.0133 0.0153
17.2097 -12.8377 0.3674 125 133 109 0.4213 0.2122 0.2139 0.2089 0.9971 -0.0179 -0.0725 0.0174
14.5968 -11.8587 0.3432 127 140 96 0.4515 0.2048 0.2079 0.2086 0.9963 0.0540 0.0016 -0.0672
-16.6501 -11.5032 -6.5776 183 213 212 0.5035 0.2120 0.2113 0.2114 0.9993 -0.0084 -0.0138 0.0336
-2.7512 -27.5014 2.2238 106 135 79 0.4187 0.1977 0.2002 0.1914 0.9983 0.0348 -0.0433 0.0153
15.7577 2.2711 3.8056 65 81 71 0.4700 0.1995 0.2012 0.2050 0.9979 0.0222 -0.0262 -0.0554
15.4055 1.6666 4.2486 129 130 83 0.5509 0.2144 0.2158 0.2127 0.9954 -0.0599 0.0094 -0.0747
7.8083 1.1969 1.3682 233 213 209 0.5881 0.2359 0.2357 0.2401 0.9966 0.0694 -0.0316 -0.0299
15.8413 2.9872 3.9913 118 120 93 0.4516 0.1949 0.1959 0.2052 0.9950 0.0075 -0.0512 -0.0852
17.7869 -11.2847 1.7905 154 179 112 0.4626 0.2132 0.2015 0.1992 0.9959 0.0661 0.0100 0.0608
18.1212 -10.9131 0.1211 189 210 171 0.5026 0.2191 0.2091 0.2124 0.9914 -0.0971 0.0543 0.0695
9.6745 5.4571 3.9364 72 106 50 0.5054 0.2057 0.2084 0.2150 0.9845 0.0348 -0.1717 0.0008
16.2913 -10.7525 1.9254 84 104 53 0.4840 0.2014 0.2019 0.1899 0.9909 0.1159 0.0680 -0.0091
16.0743 1.6034 4.0234 153 171 139 0.5184 0.2086 0.2093 0.2105 0.9938 0.0202 -0.1088 -0.0128
15.1287 1.5572 4.5802 148 151 134 0.5631 0.2186 0.2182 0.2179 0.9978 -0.0142 -0.0342 -0.0542
15.1552 -4.5621 3.1510 174 189 209 0.6055 0.2472 0.2396 0.2399 0.9823 -0.0498 0.1801 -0.0140
16.6060 3.0051 3.1178 97 110 91 0.4829 0.2053 0.2035 0.2065 0.9992 -0.0006 0.0121 -0.0393
15.9471 2.5712 3.8765 105 123 98 0.4400 0.1933 0.1973 0.1993 0.9984 0.0157 -0.0534 -0.0008
20.6268 -19.3814 -5.6491 153 184 132 0.4579 0.2189 0.2095 0.2177 0.9891 0.0986 -0.0669 0.0862
40.1322 44.1846 -10.1200 115 106 139 0.4347 0.2034 0.2057 0.2055 0.9993 -0.0117 -0.0126 0.0343
54.5273 19.9668 -3.8879 97 106 74 0.4145 0.1960 0.1949 0.2027 0.9999 0.0061 0.0054 0.0128
53.3476 22.0158 -5.3240 132 169 76 0.4345 0.2044 0.2005 0.2066 0.9997 -0.0110 0.0207 0.0004
42.1937 -2.8057 -4.2638 97 122 73 0.4178 0.2023 0.1972 0.1979 0.9990 0.0188 0.0379 0.0140
21.7704 1.7767 4.7235 149 177 88 0.4763 0.2070 0.2126 0.2089 0.9938 0.1060 -0.0166 0.0298
20.1089 8.2181 4.7210 133 138 130 0.4503 0.1932 0.1958 0.1904 0.9973 0.0663 -0.0177 -0.0248
19.0560 3.5641 5.5573 94 114 116 0.4945 0.1986 0.2036 0.2015 0.9955 0.0260 -0.0708 -0.0575
14.7895 7.4880 6.1846 222 227 223 0.5530 0.2155 0.2169 0.2086 0.9971 -0.0747 0.0117 -0.0085
19.3040 6.0880 5.9222 133 173 125 0.4703 0.2006 0.2052 0.2035 0.9967 0.0116 -0.0801 -0.0082
19.7756 6.8959 6.5962 114 163 127 0.4481 0.1956 0.1970 0.1858 0.9899 0.0382 0.1327 0.0323
32.8076 -3.1716 0.2764 128 172 85 0.4347 0.2172 0.2179 0.2204 0.9943 -0.0608 0.0878 -0.0006
19.4503 8.8529 5.6563 101 111 94 0.4355 0.1963 0.1913 0.1897 0.9925 0.0270 0.1188 -0.0035
11.5123 1.5520 6.9154 150 180 156 0.5629 0.2180 0.2246 0.2233 0.9911 -0.0931 -0.0933 -0.0160
15.3315 9.6428 6.0753 208 200 194 0.5264 0.2100 0.2137 0.2031 0.9954 -0.0345 0.0897 0.0001
9.0995 -3.5792 4.4136 157 183 191 0.5323 0.2172 0.2202 0.2242 0.9946 0.0043 0.0275 -0.0996
9.5409 10.8007 4.7009 255 255 255 0.5655 0.2201 0.2142 0.2168 0.9901 -0.0052 0.0193 -0.1387
4.7731 6.4479 6.6431 151 172 119 0.4635 0.2012 0.2055 0.1995 0.9992 -0.0128 0.0024 0.0375
3.0451 4.9009 7.4878 179 195 185 0.5175 0.2094 0.2057 0.2038 0.9986 -0.0503 0.0074 -0.0125
16.4092 6.3477 4.8259 159 201 211 0.5374 0.2157 0.2137 0.2124 0.9992 0.0338 -0.0045 0.0216
-16.0424 10.7360 -7.6537 115 136 104 0.4330 0.2018 0.1964 0.1998 0.9995 -0.0099 0.0225 0.0197
-16.1343 -2.8690 -1.1371 167 202 114 0.4697 0.2039 0.2058 0.2068 0.9973 -0.0159 -0.0478 -0.0540
-3.1205 3.9305 -2.2985 246 255 239 0.5593 0.2284 0.2230 0.2330 0.9840 -0.1632 -0.0655 -0.0281
21.8568 -2.4143 1.4271 64 70 44 0.4285 0.1839 0.1903 0.1924 0.9984 0.0357 0.0407 0.0166
21.9699 -2.1492 1.3441 49 57 31 0.4430 0.1856 0.1919 0.1949 0.9947 0.0592 0.0832 0.0099
4.4880 -18.1951 -2.0872 159 184 130 0.4671 0.2170 0.1997 0.2183 0.9918 0.1195 0.0131 -0.0441
15.4243 -5.1430 -1.2323 223 238 255 0.5767 0.2407 0.2324 0.2294 0.9937 -0.0177 0.1008 0.0447
21.4865 -1.6174 -0.1050 53 76 44 0.3970 0.1894 0.1959 0.1881 0.9973 0.0572 -0.0451 -0.0028
15.9415 -3.0393 -3.4555 227 235 255 0.5414 0.2305 0.2347 0.2391 0.9950 0.0334 0.0890 -0.0298
21.0510 -3.2775 4.1381 153 169 81 0.4737 0.2222 0.2255 0.2220 0.9959 0.0526 -0.0707 -0.0227
18.7226 5.1214 2.6669 156 162 133 0.4964 0.2112 0.2057 0.1995 0.9843 0.0016 0.1475 0.0970
19.2720 -2.1826 2.3860 88 96 75 0.4354 0.1971 0.2102 0.2030 0.9995 -0.0113 0.0062 0.0291
18.7007 3.6362 2.1889 112 116 88 0.4719 0.1995 0.2016 0.1979 0.9980 -0.0282 -0.0412 0.0401
5.4088 -17.0300 -2.6440 116 166 80 0.4262 0.2053 0.1913 0.2002 0.9953 0.0760 -0.0604 -0.0025
4.8785 -13.3851 -3.5537 146 160 120 0.4477 0.2269 0.2205 0.2342 0.9899 0.1238 0.0654 -0.0204
15.5503 0.8981 -3.8830 172 175 189 0.4956 0.2260 0.2211 0.2293 0.9914 -0.1199 0.0253 -0.0448
2.7090 -13.8202 -3.2291 66 79 70 0.4050 0.1983 0.1906 0.1942 0.9931 0.0433 -0.0794 -0.0746
-35.0675 -9.3537 -6.8401 160 178 118 0.4643 0.1971 0.2007 0.2004 0.9998 0.0011 -0.0220 0.0026
21.8808 -3.8656 1.0222 84 82 44 0.3846 0.1778 0.1848 0.1881 0.9962 0.0761 0.0151 -0.0389
21.8819 -2.5360 1.5060 90 91 70 0.4144 0.1789 0.1895 0.1876 0.9976 0.0486 -0.0018 0.0498
5.4377 -17.2546 -3.4880 139 187 111 0.4624 0.2156 0.1997 0.1996 0.9962 -0.0350 0.0510 0.0619
4.4986 -15.5073 -1.5236 96 108 89 0.4288 0.2032 0.1999 0.2088 0.9980 0.0609 -0.0085 -0.0172
1.5280 -14.3183 -4.1337 163 173 117 0.4642 0.2014 0.1968 0.2031 0.9970 0.0567 0.0523 0.0093
20.5971 4.1741 1.5902 90 105 59 0.4492 0.1861 0.1917 0.1838 0.9994 -0.0269 -0.0130 -0.0178
21.3644 -5.0754 1.4601 23 43 8 0.4269 0.1848 0.1923 0.1903 0.9977 -0.0023 0.0667 0.0139
20.1532 6.2059 1.0991 151 155 127 0.4640 0.1944 0.1994 0.1978 0.9963 -0.0072 -0.0352 -0.0775
19.3986 7.3148 1.1167 150 166 111 0.4746 0.2061 0.2062 0.2085 0.9993 -0.0026 -0.0299 0.0237
20.9348 4.9197 1.3860 99 138 55 0.4302 0.1874 0.1901 0.1871 0.9977 0.0618 -0.0071 0.0263
21.5128 -4.1715 0.9819 55 69 52 0.3931 0.1815 0.1864 0.1876 0.9977 0.0094 0.0055 -0.0671
20.3995 3.9041 1.3808 70 77 53 0.4269 0.1837 0.1912 0.1872 0.9985 -0.0159 0.0156 -0.0494
20.2667 3.5466 1.3706 55 67 26 0.4013 0.1843 0.1878 0.1859 0.9984 0.0396 0.0199 -0.0359
20.7491 4.6300 0.4771 104 111 66 0.4137 0.1855 0.1897 0.1886 0.9980 0.0230 -0.0396 0.0436
20.8771 3.7095 0.9962 62 87 31 0.4130 0.1907 0.1876 0.1885 0.9991 0.0398 -0.0051 -0.0152
20.9383 3.1045 0.7081 79 96 36 0.4212 0.1851 0.1900 0.1859 0.9981 -0.0604 0.0069 -0.0101
19.7470 5.5348 0.9745 134 142 84 0.4562 0.1960 0.2016 0.1937 0.9991 -0.0417 -0.0011 0.0076
20.5401 7.2183 1.0853 104 135 64 0.4173 0.1899 0.1901 0.1948 0.9967 -0.0375 -0.0668 -0.0253
21.2806 6.1504 1.2070 149 167 102 0.4509 0.1967 0.1915 0.1937 0.9994 -0.0011 -0.0065 0.0342
22.4170 3.5034 0.5269 93 127 36 0.3989 0.1987 0.1986 0.1885 0.9960 0.0387 0.0776 0.0198
19.9750 1.6585 3.5474 166 178 155 0.5113 0.2041 0.2127 0.2153 0.9980 -0.0544 -0.0276 0.0136
23.0889 -5.4567 5.5421 91 101 64 0.4310 0.2026 0.1994 0.1965 0.9976 -0.0139 -0.0322 0.0597
15.8950 -13.9268 3.8578 98 108 64 0.4266 0.1978 0.1932 0.2023 0.9975 0.0677 -0.0053 0.0203
-2.2727 -7.5253 3.6379 126 114 81 0.4049 0.2086 0.2042 0.2085 0.9993 -0.0274 -0.0161 0.0208
15.3529 -15.1356 4.2634 41 59 7 0.4569 0.1983 0.1995 0.1973 0.9994 0.0151 0.0191 -0.0266
22.1797 0.5643 4.2441 95 114 64 0.3912 0.1914 0.1911 0.1988 0.9976 -0.0686 -0.0079 -0.0064
11.9654 25.6227 -7.4249 56 103 105 0.4089 0.2013 0.1986 0.2023 0.9991 0.0410 -0.0097 0.0022
9.4314 -11.6359 6.5498 98 129 93 0.5025 0.2247 0.2138 0.2216 0.9931 -0.1076 0.0178 -0.0428
10.5325 -17.2810 0.3172 255 255 255 0.6002 0.2482 0.2473 0.2507 0.9940 -0.0279 -0.0788 -0.0700
22.8705 -7.4801 6.2056 140 152 101 0.5085 0.2162 0.2195 0.2218 0.9996 0.0188 -0.0020 0.0199
20.7393 -1.3285 3.5522 105 124 68 0.4657 0.1919 0.2066 0.2018 0.9963 0.0742 -0.0427 -0.0064
22.5285 -6.2341 5.8942 93 100 75 0.4461 0.2021 0.2057 0.2021 0.9992 0.0339 -0.0039 0.0212
15.7092 -11.4840 0.8622 87 98 76 0.4467 0.1964 0.1959 0.1992 0.9994 0.0102 -0.0339 -0.0025
11.6604 28.2735 -8.0553 101 154 122 0.4341 0.1986 0.1879 0.1897 0.9924 -0.0384 0.0284 0.1133
21.0554 -0.2913 4.2373 65 78 48 0.4402 0.1868 0.1958 0.1970 0.9997 0.0141 -0.0178 0.0066
16.6962 25.7189 -2.6443 76 99 56 0.4033 0.1957 0.1956 0.1982 0.9990 -0.0053 -0.0004 -0.0453
-0.5595 -12.2806 2.6807 43 46 18 0.4416 0.1942 0.2018 0.2044 0.9955 0.0925 0.0051 0.0196
15.8893 -12.4975 4.8187 116 138 74 0.4437 0.2068 0.2091 0.2035 0.9976 -0.0613 0.0306 -0.0088
15.2535 -13.6945 5.9988 84 92 72 0.3200 0.1852 0.1754 0.1798 0.9930 -0.0068 0.1071 -0.0487
21.7421 -7.6912 5.9771 153 164 139 0.5136 0.2166 0.2178 0.2195 0.9970 0.0191 -0.0023 -0.0747
14.1270 -14.0011 6.8873 126 142 99 0.5139 0.2197 0.2195 0.2154 0.9977 0.0590 -0.0258 -0.0230
10.5500 -2.5746 -2.1967 255 255 255 0.5783 0.2391 0.2403 0.2421 0.9947 -0.0585 -0.0188 -0.0823
8.9580 0.2880 -4.9761 255 255 255 0.5945 0.2475 0.2469 0.2508 0.9894 -0.0524 0.0654 -0.1186
12.5082 -1.6704 -2.7531 255 255 255 0.6081 0.2478 0.2453 0.2499 0.9974 0.0396 0.0106 -0.0594
13.8358 -2.9217 -5.7792 255 255 255 0.5533 0.2343 0.2375 0.2433 0.9945 -0.0559 0.0527 -0.0706
10.2652 -0.4787 -9.2622 229 232 196 0.5153 0.2265 0.2293 0.2336 0.9959 -0.0460 0.0522 -0.0581
11.2077 -8.8706 -3.7487 201 213 211 0.5049 0.2264 0.2244 0.2301 0.9967 -0.0079 -0.0454 -0.0663
10.5349 -9.3975 -5.3777 224 243 226 0.5296 0.2341 0.2357 0.2368 0.9743 -0.0536 -0.1972 -0.0952
-10.9580 17.5702 -1.4416 148 213 106 0.4416 0.2204 0.2107 0.2107 0.9942 -0.0063 0.0574 0.0907
18.4522 -5.8361 4.7034 120 142 73 0.4929 0.2136 0.2147 0.2183 0.9944 0.0102 -0.0757 -0.0729
8.9519 -14.0559 3.0025 255 255 193 0.5416 0.2407 0.2424 0.2444 0.9853 0.0117 -0.1174 -0.1238
-10.6480 16.0445 -0.9820 146 210 104 0.4465 0.2187 0.2112 0.2131 0.9950 -0.0413 0.0325 0.0851
6.9459 -18.9836 5.3306 158 178 140 0.4621 0.2116 0.2077 0.2126 0.9982 0.0487 0.0330 0.0093
7.2691 -18.8343 6.0206 142 150 126 0.4621 0.2021 0.1977 0.1941 0.9965 0.0462 -0.0670 0.0198
15.4518 -11.8631 4.3613 135 152 101 0.4724 0.2149 0.2085 0.2110 0.9985 -0.0147 0.0362 -0.0373
-8.3923 11.0590 -1.4933 181 229 140 0.4854 0.2256 0.2098 0.2217 0.9806 -0.1315 0.0418 0.1391
4.4517 -17.0760 3.1490 129 168 96 0.4690 0.2245 0.2221 0.2309 0.9972 0.0588 0.0413 0.0208
-10.2257 9.7137 -2.5631 207 255 188 0.5149 0.2239 0.2103 0.2176 0.9827 -0.1215 0.0440 0.1329
11.9732 -15.6267 6.0926 105 125 71 0.4675 0.2051 0.1965 0.2014 0.9833 -0.0532 0.0927 0.1476
7.2472 11.8350 -2.0475 123 206 190 0.4798 0.2084 0.2096 0.2156 0.9935 -0.0517 -0.0419 -0.0928
-7.6109 13.9254 -3.5307 173 255 224 0.5241 0.2284 0.2108 0.2255 0.9812 -0.1326 0.0685 0.1226
21.4826 -5.4726 3.3670 135 168 66 0.4793 0.2210 0.2174 0.2216 0.9968 0.0760 -0.0156 0.0167
-10.4012 19.0576 -6.1417 255 255 255 0.5844 0.2275 0.2162 0.2273 0.9798 -0.1393 0.0648 0.1281
13.9873 -5.4196 -9.7605 213 203 187 0.4994 0.2179 0.2187 0.2274 0.9964 -0.0251 0.0793 0.0151
-2.0453 -9.8507 0.8519 91 105 79 0.4090 0.1879 0.1955 0.1896 0.9866 -0.1130 0.1039 0.0561
1.1005 -10.2353 -2.8160 219 195 185 0.5025 0.2169 0.2263 0.2294 0.9816 0.0383 -0.1821 -0.0432
-3.0315 -8.0550 2.2706 51 50 16 0.4162 0.2046 0.1927 0.1953 0.9983 0.0339 -0.0480 -0.0040
-1.5094 -7.1532 1.8783 113 109 91 0.4367 0.1927 0.1965 0.2010 0.9932 0.0891 0.0692 -0.0282
26.8590 -5.7967 -5.3522 107 123 106 0.4423 0.2140 0.2180 0.2232 0.9859 -0.1148 0.1163 0.0368
3.4144 -2.0020 -6.4950 255 255 255 0.6693 0.2439 0.2447 0.2470 0.9707 -0.1824 -0.0101 -0.1560
0.2526 -8.2757 2.2842 151 146 132 0.4346 0.1994 0.1860 0.1929 0.9836 0.1609 -0.0803 -0.0132
28.9496 -5.6647 -6.5536 189 210 191 0.4965 0.2124 0.2193 0.2172 0.9890 0.0757 0.1018 0.0757
-0.1698 -7.9382 1.9919 127 95 94 0.4339 0.1978 0.1887 0.1918 0.9902 0.1019 -0.0825 -0.0487
22.9467 -0.7707 -7.6910 72 99 59 0.4022 0.1989 0.1962 0.1963 0.9976 0.0671 -0.0111 0.0122
-1.7084 -5.7499 1.4871 168 171 156 0.4786 0.2023 0.2103 0.1957 0.9926 -0.0987 -0.0366 0.0606
-1.5249 -8.7074 1.4003 41 38 21 0.4048 0.1868 0.1875 0.1882 0.9977 -0.0261 -0.0539 -0.0327
-1.3464 -6.3882 1.4472 113 92 80 0.4180 0.1918 0.1976 0.1976 0.9892 0.0493 0.1264 -0.0555
24.6406 -4.2195 -4.4314 115 124 113 0.4348 0.2094 0.2149 0.2099 0.9934 0.0824 0.0299 0.0737
21.3297 -8.5071 -8.6350 154 159 126 0.4491 0.2175 0.2198 0.2182 0.9955 0.0158 -0.0836 -0.0414
21.6239 -2.5372 -6.1580 84 87 76 0.4066 0.1915 0.2003 0.2005 0.9979 -0.0092 -0.0325 0.0561
19.8087 -6.7930 -4.0086 72 74 72 0.4018 0.1987 0.1962 0.1976 0.9949 -0.0154 -0.0639 0.0765
-1.7113 -8.6335 1.1896 46 51 30 0.3956 0.1855 0.1875 0.1893 0.9985 0.0081 -0.0516 -0.0166
-2.3607 -7.9286 2.1343 48 52 28 0.4418 0.1860 0.1857 0.1866 0.9992 0.0028 -0.0345 -0.0181
22.4522 -1.8124 -7.2439 61 80 48 0.3999 0.1959 0.1960 0.1989 0.9994 0.0298 -0.0087 -0.0153
-2.1423 -7.7787 2.3179 71 88 39 0.3916 0.1856 0.1904 0.1789 0.9964 0.0442 -0.0642 -0.0347
23.0686 -3.6898 -5.2980 74 97 61 0.4001 0.2022 0.2081 0.2041 0.9990 0.0349 0.0137 -0.0229
-1.3321 -6.7885 2.4809 149 133 111 0.4226 0.1951 0.1952 0.1812 0.9811 -0.0355 -0.1857 -0.0416
19.5959 -8.9183 -7.9173 139 138 122 0.4458 0.2041 0.2102 0.2076 0.9990 -0.0234 0.0002 -0.0393
-2.1029 -7.9282 2.2567 64 70 48 0.3987 0.1842 0.1886 0.1819 0.9973 0.0350 -0.0543 -0.0349
-0.9007 -7.6696 1.6470 79 67 64 0.3743 0.1921 0.1825 0.1929 0.9879 0.1511 0.0339 0.0011
-2.0199 -5.9479 3.8884 176 173 131 0.4987 0.2243 0.2323 0.2245 0.9906 0.0075 0.0201 -0.1352
-2.4262 -6.9657 2.6519 114 130 43 0.4430 0.2015 0.1981 0.1861 0.9922 0.0495 -0.1024 -0.0500
-1.9651 -6.4145 2.6455 128 137 87 0.4296 0.1976 0.1987 0.1921 0.9880 -0.0053 -0.1484 -0.0431
-1.6602 -7.5998 3.1885 112 91 70 0.3971 0.1930 0.1939 0.1922 0.9994 0.0036 -0.0272 -0.0199
19.2830 -5.9116 -3.4243 103 111 98 0.4165 0.2036 0.1979 0.2036 0.9880 -0.0639 -0.0984 0.1001
0.4282 -8.9724 2.3553 139 122 94 0.5701 0.2223 0.2146 0.2222 0.9980 0.0461 0.0414 -0.0135
18.7354 -4.9136 -3.3097 121 146 94 0.4383 0.2066 0.1953 0.2106 0.9952 -0.0872 0.0450 -0.0055
16.8001 -7.1529 -1.0688 255 255 255 0.5457 0.2315 0.2251 0.2288 0.9929 0.0936 0.0481 0.0551
19.3841 -5.7677 -0.7839 189 200 154 0.4835 0.2235 0.2300 0.2263 0.9912 -0.0015 -0.0977 -0.0898
-0.0196 -9.4703 2.2544 148 142 111 0.5099 0.2094 0.2144 0.2113 0.9863 -0.1048 0.1265 0.0141
19.2109 28.5068 -5.0636 211 234 167 0.5040 0.2107 0.2195 0.2149 0.9970 0.0294 0.0412 0.0580
-2.5058 -1.9639 8.8727 187 203 167 0.4918 0.2052 0.2026 0.2044 0.9970 0.0488 -0.0168 0.0585
0.0503 -3.5381 9.5528 115 139 116 0.4968 0.2042 0.2056 0.2033 0.9995 -0.0128 -0.0195 0.0201
17.5458 1.1223 -0.2424 162 164 177 0.5131 0.2239 0.2127 0.2318 0.9827 -0.1590 -0.0801 -0.0509
20.1316 0.5838 -0.0396 147 162 144 0.4629 0.2031 0.2073 0.2028 0.9961 0.0647 0.0023 0.0605
12.3934 6.8848 2.5994 163 172 161 0.4662 0.2038 0.2098 0.2093 0.9983 0.0050 -0.0236 -0.0539
8.8672 6.2828 -0.7256 132 132 132 0.4648 0.2190 0.2044 0.2190 0.9987 -0.0187 -0.0454 -0.0110
9.5664 5.2805 0.9781 173 188 159 0.4931 0.2134 0.2073 0.2214 0.9982 -0.0368 0.0405 0.0239
20.3644 1.8986 1.6063 132 146 129 0.4525 0.2006 0.2070 0.1934 0.9989 -0.0189 0.0364 -0.0247
19.3926 1.0518 -0.6484 159 166 180 0.4619 0.2081 0.2066 0.2059 0.9991 0.0343 0.0115 -0.0207
1.1287 -3.1945 -0.6008 255 255 255 0.6041 0.2422 0.2488 0.2442 0.9986 -0.0293 0.0376 -0.0215
9.6115 6.3223 1.1592 130 156 147 0.4581 0.2086 0.1986 0.2074 0.9991 0.0350 0.0039 0.0251
10.7885 5.7638 2.1853 126 142 97 0.4344 0.1955 0.2005 0.1906 0.9932 -0.1120 -0.0249 0.0188
9.5428 6.6845 1.1189 107 119 102 0.4525 0.2003 0.1990 0.2015 0.9991 0.0308 -0.0227 0.0162
5.2743 3.1143 -1.1026 236 244 227 0.5436 0.2254 0.2275 0.2351 0.9895 -0.1188 0.0726 -0.0374
4.8960 -0.2040 -0.7300 255 255 255 0.5852 0.2317 0.2383 0.2337 0.9948 -0.0511 -0.0177 -0.0865
10.0646 7.3975 1.1083 194 185 159 0.5102 0.2043 0.2082 0.2050 0.9979 0.0470 0.0377 -0.0251
21.7083 3.8812 -1.5727 123 143 97 0.4241 0.2012 0.2082 0.2115 0.9975 0.0086 0.0661 0.0220
10.5930 6.6482 2.5384 166 175 136 0.4714 0.2093 0.2079 0.2152 0.9888 -0.0693 0.0271 0.1295
4.0635 0.9559 -2.9251 255 255 255 0.6248 0.2408 0.2431 0.2434 0.9802 -0.1397 0.0276 -0.1373
12.0677 4.8064 -0.7114 107 125 114 0.4325 0.2068 0.1962 0.2081 0.9989 -0.0387 -0.0116 -0.0241
9.6470 5.5726 -1.0156 131 133 132 0.4542 0.2113 0.2057 0.2162 0.9922 -0.1078 -0.0407 0.0474
9.5157 4.7134 1.5013 115 140 128 0.4528 0.2049 0.1972 0.2143 0.9994 -0.0269 -0.0210 0.0024
11.5251 4.8522 2.3939 84 102 86 0.4243 0.1982 0.1939 0.1993 0.9987 0.0266 0.0433 0.0096
18.5921 -16.0475 1.3333 161 207 86 0.4651 0.2238 0.2269 0.2276 0.9951 0.0339 0.0396 0.0835
14.1708 5.3412 2.2994 121 132 115 0.4761 0.2019 0.1994 0.2065 0.9983 0.0139 -0.0461 -0.0326
11.6479 4.5220 1.1401 123 141 140 0.4745 0.2068 0.1991 0.2124 0.9997 0.0103 -0.0150 0.0187
11.6941 4.1082 -0.2351 115 129 135 0.4585 0.2071 0.1968 0.2146 0.9944 -0.1021 -0.0075 0.0280
21.1705 1.7478 1.5324 114 139 105 0.4593 0.1989 0.2063 0.2062 0.9980 -0.0469 0.0400 -0.0117
0.8305 -9.8622 0.5981 225 208 200 0.5325 0.2326 0.2376 0.2339 0.9972 -0.0345 0.0167 -0.0638
-0.0938 -17.9720 1.9984 148 184 87 0.4452 0.2043 0.2223 0.2156 0.9887 -0.0616 -0.0907 0.1023
0.3410 -18.0403 3.2496 97 134 62 0.4044 0.1872 0.2042 0.1920 0.9990 0.0139 0.0064 0.0425
-1.4504 -8.5318 1.4285 50 46 26 0.4046 0.1887 0.1855 0.1914 0.9983 0.0346 -0.0362 -0.0293
-2.4916 -6.4456 -1.2094 205 213 203 0.4997 0.2057 0.2235 0.2137 0.9834 -0.1184 -0.0263 0.1350
1.7311 -19.3196 3.9433 101 121 64 0.4195 0.1956 0.2060 0.1943 0.9998 -0.0021 -0.0195 -0.0001
2.0564 -6.5709 1.4931 228 229 239 0.5613 0.2430 0.2494 0.2449 0.9942 -0.0026 0.0780 -0.0746
13.0528 1.7284 3.0514 163 188 174 0.5105 0.2208 0.2188 0.2212 0.9968 0.0330 -0.0639 -0.0342
0.5893 -18.0001 3.8992 83 116 55 0.3923 0.1881 0.1994 0.1990 0.9970 -0.0640 -0.0409 -0.0169
6.5863 0.1483 1.9104 255 255 255 0.6142 0.2330 0.2340 0.2428 0.9979 0.0615 0.0111 -0.0163
-2.5862 -7.0555 -1.2956 153 157 152 0.4661 0.2053 0.2039 0.2082 0.9943 0.1029 0.0243 -0.0142
13.9467 3.5507 5.6672 122 132 116 0.5741 0.2188 0.2228 0.2264 0.9907 0.0887 -0.1026 0.0070
13.9202 3.8701 4.4172 97 106 98 0.5077 0.2040 0.2044 0.2050 0.9992 -0.0011 -0.0355 -0.0194
13.8522 4.5629 3.4365 53 65 39 0.4507 0.1948 0.1917 0.1983 0.9950 -0.0148 -0.0923 -0.0356
3.6492 -4.2657 2.3026 255 255 255 0.5881 0.2406 0.2489 0.2466 0.9952 0.0000 0.0089 -0.0970
11.2578 1.2800 -1.5424 247 244 252 0.5603 0.2411 0.2332 0.2409 0.9824 -0.0236 0.1215 0.1396
13.0403 4.1464 2.5070 58 79 53 0.4340 0.1944 0.1925 0.1996 0.9998 -0.0085 -0.0162 0.0005
6.7239 3.4984 2.4600 246 255 240 0.5633 0.2269 0.2302 0.2342 0.9972 0.0312 -0.0647 0.0216
10.8846 0.2720 -1.9134 217 214 222 0.5295 0.2373 0.2354 0.2404 0.9884 -0.0439 -0.0534 -0.1353
15.1814 -14.5694 0.6920 128 125 107 0.4412 0.2220 0.2305 0.2245 0.9972 0.0311 -0.0662 -0.0156
13.8936 -14.7590 1.4580 115 145 79 0.4329 0.2227 0.2167 0.2237 0.9996 -0.0077 0.0258 0.0124
-9.6286 -15.2725 -3.6269 175 204 180 0.4841 0.2062 0.2113 0.2072 0.9948 -0.0098 -0.0347 0.0953
9.0737 1.4731 -0.3636 229 223 225 0.5583 0.2319 0.2313 0.2394 0.9898 -0.0239 -0.0050 -0.1403
12.9350 -9.7293 1.6322 179 199 162 0.5094 0.2227 0.2182 0.2286 0.9870 0.1148 -0.0867 -0.0715
9.3452 1.0588 -2.2704 255 255 255 0.6063 0.2446 0.2471 0.2483 0.9967 -0.0431 0.0184 -0.0663
16.6473 -11.3532 1.6606 49 64 33 0.4365 0.1949 0.1935 0.1894 0.9961 0.0867 0.0055 -0.0144
14.4026 -11.8150 1.1053 107 121 84 0.4480 0.2037 0.2047 0.2008 0.9992 -0.0306 0.0149 0.0220
-0.8281 -28.2282 0.9547 62 68 53 0.3954 0.1835 0.1872 0.1841 0.9993 0.0173 0.0067 -0.0323
0.2885 -25.2778 0.6629 121 156 102 0.4428 0.2054 0.2125 0.2039 0.9968 0.0391 0.0492 0.0488
-1.7442 -5.6391 -1.0919 245 253 238 0.5429 0.2163 0.2276 0.2262 0.9943 -0.0390 -0.0786 0.0601
9.8719 4.7422 3.9195 81 114 51 0.4641 0.2022 0.2017 0.2039 0.9956 0.0591 -0.0543 -0.0474
0.1527 -27.7031 -0.0099 110 137 110 0.4262 0.2028 0.2058 0.1981 0.9980 0.0363 0.0013 0.0515
15.9432 3.2905 3.5987 114 120 88 0.4746 0.1977 0.1978 0.2017 0.9987 0.0217 -0.0453 -0.0127
23.8404 -32.9369 -5.4512 154 198 131 0.4539 0.2123 0.2084 0.2151 0.9962 0.0807 0.0303 0.0151
16.9587 2.6742 4.1525 114 120 100 0.4731 0.2111 0.2057 0.2155 0.9985 -0.0266 -0.0121 0.0453
16.0770 -12.8624 3.1634 105 111 59 0.4313 0.2004 0.1971 0.1941 0.9972 0.0697 -0.0018 -0.0275
15.2211 3.0051 4.1627 97 103 90 0.4632 0.2009 0.1936 0.1972 0.9986 -0.0084 0.0471 -0.0208
18.2327 -7.9203 -2.9311 219 223 219 0.5266 0.2268 0.2219 0.2230 0.9963 -0.0275 -0.0029 0.0816
16.9011 -11.2603 1.7998 78 88 59 0.4556 0.1985 0.1961 0.1905 0.9949 0.0851 0.0275 -0.0470
16.4208 -10.6382 1.5471 84 101 53 0.4562 0.1992 0.2034 0.1941 0.9906 0.1340 0.0237 -0.0129
24.1220 -26.8241 -6.3261 118 188 71 0.4204 0.2145 0.2182 0.2154 0.9934 -0.0740 -0.0102 -0.0865
10.1956 5.2406 3.2112 88 113 73 0.4219 0.1944 0.1963 0.1885 0.9974 -0.0472 0.0513 0.0189
10.5476 4.4654 2.6714 43 63 40 0.4712 0.2016 0.2031 0.1995 0.9990 0.0149 -0.0180 -0.0372
17.8393 -11.6600 -0.8521 92 100 113 0.4236 0.2040 0.2023 0.1980 0.9989 0.0440 0.0059 -0.0181
16.6257 -11.3825 1.6391 51 60 32 0.4506 0.1952 0.1947 0.1918 0.9981 0.0593 0.0036 -0.0174
16.3681 -11.1252 2.5711 116 131 68 0.4562 0.2029 0.1986 0.2033 0.9923 -0.1168 -0.0164 -0.0381
16.7930 2.4133 3.3901 116 141 118 0.4787 0.2140 0.1986 0.2101 0.9950 -0.0322 0.0916 0.0230
16.3879 1.9539 3.8259 122 146 120 0.4847 0.2060 0.2080 0.2102 0.9992 0.0023 -0.0287 -0.0269
29.0402 36.6384 -6.8611 99 116 107 0.4225 0.2034 0.2092 0.2059 0.9991 0.0308 -0.0065 0.0281
27.5831 36.4051 -6.4038 151 173 138 0.4583 0.2069 0.2083 0.2032 0.9992 0.0288 0.0242 0.0148
56.3010 20.9102 -4.3238 87 96 71 0.4045 0.1918 0.1904 0.1989 0.9988 0.0147 -0.0074 0.0465
29.9653 38.0746 -7.6200 122 162 129 0.4467 0.2077 0.2037 0.2039 0.9999 -0.0143 0.0029 -0.0070
38.6168 12.8264 -9.8100 116 151 93 0.4259 0.2049 0.2041 0.2047 0.9994 -0.0233 -0.0165 -0.0204
34.4758 4.2800 -2.1081 114 146 82 0.4263 0.2050 0.1988 0.2052 0.9988 -0.0337 0.0202 -0.0305
50.6025 15.2915 -8.5361 101 120 81 0.4142 0.1992 0.2007 0.1993 0.9994 0.0338 0.0034 0.0090
37.8540 0.9824 -6.2844 171 202 115 0.4697 0.2136 0.2110 0.2123 0.9942 -0.0680 0.0149 -0.0815
53.3191 -16.9696 -4.8722 179 199 157 0.4782 0.2089 0.2149 0.2132 0.9986 0.0426 0.0283 -0.0143
42.0225 -9.6283 -0.6232 84 101 54 0.4014 0.2110 0.2027 0.2118 0.9971 -0.0008 0.0192 0.0741
36.8010 -5.9330 1.0576 223 215 255 0.5265 0.2212 0.2258 0.2239 0.9993 0.0296 0.0131 -0.0207
18.3195 7.3448 4.8579 151 180 172 0.4909 0.2041 0.2035 0.2048 0.9982 0.0103 -0.0517 0.0302
19.8348 6.5209 6.1997 107 158 133 0.4513 0.1978 0.1962 0.1999 0.9975 -0.0330 -0.0589 -0.0222
18.9185 3.7294 5.6511 76 92 92 0.4974 0.1985 0.2033 0.2007 0.9971 -0.0018 -0.0370 -0.0658
13.0080 8.1570 6.3168 188 208 215 0.5449 0.2181 0.2116 0.2081 0.9964 -0.0142 -0.0714 -0.0436
18.3145 11.5862 4.6394 124 139 150 0.4405 0.2018 0.1927 0.1973 0.9993 -0.0353 -0.0032 0.0131
19.7052 9.0056 6.6449 98 119 99 0.4438 0.1954 0.1909 0.1895 0.9959 -0.0140 0.0823 -0.0351
18.7471 8.0426 4.9440 162 191 179 0.4913 0.2033 0.2018 0.1937 0.9929 -0.0305 0.1148 -0.0006
12.9414 11.0972 6.4791 255 255 255 0.5925 0.2221 0.2197 0.2189 0.9970 -0.0075 -0.0631 -0.0445
32.8164 -7.8105 2.9125 223 221 255 0.5242 0.2197 0.2288 0.2286 0.9964 -0.0194 0.0796 -0.0206
18.7004 4.0124 5.8819 89 101 95 0.4920 0.2001 0.2012 0.2018 0.9978 0.0031 -0.0659 -0.0042
17.0562 9.2327 5.5410 227 255 242 0.5425 0.2130 0.2119 0.2092 0.9997 -0.0210 0.0094 0.0035
19.9625 8.9827 6.6170 111 126 103 0.4441 0.1944 0.1892 0.1915 0.9977 -0.0622 0.0263 -0.0004
20.3038 8.0300 7.5296 153 213 145 0.4941 0.2115 0.2090 0.2109 0.9973 -0.0531 -0.0195 0.0465
14.3574 8.4739 5.7931 211 202 198 0.5529 0.2171 0.2119 0.2121 0.9965 0.0137 0.0471 -0.0682
12.1468 11.2080 5.0205 221 255 255 0.5989 0.2245 0.2264 0.2225 0.9968 -0.0298 0.0682 -0.0287
27.3988 -5.8493 -0.6889 185 219 115 0.4868 0.2171 0.2163 0.2193 0.9880 -0.0879 0.0981 -0.0808
23.4170 -6.6523 0.4843 147 189 106 0.4588 0.2137 0.2285 0.2249 0.9846 0.0652 0.1541 0.0501
23.3050 -3.7850 2.7760 140 162 88 0.4698 0.2136 0.2086 0.2148 0.9996 0.0204 0.0182 0.0039
8.2884 8.1218 3.3338 171 175 113 0.4617 0.2037 0.2079 0.2085 0.9981 0.0296 -0.0432 0.0314
9.5541 6.9825 2.6649 127 152 108 0.4522 0.2023 0.2074 0.2044 0.9995 0.0210 -0.0025 -0.0254
15.9385 8.7212 3.5082 168 198 192 0.4975 0.2169 0.2144 0.2181 0.9973 -0.0558 0.0148 -0.0451
12.2347 9.5210 5.7243 131 188 182 0.5112 0.2052 0.2072 0.2078 0.9954 0.0293 0.0722 0.0563
12.5857 7.6289 4.0380 145 136 134 0.4739 0.2115 0.2090 0.2088 0.9949 0.0545 0.0846 0.0034
9.6128 7.5841 3.4830 66 70 54 0.4189 0.1920 0.1920 0.1904 0.9983 -0.0515 0.0280 0.0069
9.7925 -4.3711 5.0390 174 210 186 0.5406 0.2194 0.2222 0.2293 0.9753 0.1112 -0.0916 -0.1676
16.1342 6.7260 5.4345 209 221 230 0.5440 0.2182 0.2157 0.2129 0.9947 0.0208 0.0974 0.0246
7.8300 8.5249 6.4547 116 127 104 0.4521 0.2019 0.2052 0.2044 0.9989 -0.0359 0.0160 -0.0253
16.2415 6.7434 3.9102 151 179 196 0.5287 0.2207 0.2118 0.2146 0.9924 -0.0198 0.1198 0.0184
8.2748 9.7138 5.8649 177 177 147 0.4880 0.2093 0.2053 0.2041 0.9972 -0.0222 -0.0057 -0.0705
9.0047 7.6603 3.3225 137 131 124 0.4519 0.1928 0.2041 0.1907 0.9996 0.0163 0.0171 0.0159
4.0431 5.6605 5.9276 116 138 100 0.4489 0.1973 0.2009 0.1940 0.9957 -0.0382 0.0776 0.0337
13.8852 6.9291 3.6431 195 207 202 0.4855 0.2125 0.2079 0.2096 0.9945 0.0238 0.0904 0.0470
16.6830 6.2601 3.3718 192 209 211 0.5498 0.2202 0.2113 0.2169 0.9947 -0.0187 0.0727 0.0702
19.5582 8.5235 6.0148 131 145 119 0.4338 0.1982 0.1899 0.1852 0.9934 0.0297 0.1048 0.0373
4.6192 7.1435 6.3367 93 102 84 0.4217 0.1930 0.1920 0.1939 0.9985 0.0184 -0.0076 0.0513
3.8411 6.3943 5.5687 84 106 57 0.4104 0.1873 0.1968 0.1965 0.9978 0.0177 -0.0172 -0.0616
5.4480 10.9039 3.9599 107 122 92 0.4213 0.1916 0.1993 0.1932 0.9984 -0.0423 -0.0317 0.0207
19.8226 0.2886 5.5449 172 183 143 0.5132 0.2075 0.2166 0.2158 0.9835 0.0094 -0.1602 -0.0842
19.4321 2.7358 4.6523 175 184 175 0.5199 0.2087 0.2121 0.2089 0.9977 0.0480 -0.0107 -0.0472
17.3437 6.1125 4.9844 221 255 255 0.5624 0.2181 0.2194 0.2218 0.9953 0.0656 -0.0691 -0.0149
4.0475 5.7426 6.4108 106 144 121 0.4560 0.2006 0.1998 0.1904 0.9948 -0.0967 0.0116 0.0283
19.8282 3.1295 5.3252 156 173 149 0.4878 0.1987 0.2043 0.2009 0.9970 0.0539 -0.0563 -0.0028
16.1604 7.1889 3.6597 197 211 213 0.5304 0.2202 0.2178 0.2174 0.9972 0.0265 0.0676 -0.0189
4.3518 6.2766 8.1767 189 223 180 0.5009 0.2059 0.2062 0.2012 0.9973 -0.0660 0.0252 0.0181
3.3789 4.6809 5.9997 179 224 173 0.5102 0.2077 0.2122 0.2015 0.9924 -0.1161 0.0287 -0.0296
3.7340 5.2694 6.4639 120 168 143 0.4781 0.2023 0.2028 0.1934 0.9946 -0.1005 0.0137 0.0243
5.3504 10.9795 3.7137 137 156 116 0.4436 0.1971 0.2008 0.1926 0.9959 -0.0546 0.0371 0.0616
8.6982 -3.4671 5.1725 144 168 155 0.5291 0.2182 0.2169 0.2242 0.9959 0.0288 0.0396 -0.0757
15.6585 7.3541 4.6876 163 181 181 0.5303 0.2174 0.2162 0.2105 0.9950 0.0127 0.0891 0.0439
3.8843 5.7571 6.9361 146 193 174 0.5013 0.2073 0.2045 0.1942 0.9947 -0.0995 0.0216 0.0131
8.2646 11.0558 4.2922 130 134 115 0.4330 0.1967 0.1958 0.1870 0.9929 -0.1017 0.0564 0.0252
6.3931 3.4521 -1.4720 209 210 206 0.5168 0.2223 0.2207 0.2333 0.9850 -0.1414 0.0969 0.0210
-14.4241 -1.2798 1.5564 192 245 116 0.4897 0.2082 0.2100 0.2107 0.9976 -0.0263 -0.0452 -0.0455
3.6777 3.2557 -1.0779 233 250 240 0.5324 0.2302 0.2306 0.2344 0.9809 -0.1390 -0.0082 -0.1361
22.4213 -1.6142 1.6704 50 72 12 0.4120 0.1954 0.2040 0.1999 0.9991 0.0355 -0.0087 -0.0201
22.2673 -1.9335 1.0690 49 63 42 0.3962 0.1863 0.1934 0.1915 0.9987 -0.0018 0.0499 -0.0092
22.7491 -1.6067 0.4826 82 111 68 0.4177 0.1916 0.2019 0.2001 0.9998 0.0088 0.0179 0.0012
16.7555 5.6037 0.3319 197 196 186 0.5020 0.2134 0.2090 0.2122 0.9914 0.0023 0.0230 0.1290
20.9392 -1.7927 0.7065 64 79 59 0.4160 0.1889 0.1993 0.1944 0.9985 0.0259 0.0405 0.0256
22.1107 -2.5132 1.0788 96 95 65 0.4249 0.1835 0.1972 0.1905 0.9986 0.0204 -0.0190 0.0450
15.8121 1.4778 -0.8881 197 200 203 0.4995 0.2303 0.2185 0.2313 0.9896 -0.0915 -0.0036 -0.1107
21.0214 -1.1624 0.1435 37 52 24 0.3954 0.1925 0.1869 0.1946 0.9976 -0.0571 -0.0119 -0.0383
21.3658 3.3681 3.0418 131 187 92 0.4484 0.1928 0.2057 0.2059 0.9950 0.0155 0.0751 -0.0647
20.3609 -2.7412 2.6318 72 74 29 0.4193 0.1890 0.1942 0.1886 0.9963 -0.0371 -0.0125 -0.0760
19.6229 -2.9635 2.8216 67 80 40 0.4355 0.1981 0.1996 0.1907 0.9898 -0.1373 0.0181 -0.0328
16.2090 0.4336 -2.7729 182 187 197 0.4973 0.2286 0.2167 0.2348 0.9690 -0.1963 -0.0057 -0.1499
19.5171 4.2413 2.7766 86 119 65 0.4231 0.1889 0.1909 0.1916 0.9993 -0.0301 0.0157 -0.0139
21.5288 -3.5061 2.2663 35 43 6 0.4813 0.1996 0.2005 0.2037 0.9982 0.0514 0.0166 -0.0262
19.0637 5.4171 2.3337 129 159 94 0.4629 0.2033 0.1988 0.1920 0.9962 -0.0024 0.0864 0.0053
18.4119 5.3667 2.8985 187 185 168 0.5273 0.2146 0.2114 0.2038 0.9937 -0.0090 0.0858 0.0712
15.7045 -0.1588 -0.5756 191 201 210 0.5209 0.2283 0.2211 0.2350 0.9746 -0.2044 0.0280 -0.0874
15.7070 -5.3387 -2.2102 255 255 255 0.5956 0.2409 0.2402 0.2380 0.9975 -0.0468 0.0213 -0.0482
5.1924 -17.1731 -4.9573 155 188 139 0.4698 0.2166 0.2146 0.2120 0.9983 -0.0245 0.0306 -0.0435
20.5524 2.4748 2.6943 139 153 118 0.5060 0.1988 0.2146 0.2038 0.9997 -0.0018 0.0021 -0.0247
-12.8181 7.9993 -8.0016 180 199 158 0.4817 0.2080 0.2069 0.2092 0.9983 -0.0200 0.0306 0.0464
21.3995 -5.3117 2.0480 45 49 19 0.3934 0.1859 0.1974 0.1889 0.9990 0.0002 0.0219 0.0384
21.1234 3.3793 2.6179 97 129 74 0.4517 0.1916 0.1985 0.1962 0.9985 -0.0423 0.0189 -0.0300
22.2072 -4.5567 0.7919 16 35 7 0.4017 0.1862 0.1870 0.1870 0.9994 0.0022 -0.0295 -0.0162
22.3358 -4.4060 0.6228 65 67 36 0.3674 0.1900 0.1838 0.1850 0.9953 0.0127 0.0625 0.0732
19.6170 3.6588 2.3626 109 134 66 0.4700 0.1916 0.2012 0.1917 0.9980 -0.0033 -0.0366 -0.0518
5.3387 -17.7612 -2.6436 127 146 114 0.4463 0.2135 0.2099 0.2056 0.9888 -0.1393 -0.0530 -0.0003
19.0565 4.8889 1.5159 126 148 65 0.4612 0.1918 0.1899 0.1821 0.9949 -0.0694 0.0718 0.0110
5.7654 -14.3582 -3.0112 107 111 107 0.4420 0.2140 0.2096 0.2227 0.9983 0.0177 0.0224 -0.0517
20.9253 3.2244 2.1228 81 117 47 0.4173 0.1852 0.1902 0.1906 0.9984 -0.0434 0.0093 0.0361
20.7764 -4.2758 2.2722 73 80 35 0.4353 0.1874 0.2009 0.1997 0.9988 0.0023 -0.0027 -0.0485
19.2966 3.5429 2.0161 72 95 37 0.4592 0.1962 0.1984 0.1955 0.9995 -0.0062 -0.0231 -0.0227
15.0738 0.6873 -6.3585 213 206 199 0.5063 0.2210 0.2218 0.2225 0.9993 0.0281 -0.0142 -0.0200
3.6198 -14.0471 -4.5342 174 187 156 0.4726 0.2115 0.2074 0.2175 0.9898 0.1113 0.0841 -0.0298
19.7375 2.9323 2.0583 96 123 58 0.4188 0.1882 0.1974 0.1953 0.9985 0.0383 -0.0128 -0.0379
17.2957 -13.0697 -7.0248 150 182 114 0.4520 0.2228 0.2249 0.2244 0.9903 -0.0454 -0.1180 -0.0569
18.8982 2.1499 0.4923 107 119 97 0.4451 0.2018 0.1978 0.2017 0.9984 -0.0550 -0.0125 -0.0083
17.2602 0.9879 -6.0595 170 175 182 0.4779 0.2201 0.2124 0.2261 0.9928 -0.1180 0.0192 0.0077
21.2800 -4.2750 1.7813 86 81 30 0.3838 0.1793 0.1887 0.1810 0.9938 -0.1009 -0.0210 -0.0417
21.7974 -3.1211 1.6332 44 53 42 0.4119 0.1808 0.1854 0.1904 0.9987 -0.0045 -0.0128 -0.0490
1.2449 -15.5396 -3.0111 179 201 140 0.4740 0.2189 0.2092 0.2149 0.9980 0.0263 0.0453 -0.0363
19.7960 2.9676 1.6191 44 72 23 0.3900 0.1865 0.1894 0.1889 0.9996 0.0194 0.0220 0.0018
21.3966 -5.6349 1.1297 101 121 46 0.4357 0.1888 0.2170 0.2020 0.9975 -0.0438 0.0541 0.0107
21.0717 -4.8935 1.0491 72 91 42 0.4276 0.1901 0.2004 0.1930 0.9972 -0.0421 0.0605 -0.0136
4.6814 -16.2917 -2.5242 70 82 64 0.4003 0.1888 0.1812 0.1943 0.9884 0.1043 0.1106 0.0042
20.3801 -3.6045 3.4946 92 110 20 0.4511 0.1985 0.2101 0.2065 0.9974 0.0430 -0.0473 -0.0339
17.8857 6.2078 0.7203 183 209 159 0.4844 0.2101 0.2108 0.2083 0.9997 -0.0045 0.0240 0.0087
3.1625 -16.0085 -2.8995 170 180 148 0.4884 0.2173 0.1952 0.2142 0.9964 0.0847 0.0008 -0.0102
20.9797 3.8333 0.9494 93 143 39 0.4240 0.1850 0.1919 0.1844 0.9972 0.0077 -0.0231 -0.0712
20.1229 7.8322 0.4616 97 120 83 0.4200 0.1937 0.1905 0.1895 0.9962 0.0346 0.0374 0.0700
1.4624 -19.1790 -2.7938 131 157 109 0.4404 0.2104 0.2116 0.2146 0.9977 -0.0029 -0.0630 0.0248
-36.9354 -5.2267 -8.2834 143 165 96 0.4477 0.1944 0.2032 0.1937 0.9986 0.0505 0.0030 -0.0184
4.4154 -15.5011 -3.8782 127 130 122 0.4264 0.2089 0.1931 0.2090 0.9852 0.1348 -0.0713 -0.0786
21.1292 6.8063 0.8350 71 84 45 0.3996 0.1876 0.1869 0.1881 0.9990 -0.0013 -0.0383 -0.0248
20.0996 6.3378 0.8558 133 143 101 0.4596 0.1983 0.1940 0.1912 0.9980 0.0097 0.0438 0.0439
19.1173 6.0890 0.7918 198 215 180 0.4985 0.2090 0.2101 0.2047 0.9976 -0.0574 -0.0387 -0.0090
20.9773 -2.2006 0.6926 81 94 78 0.4248 0.1914 0.1942 0.1944 0.9983 -0.0356 -0.0178 0.0430
19.4014 5.3410 0.4512 121 136 86 0.4332 0.1981 0.2029 0.1968 0.9989 0.0143 -0.0430 -0.0079
21.7754 5.3176 1.1124 125 151 77 0.4413 0.1937 0.1939 0.1932 0.9971 0.0615 -0.0132 0.0426
21.4694 -3.4863 1.8951 41 41 20 0.4192 0.1856 0.1873 0.1875 0.9995 0.0177 0.0060 -0.0249
21.6781 -4.2960 0.8507 17 32 10 0.4195 0.1878 0.1882 0.1945 0.9987 -0.0117 0.0500 0.0053
19.7086 2.8880 -0.3372 81 94 68 0.4015 0.1962 0.1986 0.1981 0.9971 0.0221 0.0161 0.0708
21.3513 4.7026 1.0605 70 91 14 0.4113 0.1866 0.1857 0.1844 0.9990 0.0377 0.0223 0.0047
-36.3902 -7.6455 -6.6385 195 213 150 0.4936 0.2002 0.2037 0.2047 0.9992 0.0043 -0.0270 0.0306
-6.6551 9.6666 -9.4649 233 255 227 0.5312 0.2186 0.2188 0.2203 0.9917 -0.0117 -0.1112 -0.0631
14.6725 -8.8741 -4.2077 195 205 194 0.4990 0.2257 0.2160 0.2243 0.9906 0.1288 0.0426 0.0196
22.0719 2.6514 1.2043 127 157 93 0.4367 0.1951 0.2007 0.1951 0.9988 -0.0213 -0.0435 0.0086
21.4019 2.5153 1.6241 106 148 84 0.4544 0.1962 0.2030 0.1977 0.9977 -0.0046 0.0657 -0.0150
21.0284 2.5808 -0.1707 84 99 71 0.4068 0.1905 0.1936 0.1934 0.9996 0.0176 0.0204 0.0079
19.1189 1.9896 1.3718 134 144 120 0.4532 0.2031 0.2026 0.1939 0.9928 0.0653 0.0983 0.0180
14.3950 -14.5207 2.8573 118 133 56 0.4343 0.2081 0.2016 0.2083 0.9971 0.0733 0.0106 0.0180
13.6747 -12.7143 4.5533 69 98 26 0.4631 0.2080 0.2069 0.2122 0.9971 0.0168 -0.0295 -0.0685
14.3203 -13.7106 4.9204 104 128 73 0.4018 0.2150 0.1970 0.2043 0.9961 0.0172 0.0475 -0.0722
13.6216 -13.8942 5.0884 80 105 51 0.4388 0.2159 0.2086 0.2123 0.9984 0.0217 0.0257 -0.0447
20.0143 1.1021 3.5155 157 165 135 0.4990 0.2047 0.2117 0.2119 0.9994 0.0289 0.0026 0.0208
22.1304 -7.2260 6.0467 132 138 118 0.4624 0.2037 0.2110 0.2089 0.9971 -0.0695 -0.0315 0.0008
21.8580 1.0966 4.5498 99 115 65 0.4396 0.1957 0.1945 0.2061 0.9963 -0.0812 0.0033 -0.0270
15.2762 -12.8215 4.9139 98 125 60 0.4022 0.2021 0.1985 0.1931 0.9974 -0.0250 0.0603 0.0313
22.0316 -0.4555 3.2876 99 118 70 0.4285 0.1891 0.2024 0.1948 0.9890 0.0755 -0.0413 0.1204
15.2000 -11.4733 0.3260 103 109 89 0.4393 0.2040 0.1943 0.2040 0.9923 -0.0835 0.0711 -0.0572
23.2808 -7.2225 4.1574 51 68 26 0.3953 0.1890 0.1880 0.1902 0.9983 -0.0330 0.0011 -0.0487
17.2036 -10.3717 3.9101 121 144 90 0.4404 0.2109 0.2084 0.1998 0.9866 0.1094 0.1214 -0.0036
22.4967 -0.4855 3.8032 86 103 53 0.4087 0.1869 0.2002 0.2023 0.9972 -0.0334 0.0143 0.0657
22.6785 -7.2411 4.3436 68 84 44 0.4213 0.1912 0.1895 0.1909 0.9996 0.0041 -0.0218 -0.0196
21.9867 -6.9288 4.5043 98 114 67 0.4401 0.1953 0.1963 0.1906 0.9978 -0.0161 0.0241 0.0596
22.3690 -7.2696 4.1882 84 100 41 0.4370 0.1983 0.1895 0.1912 0.9992 0.0170 -0.0245 -0.0282
14.2550 -14.8126 5.1169 85 111 39 0.4168 0.2071 0.1922 0.1983 0.9985 0.0049 0.0533 -0.0084
15.5983 -14.3299 5.4512 85 89 47 0.3451 0.1821 0.1781 0.1776 0.9928 -0.0047 0.1056 -0.0565
23.7164 -7.3122 5.4424 141 156 96 0.4794 0.2071 0.2051 0.2089 0.9989 0.0116 -0.0161 -0.0425
10.2584 -12.0242 6.8038 108 134 109 0.5184 0.2198 0.2086 0.2247 0.9815 -0.1582 -0.0950 -0.0514
8.7509 -9.9678 6.2796 134 164 139 0.5144 0.2293 0.2258 0.2296 0.9882 -0.0735 -0.0802 -0.1074
14.9935 -15.4031 5.4872 34 50 3 0.4388 0.1937 0.1945 0.1918 0.9997 0.0116 0.0220 -0.0015
21.9418 -7.5565 5.4825 75 88 54 0.4322 0.1997 0.2071 0.1968 0.9969 -0.0324 -0.0184 -0.0699
15.4503 -15.5153 4.5964 27 47 6 0.4329 0.1917 0.1915 0.1932 0.9997 0.0102 0.0200 -0.0021
21.9196 -6.1598 6.0476 110 118 86 0.4689 0.2034 0.2066 0.1998 0.9985 0.0150 0.0186 0.0499
13.6789 -10.5724 5.1470 140 162 133 0.5265 0.2253 0.2168 0.2248 0.9904 -0.0384 -0.0516 -0.1224
15.3010 -13.9505 5.8376 93 99 73 0.3079 0.1781 0.1762 0.1766 0.9921 -0.0033 0.0822 -0.0944
17.7218 24.1455 -3.0897 133 153 111 0.4433 0.1966 0.2047 0.2012 0.9993 -0.0027 0.0297 0.0214
10.2662 45.7171 -6.1030 235 228 165 0.5152 0.2010 0.2034 0.2076 0.9998 -0.0148 0.0150 -0.0038
14.3132 -15.0503 5.4646 68 85 25 0.4235 0.2031 0.1909 0.1931 0.9988 -0.0106 0.0458 0.0143
15.3691 -13.2299 5.8547 57 82 42 0.4000 0.1928 0.1862 0.1936 0.9921 0.0522 0.0666 -0.0924
21.3948 -6.0863 6.0335 129 139 101 0.4942 0.2083 0.2060 0.2135 0.9930 -0.0751 -0.0887 0.0195
21.5396 -7.0841 2.7440 114 148 57 0.4531 0.2140 0.2047 0.2136 0.9842 0.1334 -0.1164 0.0060
1.5376 -12.3540 2.6855 127 124 117 0.4879 0.2285 0.2258 0.2316 0.9980 0.0041 -0.0480 0.0406
23.7269 -7.9718 3.7818 91 127 52 0.4460 0.2092 0.2122 0.2137 0.9996 -0.0206 0.0124 0.0127
19.1825 23.5787 -1.3148 178 212 186 0.4947 0.2067 0.2085 0.2023 0.9983 0.0073 -0.0406 0.0419
23.1557 -7.1859 3.9813 48 69 21 0.3899 0.1871 0.1894 0.1935 0.9998 -0.0131 -0.0178 -0.0017
21.6608 2.0494 4.0478 120 142 79 0.4375 0.1967 0.1940 0.2056 0.9942 -0.1068 0.0010 0.0102
9.8417 54.3632 -9.3852 153 141 90 0.4295 0.1950 0.1909 0.1876 0.9992 -0.0258 0.0251 -0.0151
-1.3878 -12.1036 2.9233 47 63 14 0.4100 0.2059 0.2035 0.2045 0.9981 -0.0236 0.0484 0.0304
16.0119 -15.8684 4.6410 100 111 64 0.4342 0.1924 0.2053 0.1979 0.9952 0.0519 -0.0103 0.0825
14.4238 -16.0120 4.5644 73 99 44 0.4225 0.2024 0.1996 0.1991 0.9960 -0.0378 0.0549 0.0596
15.7942 29.6456 -1.6901 135 146 134 0.4448 0.1978 0.1979 0.1991 0.9997 0.0240 0.0018 0.0024
-3.0371 -9.0217 0.8892 92 115 50 0.4006 0.1971 0.1925 0.1923 0.9985 -0.0100 -0.0188 -0.0506
26.1297 7.8023 -6.8967 143 152 159 0.4553 0.2141 0.2121 0.2139 0.9989 0.0105 -0.0189 -0.0422
-18.3500 2.2402 -6.2693 193 213 184 0.4964 0.1986 0.2069 0.2030 0.9999 -0.0065 -0.0048 0.0106
10.5081 3.6725 -6.2230 255 255 255 0.5884 0.2402 0.2357 0.2455 0.9809 -0.1776 0.0234 -0.0762
12.8856 -7.9802 -5.3076 211 223 231 0.5140 0.2213 0.2148 0.2246 0.9958 0.0554 -0.0510 -0.0520
12.1086 -6.3983 -2.8791 204 221 227 0.5174 0.2262 0.2234 0.2332 0.9961 0.0280 -0.0552 -0.0626
17.8229 -6.3197 4.9530 98 122 53 0.4994 0.2153 0.2156 0.2157 0.9990 0.0053 0.0004 -0.0442
7.2136 19.4277 0.1728 86 105 37 0.4052 0.1888 0.1919 0.1856 0.9956 -0.0794 -0.0353 0.0359
10.6405 11.2104 0.7204 169 234 189 0.4971 0.2112 0.2087 0.2114 0.9988 0.0116 -0.0088 0.0460
11.5311 -16.1812 7.0620 137 152 80 0.4887 0.2065 0.2140 0.2122 0.9804 0.0217 -0.1646 -0.1059
4.7845 11.5209 -0.6640 255 255 255 0.5472 0.2120 0.2120 0.2158 0.9796 0.0358 -0.1534 -0.1251
11.6434 -14.6826 6.6575 89 108 52 0.4690 0.2059 0.1979 0.2016 0.9875 -0.1044 0.0965 0.0688
12.2363 -16.6975 6.4135 113 121 76 0.4579 0.2025 0.1971 0.2063 0.9897 -0.0638 -0.1130 0.0611
7.5095 -16.8951 3.9453 178 207 155 0.5126 0.2345 0.2367 0.2424 0.9967 -0.0193 -0.0720 0.0313
9.5640 -15.4167 3.6286 204 234 187 0.5255 0.2436 0.2337 0.2412 0.9969 0.0018 -0.0265 -0.0742
10.7040 -16.3060 6.2538 148 165 108 0.4789 0.2075 0.2094 0.2018 0.9874 0.0437 0.1128 -0.1023
12.6855 -14.8205 6.3240 138 162 101 0.4858 0.2071 0.2098 0.2026 0.9908 0.0892 0.0834 -0.0585
12.3308 -16.1264 5.1746 115 137 73 0.4726 0.2091 0.2087 0.2127 0.9955 -0.0221 -0.0877 0.0286
11.5357 -15.9555 6.1309 102 112 72 0.4649 0.2043 0.1964 0.1984 0.9955 -0.0063 0.0723 0.0613
8.3862 -16.9609 3.5140 158 178 148 0.4828 0.2214 0.2283 0.2329 0.9899 -0.0125 0.1142 0.0831
10.5207 -14.8113 3.3105 186 199 135 0.5213 0.2428 0.2350 0.2386 0.9977 -0.0059 -0.0114 -0.0659
11.5094 -16.4911 6.2679 124 139 80 0.4657 0.1992 0.2041 0.2045 0.9888 0.0158 -0.1173 -0.0913
11.7450 -16.8822 4.0459 116 151 77 0.4334 0.2232 0.2232 0.2216 0.9997 0.0029 0.0257 0.0006
7.9249 10.9775 -1.3029 153 206 166 0.4750 0.2076 0.2106 0.2153 0.9951 -0.0171 -0.0870 -0.0444
10.6727 -16.0076 4.9421 157 182 96 0.4775 0.2253 0.2199 0.2225 0.9948 -0.0902 -0.0092 0.0468
-11.6420 11.1598 -2.5230 174 244 166 0.4955 0.2202 0.2158 0.2152 0.9929 0.0970 0.0481 0.0490
3.6388 -13.4823 3.0858 221 239 213 0.5374 0.2366 0.2406 0.2430 0.9988 -0.0298 0.0262 -0.0276
-9.5585 10.1542 -3.8600 247 255 232 0.5460 0.2275 0.2124 0.2228 0.9793 -0.1245 0.0610 0.1477
-2.5364 -9.6401 3.8640 74 79 33 0.4116 0.2028 0.2049 0.2120 0.9960 -0.0274 -0.0841 -0.0099
18.5304 -10.5254 -0.2478 188 210 173 0.4987 0.2208 0.2126 0.2113 0.9984 0.0082 0.0567 0.0043
13.9497 -5.7091 -6.8140 255 255 234 0.5363 0.2246 0.2218 0.2225 0.9982 -0.0430 0.0009 -0.0426
-2.0090 -8.7935 4.1578 134 137 84 0.4683 0.2154 0.2208 0.2219 0.9990 0.0339 -0.0283 0.0114
-1.5427 -7.3461 2.9060 94 86 61 0.4051 0.1916 0.1929 0.1833 0.9922 -0.0091 -0.1186 -0.0376
11.6962 -6.2305 -8.0036 255 255 255 0.5497 0.2374 0.2303 0.2379 0.9879 0.0789 -0.0706 -0.1132
1.5450 -9.5797 2.6477 211 217 222 0.5970 0.2402 0.2395 0.2347 0.9900 -0.0978 -0.0839 -0.0579
-0.8453 -6.6244 2.1026 137 124 96 0.4955 0.2032 0.2094 0.1967 0.9974 -0.0437 -0.0449 0.0347
-0.5713 -8.4529 2.0306 85 82 43 0.3814 0.1885 0.1851 0.1842 0.9962 0.0635 0.0393 -0.0456
2.5251 -11.7940 -3.4676 200 180 175 0.5170 0.2225 0.2271 0.2264 0.9905 0.0229 0.0415 -0.1292
19.1556 -7.9118 -7.6953 154 182 116 0.4554 0.2163 0.2145 0.2155 0.9974 -0.0018 -0.0522 0.0486
31.2821 -4.0206 -7.1468 170 194 123 0.4652 0.2117 0.2199 0.2169 0.9919 0.0758 0.0829 0.0584
-1.7237 -9.3549 0.5697 85 84 82 0.4148 0.1865 0.1931 0.1988 0.9946 0.0890 -0.0014 0.0525
-1.0867 -5.3794 1.3097 255 253 248 0.5753 0.2256 0.2315 0.2237 0.9880 -0.1135 0.0546 -0.0898
20.6801 -6.4341 -4.6214 78 93 67 0.4059 0.1977 0.2033 0.1993 0.9965 0.0270 0.0014 -0.0792
-0.2204 -7.0822 2.4821 127 124 95 0.4681 0.1963 0.2034 0.2098 0.9841 0.1186 0.1321 -0.0040
-1.5790 -8.9314 1.4619 35 32 28 0.4013 0.1850 0.1888 0.1872 0.9996 0.0124 -0.0096 -0.0221
2.9294 -11.6605 -3.9254 222 212 214 0.5305 0.2198 0.2279 0.2259 0.9947 0.0630 0.0304 -0.0749
0.7270 -7.7177 2.1288 173 176 164 0.5403 0.2221 0.2108 0.2078 0.9882 -0.0709 -0.1158 0.0703
21.4682 -6.0547 -8.6199 154 159 151 0.4602 0.2081 0.2118 0.2106 0.9987 0.0243 0.0379 0.0246
-2.2937 -5.4613 2.4779 228 234 156 0.5180 0.2225 0.2364 0.2212 0.9952 -0.0195 0.0568 0.0776
20.8569 -7.7139 -9.1896 125 111 102 0.4230 0.2085 0.2130 0.2120 0.9991 -0.0225 0.0343 -0.0132
-2.7447 -7.7635 0.9985 68 81 24 0.4102 0.1963 0.1962 0.1945 0.9967 -0.0696 0.0320 0.0260
25.0028 -8.6072 -7.7177 121 132 103 0.4278 0.2073 0.2103 0.2038 0.9955 0.0755 -0.0454 0.0347
9.5288 -15.3423 -3.1149 255 255 251 0.5656 0.2373 0.2329 0.2404 0.9936 -0.0319 -0.0752 0.0783
-2.0933 -7.8661 2.2682 53 64 36 0.3900 0.1822 0.1862 0.1812 0.9963 0.0636 -0.0433 -0.0394
-1.2534 -5.9098 2.0565 119 96 80 0.4428 0.1974 0.2091 0.1992 0.9932 -0.0560 0.0737 0.0706
10.4492 -14.8592 -3.2857 255 255 255 0.5935 0.2486 0.2407 0.2455 0.9883 -0.0447 -0.1317 0.0624
0.4924 -8.3807 2.3763 130 129 111 0.5015 0.2092 0.1967 0.2011 0.9871 0.1312 -0.0898 -0.0208
-0.3015 -7.2491 1.5513 190 174 140 0.5259 0.2148 0.2106 0.2231 0.9858 0.1665 0.0103 -0.0182
9.0459 -16.6069 -2.7308 208 255 195 0.5118 0.2339 0.2256 0.2354 0.9975 0.0487 -0.0513 0.0064
-3.1054 -7.5492 2.6715 180 179 103 0.4679 0.2183 0.2092 0.2110 0.9966 -0.0226 -0.0476 0.0641
-0.1251 -8.0953 2.1942 143 114 107 0.4474 0.1983 0.1906 0.1910 0.9930 0.0648 -0.0870 -0.0463
8.4384 -17.2032 -2.8829 209 240 191 0.5099 0.2312 0.2252 0.2271 0.9994 -0.0191 -0.0291 0.0079
28.6827 -6.1516 -7.3296 180 192 185 0.4843 0.2091 0.2154 0.2120 0.9868 0.0994 0.0679 0.1085
26.4330 -5.2054 -5.4691 113 122 115 0.4329 0.2058 0.2115 0.2105 0.9913 0.0785 0.0746 0.0754
21.7809 -3.4026 -3.2732 66 74 45 0.3954 0.1941 0.1991 0.1958 0.9987 0.0393 -0.0160 0.0284
-0.9454 -6.5466 2.0643 118 101 84 0.4551 0.2012 0.1989 0.1902 0.9942 -0.0004 -0.1057 -0.0218
-0.0405 -8.5428 2.4994 139 129 95 0.4616 0.2022 0.2041 0.1941 0.9889 -0.1339 -0.0566 -0.0297
20.2519 -3.5938 -4.9971 103 114 93 0.4281 0.2007 0.2008 0.2083 0.9891 -0.1381 0.0513 0.0035
-1.2489 -8.4635 2.3023 97 85 62 0.4649 0.2033 0.1980 0.1931 0.9910 0.0102 -0.1326 -0.0172
-2.0155 -8.1533 2.4880 72 72 53 0.3899 0.1904 0.1864 0.1828 0.9976 0.0378 -0.0568 -0.0083
-1.0766 -4.6769 2.7270 213 213 196 0.5600 0.2331 0.2337 0.2308 0.9948 -0.0045 -0.0672 -0.0763
-2.0722 -7.9718 2.2523 60 63 45 0.3999 0.1835 0.1883 0.1828 0.9980 0.0213 -0.0471 -0.0355
19.4463 -4.5195 -3.8115 91 112 90 0.4304 0.2015 0.1998 0.2073 0.9962 -0.0820 0.0065 0.0288
-1.6004 -7.2768 3.0491 108 90 72 0.4052 0.1946 0.1938 0.1849 0.9898 -0.0089 -0.1412 -0.0155
-1.7799 -8.8444 2.5830 57 57 31 0.4813 0.2018 0.1993 0.1989 0.9983 0.0385 0.0412 -0.0140
18.7180 -9.5465 -2.5135 107 129 96 0.4275 0.2089 0.2098 0.2075 0.9953 -0.0916 -0.0098 0.0296
8.9415 -18.8013 -2.8227 214 255 196 0.5187 0.2330 0.2285 0.2357 0.9981 0.0500 -0.0059 -0.0352
18.7726 -18.1074 -9.4483 157 175 176 0.4692 0.2102 0.2158 0.2185 0.9793 -0.0423 0.1660 -0.1078
-0.2391 6.1452 -2.9784 235 255 255 0.5943 0.2345 0.2131 0.2332 0.9722 -0.2186 -0.0747 -0.0397
17.0117 20.0683 -1.3840 162 176 137 0.4710 0.2043 0.2074 0.2018 0.9981 -0.0034 -0.0411 0.0459
6.5294 31.5549 -8.4767 222 255 255 0.5509 0.2178 0.2165 0.2151 0.9979 -0.0404 -0.0485 -0.0125
12.7264 -8.7545 1.4798 200 218 201 0.5258 0.2223 0.2198 0.2257 0.9855 0.0611 -0.1202 -0.1032
11.2427 15.7780 0.6268 177 197 160 0.4786 0.2017 0.2081 0.1989 0.9978 0.0069 -0.0009 0.0666
-3.0940 -2.7721 8.5328 212 238 203 0.5034 0.2058 0.2112 0.1974 0.9977 -0.0651 -0.0183 0.0023
-4.3604 -2.8095 8.3899 255 255 255 0.5949 0.2207 0.2177 0.2189 0.9938 -0.0888 -0.0207 -0.0638
-2.4169 -2.2564 9.4389 171 179 160 0.4942 0.2032 0.2009 0.2010 0.9961 0.0277 0.0296 0.0780
26.8670 12.8826 0.7441 157 182 173 0.4730 0.2033 0.2068 0.2013 0.9980 0.0513 0.0020 0.0377
9.0551 7.2572 -0.6241 144 151 130 0.4643 0.2218 0.2090 0.2125 0.9985 0.0337 0.0421 -0.0058
8.7384 5.8417 1.9368 163 171 123 0.5108 0.2059 0.2114 0.2112 0.9845 -0.0573 -0.1342 -0.0973
8.9937 -0.4300 1.9476 207 229 255 0.5825 0.2393 0.2473 0.2521 0.9948 0.0926 0.0412 -0.0041
10.3193 7.9580 1.2535 221 217 198 0.5226 0.2089 0.2157 0.2089 0.9885 -0.0367 0.0467 -0.1389
9.6820 7.1275 -0.7820 127 138 130 0.4439 0.2006 0.2018 0.2068 0.9899 0.0449 -0.1213 -0.0574
8.0667 6.3072 -1.9710 198 211 217 0.5197 0.2187 0.2136 0.2289 0.9892 -0.0817 0.1215 -0.0092
10.3017 4.5706 1.8519 120 150 122 0.4564 0.1957 0.1992 0.2037 0.9965 -0.0588 -0.0590 -0.0101
10.9409 4.7332 -0.9090 85 96 92 0.4398 0.1992 0.1998 0.2127 0.9972 -0.0589 -0.0091 -0.0459
7.3665 -2.7833 0.0392 236 255 255 0.5635 0.2314 0.2328 0.2472 0.9892 -0.0208 -0.0440 -0.1379
21.9995 -0.7823 -0.9150 53 74 44 0.3945 0.1898 0.1909 0.1955 0.9984 -0.0312 0.0409 -0.0244
5.6792 -0.2877 0.3439 255 255 255 0.5984 0.2435 0.2442 0.2449 0.9935 -0.0183 0.0843 -0.0745
21.8149 0.9606 0.9220 118 139 115 0.4406 0.1965 0.2046 0.2072 0.9971 -0.0122 0.0633 0.0395
9.7832 7.1545 1.0925 155 146 129 0.4800 0.1969 0.1996 0.2022 0.9977 -0.0207 -0.0640 0.0057
11.6885 3.9995 -2.0384 163 166 174 0.4662 0.2195 0.2102 0.2281 0.9769 -0.1644 -0.1362 0.0037
6.1594 -5.5799 -0.9853 255 255 255 0.6044 0.2371 0.2483 0.2468 0.9740 0.0716 -0.0346 -0.2121
8.7186 2.7961 -3.9212 255 255 255 0.5349 0.2320 0.2319 0.2405 0.9754 -0.1726 0.0740 -0.1153
19.4213 1.7413 -0.4625 176 185 182 0.4803 0.2146 0.2134 0.2097 0.9958 0.0681 0.0183 -0.0579
14.9329 4.4832 1.0796 182 187 171 0.4997 0.2207 0.2045 0.2130 0.9868 -0.0618 0.1421 0.0468
11.6808 4.3290 -1.2931 86 99 92 0.4361 0.1989 0.1947 0.2060 0.9986 -0.0182 -0.0380 -0.0315
19.3380 0.0724 -1.4350 184 191 203 0.4954 0.2210 0.2068 0.2344 0.9655 -0.2401 -0.0580 -0.0821
19.8567 0.4157 -0.5527 129 143 133 0.4338 0.2012 0.1983 0.2078 0.9962 -0.0695 -0.0531 -0.0045
18.2904 0.6973 -0.6755 147 150 165 0.4825 0.2174 0.2072 0.2127 0.9918 -0.0076 0.0695 -0.1073
1.1241 -3.9238 0.8038 225 223 255 0.5480 0.2444 0.2475 0.2483 0.9859 -0.0300 -0.1357 -0.0932
-1.9734 -9.5672 1.0685 73 80 56 0.3898 0.1897 0.1927 0.1874 0.9916 -0.1173 0.0123 0.0537
9.7826 5.5896 2.3791 88 105 77 0.4303 0.1969 0.1895 0.1939 0.9994 0.0273 0.0206 -0.0097
10.2826 5.0940 2.2278 82 96 69 0.4139 0.1931 0.1924 0.1954 0.9968 0.0142 -0.0662 0.0421
13.1908 4.2973 1.8543 114 134 129 0.4704 0.2097 0.2051 0.2141 0.9989 -0.0190 -0.0413 -0.0129
9.6805 6.3259 1.8612 114 123 77 0.4541 0.1975 0.1978 0.1954 0.9999 -0.0101 -0.0008 -0.0125
10.1536 6.0205 -0.8430 137 149 160 0.4691 0.2132 0.2088 0.2146 0.9958 -0.0789 -0.0445 -0.0117
2.2881 -4.8060 -0.2463 255 255 255 0.5863 0.2494 0.2525 0.2523 0.9896 -0.0471 -0.1211 -0.0616
11.8000 5.9520 2.3281 144 156 114 0.4499 0.2055 0.1989 0.2055 0.9956 0.0277 0.0252 0.0859
10.8555 4.1662 1.8638 90 126 113 0.4614 0.2005 0.2072 0.2081 0.9939 0.0581 -0.0924 -0.0178
1.5836 -10.1228 -2.0485 181 255 255 0.4882 0.2112 0.2168 0.2269 0.9879 0.0400 -0.1079 -0.1036
5.4294 1.3485 -1.5434 255 255 243 0.5775 0.2360 0.2418 0.2385 0.9961 -0.0750 -0.0321 -0.0351
22.3043 0.0179 0.4327 119 138 123 0.4405 0.2007 0.2067 0.2107 0.9970 -0.0526 0.0560 0.0092
11.5268 6.5963 2.6993 201 205 160 0.4921 0.2039 0.2091 0.2119 0.9990 -0.0176 -0.0221 -0.0342
6.0768 -5.2190 -3.2001 255 255 255 0.5658 0.2377 0.2416 0.2409 0.9863 -0.0558 0.0785 -0.1338
11.0164 -0.5665 -2.8431 231 230 237 0.5354 0.2341 0.2299 0.2434 0.9674 -0.2222 0.0803 -0.0915
10.2465 0.0504 -3.0202 255 255 255 0.5348 0.2355 0.2349 0.2434 0.9757 -0.1763 0.1102 -0.0686
9.3821 -1.2062 -1.4534 255 255 255 0.5661 0.2366 0.2366 0.2446 0.9958 -0.0093 0.0281 -0.0869
8.4227 -1.8821 -1.3459 246 247 255 0.5690 0.2369 0.2344 0.2463 0.9994 0.0175 -0.0275 -0.0080
8.4109 2.5211 -0.5690 255 255 255 0.6029 0.2431 0.2429 0.2534 0.9925 -0.0391 0.0556 -0.1014
19.1004 -20.7826 -0.5309 140 179 90 0.4458 0.2057 0.2071 0.2066 0.9970 -0.0588 0.0051 -0.0501
13.3626 2.4731 -2.3506 216 255 255 0.5239 0.2330 0.2232 0.2342 0.9878 -0.1359 0.0478 -0.0597
8.4927 -1.2772 -2.5312 255 255 255 0.6009 0.2458 0.2416 0.2532 0.9952 -0.0460 0.0856 -0.0066
-0.2844 -17.4636 1.3248 150 192 109 0.4556 0.2112 0.2190 0.2169 0.9871 0.0124 -0.1253 0.0985
0.5359 -18.6710 2.4919 96 117 58 0.4039 0.1866 0.2000 0.1894 0.9941 0.0671 -0.0515 0.0673
0.9166 -18.0107 1.6504 172 205 124 0.4826 0.2173 0.2220 0.2227 0.9937 -0.0011 -0.1097 0.0206
1.3383 -18.6448 2.1088 149 185 101 0.4603 0.2240 0.2202 0.2199 0.9939 -0.0121 0.0347 -0.1044
0.2457 -18.4031 2.1599 121 151 76 0.4304 0.1946 0.1982 0.1915 0.9967 0.0727 0.0100 0.0349
-3.1632 -6.9471 1.1742 167 183 113 0.4801 0.2018 0.1980 0.2047 0.9924 0.1179 -0.0217 -0.0268
-2.1413 -6.0883 -0.0151 255 255 255 0.5650 0.2108 0.2275 0.2183 0.9876 -0.1092 -0.0581 0.0967
-1.3892 -6.7986 -1.3711 213 232 231 0.5233 0.2164 0.2221 0.2304 0.9843 0.1282 -0.1189 -0.0246
15.5123 -12.8213 3.0139 88 90 45 0.4170 0.1927 0.1961 0.1921 0.9997 0.0141 0.0002 -0.0197
0.2343 -16.5890 5.3261 197 223 154 0.5042 0.2088 0.2149 0.2081 0.9989 0.0230 0.0330 -0.0255
13.9251 0.9914 1.5653 183 192 255 0.5195 0.2300 0.2168 0.2356 0.9631 -0.2037 -0.1432 -0.1017
1.4332 -18.5664 3.9396 92 117 59 0.4143 0.1901 0.1983 0.1981 0.9992 0.0159 -0.0368 -0.0041
1.7772 -18.9127 2.7313 123 165 67 0.4444 0.2075 0.2123 0.2155 0.9958 0.0359 -0.0718 0.0450
0.3617 -17.3556 3.7749 101 131 62 0.4194 0.1873 0.2029 0.2025 0.9985 -0.0457 -0.0300 -0.0079
14.9561 -11.3255 3.2194 129 150 75 0.4862 0.2090 0.2095 0.2123 0.9890 -0.0442 -0.1399 0.0164
2.1162 -6.1819 5.7324 200 255 237 0.5600 0.2363 0.2411 0.2439 0.9826 -0.0391 0.0796 -0.1630
8.9592 5.2840 5.3778 119 152 88 0.5007 0.2072 0.2117 0.2204 0.9922 0.0319 -0.1202 0.0022
8.2064 5.6938 4.7056 108 149 73 0.4821 0.2040 0.2104 0.2177 0.9934 0.0363 -0.1087 0.0003
13.0741 3.3519 4.8466 87 89 78 0.5349 0.2114 0.2114 0.2082 0.9971 -0.0346 0.0537 -0.0414
4.8265 3.6516 3.3720 180 190 153 0.4921 0.2043 0.2166 0.2212 0.9891 0.0726 -0.1194 -0.0463
12.5387 3.7498 4.4357 85 89 80 0.5112 0.2108 0.2070 0.2042 0.9938 -0.0528 0.0953 0.0200
11.7424 2.0429 0.7443 187 205 221 0.5362 0.2346 0.2239 0.2327 0.9948 -0.0499 -0.0155 -0.0876
13.0747 4.3407 4.3955 79 88 58 0.4773 0.2028 0.2035 0.1987 0.9972 -0.0333 0.0559 -0.0365
13.5165 4.4188 2.7476 73 98 74 0.4437 0.1972 0.1953 0.1985 0.9976 0.0242 -0.0591 -0.0262
13.2907 4.9620 4.2509 55 62 33 0.4775 0.1995 0.2027 0.2062 0.9995 0.0201 -0.0259 -0.0021
12.4570 3.9449 2.9849 86 104 68 0.4484 0.2038 0.1983 0.2038 0.9915 0.0878 -0.0453 -0.0841
11.7795 3.3935 4.1235 91 100 70 0.5090 0.2123 0.2038 0.2091 0.9937 0.0820 0.0637 -0.0427
-8.4450 -15.8593 -5.1033 216 233 233 0.5247 0.2211 0.2195 0.2191 0.9945 -0.0147 0.0772 -0.0698
12.2356 1.4055 0.5706 188 198 217 0.5398 0.2296 0.2275 0.2402 0.9773 -0.1614 0.0756 -0.1142
-0.1470 -3.1382 -1.7339 255 255 255 0.6831 0.2468 0.2510 0.2482 0.9967 -0.0078 0.0049 -0.0803
12.3154 2.6525 2.8994 92 108 93 0.4761 0.2119 0.2075 0.2108 0.9980 -0.0008 0.0115 -0.0616
6.1334 -1.9173 2.1049 255 255 255 0.6151 0.2350 0.2423 0.2471 0.9874 0.0702 0.0070 -0.1415
0.2952 -11.5320 0.1130 221 221 215 0.5302 0.2245 0.2243 0.2304 0.9954 0.0116 -0.0703 -0.0647
-7.0026 -15.2001 -1.3183 126 151 63 0.4256 0.2059 0.2107 0.2058 0.9966 -0.0008 0.0224 0.0789
6.8932 2.2077 2.1534 255 255 255 0.5959 0.2363 0.2361 0.2452 0.9975 -0.0347 -0.0090 -0.0613
18.1156 -13.1951 1.8620 104 119 84 0.4416 0.1973 0.2099 0.2105 0.9953 0.0741 -0.0596 -0.0193
13.9851 3.1423 4.4861 121 121 105 0.5094 0.2068 0.2070 0.2035 0.9966 -0.0222 0.0696 -0.0379
10.8645 0.1161 -0.5901 171 178 196 0.5248 0.2254 0.2305 0.2349 0.9928 -0.0481 0.0652 -0.0881
16.8828 -14.1914 1.6546 120 148 93 0.4448 0.2148 0.2134 0.2134 0.9988 -0.0427 -0.0077 0.0230
17.9407 -13.9519 1.2316 121 136 76 0.4402 0.2116 0.2104 0.2131 0.9963 0.0178 -0.0743 0.0397
15.7393 -12.0764 0.0595 97 109 81 0.4205 0.1962 0.1943 0.1999 0.9958 0.0816 0.0076 0.0413
17.9960 -13.5701 -1.0846 115 123 96 0.4302 0.2131 0.2104 0.2128 0.9952 -0.0250 -0.0712 0.0618
13.8579 -13.3019 -0.3021 128 153 94 0.4387 0.2147 0.2048 0.2136 0.9946 0.0793 -0.0656 -0.0107
16.1205 -12.5913 0.4955 48 51 50 0.4021 0.1920 0.1969 0.1944 0.9985 0.0531 -0.0130 0.0031
15.6026 -13.5979 1.6763 72 88 41 0.4178 0.2040 0.1988 0.2032 0.9989 0.0408 0.0135 -0.0175
20.9317 -7.6550 -3.3461 75 94 69 0.4106 0.1959 0.2062 0.2017 0.9942 -0.0510 0.0129 -0.0935
-2.1659 -28.4032 0.6090 79 91 55 0.4040 0.1936 0.1941 0.1881 0.9978 0.0435 -0.0486 0.0065
13.8884 -12.2595 1.0848 93 113 61 0.4463 0.2018 0.2046 0.2002 0.9945 -0.0781 -0.0004 -0.0704
10.9025 2.3186 -1.1307 251 255 255 0.5489 0.2346 0.2292 0.2372 0.9977 0.0174 0.0273 -0.0595
15.4930 -12.2394 3.4497 144 158 93 0.4519 0.2108 0.2104 0.1967 0.9896 0.1027 0.0996 0.0171
-1.0054 -4.9155 -1.4495 255 255 255 0.6027 0.2403 0.2435 0.2418 0.9872 -0.0885 0.0308 -0.1290
15.7228 -11.4117 2.5063 124 138 61 0.4614 0.2139 0.2046 0.2016 0.9974 0.0044 0.0666 0.0260
16.4753 -12.3776 1.7008 89 107 51 0.4220 0.2002 0.2051 0.1939 0.9977 0.0103 0.0313 -0.0594
16.0725 -11.2068 1.8242 80 94 46 0.4397 0.2037 0.1986 0.1887 0.9828 0.1041 0.1520 -0.0142
21.2188 -3.2697 -2.3052 92 118 72 0.4146 0.1986 0.2011 0.2064 0.9970 -0.0487 0.0584 0.0157
15.1097 3.8403 3.4941 114 114 67 0.4884 0.2027 0.2032 0.2037 0.9990 -0.0200 -0.0374 -0.0108
7.7659 4.7158 3.3299 177 215 145 0.5239 0.2154 0.2179 0.2086 0.9872 -0.1196 0.0493 -0.0935
16.6242 2.9469 3.0027 122 140 121 0.4847 0.2037 0.2038 0.2102 0.9908 -0.0097 -0.1253 -0.0501
-2.8290 -29.1179 0.7178 98 114 70 0.4092 0.1911 0.1926 0.1911 0.9975 -0.0277 0.0545 -0.0368
-1.8605 -24.7809 0.3952 126 157 102 0.4354 0.2052 0.2077 0.2004 0.9989 0.0090 0.0186 0.0417
0.2279 -26.3515 1.3624 62 67 47 0.3883 0.1826 0.1886 0.1846 0.9945 0.0810 -0.0089 -0.0664
14.5353 3.0813 4.6970 143 135 100 0.5473 0.2095 0.2135 0.2162 0.9897 0.0584 -0.1294 -0.0184
16.0516 -13.2324 3.4385 143 151 90 0.4586 0.2111 0.2030 0.1942 0.9969 0.0065 0.0643 -0.0456
3.8492 -1.5416 -0.3344 255 255 255 0.6048 0.2364 0.2461 0.2402 0.9926 -0.0126 0.0758 -0.0943
15.5533 2.7305 4.0617 100 98 67 0.4985 0.2019 0.2041 0.2024 0.9983 0.0515 0.0210 -0.0157
15.3659 -5.0478 2.0927 196 216 255 0.5693 0.2501 0.2372 0.2509 0.9947 0.0759 -0.0064 -0.0688
14.2180 3.4656 2.9648 109 146 86 0.4607 0.2021 0.1964 0.2045 0.9888 -0.0055 -0.1481 -0.0149
15.9751 -9.5615 1.9374 141 158 92 0.4897 0.2059 0.2099 0.2074 0.9957 0.0413 -0.0824 -0.0057
21.6757 -7.8916 -2.8779 77 95 73 0.4120 0.1926 0.2021 0.2005 0.9997 -0.0237 -0.0032 0.0039
-2.6312 -28.6945 -0.4118 81 109 57 0.4035 0.1949 0.1962 0.1918 0.9995 0.0119 0.0117 0.0261
10.5638 4.4279 3.6593 109 146 84 0.4823 0.2101 0.2003 0.2039 0.9945 0.0551 0.0081 -0.0890
14.8021 2.2550 5.0597 154 147 121 0.5649 0.2221 0.2211 0.2235 0.9991 0.0330 -0.0233 -0.0150
16.9462 -11.0476 2.1778 101 111 67 0.4680 0.2049 0.1969 0.1999 0.9936 -0.0933 0.0333 -0.0545
16.7818 -11.3166 1.7252 52 67 30 0.4580 0.1965 0.1954 0.1934 0.9987 0.0368 -0.0219 -0.0289
17.6826 -4.4074 -1.8290 224 229 233 0.5300 0.2297 0.2314 0.2290 0.9986 -0.0315 -0.0407 -0.0140
16.0737 3.2443 3.5092 72 79 70 0.4427 0.2010 0.1988 0.2037 0.9995 0.0023 -0.0325 -0.0050
19.1178 -12.4497 -3.8165 131 157 86 0.4428 0.2201 0.2228 0.2205 0.9982 0.0067 -0.0568 -0.0159
14.7224 2.4806 4.8691 124 109 76 0.5814 0.2215 0.2179 0.2190 0.9972 0.0334 0.0139 -0.0652
17.2584 -11.3437 1.5445 128 144 102 0.4671 0.2007 0.2028 0.1937 0.9907 0.1190 -0.0062 -0.0658
19.9318 -6.9199 -2.4016 122 123 121 0.4366 0.2086 0.2067 0.2063 0.9932 -0.0523 -0.0425 0.0945
15.9821 3.5584 3.3462 117 137 120 0.4914 0.2035 0.2057 0.2089 0.9877 -0.0160 -0.1381 -0.0710
1.4667 -25.0452 1.1065 100 133 81 0.4226 0.1941 0.1992 0.1999 0.9989 -0.0149 -0.0439 0.0097
18.6668 -6.1659 -2.8992 133 142 119 0.4407 0.2071 0.1931 0.2048 0.9864 -0.0722 -0.1078 0.1004
17.8927 -4.1960 -2.5707 165 169 163 0.4706 0.2148 0.2096 0.2210 0.9921 -0.0879 0.0486 0.0752
10.1654 4.8757 3.4713 59 90 45 0.3904 0.1941 0.1945 0.1883 0.9941 -0.0705 0.0639 -0.0525
9.9136 5.1387 3.3758 34 61 29 0.4643 0.1988 0.2007 0.1959 0.9985 -0.0073 0.0365 -0.0399
10.3566 4.9751 2.8440 51 66 36 0.4459 0.1981 0.1923 0.1985 0.9995 -0.0223 -0.0169 0.0159
10.4343 5.0062 3.0040 64 75 51 0.4249 0.1964 0.1888 0.1926 0.9991 0.0304 0.0100 -0.0270
15.4004 3.6738 3.5314 92 106 75 0.4827 0.1997 0.1985 0.2029 0.9996 0.0158 -0.0188 0.0118
10.7356 4.5212 2.6360 86 112 92 0.4544 0.2003 0.2041 0.1933 0.9982 -0.0209 0.0554 0.0105
18.1261 -15.1656 1.5165 113 125 89 0.4558 0.2248 0.2245 0.2229 0.9903 0.0707 -0.1156 -0.0312
18.9263 -12.4681 -0.3742 173 194 160 0.4797 0.2237 0.2127 0.2190 0.9987 -0.0032 -0.0218 -0.0453
-4.4393 -31.4582 0.4501 83 97 65 0.4030 0.1924 0.1922 0.1954 0.9990 -0.0247 0.0088 -0.0369
17.1720 -4.9122 -2.4743 228 231 235 0.5418 0.2289 0.2237 0.2308 0.9963 0.0396 -0.0465 0.0606
16.0590 -10.8381 0.0844 135 146 115 0.4757 0.2107 0.2069 0.2080 0.9998 0.0012 -0.0161 -0.0083
20.7024 -21.1959 -6.1555 169 188 155 0.4714 0.2186 0.2035 0.2162 0.9949 0.0814 -0.0223 0.0553
10.0538 5.0443 3.1285 26 56 21 0.4599 0.1965 0.1973 0.1943 0.9996 -0.0163 0.0020 -0.0218
10.2981 4.3986 2.8384 39 61 30 0.4740 0.2016 0.2037 0.2029 0.9998 0.0015 -0.0064 -0.0192
10.3145 3.8468 2.6258 125 146 117 0.5052 0.2119 0.2111 0.2061 0.9963 -0.0627 0.0582 -0.0022
9.8508 4.6066 3.8826 94 118 71 0.4498 0.2030 0.1967 0.1948 0.9909 -0.0053 0.1153 -0.0699
10.3556 5.0429 2.9298 88 99 68 0.4301 0.1944 0.1914 0.1917 0.9986 0.0115 0.0250 -0.0454
10.5151 4.9577 2.7478 105 112 92 0.4276 0.1932 0.1914 0.1926 0.9980 0.0534 0.0229 -0.0250
18.5664 -12.9909 1.5042 131 151 106 0.4435 0.2140 0.2119 0.2110 0.9997 0.0230 -0.0036 -0.0086
17.6708 -11.7231 1.1781 166 182 140 0.4545 0.2070 0.2040 0.1929 0.9925 0.1051 0.0592 0.0194
17.0442 -15.3800 1.3818 126 157 85 0.4530 0.2244 0.2217 0.2174 0.9973 0.0312 0.0395 0.0530
16.9857 -12.0522 1.4098 132 143 100 0.4178 0.1972 0.1981 0.1895 0.9937 0.0868 0.0353 -0.0618
15.0902 3.0963 4.4459 135 116 76 0.5269 0.2131 0.2028 0.2090 0.9964 -0.0000 0.0374 -0.0755
15.2933 2.4029 4.6617 116 119 110 0.4827 0.2046 0.2043 0.2100 0.9990 -0.0001 0.0101 -0.0427
8.9547 0.3539 1.1768 231 241 255 0.5744 0.2316 0.2351 0.2411 0.9922 0.1018 -0.0711 -0.0111
15.5405 -5.6455 3.0137 158 179 179 0.5480 0.2374 0.2302 0.2320 0.9987 0.0308 0.0265 -0.0311
16.5796 -2.9152 -2.0878 255 255 255 0.5886 0.2353 0.2372 0.2389 0.9970 0.0622 0.0159 -0.0437
16.4669 2.0215 3.4713 148 157 130 0.4767 0.2035 0.2061 0.2045 0.9977 0.0092 0.0653 0.0159
16.8298 -13.2216 2.1291 96 101 72 0.4452 0.2035 0.2103 0.2072 0.9962 0.0135 -0.0864 0.0043
-3.7663 -7.3609 -3.1928 251 255 255 0.5428 0.2238 0.2327 0.2271 0.9926 -0.0844 -0.0803 0.0332
14.1154 19.0293 0.9970 145 145 160 0.4914 0.2046 0.2136 0.2038 0.9919 0.0305 -0.0344 0.1183
18.1419 24.8414 -0.3293 229 231 255 0.5373 0.2102 0.2173 0.2138 0.9920 0.0604 0.0588 0.0941
39.0801 13.4474 0.1031 144 180 106 0.4444 0.1993 0.2004 0.1980 0.9997 -0.0066 -0.0225 -0.0049
35.7815 11.7919 0.2293 169 187 121 0.4608 0.2131 0.2037 0.2107 0.9957 -0.0432 -0.0425 -0.0700
28.5491 39.1053 -5.0714 223 223 254 0.5307 0.2110 0.2019 0.2006 0.9977 -0.0030 -0.0079 -0.0680
28.7018 38.1476 -5.8056 189 189 180 0.4870 0.2107 0.2104 0.2082 0.9974 0.0439 -0.0492 -0.0307
36.5330 47.9787 -8.9126 73 78 87 0.4045 0.1891 0.1928 0.1924 0.9993 0.0313 0.0009 -0.0221
36.9908 12.8412 2.2536 149 163 118 0.4523 0.1988 0.2008 0.2041 0.9996 -0.0173 0.0102 0.0217
15.4665 21.1976 0.7849 166 166 203 0.4974 0.2067 0.2133 0.2064 0.9961 0.0109 0.0166 0.0865
37.9752 13.0440 0.5150 133 159 103 0.4416 0.2038 0.2005 0.2014 0.9994 0.0102 0.0061 0.0320
37.6221 44.4487 -8.0445 178 105 122 0.4337 0.1969 0.1992 0.1983 0.9999 0.0083 -0.0082 0.0050
56.2340 30.5442 -6.2587 100 120 68 0.4110 0.2002 0.1970 0.2007 0.9996 -0.0036 0.0237 0.0130
40.6300 19.2232 -5.7558 201 210 203 0.5028 0.2015 0.2088 0.2046 0.9992 0.0371 -0.0164 -0.0051
28.6209 37.2010 -6.9583 153 172 141 0.4597 0.2020 0.2046 0.2042 0.9999 -0.0078 -0.0069 0.0087
40.6197 9.9256 -5.0100 98 135 73 0.4144 0.2033 0.2035 0.2006 0.9982 0.0538 0.0171 0.0207
30.4914 2.6973 1.4918 156 197 112 0.4588 0.2020 0.2138 0.2107 0.9948 0.0325 0.0607 0.0751
39.5052 -6.0075 -4.8277 89 112 63 0.4083 0.1992 0.2041 0.1977 0.9997 -0.0217 0.0119 -0.0052
25.1908 -11.9816 -3.8345 197 230 127 0.4800 0.2219 0.2205 0.2198 0.9877 -0.0980 -0.0981 -0.0722
9.1516 9.9160 0.7107 255 255 189 0.5160 0.2127 0.2172 0.2119 0.9931 -0.0447 0.0478 -0.0968
21.1126 -12.8907 -8.1109 158 182 101 0.4508 0.2198 0.2180 0.2188 0.9886 -0.0855 -0.1146 -0.0462
13.6742 11.3312 -0.6602 174 208 167 0.4821 0.2094 0.2067 0.2068 0.9914 0.0320 0.0713 0.1049
21.2892 9.4021 -3.0486 178 210 165 0.4832 0.2118 0.2096 0.2105 0.9990 0.0269 -0.0328 -0.0101
12.6774 -11.6246 -1.9005 130 144 109 0.4453 0.2147 0.2116 0.2174 0.9993 0.0364 0.0026 -0.0119
47.0595 -3.2200 -9.4767 103 130 97 0.4241 0.1972 0.1997 0.1979 0.9998 0.0088 -0.0189 -0.0070
47.7738 -11.8938 -6.4127 68 93 28 0.3962 0.1971 0.1936 0.1966 0.9986 -0.0522 0.0009 -0.0047
45.2709 -3.6310 -8.0610 126 147 99 0.4390 0.2017 0.2019 0.2024 0.9999 -0.0149 -0.0034 0.0057
47.8765 -4.6502 -7.1453 91 112 84 0.4154 0.2040 0.1995 0.2046 0.9996 0.0186 -0.0110 -0.0157
14.4173 9.0074 -1.3303 216 227 255 0.5217 0.2237 0.2152 0.2236 0.9970 0.0278 0.0360 0.0627
19.2932 9.4828 -2.0636 156 164 156 0.4680 0.2021 0.2025 0.1976 0.9980 -0.0606 -0.0078 0.0142
31.8420 -6.0505 -0.3326 186 209 119 0.4781 0.2134 0.2121 0.2135 0.9989 -0.0102 0.0448 -0.0010
33.8508 4.2108 0.1137 160 198 120 0.4580 0.2156 0.2123 0.2145 0.9879 -0.0651 -0.0323 -0.1368
25.5438 3.8723 0.3218 109 128 76 0.4200 0.2010 0.1961 0.2005 0.9983 -0.0464 -0.0209 0.0273
19.7654 1.8861 7.2103 100 134 116 0.4812 0.2037 0.2077 0.2187 0.9989 0.0050 -0.0454 0.0106
14.3177 10.4143 4.7825 255 255 255 0.6244 0.2238 0.2287 0.2235 0.9951 -0.0273 0.0670 0.0680
11.1749 8.6551 6.7766 211 255 255 0.5830 0.2240 0.2161 0.2168 0.9894 0.0270 -0.0848 -0.1145
19.6468 10.0688 4.0595 137 160 142 0.4557 0.1972 0.1966 0.1957 0.9999 -0.0106 0.0033 -0.0118
12.9195 9.7988 6.4052 157 162 164 0.5004 0.1966 0.2097 0.2046 0.9941 0.0086 0.1072 0.0139
11.9788 10.6185 6.5424 99 126 135 0.4731 0.1999 0.2116 0.2061 0.9962 -0.0131 0.0660 0.0553
14.5296 9.0654 5.7898 177 178 181 0.5181 0.2131 0.2085 0.2103 0.9989 0.0395 0.0250 -0.0090
12.9892 10.6008 6.1652 171 184 186 0.5080 0.2128 0.2125 0.2098 0.9972 -0.0039 0.0336 0.0672
19.0771 7.4615 4.8921 148 181 166 0.4864 0.1969 0.2030 0.1979 0.9944 0.0375 -0.0982 0.0079
15.3516 11.0614 5.1593 255 255 255 0.6219 0.2238 0.2258 0.2225 0.9958 -0.0111 0.0592 -0.0690
19.9671 8.4003 5.4782 127 136 117 0.4186 0.1891 0.1895 0.1878 0.9985 0.0018 0.0179 -0.0514
20.0260 7.3944 6.4711 145 189 140 0.4643 0.1966 0.1978 0.1856 0.9912 0.0508 0.1192 0.0276
20.0017 8.7241 6.2249 143 153 125 0.4526 0.1958 0.1890 0.1889 0.9946 -0.0495 0.0884 0.0208
11.5471 8.1381 6.5053 255 255 255 0.5744 0.2234 0.2190 0.2152 0.9897 -0.0840 -0.0480 -0.1058
18.8993 8.4642 5.3940 125 156 140 0.4432 0.2002 0.1940 0.1886 0.9955 -0.0014 0.0915 -0.0227
32.9054 -3.4047 2.3159 161 182 153 0.4668 0.2137 0.2135 0.2197 0.9954 0.0057 0.0885 0.0366
14.2696 9.5484 4.1884 255 255 255 0.5977 0.2217 0.2264 0.2277 0.9942 0.0450 0.0973 0.0127
12.9455 11.1002 6.4887 255 255 229 0.5923 0.2220 0.2196 0.2189 0.9972 -0.0081 -0.0605 -0.0428
12.8588 10.7446 6.1171 192 198 192 0.5900 0.2207 0.2168 0.2157 0.9940 -0.0360 -0.0384 -0.0960
15.4819 7.2710 5.7944 236 240 241 0.5523 0.2167 0.2143 0.2107 0.9975 -0.0186 0.0673 0.0122
19.0119 10.2793 4.6169 138 166 141 0.4552 0.1990 0.1947 0.1975 0.9991 -0.0273 -0.0206 -0.0230
12.5937 8.4960 6.7199 229 234 255 0.5624 0.2165 0.2097 0.2093 0.9961 0.0818 -0.0268 -0.0194
9.7650 2.6218 7.0965 153 193 196 0.5730 0.2256 0.2271 0.2289 0.9951 0.0899 0.0085 -0.0398
33.0625 -7.0657 2.7962 209 219 204 0.5052 0.2189 0.2242 0.2226 0.9977 -0.0178 0.0584 -0.0289
14.2966 9.3199 6.4253 156 130 123 0.5549 0.2152 0.2124 0.2129 0.9980 0.0381 0.0350 0.0352
13.2193 10.7626 6.8365 186 170 162 0.5850 0.2190 0.2188 0.2164 0.9981 -0.0029 -0.0394 -0.0466
31.2382 -1.7295 3.6983 231 255 238 0.5369 0.2208 0.2231 0.2226 0.9995 -0.0061 0.0319 0.0021
18.1080 4.5277 6.0326 125 147 139 0.5047 0.2073 0.2063 0.2120 0.9995 0.0304 -0.0101 0.0011
20.1996 9.0391 6.6452 133 144 123 0.4427 0.1987 0.1921 0.1955 0.9966 -0.0660 0.0384 0.0322
19.9675 8.9716 6.6016 111 125 105 0.4440 0.1951 0.1894 0.1906 0.9951 -0.0605 0.0787 -0.0015
19.6820 9.2061 6.9710 125 146 122 0.4672 0.1965 0.1971 0.1941 0.9959 0.0849 -0.0198 0.0238
19.7070 8.5463 7.5395 129 164 118 0.4414 0.1994 0.1963 0.1990 0.9972 -0.0598 -0.0381 0.0228
17.5758 10.9719 4.8455 183 202 196 0.5068 0.2045 0.2072 0.2032 0.9989 -0.0345 0.0321 -0.0024
7.6230 8.2958 7.3219 149 170 143 0.4745 0.2035 0.2111 0.2095 0.9992 0.0134 -0.0163 -0.0345
17.4862 9.1460 4.3254 214 231 223 0.5385 0.2074 0.2106 0.2077 0.9950 0.0636 -0.0759 -0.0121
19.3937 10.7865 4.5678 167 219 162 0.4892 0.2033 0.2004 0.2027 0.9996 0.0128 -0.0220 -0.0145
20.0361 8.1447 7.0486 119 165 113 0.4330 0.1973 0.1948 0.1906 0.9955 0.0258 0.0913 0.0009
19.2859 7.8837 6.9431 138 214 130 0.4786 0.2007 0.1978 0.1933 0.9967 0.0160 0.0791 -0.0054
14.1493 7.6552 6.2467 193 202 206 0.5474 0.2151 0.2117 0.2085 0.9964 -0.0791 -0.0159 -0.0240
17.9914 8.6133 3.4495 208 218 225 0.5183 0.2122 0.2171 0.2165 0.9931 0.0615 -0.0787 -0.0619
19.0348 6.6274 6.7337 101 136 121 0.4621 0.1965 0.1983 0.1987 0.9963 -0.0068 -0.0754 -0.0418
11.5266 11.4004 5.1013 236 255 255 0.6231 0.2240 0.2228 0.2245 0.9981 -0.0515 0.0328 -0.0030
22.0604 -2.3565 4.0969 154 179 89 0.4616 0.2100 0.2217 0.2207 0.9963 0.0117 0.0776 0.0349
11.8119 10.1370 5.5977 110 190 193 0.4825 0.2112 0.2112 0.2069 0.9931 0.0531 -0.1006 0.0279
29.3297 -8.8199 -4.9688 211 238 166 0.5084 0.2181 0.2246 0.2259 0.9897 -0.0306 0.1359 0.0330
17.0070 7.7615 2.7188 210 255 233 0.5280 0.2219 0.2205 0.2206 0.9965 0.0810 0.0223 -0.0029
21.1297 7.4123 3.5374 137 162 123 0.4501 0.1976 0.1964 0.1985 0.9965 -0.0543 -0.0635 -0.0063
20.7627 7.5217 1.7929 121 155 106 0.4386 0.2009 0.1910 0.1983 0.9945 -0.0704 0.0106 0.0766
17.9646 9.2915 3.1132 211 221 236 0.5276 0.2130 0.2158 0.2109 0.9998 0.0133 0.0091 -0.0115
10.7864 10.3626 5.5438 147 199 191 0.5689 0.2188 0.2197 0.2159 0.9921 -0.0280 -0.0898 0.0825
10.7694 10.3737 5.5347 145 212 204 0.5639 0.2190 0.2199 0.2160 0.9919 -0.0283 -0.0911 0.0834
24.7868 -3.8091 2.0409 205 222 181 0.5036 0.2155 0.2133 0.2140 0.9986 -0.0037 -0.0493 0.0186
15.8509 9.9626 3.2777 255 255 255 0.6058 0.2272 0.2253 0.2277 0.9941 0.0587 0.0392 -0.0819
7.7186 -10.0285 2.4363 255 255 255 0.5943 0.2429 0.2458 0.2484 0.9737 -0.0527 -0.1095 -0.1925
21.1935 6.8927 2.8674 185 182 151 0.4730 0.2051 0.2010 0.2039 0.9980 -0.0556 -0.0200 -0.0233
21.5325 5.2303 5.1590 188 225 141 0.4916 0.2076 0.2078 0.2129 0.9978 -0.0360 -0.0547 -0.0138
20.6594 5.8301 4.5590 143 179 105 0.4535 0.2016 0.2040 0.2022 0.9979 0.0215 -0.0573 -0.0226
12.6417 10.4499 3.3361 211 255 255 0.5509 0.2253 0.2232 0.2144 0.9964 -0.0221 0.0803 -0.0139
17.6588 8.9250 2.5972 255 255 255 0.5460 0.2238 0.2229 0.2202 0.9984 0.0164 0.0351 -0.0407
13.6912 6.2236 4.1645 196 197 216 0.5104 0.2232 0.2198 0.2159 0.9939 -0.0061 0.1098 -0.0117
21.4966 -1.6199 1.4226 54 64 40 0.4103 0.1821 0.1981 0.1972 0.9979 0.0102 0.0544 0.0337
21.8666 -2.2425 1.2306 75 84 65 0.4162 0.1830 0.1903 0.1928 0.9976 -0.0470 0.0078 0.0511
20.5244 6.2368 3.4468 155 187 142 0.4799 0.2008 0.2024 0.2018 0.9962 0.0153 -0.0854 -0.0081
8.1142 8.4079 5.1906 211 205 171 0.5087 0.2122 0.2155 0.2164 0.9941 0.0134 -0.0268 0.1045
9.6428 7.7457 3.0716 74 91 58 0.4166 0.1906 0.1945 0.1927 0.9975 -0.0071 -0.0636 -0.0291
9.8284 -2.8529 4.2303 193 212 232 0.5534 0.2225 0.2297 0.2362 0.9927 0.0285 -0.0087 -0.1167
9.5253 7.9702 3.1296 102 102 91 0.4112 0.1911 0.1989 0.1915 0.9995 -0.0034 -0.0278 -0.0132
19.8246 8.6091 5.6469 127 133 114 0.4205 0.1904 0.1896 0.1864 0.9940 0.0191 0.0999 -0.0402
19.9487 6.9748 6.6304 113 160 126 0.4408 0.1964 0.1972 0.1897 0.9954 0.0073 0.0924 -0.0250
20.4398 0.3947 5.4654 185 197 132 0.4925 0.2036 0.2127 0.2135 0.9984 0.0183 -0.0526 0.0036
8.7409 11.1731 5.2236 134 139 143 0.4426 0.2095 0.1980 0.1918 0.9965 -0.0128 -0.0282 -0.0771
9.4813 10.8012 4.9475 255 255 247 0.5566 0.2169 0.2119 0.2138 0.9927 0.0204 -0.0007 -0.1186
11.4801 10.6861 3.9364 218 255 255 0.5621 0.2239 0.2263 0.2269 0.9971 -0.0034 0.0304 0.0700
9.4141 8.0376 3.5230 102 91 79 0.4232 0.1900 0.1952 0.1900 0.9995 -0.0161 0.0239 -0.0139
3.6808 4.8877 7.0495 176 201 175 0.5016 0.2077 0.2069 0.1991 0.9931 -0.1053 0.0342 -0.0382
16.4887 8.6143 4.3419 143 201 193 0.5403 0.2191 0.2134 0.2113 0.9912 0.0272 0.0804 0.1019
8.8021 8.2734 3.4920 166 144 108 0.4672 0.2063 0.2105 0.2038 0.9966 -0.0725 0.0169 0.0367
12.0976 -2.7493 4.5529 175 200 209 0.5456 0.2205 0.2257 0.2236 0.9813 -0.0788 -0.1746 -0.0177
17.7875 0.8713 5.5126 136 174 168 0.5249 0.2190 0.2181 0.2250 0.9876 0.0488 -0.1111 -0.0998
3.5891 6.6727 6.9626 105 123 110 0.4381 0.1977 0.1945 0.1976 0.9995 -0.0227 -0.0082 -0.0205
4.5135 7.4526 7.6127 108 135 88 0.4259 0.1916 0.1982 0.1971 0.9995 0.0010 -0.0096 -0.0312
12.9964 7.3366 5.9624 127 147 152 0.5373 0.2135 0.2185 0.2175 0.9994 -0.0290 -0.0168 0.0013
19.4671 8.9521 6.6581 98 115 93 0.4330 0.1954 0.1915 0.1885 0.9946 0.0175 0.0854 -0.0555
7.9599 8.6885 6.7133 135 148 128 0.4788 0.2062 0.2100 0.2105 0.9997 -0.0162 -0.0051 -0.0173
19.2130 3.8645 5.1489 127 146 131 0.4949 0.2003 0.2041 0.2031 0.9978 0.0159 -0.0628 -0.0167
15.6936 7.1288 4.2718 163 183 191 0.5196 0.2186 0.2152 0.2104 0.9960 -0.0323 0.0781 0.0291
19.8600 7.3900 7.5242 147 221 147 0.4920 0.2086 0.2075 0.2071 0.9987 -0.0487 -0.0088 0.0104
8.6005 11.9175 4.7228 185 192 193 0.4941 0.2024 0.2024 0.2025 0.9977 0.0482 -0.0417 0.0237
3.9723 5.6943 6.4152 78 117 94 0.4544 0.2001 0.1984 0.1916 0.9975 -0.0616 0.0133 0.0312
3.5165 6.0483 7.1886 146 175 141 0.4762 0.2059 0.2031 0.2003 0.9986 -0.0170 0.0288 -0.0420
20.7111 4.2287 5.6712 165 186 123 0.4852 0.2028 0.2066 0.2098 0.9915 -0.0966 -0.0530 -0.0693
11.7500 -2.0065 6.1792 120 142 100 0.5322 0.2243 0.2262 0.2273 0.9985 0.0121 0.0048 -0.0537
19.6782 3.6580 7.0338 116 150 123 0.4648 0.1972 0.2026 0.2060 0.9958 0.0028 -0.0912 0.0104
3.4193 4.5661 7.4195 161 186 172 0.5040 0.2076 0.2065 0.1997 0.9934 -0.1108 0.0117 -0.0288
16.5105 8.8636 5.1426 198 237 238 0.5677 0.2169 0.2171 0.2123 0.9970 -0.0504 0.0481 0.0336
14.8606 8.2156 5.2303 216 211 210 0.5441 0.2204 0.2140 0.2162 0.9981 0.0516 0.0342 -0.0009
10.2047 -3.1509 5.8975 125 157 98 0.5135 0.2192 0.2191 0.2256 0.9898 0.1087 -0.0542 -0.0748
12.2491 10.0384 2.7750 178 209 188 0.5081 0.2130 0.2191 0.2119 0.9908 -0.0149 0.0708 -0.1142
21.8420 -1.6855 2.4906 83 105 50 0.4235 0.1951 0.2054 0.2004 0.9994 0.0032 0.0148 -0.0316
20.8461 -1.8647 3.6644 139 149 108 0.4790 0.2026 0.2133 0.2093 0.9983 0.0236 -0.0456 0.0269
-14.1065 10.9193 -9.4846 165 186 204 0.4876 0.2105 0.2127 0.2098 0.9970 0.0194 0.0210 -0.0724
19.7453 -1.1900 3.2180 92 108 69 0.4748 0.1995 0.2109 0.2000 0.9932 0.1032 -0.0534 -0.0081
0.0430 8.9096 -2.5770 255 255 255 0.5931 0.2320 0.2151 0.2335 0.9810 -0.1830 -0.0452 -0.0467
21.7722 -1.3682 0.6395 75 98 55 0.4048 0.1858 0.1971 0.1979 0.9976 -0.0044 0.0652 -0.0219
15.9664 6.4081 0.9055 203 208 179 0.5143 0.2177 0.2072 0.2092 0.9841 0.0578 0.1042 0.1315
-17.6197 -3.1277 -0.4960 182 225 96 0.4799 0.2081 0.2118 0.2168 0.9918 -0.0443 -0.1031 -0.0605
5.5430 7.2775 -0.9613 177 196 171 0.4870 0.2117 0.2128 0.2232 0.9880 -0.1080 0.0180 -0.1087
21.8248 -3.2021 1.8527 23 36 22 0.4554 0.1866 0.1909 0.1975 0.9983 -0.0267 0.0232 -0.0469
22.7323 -2.2764 0.7600 71 86 30 0.3985 0.1939 0.1916 0.1901 0.9988 0.0382 -0.0130 -0.0279
4.0952 3.5071 -2.4685 255 255 255 0.5482 0.2353 0.2327 0.2381 0.9755 -0.1711 0.0233 -0.1361
16.1717 5.9971 0.3719 192 188 179 0.4983 0.2156 0.2050 0.2073 0.9880 0.0021 0.1084 0.1096
2.4596 -14.2947 -2.0572 135 157 132 0.4612 0.2087 0.1927 0.2071 0.9820 0.1530 -0.0849 -0.0714
20.4548 -1.0998 1.8799 114 117 78 0.4563 0.1955 0.2122 0.2030 0.9962 0.0796 -0.0355 -0.0044
-8.9161 11.5289 -8.8299 160 178 201 0.4830 0.2151 0.2040 0.2115 0.9925 -0.0723 0.0155 0.0969
-21.2589 -6.0080 -2.7956 150 175 100 0.4462 0.2013 0.2037 0.2079 0.9986 -0.0204 -0.0489 -0.0088
19.9828 -2.3942 3.1946 69 83 30 0.4235 0.1976 0.1990 0.1984 0.9998 0.0060 -0.0162 -0.0039
21.8260 -3.6227 3.1091 92 112 28 0.4100 0.1962 0.2101 0.2083 0.9961 0.0481 0.0542 0.0496
19.4701 5.8838 3.3660 133 156 103 0.4762 0.2043 0.2046 0.2067 0.9925 -0.0803 -0.0914 -0.0109
18.8583 6.4166 2.9848 180 176 166 0.4874 0.2065 0.2063 0.2073 0.9970 -0.0349 -0.0695 0.0060
20.4182 -1.9203 -0.2326 62 73 65 0.4063 0.1939 0.1952 0.2037 0.9951 -0.0883 0.0293 0.0345
20.8814 3.1318 3.6836 128 159 88 0.4740 0.2011 0.2088 0.2054 0.9935 0.0016 0.1137 -0.0078
16.7518 4.6754 0.0917 211 213 216 0.5129 0.2291 0.2125 0.2278 0.9972 -0.0349 0.0410 -0.0518
19.6948 5.2073 2.9140 146 167 105 0.4717 0.1950 0.2012 0.2009 0.9942 -0.0791 -0.0676 -0.0284
5.0409 -17.8859 -4.1368 148 187 130 0.4572 0.2175 0.2099 0.2089 0.9952 -0.0356 0.0905 0.0144
4.7567 -17.3534 -2.8298 71 77 71 0.3905 0.1872 0.1829 0.1906 0.9920 0.0897 0.0877 -0.0100
16.3150 -0.5631 -4.7005 194 194 204 0.5028 0.2222 0.2186 0.2281 0.9979 -0.0645 0.0040 0.0011
21.7444 -1.9941 1.8974 51 62 21 0.4647 0.1931 0.1994 0.1947 0.9997 0.0183 0.0043 0.0170
20.7868 -1.3034 0.1779 52 65 39 0.3888 0.1937 0.1924 0.1982 0.9982 -0.0562 -0.0144 -0.0169
22.2630 -4.4960 0.6914 79 82 37 0.3747 0.1858 0.1845 0.1820 0.9972 0.0218 0.0584 0.0415
22.1483 -4.5171 0.7745 41 52 45 0.3927 0.1847 0.1861 0.1853 0.9976 0.0535 -0.0431 -0.0127
20.6011 4.7826 3.5174 107 150 80 0.4475 0.2072 0.2054 0.2071 0.9966 0.0313 0.0143 -0.0748
21.8381 -2.5951 1.9196 59 67 34 0.4379 0.1833 0.1931 0.1939 0.9997 0.0181 0.0187 0.0023
18.6492 5.7815 3.0560 166 170 142 0.4943 0.2057 0.2086 0.2063 0.9932 0.0396 -0.0897 -0.0625
21.9027 -2.4659 1.3692 73 77 60 0.4250 0.1837 0.1906 0.1918 0.9989 0.0374 0.0200 0.0189
15.6586 5.5310 0.0161 216 223 223 0.5210 0.2258 0.2104 0.2243 0.9999 -0.0067 -0.0057 -0.0103
18.8622 4.5880 2.9559 147 145 141 0.4973 0.2057 0.2067 0.2060 0.9975 0.0444 -0.0249 -0.0493
1.2120 -14.7553 -0.3525 140 149 129 0.4629 0.2136 0.2085 0.2062 0.9955 -0.0513 0.0628 -0.0500
15.4794 -9.4340 -1.7926 203 215 217 0.5137 0.2271 0.2217 0.2312 0.9752 0.2009 -0.0772 -0.0522
4.4770 -14.3010 -1.5423 63 67 66 0.3864 0.1905 0.1851 0.1930 0.9936 0.0875 -0.0568 -0.0430
22.9507 -3.4702 0.5957 115 135 56 0.4280 0.1975 0.2008 0.1927 0.9999 -0.0044 0.0010 -0.0107
21.7983 -2.4259 1.8675 53 65 39 0.4157 0.1843 0.1912 0.1909 0.9993 0.0252 0.0174 0.0203
21.3139 -5.2939 2.7674 98 115 50 0.4707 0.2172 0.2073 0.2138 0.9987 0.0491 0.0104 -0.0119
21.5482 -3.0231 2.3729 42 55 12 0.4625 0.1966 0.1971 0.2057 0.9994 -0.0221 -0.0233 -0.0112
21.6507 -2.0392 1.7680 71 81 42 0.3926 0.1844 0.1899 0.1899 0.9982 0.0306 0.0070 0.0510
6.2040 3.1054 -7.2404 255 255 255 0.5737 0.2313 0.2295 0.2359 0.9844 -0.1548 0.0683 -0.0474
21.0025 -1.4077 -0.2682 55 65 43 0.4028 0.1863 0.1869 0.1869 0.9981 0.0313 -0.0233 -0.0470
12.3607 -19.4706 -10.0893 184 190 181 0.4859 0.2199 0.2201 0.2185 0.9959 -0.0790 -0.0213 -0.0382
15.1674 4.3736 -0.6076 226 255 255 0.5294 0.2373 0.2213 0.2433 0.9696 -0.2147 -0.0087 -0.1169
15.2873 -6.0628 -0.9234 182 197 255 0.5593 0.2338 0.2243 0.2321 0.9869 0.1375 0.0702 -0.0464
5.0153 -17.6919 -5.6919 193 226 192 0.5082 0.2224 0.2118 0.2128 0.9989 0.0034 0.0452 -0.0094
3.5902 -18.5638 -3.3012 92 105 77 0.4101 0.1960 0.1915 0.1977 0.9992 0.0334 0.0186 -0.0106
2.8868 -14.5551 -1.5399 80 92 74 0.4245 0.1937 0.1863 0.1929 0.9902 0.1082 -0.0648 -0.0595
15.7735 -1.2195 -3.9688 159 163 165 0.4771 0.2172 0.2191 0.2180 0.9993 0.0123 0.0020 -0.0358
22.1784 -5.1104 1.1597 62 80 35 0.4299 0.1850 0.1892 0.1844 0.9991 -0.0347 -0.0245 -0.0087
21.7809 -2.7842 1.8202 50 60 39 0.4087 0.1833 0.1879 0.1895 0.9991 0.0257 0.0222 -0.0251
14.3038 -17.1021 -7.8438 223 255 222 0.5239 0.2319 0.2334 0.2336 0.9924 0.0287 -0.0412 -0.1123
18.9264 -2.2556 0.8219 94 113 98 0.4499 0.2086 0.2106 0.2179 0.9950 -0.0746 -0.0247 -0.0619
3.6808 -17.8452 -2.0513 159 180 131 0.4688 0.2146 0.2086 0.2129 0.9979 -0.0344 0.0542 0.0049
0.7668 -15.5621 -1.2637 171 199 137 0.4931 0.2224 0.2163 0.2182 0.9894 0.0027 0.1372 -0.0467
21.6509 -5.3641 1.5618 88 96 27 0.4194 0.1831 0.2032 0.1839 0.9973 -0.0618 -0.0025 0.0387
21.8393 -3.3529 1.7079 31 40 31 0.4629 0.1930 0.1893 0.1979 0.9989 -0.0326 -0.0167 0.0279
20.0454 5.6600 3.1104 115 146 72 0.4461 0.1978 0.2026 0.2085 0.9888 -0.1143 -0.0961 -0.0057
18.9768 -2.3667 2.1778 145 152 142 0.4844 0.2094 0.2252 0.2091 0.9997 -0.0035 0.0173 -0.0175
2.0811 -13.9714 -2.1838 125 137 113 0.4348 0.2050 0.2062 0.2121 0.9967 0.0137 0.0701 0.0383
17.9566 -0.9096 -3.2690 184 192 201 0.4963 0.2129 0.2255 0.2263 0.9979 0.0320 0.0436 0.0368
3.3194 -14.3096 -0.9449 89 93 88 0.4247 0.1995 0.1980 0.1998 0.9970 -0.0449 -0.0607 -0.0164
4.6506 -14.7470 -2.9515 99 104 83 0.4207 0.1917 0.1904 0.1892 0.9940 -0.0878 -0.0646 0.0098
-30.3780 -4.1074 -6.2866 106 125 76 0.4167 0.2001 0.2031 0.1966 0.9997 -0.0029 -0.0060 -0.0247
21.7526 -3.2316 1.4138 80 83 59 0.4352 0.1885 0.1870 0.1969 0.9996 -0.0183 0.0026 -0.0199
20.9430 -2.8397 2.9009 84 96 31 0.4539 0.2025 0.2076 0.1908 0.9948 -0.0271 0.0963 0.0204
4.3894 -17.3617 -2.1244 112 131 110 0.4246 0.2116 0.1905 0.2129 0.9858 0.1635 0.0127 -0.0357
4.0398 -13.8379 -3.1576 159 185 144 0.4674 0.2161 0.2071 0.2214 0.9745 0.2241 0.0108 -0.0076
22.2081 -4.5506 0.7666 35 48 21 0.3953 0.1855 0.1865 0.1856 0.9994 0.0080 -0.0278 -0.0180
19.8506 -5.2949 2.4330 140 164 99 0.4862 0.2190 0.2247 0.2242 0.9954 -0.0149 -0.0029 -0.0944
21.8398 -3.2555 1.2760 78 80 69 0.4109 0.1792 0.1863 0.1911 0.9980 -0.0004 0.0616 -0.0117
4.4367 -15.8145 -2.5837 79 88 75 0.3968 0.1936 0.1845 0.1902 0.9916 0.0807 -0.0797 -0.0617
19.3779 3.7397 2.0111 95 113 60 0.4600 0.1933 0.1940 0.1926 0.9998 0.0064 -0.0193 0.0009
18.3251 4.9658 1.9335 123 129 84 0.4711 0.2085 0.1985 0.1960 0.9887 0.0330 0.1445 0.0238
18.8368 5.1142 1.4371 110 117 58 0.4614 0.2007 0.1976 0.1910 0.9949 -0.0049 0.0905 0.0450
20.6319 5.0873 2.2248 152 151 112 0.4566 0.1953 0.1973 0.2032 0.9907 -0.1068 -0.0679 -0.0507
20.6361 4.6205 2.3376 116 132 74 0.4253 0.1899 0.1928 0.1936 0.9950 -0.0553 -0.0826 0.0033
20.8957 3.8768 2.5171 114 131 83 0.4249 0.1888 0.1904 0.1940 0.9969 -0.0651 -0.0392 -0.0226
17.6054 0.3903 -5.9572 164 166 172 0.4651 0.2088 0.2022 0.2125 0.9910 -0.1241 -0.0301 -0.0401
19.6105 2.8699 2.0313 90 114 47 0.4394 0.2022 0.2053 0.1958 0.9965 -0.0699 0.0375 -0.0262
18.3174 2.3236 1.0696 140 151 161 0.4804 0.2088 0.2057 0.2023 0.9900 0.1110 0.0817 -0.0291
21.5880 -4.0193 1.6678 77 74 35 0.4133 0.1826 0.1875 0.1892 0.9988 -0.0016 -0.0256 -0.0423
15.0516 1.0332 -5.3690 202 191 193 0.5081 0.2250 0.2249 0.2264 0.9983 0.0285 0.0047 -0.0501
21.7701 -3.0747 1.8774 33 47 23 0.4430 0.1840 0.1937 0.1953 0.9987 -0.0057 0.0254 -0.0429
21.2886 -3.2179 2.1391 63 59 31 0.4216 0.1899 0.1900 0.1939 0.9987 -0.0460 -0.0199 0.0068
20.5561 -2.7407 3.8486 105 117 47 0.4610 0.2092 0.2208 0.2003 0.9937 0.0852 0.0720 -0.0063
4.5212 -17.9136 -3.7935 130 148 118 0.4434 0.2092 0.2009 0.2074 0.9961 0.0469 0.0631 0.0409
4.4638 -17.7109 -2.9382 97 114 88 0.4066 0.2068 0.1883 0.2038 0.9953 0.0214 0.0397 -0.0855
-4.0898 10.0707 -8.3708 255 255 246 0.5545 0.2207 0.2241 0.2212 0.9851 0.1201 -0.0533 -0.1106
2.1764 -14.3691 -4.5555 117 127 68 0.4221 0.2040 0.1964 0.1991 0.9986 0.0418 -0.0118 -0.0310
4.3236 -10.1593 -1.6345 255 255 255 0.6257 0.2434 0.2497 0.2459 0.9638 0.0365 -0.1598 -0.2104
18.1499 3.5841 1.1482 123 124 128 0.4704 0.2064 0.2068 0.2078 0.9949 0.0473 -0.0450 0.0765
19.7737 2.4696 1.8528 112 138 55 0.4329 0.1955 0.2024 0.1961 0.9926 -0.0294 -0.0517 -0.1063
14.2589 -1.4608 -1.5037 205 214 255 0.5432 0.2402 0.2321 0.2418 0.9985 -0.0268 0.0259 -0.0392
3.0021 -18.6457 -2.7094 73 82 64 0.4014 0.2003 0.2033 0.1974 0.9994 0.0084 0.0114 0.0310
2.9975 -18.6426 -2.7078 73 85 64 0.3994 0.1999 0.2030 0.1970 0.9994 0.0106 0.0113 0.0317
21.3028 -3.5833 2.0195 30 45 37 0.4197 0.1848 0.1910 0.1878 0.9992 0.0143 -0.0011 -0.0364
20.6313 3.8908 1.1364 48 79 36 0.4173 0.1867 0.1873 0.1862 0.9986 0.0324 -0.0420 0.0027
21.9258 -4.8622 1.0626 1 24 0 0.4122 0.1893 0.1917 0.1919 0.9962 0.0341 0.0556 0.0578
2.1902 -15.5557 -0.7800 123 143 81 0.4521 0.2062 0.2038 0.2051 0.9968 -0.0596 0.0493 0.0217
21.3551 -3.5340 1.9608 74 83 53 0.3411 0.1717 0.1892 0.1788 0.9997 -0.0159 0.0007 -0.0201
21.9077 -2.9430 1.4053 99 94 75 0.4187 0.1806 0.1895 0.1913 0.9988 -0.0031 -0.0498 -0.0015
1.0783 -14.0694 -4.1198 92 101 81 0.4149 0.1960 0.1945 0.2050 0.9958 0.0756 0.0121 0.0502
5.7817 -16.1672 -5.0968 165 201 163 0.4965 0.2276 0.2237 0.2217 0.9990 -0.0417 0.0126 -0.0057
0.3809 -14.3658 -4.6196 172 175 143 0.4740 0.2189 0.2096 0.2169 0.9940 0.1054 0.0265 -0.0147
17.4552 4.9946 0.6863 120 121 116 0.4617 0.2081 0.2062 0.2039 0.9985 0.0485 0.0110 0.0241
-44.6452 -5.9331 -8.2864 140 182 115 0.4456 0.2039 0.2077 0.2092 0.9990 -0.0135 -0.0430 -0.0055
19.3804 -4.4442 1.0992 143 154 167 0.5325 0.2295 0.2348 0.2311 0.9988 0.0477 0.0105 0.0096
20.8137 -3.6195 1.6796 63 74 55 0.4000 0.1908 0.1895 0.1924 0.9998 -0.0152 0.0111 -0.0077
20.7994 -3.3070 1.8933 94 98 71 0.3812 0.1852 0.1877 0.1868 0.9997 -0.0145 0.0046 0.0182
9.1607 8.2642 -4.9474 160 173 169 0.4754 0.2103 0.2119 0.2202 0.9903 -0.0026 -0.1174 -0.0748
21.2950 -3.7667 1.8858 90 93 66 0.4019 0.1749 0.1944 0.1798 0.9981 -0.0542 -0.0093 0.0289
21.0031 -4.3298 0.9406 100 111 72 0.4506 0.1947 0.2064 0.2073 0.9921 0.0667 0.0716 -0.0783
0.7550 -15.1839 -5.7384 223 223 188 0.5114 0.2203 0.2132 0.2143 0.9990 -0.0307 0.0286 -0.0163
21.2679 6.1639 0.7137 97 112 66 0.4204 0.1916 0.1871 0.1871 0.9968 -0.0111 0.0781 0.0109
20.8929 -2.7008 0.5788 67 83 73 0.4256 0.1916 0.2050 0.1992 0.9944 0.0663 0.0781 0.0247
21.0751 6.1960 0.8725 86 88 63 0.4033 0.1874 0.1863 0.1858 0.9987 0.0023 0.0449 0.0235
17.2007 5.2743 0.2721 143 147 144 0.4743 0.2084 0.2079 0.2049 0.9963 0.0618 0.0269 0.0542
18.3039 5.1778 0.0229 137 151 135 0.4515 0.2050 0.2007 0.2023 0.9962 0.0766 -0.0368 -0.0193
21.0650 4.1690 0.9381 121 140 60 0.4111 0.1820 0.1899 0.1784 0.9986 0.0163 0.0444 -0.0231
21.0602 -3.1624 2.1839 63 71 35 0.4132 0.1811 0.1916 0.1841 0.9990 0.0373 -0.0190 -0.0126
20.9251 3.1744 0.7949 81 108 26 0.4180 0.1833 0.1904 0.1830 0.9971 -0.0693 0.0245 0.0206
20.3888 8.4422 -0.3678 119 139 114 0.4404 0.2006 0.2001 0.2001 0.9996 0.0035 -0.0236 -0.0171
2.2136 -16.4542 -2.0500 138 154 122 0.4407 0.2065 0.2008 0.2086 0.9988 -0.0072 -0.0317 -0.0370
19.7297 8.4216 0.7181 191 203 159 0.4933 0.2099 0.2034 0.2048 0.9984 0.0023 0.0269 0.0504
1.4891 -17.7681 -2.9337 151 176 117 0.4543 0.2092 0.2122 0.2118 0.9974 -0.0210 0.0140 0.0676
21.2679 6.1930 0.6227 89 112 57 0.4199 0.1914 0.1864 0.1903 0.9999 -0.0137 0.0003 0.0010
21.6488 4.2163 0.4109 67 86 24 0.3876 0.1822 0.1846 0.1794 0.9984 -0.0432 0.0213 -0.0309
3.6043 -19.5426 -6.1558 171 182 173 0.4773 0.2133 0.2090 0.2178 0.9950 0.0825 -0.0557 -0.0053
21.9108 -3.2496 0.3552 111 129 97 0.4311 0.1887 0.2137 0.2086 0.9950 0.0469 0.0879 -0.0061
21.8548 -3.2497 1.2546 89 93 71 0.4148 0.1774 0.1907 0.1901 0.9980 -0.0395 0.0403 -0.0300
20.5721 -5.6821 1.0218 134 157 92 0.4466 0.2120 0.2235 0.2174 0.9879 -0.0013 -0.1022 -0.1164
19.5589 2.6341 0.7476 97 119 73 0.4261 0.1897 0.1970 0.1864 0.9981 0.0287 0.0155 0.0519
20.6422 7.3725 0.3306 74 88 66 0.4071 0.1867 0.1867 0.1894 0.9975 -0.0053 -0.0706 0.0091
20.9265 3.4573 0.9057 91 126 38 0.4150 0.1811 0.1934 0.1807 0.9987 -0.0192 0.0182 -0.0441
21.6235 5.6041 0.7522 129 151 63 0.4362 0.1989 0.1916 0.1937 0.9982 -0.0219 0.0555 -0.0070
21.0760 6.0573 0.8386 77 99 70 0.4226 0.1885 0.1929 0.1882 0.9983 -0.0037 0.0353 -0.0466
19.7392 5.3497 1.1002 98 99 65 0.4298 0.1885 0.1986 0.1896 0.9994 -0.0065 -0.0321 -0.0148
22.2338 4.0282 1.1860 72 83 32 0.3962 0.1876 0.1875 0.1865 0.9991 -0.0051 -0.0237 -0.0360
8.6289 -15.8765 -5.3159 205 234 206 0.5120 0.2254 0.2118 0.2239 0.9957 0.0603 0.0491 0.0504
20.7480 -4.0303 2.6214 74 96 31 0.4131 0.1847 0.2028 0.2012 0.9966 0.0486 -0.0266 -0.0606
22.4505 -4.4783 0.4909 132 143 56 0.4066 0.1927 0.1985 0.1955 0.9995 0.0062 -0.0297 -0.0112
21.9100 6.5761 0.5763 161 174 94 0.4514 0.1994 0.1940 0.2004 0.9965 -0.0756 -0.0295 0.0214
2.8194 -16.8271 -0.5731 198 214 154 0.5044 0.2228 0.2167 0.2197 0.9941 -0.0159 0.0918 -0.0558
-36.5527 -11.5406 -7.2817 185 206 126 0.4750 0.1985 0.2060 0.1992 0.9996 0.0299 -0.0012 0.0006
21.8395 -3.4996 1.6374 34 52 29 0.4490 0.1863 0.1923 0.1948 0.9956 0.0005 0.0691 0.0629
21.5205 -4.3617 2.4760 63 76 25 0.4521 0.2008 0.2114 0.2097 0.9992 0.0252 0.0286 0.0094
22.5201 3.1836 1.0400 101 136 58 0.4129 0.2044 0.2011 0.1970 0.9980 0.0541 0.0159 0.0288
22.9300 4.7399 0.8178 209 213 120 0.4980 0.2045 0.2039 0.2047 0.9973 0.0582 -0.0414 -0.0191
22.0511 4.8478 0.5953 72 87 30 0.3999 0.1888 0.1844 0.1868 0.9999 0.0107 0.0109 -0.0029
21.9491 4.2569 1.1731 45 56 22 0.3958 0.1844 0.1867 0.1855 0.9961 0.0572 -0.0329 0.0579
21.6820 1.0034 3.8011 91 113 80 0.4188 0.1893 0.1992 0.1960 0.9972 0.0269 -0.0354 0.0604
4.9938 -3.7887 4.8488 187 215 236 0.5488 0.2194 0.2239 0.2349 0.9881 -0.0201 0.0502 -0.1442
12.3584 -14.4319 4.4506 137 163 63 0.4488 0.2228 0.2216 0.2226 0.9961 -0.0415 -0.0658 -0.0427
22.4813 -6.3417 5.0544 99 105 67 0.3966 0.1885 0.1955 0.1877 0.9944 -0.1049 0.0031 -0.0078
23.3223 -6.6072 3.0476 90 124 39 0.4397 0.2034 0.1968 0.2021 0.9971 -0.0393 -0.0235 0.0608
14.7013 -13.0464 4.0843 103 120 52 0.4095 0.1988 0.1901 0.1962 0.9910 -0.1211 0.0033 -0.0564
22.5560 -5.8718 5.5080 99 107 83 0.4462 0.1924 0.1967 0.1941 0.9979 -0.0184 -0.0169 0.0599
23.4743 -4.7992 4.4162 140 167 82 0.4565 0.2094 0.2057 0.2143 0.9926 0.0190 0.1168 0.0260
12.5951 -11.4346 -0.7129 154 168 126 0.4681 0.2157 0.2099 0.2149 0.9995 0.0005 -0.0094 -0.0316
7.3940 -19.4377 -0.9558 183 224 169 0.4989 0.2345 0.2314 0.2349 0.9972 0.0122 0.0204 -0.0715
12.8580 -15.3268 4.3022 93 122 43 0.4473 0.2096 0.2089 0.2222 0.9954 -0.0318 -0.0843 -0.0326
13.1606 -13.9867 4.3870 118 148 54 0.4607 0.2255 0.2211 0.2274 0.9953 0.0400 0.0092 -0.0879
22.6523 -6.4430 5.2749 95 95 63 0.3875 0.1873 0.1912 0.1839 0.9995 -0.0322 0.0036 0.0041
13.3462 -13.5052 5.5709 112 137 58 0.4633 0.2260 0.2139 0.2088 0.9945 0.0094 0.0601 -0.0847
20.0202 -9.8317 1.1486 167 206 115 0.4735 0.2247 0.2189 0.2185 0.9960 0.0405 0.0486 0.0632
12.3976 27.6370 -7.8665 115 154 112 0.4350 0.1975 0.1917 0.1948 0.9977 0.0403 -0.0152 0.0524
15.2775 -14.9227 3.3985 54 70 34 0.4335 0.1957 0.1912 0.1970 0.9985 0.0520 -0.0173 0.0030
19.5340 -5.4781 0.2343 194 208 211 0.5119 0.2244 0.2275 0.2323 0.9972 -0.0704 0.0195 -0.0128
24.4893 -0.1776 0.5907 239 255 255 0.5386 0.2178 0.2212 0.2200 0.9950 0.0477 0.0080 -0.0876
20.5635 -0.5473 3.7365 65 81 38 0.4918 0.2062 0.2047 0.2095 0.9947 -0.0367 -0.0525 -0.0804
18.1119 -10.2753 3.3257 130 155 88 0.4582 0.2125 0.2074 0.2055 0.9964 0.0452 0.0320 0.0639
21.4959 -5.6328 5.6622 111 122 82 0.4899 0.2068 0.2046 0.2117 0.9957 -0.0237 -0.0900 0.0009
14.0744 -18.0937 1.0033 194 228 141 0.4881 0.2362 0.2330 0.2325 0.9953 -0.0330 -0.0899 0.0168
18.6894 -10.1510 2.4534 159 200 95 0.4680 0.2205 0.2148 0.2223 0.9908 -0.0255 -0.0346 0.1282
15.4288 -15.2170 4.2514 42 49 18 0.4513 0.1990 0.1976 0.1968 0.9984 0.0153 0.0355 -0.0407
15.8144 -14.3101 4.2217 72 84 49 0.4215 0.1932 0.1903 0.1991 0.9949 0.0788 -0.0619 -0.0069
15.1404 -13.7505 5.9971 83 93 69 0.3676 0.1928 0.1810 0.1812 0.9909 0.0145 0.1206 -0.0577
15.8042 -14.0723 5.3548 56 72 43 0.3469 0.1844 0.1781 0.1834 0.9967 0.0472 0.0116 -0.0656
16.2038 -13.9980 5.2658 94 107 65 0.3682 0.1909 0.1841 0.1902 0.9981 -0.0191 -0.0161 -0.0561
20.6685 -0.7556 4.0389 87 97 57 0.4648 0.1917 0.2052 0.1992 0.9912 0.1198 -0.0519 0.0202
22.8252 -5.9879 5.5273 117 115 86 0.4366 0.1914 0.1934 0.1924 0.9985 -0.0377 0.0117 0.0383
22.3901 -5.2085 5.9555 144 149 122 0.4925 0.2154 0.2123 0.2118 0.9992 -0.0102 -0.0159 -0.0361
23.2497 -7.1091 4.1927 34 49 2 0.3962 0.1887 0.1890 0.1883 0.9996 -0.0256 -0.0034 -0.0124
19.3359 -12.9364 1.5021 113 148 87 0.4362 0.2159 0.2117 0.2140 0.9943 0.0973 0.0430 -0.0038
18.7429 -10.3792 4.4446 157 194 113 0.4737 0.2285 0.2250 0.2235 0.9983 -0.0524 0.0262 -0.0048
17.9641 -10.1063 4.3098 128 153 90 0.4525 0.2057 0.2087 0.2079 0.9959 0.0574 -0.0639 -0.0267
15.1794 -12.7106 5.4098 100 131 69 0.4277 0.2134 0.2032 0.1979 0.9953 -0.0390 0.0839 -0.0301
15.1143 -13.7146 6.1355 84 96 73 0.3801 0.1954 0.1809 0.1829 0.9884 -0.0111 0.1337 -0.0709
21.5290 -6.6711 5.1439 97 116 59 0.4354 0.2084 0.2110 0.1969 0.9867 0.0239 0.1404 0.0778
14.6323 -10.3844 4.9370 136 157 132 0.5328 0.2270 0.2203 0.2213 0.9928 0.0473 0.0547 -0.0950
16.0723 -13.7093 5.1136 101 124 63 0.3808 0.1928 0.1895 0.1893 0.9988 -0.0094 0.0290 -0.0390
22.9722 -5.7062 5.6837 100 100 73 0.4283 0.2048 0.1997 0.1912 0.9990 0.0155 -0.0345 0.0257
20.7624 -0.7856 4.5413 92 97 62 0.4863 0.1979 0.2148 0.2108 0.9991 0.0139 -0.0407 -0.0065
22.4664 0.4446 3.8131 127 150 90 0.4424 0.1990 0.1945 0.1995 0.9918 -0.0936 -0.0436 -0.0748
22.6444 2.8001 3.2922 159 196 101 0.4770 0.2058 0.2118 0.2144 0.9986 -0.0337 0.0213 0.0355
10.3677 -19.7420 1.1730 201 220 200 0.5033 0.2303 0.2276 0.2319 0.9994 -0.0008 -0.0237 -0.0259
25.0695 -7.7632 2.1398 165 204 103 0.4712 0.2126 0.2212 0.2254 0.9742 -0.0823 0.1485 0.1484
16.8468 27.4322 -4.1734 173 193 146 0.4729 0.2004 0.2066 0.1945 0.9957 -0.0193 0.0114 0.0896
19.3526 11.7566 1.0738 222 255 228 0.5251 0.2128 0.2121 0.2079 0.9928 -0.0773 -0.0741 0.0539
20.9666 -1.1552 4.1093 105 121 73 0.4669 0.1974 0.2123 0.2049 0.9986 -0.0371 -0.0080 0.0359
10.5494 -13.0051 6.7089 137 162 135 0.5175 0.2208 0.2093 0.2213 0.9818 -0.1722 -0.0608 -0.0527
15.4530 -13.0367 6.0082 61 79 52 0.4496 0.2036 0.1968 0.1989 0.9981 0.0157 0.0076 -0.0589
16.1274 -15.0377 3.7682 74 93 60 0.4277 0.2012 0.2035 0.2016 0.9989 -0.0035 -0.0185 0.0419
16.7614 -14.2198 3.8928 127 142 95 0.4494 0.2140 0.1970 0.2125 0.9943 0.1025 -0.0286 -0.0062
23.0837 -7.1661 3.5534 54 79 15 0.4107 0.1884 0.1923 0.1952 0.9987 0.0071 0.0439 0.0265
22.1749 -7.6258 4.6521 70 89 49 0.4061 0.1908 0.2038 0.1918 0.9995 0.0236 0.0203 0.0099
21.1271 -1.4521 3.8556 102 114 80 0.4597 0.1979 0.2094 0.2093 0.9994 -0.0090 0.0161 0.0287
11.0917 -19.2894 0.7559 255 255 248 0.5549 0.2350 0.2317 0.2366 0.9920 0.0950 -0.0455 -0.0700
16.0808 24.1309 0.2932 171 180 228 0.5083 0.2117 0.2122 0.2071 0.9986 0.0082 -0.0502 0.0134
21.3660 -7.8610 3.5221 112 146 60 0.4731 0.2161 0.2126 0.2162 0.9938 0.0860 -0.0115 0.0688
23.0702 -7.8754 3.2884 71 106 31 0.4105 0.1914 0.2084 0.2049 0.9884 0.0582 0.0936 0.1041
22.0739 -7.7882 5.1194 92 112 67 0.4291 0.1989 0.2107 0.1905 0.9983 -0.0259 0.0019 -0.0526
24.1016 -7.2979 4.9025 131 151 94 0.4790 0.2108 0.2094 0.2136 0.9971 0.0221 -0.0319 -0.0648
19.6420 0.3811 3.3056 116 135 99 0.4717 0.2022 0.2124 0.2074 0.9974 0.0608 -0.0331 -0.0211
15.6652 -15.6693 6.0531 94 108 54 0.3975 0.2042 0.2035 0.2036 0.9987 0.0431 -0.0004 -0.0259
22.8916 -7.3759 5.3439 74 99 43 0.4136 0.1864 0.1949 0.1893 0.9994 -0.0111 -0.0082 -0.0309
15.1759 -14.8786 5.3699 60 77 14 0.4069 0.1898 0.1885 0.1890 0.9994 -0.0110 0.0149 -0.0286
15.9873 -15.1191 4.0155 33 50 25 0.4352 0.1957 0.2030 0.2004 0.9990 -0.0088 -0.0401 0.0192
16.4026 -14.7540 4.5080 80 93 56 0.3445 0.1974 0.1876 0.1837 0.9883 -0.1021 0.1129 -0.0014
16.6708 -14.6754 4.4308 108 121 66 0.3758 0.2023 0.1925 0.1886 0.9899 -0.0996 0.1005 -0.0128
17.5523 -11.2590 4.4047 151 177 112 0.4454 0.2170 0.2119 0.2040 0.9886 0.0891 0.1150 -0.0382
16.4629 24.2628 -0.1991 108 144 233 0.4633 0.2098 0.2097 0.2057 0.9946 -0.0244 -0.0968 0.0268
22.9583 -7.3343 3.5215 59 81 25 0.4081 0.1882 0.1928 0.1919 0.9987 0.0192 0.0273 0.0373
22.4195 -5.6710 6.1807 125 128 97 0.4701 0.2091 0.2037 0.2134 0.9963 -0.0674 -0.0063 -0.0529
16.0016 25.2426 -0.1832 133 149 239 0.4937 0.2107 0.2135 0.2088 0.9964 0.0401 -0.0431 0.0608
24.0496 -7.2348 3.7726 129 154 82 0.4536 0.2124 0.1980 0.2111 0.9874 -0.0761 -0.0887 -0.1066
21.2331 -5.1541 5.4826 156 172 117 0.5106 0.2163 0.2110 0.2174 0.9979 -0.0377 0.0478 -0.0235
22.3205 -6.4924 6.4616 123 134 97 0.5105 0.2129 0.2180 0.2192 0.9998 0.0151 -0.0113 -0.0111
21.6261 -7.5692 4.1100 126 153 70 0.4522 0.2191 0.2127 0.2075 0.9997 0.0149 -0.0065 0.0207
19.6262 -11.3173 1.5793 113 148 76 0.4426 0.2224 0.2169 0.2134 0.9878 -0.1409 -0.0264 0.0607
19.7810 -0.0657 1.7347 81 97 63 0.4372 0.2030 0.2101 0.2097 0.9980 0.0634 0.0013 -0.0006
15.9120 -13.2940 6.4715 71 92 65 0.5552 0.2229 0.2157 0.2191 0.9964 -0.0816 0.0154 -0.0185
16.4293 -12.7686 6.1065 124 148 116 0.4950 0.2178 0.2176 0.2138 0.9957 0.0777 0.0034 -0.0499
13.6401 -14.2647 6.5974 129 146 102 0.4599 0.2105 0.2055 0.2039 0.9939 0.0961 0.0491 -0.0221
22.1105 -6.8235 4.1724 90 107 43 0.4309 0.1909 0.1993 0.1969 0.9944 0.0355 -0.0297 0.0953
15.2009 -12.8069 6.3433 72 85 91 0.5050 0.2223 0.2171 0.2100 0.9894 0.0808 0.0796 -0.0903
15.8658 -16.1982 5.2023 101 116 74 0.4649 0.2017 0.2079 0.2045 0.9987 0.0356 0.0179 0.0315
23.3622 -5.9859 2.7263 127 159 78 0.4482 0.2154 0.2107 0.2171 0.9982 0.0579 -0.0107 0.0076
-14.0244 -2.3055 -0.4288 136 172 73 0.4404 0.2067 0.2052 0.2078 0.9999 0.0025 -0.0142 0.0004
-19.7384 0.6093 -4.8701 196 227 176 0.4995 0.2085 0.2142 0.2087 0.9993 -0.0224 -0.0009 -0.0299
-25.3920 6.1469 -5.1185 222 246 142 0.5074 0.2180 0.2187 0.2184 0.9967 0.0109 -0.0375 -0.0717
-18.1075 4.3873 -4.2708 153 164 126 0.4539 0.2019 0.2082 0.2063 0.9970 -0.0416 -0.0644 -0.0100
12.5916 -5.7516 -5.0182 213 222 231 0.5304 0.2261 0.2200 0.2272 0.9968 0.0046 0.0271 -0.0752
13.0562 -4.2994 -8.3909 216 209 189 0.5033 0.2187 0.2184 0.2227 0.9992 -0.0057 0.0377 -0.0080
13.1589 -5.4023 -7.0467 230 226 219 0.5293 0.2240 0.2219 0.2257 0.9979 0.0416 0.0490 -0.0061
11.5770 -6.5243 -4.3152 215 230 238 0.5287 0.2227 0.2223 0.2314 0.9939 -0.0194 -0.0717 -0.0812
11.2826 -6.9894 -2.7361 183 198 212 0.5210 0.2238 0.2177 0.2311 0.9961 -0.0237 -0.0360 -0.0764
11.4927 -7.6577 -2.3813 212 230 255 0.5221 0.2313 0.2257 0.2353 0.9990 0.0103 0.0182 -0.0398
10.9990 -7.0663 -8.0453 255 255 255 0.5900 0.2406 0.2451 0.2473 0.9946 0.0439 0.0904 -0.0245
11.3020 -8.4145 -5.9359 188 205 203 0.5041 0.2296 0.2301 0.2326 0.9887 0.0703 0.0873 -0.0993
13.7417 -5.5791 -4.5327 255 255 255 0.5577 0.2399 0.2333 0.2402 0.9892 0.1056 -0.0806 -0.0616
10.4038 -6.2217 -4.1279 196 214 223 0.5179 0.2243 0.2203 0.2318 0.9896 0.0527 -0.0931 -0.0964
11.5555 -2.2824 -2.5660 249 255 255 0.5800 0.2399 0.2405 0.2441 0.9993 0.0268 0.0244 0.0092
8.7071 -7.7499 -2.7832 208 236 230 0.5403 0.2253 0.2292 0.2369 0.9665 -0.0319 -0.2126 -0.1406
12.8466 -2.8944 -2.6964 255 255 255 0.5968 0.2455 0.2468 0.2475 0.9876 0.0447 0.0548 -0.1405
-2.2718 -4.5281 -0.3161 255 255 255 0.6198 0.2340 0.2435 0.2361 0.9904 -0.0571 0.0325 0.1214
19.8609 -8.6794 4.3166 130 167 91 0.4801 0.2250 0.2208 0.2242 0.9967 0.0090 -0.0014 0.0807
15.2473 -5.4674 -7.1823 255 255 255 0.5771 0.2338 0.2357 0.2359 0.9961 0.0210 0.0315 -0.0795
20.7291 32.6136 -6.0897 131 154 99 0.4381 0.2016 0.2036 0.2054 0.9998 -0.0154 -0.0122 0.0019
15.6273 -0.2109 4.1276 196 255 255 0.5714 0.2327 0.2306 0.2343 0.9921 0.0910 -0.0820 -0.0270
6.3395 -18.5433 6.2596 142 153 135 0.4743 0.2095 0.2235 0.2154 0.9929 0.0830 0.0580 0.0624
18.0951 -8.2824 4.5452 104 131 73 0.4807 0.2144 0.2119 0.2151 0.9932 -0.0615 -0.0611 0.0784
-2.4508 -2.9543 2.2130 255 255 255 0.6657 0.2507 0.2504 0.2484 0.9960 0.0036 -0.0441 -0.0775
14.8461 -11.4073 5.0445 101 119 97 0.5155 0.2235 0.2208 0.2178 0.9948 0.0733 0.0677 -0.0211
12.2747 -15.3520 6.5501 106 119 81 0.4591 0.2026 0.1988 0.1997 0.9939 0.0054 0.0419 0.1021
10.5150 -15.4912 6.5760 156 175 118 0.4979 0.2134 0.2052 0.2055 0.9928 0.0801 0.0826 0.0334
12.6700 -14.5720 6.9142 141 152 114 0.5030 0.2137 0.2072 0.2055 0.9888 0.0865 0.0519 0.1099
5.3932 -16.1608 4.6574 173 192 147 0.5269 0.2268 0.2301 0.2335 0.9885 -0.1352 -0.0204 -0.0639
18.6137 -8.3173 3.5386 141 172 97 0.4818 0.2216 0.2204 0.2255 0.9974 -0.0174 -0.0177 0.0681
18.0482 -9.0886 4.2901 141 164 113 0.4836 0.2148 0.2128 0.2176 0.9955 -0.0588 -0.0028 0.0741
18.2486 -7.8747 5.9793 171 193 136 0.4952 0.2272 0.2261 0.2269 0.9986 0.0016 -0.0101 -0.0525
31.3934 -0.4616 2.9781 178 197 164 0.4840 0.2169 0.2106 0.2198 0.9936 -0.0442 0.1021 -0.0203
7.3711 15.7650 -2.0640 128 192 171 0.4710 0.2042 0.2028 0.2014 0.9873 0.0087 0.0889 0.1313
8.8768 -17.6556 3.2124 161 177 130 0.4843 0.2269 0.2195 0.2248 0.9958 -0.0233 -0.0727 -0.0506
20.8662 -12.0471 2.6238 97 122 88 0.4304 0.2215 0.2162 0.2191 0.9961 0.0217 -0.0812 -0.0279
4.6024 -16.2186 5.0993 181 204 165 0.5079 0.2237 0.2282 0.2273 0.9971 -0.0755 0.0121 -0.0064
2.1481 -11.5612 2.5055 185 187 187 0.5364 0.2343 0.2370 0.2403 0.9983 0.0055 0.0274 0.0515
12.5388 -16.9976 4.9239 140 170 105 0.4690 0.2161 0.2172 0.2146 0.9979 0.0368 0.0469 0.0254
7.3920 -18.1331 6.3588 135 146 125 0.4528 0.2107 0.2142 0.2044 0.9960 0.0721 -0.0507 -0.0166
20.0146 -7.5528 3.4847 174 221 106 0.4780 0.2328 0.2241 0.2313 0.9896 0.0896 0.0235 0.1102
17.7391 -7.4381 4.4289 131 164 87 0.4841 0.2175 0.2173 0.2170 0.9969 0.0263 -0.0747 0.0013
15.5351 -11.3540 5.5304 120 146 116 0.4967 0.2247 0.2266 0.2249 0.9973 0.0565 -0.0463 0.0052
16.3728 -1.3839 4.8639 158 192 203 0.5595 0.2299 0.2312 0.2258 0.9924 -0.1031 0.0666 -0.0113
11.8653 -17.2193 5.4039 125 144 82 0.4649 0.2067 0.2074 0.2016 0.9973 0.0604 0.0375 -0.0205
-7.5708 4.3008 -1.7387 255 255 255 0.5677 0.2224 0.2195 0.2243 0.9888 -0.1004 -0.1093 -0.0136
12.6233 -17.2589 6.2243 159 171 105 0.4875 0.2115 0.2096 0.2140 0.9946 -0.0692 -0.0778 0.0039
15.1219 -11.3508 4.2895 104 116 74 0.4756 0.2183 0.2084 0.2068 0.9949 0.0384 0.0811 -0.0461
20.6804 -6.0844 2.6994 135 164 74 0.4691 0.2221 0.2146 0.2192 0.9882 0.1004 -0.0125 0.1153
5.5137 22.5881 -2.2737 147 127 138 0.4427 0.1995 0.2045 0.1905 0.9981 -0.0519 0.0093 0.0334
10.8932 -17.0315 4.7983 133 159 93 0.4634 0.2144 0.2114 0.2140 0.9969 -0.0583 -0.0033 -0.0532
19.0868 -5.8826 5.7402 133 157 94 0.5001 0.2188 0.2216 0.2208 0.9992 -0.0010 -0.0191 -0.0341
3.2534 -14.9406 5.8479 196 221 155 0.5090 0.2195 0.2278 0.2271 0.9964 -0.0794 0.0293 0.0069
4.1868 -16.8036 4.6120 166 196 135 0.4877 0.2226 0.2214 0.2248 0.9901 -0.0219 -0.0932 0.1031
11.0648 -16.6687 5.2828 129 155 77 0.4340 0.2131 0.2002 0.1985 0.9948 0.0143 0.0525 0.0864
11.1590 -14.8938 7.4833 163 181 127 0.5180 0.2144 0.2127 0.2114 0.9895 0.1213 0.0120 -0.0781
12.6334 -16.0935 6.0364 108 114 69 0.4308 0.2006 0.1970 0.1989 0.9989 -0.0388 0.0237 0.0123
7.7614 -19.1812 6.2202 179 191 156 0.4949 0.2170 0.2111 0.2137 0.9971 -0.0700 -0.0268 -0.0113
12.2211 -14.7817 7.2852 142 158 103 0.4908 0.2085 0.2011 0.2053 0.9950 0.0068 0.0313 0.0947
12.3340 -15.3444 6.3388 114 127 88 0.4557 0.2013 0.1984 0.1993 0.9965 0.0069 0.0454 0.0693
2.7197 -10.5501 2.1969 255 255 255 0.6095 0.2521 0.2522 0.2530 0.9923 -0.0943 -0.0727 -0.0348
19.4686 -4.5589 3.7065 134 169 82 0.4720 0.2228 0.2170 0.2155 0.9960 0.0445 0.0718 0.0286
11.1488 -14.5129 6.0635 141 170 85 0.4931 0.2202 0.2208 0.2194 0.9887 0.0903 -0.1016 -0.0630
19.2813 -4.1381 2.4998 131 145 126 0.4667 0.2098 0.2136 0.2105 0.9957 -0.0159 -0.0894 -0.0203
12.3222 -14.7612 5.3364 130 157 92 0.4719 0.2181 0.2119 0.2076 0.9919 0.0411 0.1191 -0.0167
1.9200 -13.5448 6.1113 208 238 153 0.5218 0.2177 0.2255 0.2254 0.9956 -0.0032 0.0593 -0.0727
-0.2258 -11.2968 5.0649 127 135 80 0.4563 0.2070 0.2163 0.2129 0.9979 -0.0600 0.0212 -0.0112
-1.4881 -13.1016 2.8147 96 133 48 0.4220 0.2133 0.2131 0.2138 0.9984 0.0019 0.0331 -0.0460
-2.7026 -10.3808 2.1206 85 119 62 0.4067 0.1992 0.2055 0.1989 0.9991 0.0328 0.0242 -0.0119
-2.1166 -11.8208 2.0390 125 118 87 0.4323 0.1999 0.1984 0.2021 0.9983 0.0538 -0.0212 0.0092
16.9950 -11.8840 -2.9139 120 115 97 0.4266 0.2158 0.2092 0.2142 0.9942 0.0942 -0.0519 -0.0019
-4.0867 11.3622 -8.2713 255 255 255 0.6063 0.2303 0.2229 0.2355 0.9816 -0.1537 -0.0941 0.0636
-1.8086 -10.0251 1.1322 80 85 73 0.4197 0.1884 0.1994 0.1938 0.9905 -0.1125 0.0619 0.0486
1.5614 -1.9780 -3.5306 255 255 255 0.6552 0.2494 0.2517 0.2495 0.9892 0.0238 0.0492 -0.1357
-2.1407 -8.4570 2.6667 70 67 43 0.4601 0.1948 0.1973 0.1959 0.9994 -0.0046 0.0334 -0.0037
-1.3263 -9.6791 3.0217 86 94 44 0.4259 0.2013 0.2020 0.1915 0.9908 -0.1029 -0.0883 0.0056
-1.1595 -7.6452 3.5303 100 102 50 0.4252 0.1978 0.2068 0.1952 0.9976 -0.0391 -0.0131 0.0557
-0.8263 -9.9010 2.0974 50 50 31 0.4022 0.1896 0.1972 0.1928 0.9903 -0.0676 0.0818 0.0899
-0.8484 -9.8943 2.0751 41 45 34 0.4003 0.1893 0.1967 0.1925 0.9913 -0.0622 0.0790 0.0853
-1.3740 -10.5227 0.8908 146 138 119 0.4564 0.1896 0.2001 0.1978 0.9842 -0.0743 0.0268 0.1585
-0.9496 -7.3655 2.5493 101 82 45 0.4380 0.1926 0.1965 0.1826 0.9845 -0.1275 -0.0729 0.0963
0.1250 -9.7258 3.3226 160 162 131 0.5131 0.2075 0.2188 0.2118 0.9698 -0.1643 0.1783 0.0282
9.8087 -8.3611 -3.3134 228 255 241 0.5443 0.2339 0.2338 0.2373 0.9867 -0.0044 -0.1273 -0.1013
0.4329 -9.6088 2.9314 147 145 123 0.5452 0.2170 0.2266 0.2139 0.9841 -0.1686 0.0229 0.0517
23.1115 -8.4418 -2.3146 89 108 78 0.4198 0.2054 0.2104 0.2094 0.9999 -0.0050 0.0007 0.0159
1.2963 -9.5728 1.7546 223 228 234 0.5848 0.2403 0.2423 0.2427 0.9886 -0.0475 0.0610 -0.1289
22.1679 -8.6596 -1.9216 100 122 97 0.4298 0.2081 0.2123 0.2133 0.9996 0.0100 0.0277 0.0045
20.4520 -9.1973 -1.7087 91 109 79 0.4205 0.2061 0.2056 0.2041 0.9935 -0.0727 0.0139 0.0861
22.2294 -6.4125 -1.1853 103 122 93 0.4322 0.2052 0.2090 0.2160 0.9883 -0.0582 0.1381 -0.0296
-1.3004 -9.1124 2.9577 121 118 64 0.4942 0.1988 0.2024 0.2004 0.9958 -0.0271 0.0866 -0.0118
6.9820 -10.0226 -4.5780 255 255 255 0.6557 0.2462 0.2496 0.2448 0.9749 -0.0527 -0.1260 -0.1756
-0.6534 -5.7651 1.8658 170 146 126 0.5056 0.2187 0.2185 0.2121 0.9903 -0.0645 -0.1149 0.0449
22.3551 -6.1020 -2.6294 102 113 88 0.4331 0.2092 0.2164 0.2159 0.9958 -0.0175 0.0669 -0.0593
24.2622 -9.1983 -5.5222 190 196 183 0.4965 0.2218 0.2207 0.2185 0.9929 -0.0058 -0.1142 -0.0323
1.0131 -7.6769 3.3411 149 156 162 0.5524 0.2257 0.2252 0.2200 0.9926 -0.0646 -0.0802 -0.0636
-0.4663 -8.2756 -3.4603 255 255 255 0.5930 0.2294 0.2388 0.2383 0.9869 -0.0265 -0.1496 -0.0544
2.5494 -11.9218 -2.4271 210 204 198 0.5492 0.2394 0.2306 0.2380 0.9978 0.0640 0.0105 -0.0126
-3.4774 -8.6661 1.7204 153 153 109 0.4591 0.2071 0.2027 0.2008 0.9987 0.0485 -0.0074 -0.0114
-2.5604 -7.8887 1.8530 2 59 0 0.4178 0.1924 0.1807 0.1841 0.9982 0.0257 -0.0315 -0.0452
-1.7612 -8.2378 2.5647 86 86 58 0.4155 0.1981 0.1908 0.1836 0.9912 0.0111 -0.1313 0.0132
-0.5776 -8.5759 1.9462 31 39 0 0.4206 0.1950 0.1851 0.1836 0.9944 0.0027 0.0622 -0.0849
-2.2464 -7.9840 2.1117 50 46 12 0.4240 0.1915 0.1824 0.1880 0.9987 -0.0216 -0.0025 -0.0469
-2.8927 -7.6831 1.1000 101 124 39 0.4319 0.1935 0.1966 0.1978 0.9977 0.0548 0.0279 -0.0270
-1.7455 -9.1063 1.0685 40 45 37 0.3904 0.1819 0.1894 0.1856 0.9948 -0.1011 0.0128 -0.0069
21.2890 -6.0912 -4.0660 68 84 65 0.3965 0.2005 0.2020 0.1981 0.9986 0.0060 -0.0006 -0.0533
23.3856 -0.4936 -7.1853 89 100 82 0.4110 0.2109 0.2089 0.2091 0.9961 0.0137 -0.0730 0.0477
0.3103 -8.5226 2.4433 143 138 117 0.4483 0.2016 0.1884 0.1989 0.9769 0.1895 -0.0935 -0.0305
2.4762 -10.9013 -3.6269 186 161 163 0.5051 0.2127 0.2094 0.2198 0.9920 0.0315 -0.0958 -0.0754
25.7954 -8.1937 -5.7435 182 188 188 0.4857 0.2132 0.2199 0.2124 0.9912 0.1142 0.0539 0.0405
22.1768 -9.1587 -8.9000 128 162 81 0.4252 0.2129 0.2146 0.2165 0.9946 -0.0690 0.0691 0.0356
0.2988 -7.0547 -4.4717 255 255 255 0.6090 0.2299 0.2334 0.2453 0.9595 0.2005 -0.1977 0.0050
20.9531 -9.4587 -8.6911 132 164 88 0.4317 0.2137 0.2165 0.2169 0.9971 -0.0559 0.0301 -0.0421
21.1708 -5.2019 -4.4144 66 80 61 0.4060 0.1961 0.1985 0.2018 0.9969 -0.0367 0.0501 -0.0490
-1.8109 -8.6501 0.3530 83 91 61 0.4156 0.1861 0.2020 0.2021 0.9997 -0.0016 0.0245 0.0095
0.3347 -8.7706 1.6966 166 145 96 0.4887 0.2064 0.2075 0.2031 0.9993 -0.0028 -0.0157 -0.0341
22.6397 -8.8261 -8.0672 100 99 107 0.4254 0.2064 0.2058 0.2100 0.9955 -0.0238 0.0896 0.0213
25.6313 -4.1103 -4.3105 123 124 124 0.4518 0.2150 0.2136 0.2187 0.9878 -0.1104 0.0330 -0.1044
0.8205 -7.9569 0.9773 191 146 128 0.5016 0.2218 0.2266 0.2283 0.9995 -0.0200 0.0061 0.0239
10.5638 -1.6885 1.6326 230 255 255 0.5879 0.2451 0.2447 0.2499 0.9938 0.0292 0.0434 -0.0980
20.4749 -3.5309 -6.0270 103 107 87 0.4154 0.1920 0.1930 0.1990 0.9980 -0.0583 0.0222 0.0091
-2.1528 -8.7359 2.0957 76 82 30 0.3901 0.1883 0.1879 0.1810 0.9924 -0.0782 -0.0944 -0.0053
-0.1907 -8.3761 2.3896 153 138 101 0.4406 0.2021 0.2023 0.1919 0.9884 -0.1414 -0.0512 -0.0195
25.5978 -8.0542 -6.4791 166 171 177 0.4788 0.2148 0.2162 0.2115 0.9956 0.0701 -0.0418 0.0467
-2.6660 -7.1996 1.7825 116 127 51 0.4321 0.1997 0.2012 0.1968 0.9970 -0.0493 -0.0537 0.0256
22.0686 -6.4007 -5.5672 58 71 57 0.3980 0.1948 0.2019 0.2004 0.9996 -0.0124 -0.0117 0.0211
11.1299 -3.6664 2.0386 200 217 255 0.5579 0.2402 0.2396 0.2449 0.9936 0.0552 -0.0119 -0.0980
20.1242 -5.0250 -2.2459 108 128 107 0.4361 0.1922 0.2053 0.2014 0.9951 0.0655 0.0200 0.0708
23.7521 -8.5500 -5.9332 179 187 175 0.4807 0.2134 0.2135 0.2163 0.9953 -0.0857 0.0348 0.0269
24.0423 -3.5587 -4.6895 124 144 108 0.4337 0.2137 0.2161 0.2079 0.9924 0.1023 -0.0606 0.0310
9.8345 -15.6035 -5.8515 212 236 212 0.5169 0.2294 0.2270 0.2301 0.9973 0.0392 -0.0220 -0.0573
26.8129 -2.2955 -4.9864 130 138 120 0.4449 0.2143 0.2182 0.2183 0.9862 0.0605 0.1192 0.0979
-2.1573 -7.8080 2.3593 73 73 49 0.4270 0.1875 0.1933 0.1839 0.9970 0.0177 -0.0582 -0.0469
-1.6348 -6.1836 2.2432 123 98 86 0.4322 0.1949 0.2062 0.1910 0.9954 -0.0475 -0.0167 0.0814
-2.0975 -8.1712 2.2178 67 64 30 0.4131 0.1885 0.1877 0.1888 0.9984 0.0177 -0.0331 -0.0433
-0.0689 -8.2710 0.9649 149 142 115 0.4747 0.2020 0.2155 0.2140 0.9920 -0.0183 -0.0136 -0.1238
23.4855 -7.2662 -9.3695 126 132 120 0.4333 0.2100 0.2139 0.2097 0.9995 0.0216 0.0051 0.0214
23.5456 -6.9747 -7.4066 129 151 134 0.4466 0.2096 0.2102 0.2152 0.9912 -0.1186 0.0140 -0.0569
23.6244 -8.5622 -8.5991 122 121 121 0.4295 0.2008 0.2093 0.2091 0.9956 -0.0442 0.0762 0.0311
-2.0613 -7.7833 2.5808 91 81 71 0.4023 0.1905 0.1913 0.1808 0.9935 0.0369 -0.0953 -0.0499
-1.9037 -7.3749 2.4194 95 100 57 0.4125 0.1914 0.1923 0.1854 0.9976 -0.0225 0.0147 0.0639
23.3284 -5.5225 -6.5759 89 114 71 0.4092 0.2007 0.2096 0.2068 0.9991 0.0387 0.0135 0.0125
-1.5975 -8.5547 1.2409 42 48 21 0.3973 0.1859 0.1836 0.1882 0.9968 0.0569 -0.0462 -0.0304
-2.0988 -8.1066 2.0690 65 66 33 0.4064 0.1859 0.1846 0.1861 0.9976 0.0252 -0.0420 -0.0498
0.7976 -7.1661 1.9007 203 185 170 0.5495 0.2268 0.2315 0.2230 0.9919 -0.0228 -0.0864 -0.0901
27.3723 -6.5492 -6.2368 163 177 162 0.4787 0.2086 0.2172 0.2147 0.9921 0.0668 0.0443 0.0963
-2.0516 -7.9246 2.5152 73 66 55 0.4123 0.1916 0.1907 0.1841 0.9970 0.0199 -0.0661 -0.0350
-1.8794 -6.3478 2.3208 153 153 111 0.4198 0.1960 0.2013 0.1835 0.9826 -0.0798 -0.0846 0.1449
-2.0321 -8.3815 2.0505 95 89 26 0.4327 0.1963 0.1887 0.1881 0.9984 0.0183 -0.0494 -0.0213
27.7257 0.0170 -6.0575 126 135 107 0.4309 0.2087 0.2165 0.2138 0.9833 0.0784 0.0981 0.1318
-1.2595 -8.4949 2.9798 106 101 71 0.4790 0.2037 0.1983 0.2004 0.9969 0.0566 0.0550 -0.0055
-1.0293 -7.4949 1.4829 125 104 81 0.4013 0.1953 0.1947 0.1981 0.9853 0.1260 0.1155 0.0034
21.4462 -3.6146 -3.2714 66 68 49 0.3946 0.1900 0.1963 0.1958 0.9989 0.0127 0.0111 0.0434
-1.3426 -4.4312 1.5569 255 255 255 0.5916 0.2330 0.2362 0.2327 0.9986 -0.0519 0.0081 -0.0047
-1.3262 -5.2790 2.4949 179 167 149 0.5289 0.2181 0.2188 0.2214 0.9993 0.0292 0.0214 0.0102
-0.3662 -7.9951 2.0196 132 101 83 0.4420 0.1931 0.1920 0.1924 0.9953 0.0752 0.0305 -0.0521
21.3128 -5.2737 -0.9830 113 136 94 0.4354 0.2066 0.2138 0.2166 0.9921 -0.0215 0.1161 0.0425
-0.3653 -8.7526 2.8520 144 149 116 0.4838 0.2006 0.2093 0.1944 0.9755 -0.1890 -0.0749 0.0845
-1.1242 -6.7334 2.6642 118 96 75 0.4403 0.1998 0.1976 0.1882 0.9947 -0.0155 -0.1017 -0.0057
-2.0439 -7.9921 2.1668 48 54 33 0.4143 0.1865 0.1877 0.1853 0.9979 0.0319 -0.0434 -0.0359
8.1842 -17.2186 -1.9117 176 208 157 0.5058 0.2291 0.2283 0.2310 0.9935 0.0180 0.0384 -0.1054
0.4628 -7.9817 2.1846 140 137 132 0.4475 0.2016 0.1919 0.1939 0.9882 0.1034 -0.0803 0.0789
20.6965 -5.1588 -1.5450 102 114 80 0.4238 0.1888 0.2111 0.2098 0.9876 0.0515 0.1398 -0.0502
16.7767 -6.7482 -5.7167 220 223 211 0.5189 0.2311 0.2258 0.2304 0.9981 0.0210 -0.0336 0.0475
16.4752 -6.2423 -1.4499 255 255 255 0.5590 0.2294 0.2244 0.2319 0.9819 0.1122 -0.1412 -0.0585
20.9222 31.9281 -8.2069 142 173 87 0.4404 0.2100 0.2025 0.2005 0.9995 0.0011 -0.0046 -0.0327
0.9182 -8.1708 2.3618 168 164 154 0.5812 0.2267 0.2208 0.2202 0.9912 -0.0930 -0.0928 0.0140
-2.7382 -6.8418 3.9150 154 156 109 0.4613 0.2218 0.2293 0.2229 0.9883 -0.0179 -0.0366 -0.1467
18.9751 -21.9826 -9.6088 191 211 182 0.4929 0.2217 0.2241 0.2287 0.9817 0.1097 0.1549 -0.0127
15.4252 -10.4447 -3.1868 175 182 170 0.4781 0.2194 0.2180 0.2251 0.9870 0.1050 0.0479 -0.1120
-0.8090 -6.6104 3.8580 151 150 116 0.5062 0.2161 0.2140 0.2141 0.9959 -0.0407 -0.0444 0.0669
-0.3006 -7.7420 3.0530 117 133 82 0.4245 0.1943 0.1964 0.1908 0.9981 -0.0125 -0.0461 -0.0395
8.8172 -15.1232 -1.3593 255 255 249 0.5664 0.2324 0.2364 0.2349 0.9828 -0.0676 -0.0328 -0.1685
0.0864 7.4608 -3.1011 240 255 255 0.5802 0.2308 0.2088 0.2297 0.9652 -0.2345 -0.1104 -0.0347
6.6696 -17.2090 -1.9751 196 241 162 0.5162 0.2355 0.2219 0.2330 0.9929 0.1043 -0.0504 0.0260
8.6339 -14.9264 -0.1503 255 255 255 0.6030 0.2400 0.2412 0.2411 0.9749 -0.1568 -0.0827 -0.1344
6.6303 -15.8933 -3.4823 153 196 125 0.4664 0.2278 0.2188 0.2238 0.9964 0.0262 0.0798 -0.0058
15.6837 -8.2031 -0.0641 255 255 255 0.5360 0.2290 0.2215 0.2239 0.9930 0.0578 0.1003 -0.0235
14.9240 -8.6677 -3.1559 209 221 224 0.5179 0.2260 0.2224 0.2205 0.9942 -0.0141 0.0697 -0.0805
14.5333 -6.9642 1.1763 195 255 255 0.5320 0.2330 0.2282 0.2293 0.9964 0.0326 0.0706 -0.0341
-1.7191 3.2775 -1.3059 255 255 255 0.6631 0.2382 0.2374 0.2461 0.9625 -0.1735 -0.1234 -0.1680
0.5874 7.2627 -2.1436 255 255 255 0.5849 0.2294 0.2110 0.2317 0.9685 -0.2300 -0.0593 -0.0748
0.1309 6.0564 -1.7429 250 255 255 0.5835 0.2371 0.2197 0.2359 0.9700 -0.2150 -0.0897 -0.0693
1.4797 8.8037 -2.8927 255 255 255 0.6230 0.2343 0.2190 0.2405 0.9705 -0.2218 -0.0016 -0.0946
-2.3155 -1.4093 -1.0974 189 255 255 0.6092 0.2376 0.2452 0.2389 0.9995 0.0194 -0.0192 -0.0167
6.9008 -14.9302 -1.7481 127 129 116 0.4588 0.2258 0.2192 0.2303 0.9954 -0.0696 -0.0522 -0.0391
15.0681 -8.5243 0.9858 188 202 193 0.5407 0.2259 0.2198 0.2261 0.9955 0.0544 -0.0641 -0.0442
7.0319 -9.9383 -3.3908 255 255 255 0.6651 0.2524 0.2575 0.2514 0.9756 -0.0773 -0.1514 -0.1390
-1.7555 -1.3402 0.3015 255 255 255 0.6309 0.2447 0.2448 0.2453 0.9932 0.0114 -0.0019 -0.1156
2.0772 -2.7884 8.0047 153 179 139 0.4996 0.2087 0.2129 0.2180 0.9883 0.0675 0.1020 -0.0910
-0.7279 -0.1522 8.6099 173 195 150 0.4852 0.2042 0.2079 0.2029 0.9954 -0.0660 -0.0367 -0.0593
-4.3356 -3.7737 8.4857 255 255 255 0.5954 0.2214 0.2195 0.2221 0.9935 -0.0559 0.0977 0.0144
-4.4703 -1.8992 8.7750 238 246 244 0.5383 0.2148 0.2132 0.2130 0.9992 -0.0369 0.0070 -0.0137
-4.1400 -5.1787 9.4620 255 255 255 0.5701 0.2159 0.2180 0.2194 0.9938 -0.0388 0.0981 0.0361
-4.9107 -3.1678 8.4627 255 255 255 0.6069 0.2185 0.2189 0.2204 0.9896 -0.1002 0.0961 0.0379
-4.9337 -2.5591 8.8271 219 229 239 0.5597 0.2140 0.2141 0.2178 0.9931 -0.0817 0.0780 -0.0310
8.2396 -4.9278 5.5975 170 203 165 0.5202 0.2204 0.2238 0.2302 0.9923 0.0717 -0.0272 -0.0973
23.1127 -0.7470 0.7007 120 144 108 0.4415 0.1985 0.2120 0.2057 0.9957 0.0446 0.0597 -0.0555
-5.8322 -6.6639 10.1599 228 231 248 0.5441 0.2132 0.2140 0.2113 0.9958 0.0250 -0.0800 -0.0380
-4.8481 -5.1413 9.3172 255 255 255 0.5783 0.2169 0.2191 0.2200 0.9910 -0.0427 0.0999 0.0787
0.8736 -3.6083 9.3871 95 123 85 0.4842 0.2049 0.2080 0.2037 0.9998 -0.0146 -0.0150 0.0068
-1.8128 -1.4611 9.2868 194 205 183 0.5068 0.2033 0.2055 0.2024 0.9934 -0.0678 -0.0373 -0.0847
3.7550 -2.0932 8.1612 174 184 157 0.5063 0.2100 0.2090 0.2116 0.9989 0.0126 0.0433 0.0123
6.3064 -0.9656 6.2516 190 208 180 0.5160 0.2119 0.2149 0.2161 0.9944 0.0051 0.1015 -0.0288
-1.8308 -2.3534 4.4831 255 255 255 0.5772 0.2426 0.2383 0.2423 0.9780 -0.1254 0.0847 -0.1436
2.5839 0.1216 7.0982 137 165 113 0.4785 0.2067 0.2092 0.2071 0.9926 -0.0797 0.0660 -0.0642
35.3980 15.3569 -6.4825 150 154 183 0.4567 0.2097 0.1984 0.2032 0.9976 -0.0488 0.0076 -0.0488
13.1664 -16.3798 2.4469 144 160 91 0.4292 0.2350 0.2402 0.2370 0.9832 0.0548 -0.1143 -0.1315
5.8694 7.2866 -2.2601 147 194 146 0.4686 0.2100 0.2092 0.2194 0.9954 -0.0424 -0.0227 -0.0825
10.5424 4.8934 2.7273 97 106 90 0.4296 0.1941 0.1919 0.1922 0.9988 0.0357 0.0184 -0.0267
11.1021 4.1567 -0.1596 130 148 140 0.4575 0.2037 0.1984 0.2130 0.9885 -0.1198 -0.0881 -0.0259
17.9017 1.2806 1.7452 126 126 120 0.4990 0.2112 0.2147 0.2216 0.9993 -0.0277 -0.0267 -0.0042
17.9731 0.9423 0.6652 139 146 149 0.4896 0.2191 0.2021 0.2247 0.9920 -0.1114 -0.0169 -0.0562
10.8640 6.2331 2.7424 147 168 103 0.4566 0.1992 0.2018 0.2009 0.9929 -0.0298 0.0191 -0.1139
10.1491 6.0325 2.2914 112 134 79 0.4316 0.1958 0.1984 0.1925 0.9978 -0.0371 -0.0120 -0.0538
5.3276 4.8146 -1.6759 213 223 212 0.5237 0.2153 0.2164 0.2236 0.9953 -0.0845 0.0007 -0.0483
20.3268 2.4426 -0.3932 112 139 63 0.4122 0.1893 0.2010 0.1978 0.9971 0.0126 0.0671 0.0344
-1.4436 -11.0912 2.8631 25 38 8 0.3982 0.1878 0.1941 0.1994 0.9952 0.0253 -0.0065 0.0939
10.3756 7.4281 -1.2201 169 178 170 0.4681 0.2074 0.2003 0.2123 0.9891 0.0016 -0.1154 0.0916
22.8977 -0.5214 -0.8546 121 146 116 0.4367 0.2034 0.2127 0.2058 0.9956 0.0749 -0.0285 -0.0479
9.8157 6.4015 -0.7860 144 156 135 0.4759 0.2104 0.2038 0.2099 0.9973 -0.0584 0.0094 0.0440
13.8805 6.6443 2.1648 179 187 180 0.4855 0.2132 0.2106 0.2166 0.9997 -0.0064 -0.0163 0.0190
11.5223 4.7905 -1.5390 109 121 114 0.4498 0.2027 0.2029 0.2133 0.9979 -0.0301 -0.0404 -0.0398
-1.6565 -6.1103 0.8443 241 242 226 0.5425 0.2168 0.2240 0.2187 0.9947 -0.0901 0.0360 -0.0333
6.6156 -4.1747 -1.3038 255 255 255 0.6241 0.2482 0.2534 0.2543 0.9924 -0.0473 -0.0351 -0.1084
21.8241 -0.1144 -1.0133 44 61 58 0.3944 0.1928 0.1925 0.1953 0.9997 -0.0247 0.0048 -0.0047
3.9694 -0.8938 -3.0861 255 255 255 0.5996 0.2370 0.2437 0.2426 0.9863 -0.1259 -0.0359 -0.1007
11.8664 4.3620 0.8847 137 156 159 0.4821 0.2106 0.1998 0.2148 0.9994 -0.0297 -0.0029 -0.0202
9.8744 6.8151 1.4926 142 145 129 0.4654 0.1998 0.2030 0.1999 0.9992 0.0023 -0.0386 -0.0126
19.6042 -0.2356 -0.4658 155 166 159 0.4642 0.2077 0.2068 0.2195 0.9925 -0.1211 0.0157 0.0085
11.9412 4.7110 1.6780 110 131 124 0.4596 0.1992 0.1993 0.2053 0.9970 -0.0195 -0.0705 -0.0266
19.5268 1.0925 1.2570 142 152 137 0.4811 0.2044 0.2099 0.2107 0.9967 -0.0404 -0.0021 0.0706
-1.9874 -9.4937 1.2254 80 85 49 0.3978 0.1911 0.1910 0.1870 0.9942 -0.0952 -0.0114 0.0488
9.2642 6.2567 1.8156 111 107 85 0.4838 0.2022 0.2028 0.2042 0.9974 0.0210 0.0235 -0.0649
10.0742 5.1930 2.3282 65 78 58 0.4140 0.1938 0.1929 0.1950 0.9976 0.0072 -0.0673 0.0171
-0.2028 -11.2245 1.6846 123 130 96 0.4672 0.2128 0.2021 0.2138 0.9855 0.1554 -0.0084 0.0671
-0.9316 -11.3247 2.4199 52 59 37 0.4098 0.1872 0.1899 0.1951 0.9879 0.1242 0.0647 0.0672
10.3082 4.8616 -0.8147 168 186 176 0.5055 0.2245 0.2123 0.2314 0.9780 -0.1633 0.1278 0.0209
18.9955 0.6205 -1.3665 178 185 200 0.4870 0.2223 0.2183 0.2190 0.9915 0.0552 0.0671 -0.0972
9.3990 8.0873 0.1661 172 190 159 0.4736 0.2108 0.2081 0.2115 0.9982 0.0246 0.0508 -0.0185
7.7212 6.8787 -1.7530 185 210 194 0.5055 0.2175 0.2176 0.2259 0.9932 -0.0474 0.0538 -0.0921
11.6684 5.5506 2.1761 137 145 120 0.4492 0.2038 0.1923 0.2053 0.9952 0.0675 0.0683 0.0176
13.2106 4.9534 2.3809 98 114 105 0.4622 0.2031 0.2024 0.2130 0.9978 0.0544 -0.0250 -0.0283
2.8049 -9.0627 -2.6550 255 255 255 0.6290 0.2402 0.2473 0.2416 0.9930 0.0357 -0.1040 -0.0429
-1.2283 -10.7995 -0.0414 204 201 181 0.4989 0.2155 0.2280 0.2227 0.9955 0.0434 -0.0528 -0.0653
9.4629 6.9046 1.5500 105 104 97 0.4717 0.1984 0.2062 0.2030 0.9973 0.0223 -0.0358 -0.0599
18.2228 0.5006 -1.5624 186 189 203 0.4964 0.2296 0.2196 0.2236 0.9599 -0.1312 0.1973 -0.1496
14.3307 4.5475 1.4521 133 140 116 0.4837 0.2110 0.2019 0.2066 0.9937 -0.0266 0.0948 0.0532
0.3472 -11.3922 -1.2288 234 213 213 0.5279 0.2190 0.2255 0.2320 0.9819 0.0054 -0.1737 -0.0754
-0.9676 -12.5945 -0.1740 112 116 96 0.4268 0.2167 0.2206 0.2224 0.9885 -0.0604 -0.1339 -0.0356
2.4422 -9.8912 -3.8422 255 255 255 0.5197 0.2106 0.2165 0.2285 0.9737 0.0622 -0.2033 -0.0817
20.5866 0.2408 1.5825 143 162 143 0.4600 0.1993 0.2097 0.2091 0.9995 0.0054 -0.0126 -0.0298
17.6876 1.4517 -1.3844 173 175 179 0.4778 0.2285 0.2112 0.2210 0.9902 -0.0985 0.0689 -0.0717
-0.1184 -11.9427 -0.9536 204 181 183 0.4972 0.2183 0.2256 0.2285 0.9845 -0.0122 -0.1733 -0.0250
5.7591 -4.8199 1.5467 204 223 255 0.5545 0.2300 0.2348 0.2373 0.9945 -0.0122 -0.0367 -0.0973
6.9734 -4.3249 -3.0296 255 255 255 0.6083 0.2482 0.2522 0.2509 0.9828 -0.0374 0.0663 -0.1685
8.9534 6.9440 1.8653 128 123 95 0.4665 0.2017 0.2110 0.2070 0.9964 0.0292 -0.0223 -0.0765
6.4084 1.4300 -1.5832 255 255 255 0.6297 0.2419 0.2493 0.2497 0.9962 -0.0478 -0.0349 -0.0637
-3.9671 -13.6392 -2.1106 216 211 212 0.5108 0.2162 0.2180 0.2213 0.9951 0.0587 -0.0746 0.0284
0.9315 -20.5071 0.7546 163 195 139 0.4672 0.2112 0.2162 0.2131 0.9909 -0.0460 -0.0596 0.1116
-2.2839 -7.8808 -1.0043 230 229 214 0.5255 0.2081 0.2207 0.2191 0.9925 -0.0156 -0.0527 0.1095
22.2798 -0.7353 0.6871 108 128 101 0.4305 0.1970 0.2026 0.2044 0.9952 0.0174 0.0867 0.0429
17.9923 -3.1405 1.2643 172 185 195 0.5172 0.2279 0.2298 0.2307 0.9987 0.0477 0.0143 -0.0127
-0.6146 -10.6789 2.0995 73 73 53 0.4312 0.1924 0.1983 0.1973 0.9907 -0.0970 0.0933 0.0207
0.3443 -4.3301 -2.1942 255 255 255 0.6564 0.2461 0.2505 0.2487 0.9936 -0.0130 -0.0453 -0.1024
17.8862 -15.6305 0.4221 148 179 78 0.4456 0.2255 0.2283 0.2249 0.9937 0.0464 -0.0975 0.0284
-0.3144 -17.2998 2.1276 161 204 105 0.4591 0.2122 0.2242 0.2214 0.9915 -0.0323 -0.1002 0.0761
10.0512 5.0519 2.9801 33 56 24 0.4723 0.1975 0.1965 0.1957 0.9992 0.0210 -0.0332 -0.0038
1.7915 -20.5974 3.0289 77 96 42 0.3980 0.1880 0.1978 0.1912 0.9968 0.0738 -0.0040 -0.0316
20.6112 0.8439 2.2406 128 145 136 0.4851 0.1990 0.2114 0.2029 0.9951 0.0397 -0.0232 -0.0872
16.7601 1.1053 -0.3566 171 176 184 0.5027 0.2252 0.2149 0.2278 0.9940 -0.0952 0.0162 -0.0515
0.4969 -3.1750 1.2048 255 255 255 0.5947 0.2458 0.2540 0.2543 0.9975 0.0001 -0.0217 -0.0676
14.8626 -13.7274 3.3135 120 132 74 0.4294 0.2025 0.1992 0.1996 0.9985 0.0289 -0.0077 0.0465
5.4859 1.3052 1.0717 255 255 253 0.5603 0.2299 0.2333 0.2384 0.9963 -0.0440 0.0372 -0.0633
3.7006 0.4675 1.8866 226 233 238 0.5771 0.2305 0.2411 0.2403 0.9983 -0.0485 -0.0262 -0.0205
-3.2455 -6.2022 -0.8337 231 235 223 0.5349 0.2111 0.2254 0.2171 0.9730 -0.1797 -0.1415 0.0311
1.5201 -8.5371 2.4725 178 181 188 0.6046 0.2339 0.2323 0.2354 0.9937 -0.0443 0.0318 -0.0977
1.3702 -19.2219 4.5037 122 153 85 0.4290 0.1938 0.2066 0.2013 0.9993 -0.0141 0.0110 0.0330
12.8894 1.4968 1.8799 168 186 182 0.5116 0.2314 0.2172 0.2330 0.9829 -0.1632 -0.0576 -0.0628
13.6484 2.7608 4.7387 134 135 119 0.5386 0.2140 0.2104 0.2124 0.9930 0.0965 0.0288 -0.0617
-4.5330 -8.6825 -1.2141 162 191 173 0.4734 0.2180 0.2164 0.2158 0.9977 -0.0243 0.0554 0.0305
-2.6820 -6.1870 0.6052 235 247 221 0.5268 0.2164 0.2195 0.2101 0.9951 -0.0799 0.0445 0.0389
6.6526 5.4641 5.3526 170 203 118 0.5257 0.2166 0.2224 0.2264 0.9950 0.0750 -0.0605 0.0246
3.7790 1.3900 2.2524 255 255 255 0.6327 0.2393 0.2432 0.2456 0.9918 -0.0491 -0.0212 -0.1162
12.3523 3.0649 3.6487 119 127 102 0.4708 0.2082 0.1976 0.1939 0.9870 0.0091 0.1589 -0.0223
0.4388 -16.3914 3.9817 132 162 100 0.4613 0.2121 0.2202 0.2139 0.9914 0.0973 -0.0838 -0.0258
0.2315 -16.9170 4.6332 142 173 96 0.4601 0.1937 0.2167 0.2076 0.9983 0.0444 -0.0369 0.0021
15.4523 -13.3207 3.3997 114 131 66 0.4578 0.2010 0.2077 0.1957 0.9977 -0.0344 0.0412 0.0420
12.3328 3.1633 5.4816 149 149 128 0.5450 0.2196 0.2133 0.2168 0.9882 0.1118 0.0722 -0.0755
12.1793 3.9408 3.9433 91 105 85 0.4772 0.2063 0.1984 0.1999 0.9810 0.1140 0.1453 -0.0591
0.6968 -1.4852 0.2055 255 255 255 0.6226 0.2496 0.2536 0.2554 0.9992 -0.0077 0.0377 0.0131
11.1775 1.0901 0.4188 207 216 230 0.5574 0.2356 0.2361 0.2428 0.9834 -0.0961 0.0986 -0.1183
12.4590 2.0569 3.7095 161 174 165 0.5328 0.2241 0.2133 0.2177 0.9948 0.0842 0.0333 -0.0459
7.9085 5.9769 5.6812 103 126 100 0.5026 0.2073 0.2104 0.2176 0.9917 0.0531 -0.0888 0.0769
0.5475 -2.6362 2.3382 255 255 255 0.5868 0.2491 0.2523 0.2495 0.9828 -0.0925 -0.0505 -0.1516
13.7324 5.1339 3.3336 111 126 115 0.4434 0.2060 0.2050 0.2056 0.9976 -0.0445 0.0467 -0.0258
12.5403 3.6398 5.2247 91 97 91 0.5271 0.2135 0.2119 0.2090 0.9889 -0.0639 0.1046 -0.0845
12.9827 3.0082 5.3303 147 144 128 0.5473 0.2152 0.2122 0.2142 0.9906 0.1056 0.0017 -0.0870
12.9493 2.4037 5.3708 153 154 148 0.5598 0.2180 0.2224 0.2175 0.9953 -0.0924 0.0051 0.0299
8.1955 5.2476 5.6959 134 160 116 0.5171 0.2067 0.2130 0.2183 0.9931 0.0245 -0.1085 0.0386
6.0673 -0.7513 2.7902 255 255 255 0.6062 0.2359 0.2386 0.2505 0.9796 0.0394 0.0757 -0.1820
-1.6375 -18.5120 3.7038 89 119 67 0.4014 0.1978 0.2080 0.2004 0.9999 0.0025 0.0137 0.0078
-0.5680 -19.2865 4.4229 103 128 73 0.4200 0.1968 0.2099 0.2025 0.9989 0.0286 -0.0265 0.0264
7.2877 1.1894 3.2386 221 242 246 0.5689 0.2314 0.2326 0.2389 0.9983 0.0321 0.0407 -0.0265
14.1699 4.7121 3.2773 147 166 138 0.4568 0.2063 0.1966 0.1983 0.9971 0.0370 0.0503 0.0429
12.0274 2.4564 5.1886 136 145 144 0.5354 0.2190 0.2176 0.2187 0.9966 0.0592 0.0032 -0.0577
11.9048 2.4000 4.1790 105 113 93 0.5473 0.2178 0.2185 0.2146 0.9966 -0.0654 0.0454 -0.0218
12.1746 2.9255 3.9173 86 91 71 0.4962 0.2085 0.2054 0.2051 0.9991 -0.0137 0.0399 -0.0046
5.2506 3.6528 2.3582 243 241 224 0.5621 0.2187 0.2213 0.2302 0.9902 0.0945 -0.1032 0.0029
6.0740 3.1419 2.6244 205 194 181 0.5427 0.2127 0.2202 0.2224 0.9983 0.0420 -0.0414 -0.0008
5.3301 2.7158 2.3930 240 225 210 0.5622 0.2212 0.2268 0.2347 0.9976 0.0132 -0.0586 0.0351
-1.0984 -23.0863 3.0814 100 122 68 0.4089 0.1907 0.1964 0.1972 0.9987 -0.0386 0.0094 -0.0322
-7.0772 -15.1071 -1.9355 167 210 117 0.4709 0.2113 0.2117 0.2112 0.9985 -0.0480 0.0245 -0.0054
12.0600 0.0962 -1.0887 235 241 255 0.5604 0.2393 0.2395 0.2481 0.9971 -0.0153 0.0699 -0.0243
6.1883 2.4748 2.3963 255 246 239 0.5766 0.2259 0.2362 0.2367 0.9915 -0.0019 -0.0956 -0.0886
-0.7319 -26.4504 2.3915 137 136 92 0.4345 0.1931 0.1981 0.1922 0.9999 0.0034 -0.0037 -0.0113
14.5892 3.4938 4.1883 108 114 87 0.4657 0.1949 0.2037 0.2069 0.9903 0.0730 -0.1175 0.0119
14.2129 3.9639 4.3011 117 118 79 0.4643 0.2029 0.1998 0.2025 0.9983 0.0492 -0.0253 0.0179
14.5298 -14.0049 2.3929 110 125 50 0.4350 0.2064 0.1984 0.2083 0.9976 0.0667 0.0041 -0.0198
29.1542 -13.4095 -5.5704 188 200 172 0.4877 0.2102 0.2104 0.2106 0.9979 -0.0606 -0.0237 0.0054
-5.6772 -10.0209 -2.8316 186 196 217 0.4957 0.2212 0.2205 0.2210 0.9971 -0.0053 -0.0759 -0.0065
8.3893 4.5575 4.2512 115 149 84 0.4835 0.2016 0.2093 0.2095 0.9964 -0.0120 -0.0819 0.0177
14.3127 4.2647 3.1928 116 143 94 0.4548 0.2007 0.1960 0.1975 0.9982 0.0526 0.0254 -0.0160
7.6160 4.5569 4.4429 141 158 119 0.5071 0.2084 0.2184 0.2178 0.9947 0.0021 -0.1023 -0.0110
-13.4031 -15.6790 -5.7946 192 222 219 0.5086 0.2170 0.2164 0.2193 0.9955 0.0681 -0.0600 0.0256
8.9791 2.3250 1.1186 232 240 249 0.5673 0.2327 0.2338 0.2396 0.9918 0.0019 -0.1278 0.0024
0.0495 -26.7378 1.4941 56 63 49 0.3900 0.1825 0.1890 0.1856 0.9969 0.0474 0.0218 -0.0583
0.3415 -25.9162 1.0474 60 81 49 0.3970 0.1850 0.1888 0.1858 0.9998 -0.0126 -0.0055 0.0140
14.3390 3.5859 4.1754 93 105 85 0.4748 0.1953 0.2016 0.2058 0.9918 0.0833 -0.0936 0.0235
12.1264 -0.0241 -2.6918 243 237 255 0.5404 0.2407 0.2394 0.2457 0.9819 -0.1167 -0.0164 -0.1480
13.9795 -13.4868 1.0488 121 152 70 0.4338 0.2088 0.2022 0.2023 0.9942 0.0145 -0.1045 0.0214
15.4627 -14.6549 1.7707 48 56 39 0.4150 0.1984 0.2034 0.2071 0.9996 -0.0099 -0.0204 0.0152
16.3536 -11.9477 0.3419 89 99 76 0.4373 0.1952 0.1954 0.2007 0.9971 0.0574 -0.0449 -0.0210
0.8034 -7.9447 -1.4719 255 255 255 0.5855 0.2391 0.2425 0.2412 0.9925 -0.0217 -0.0707 -0.0969
15.8344 3.3219 2.3376 182 190 158 0.5015 0.2170 0.2102 0.2088 0.9886 0.0138 0.1492 -0.0131
14.8921 2.8464 2.7129 70 99 74 0.4517 0.2021 0.2049 0.2095 0.9969 -0.0132 -0.0747 -0.0217
-5.4010 -15.6771 -5.7705 120 135 120 0.4343 0.2139 0.2196 0.2196 0.9957 0.0167 -0.0854 0.0317
8.7053 -0.0863 -1.5471 255 255 255 0.5900 0.2473 0.2461 0.2512 0.9907 -0.0753 0.0777 -0.0824
23.1037 -10.4568 -5.3817 120 140 85 0.4309 0.2119 0.2154 0.2133 0.9991 0.0374 -0.0214 0.0053
-0.0309 -27.1492 1.0212 61 67 44 0.3910 0.1826 0.1872 0.1845 0.9994 0.0148 0.0030 -0.0313
16.9408 -12.1141 0.1120 112 121 96 0.4439 0.2045 0.2068 0.2073 0.9966 -0.0324 -0.0737 -0.0145
14.8172 -13.3303 1.7037 97 112 49 0.4385 0.2010 0.2014 0.2002 0.9991 0.0158 0.0092 -0.0371
-16.4727 -10.5880 -5.5267 140 184 140 0.4584 0.2021 0.2098 0.2148 0.9954 0.0390 -0.0705 -0.0514
-10.8245 -14.3200 -3.3644 174 217 156 0.4823 0.2065 0.2106 0.2046 0.9959 0.0414 -0.0113 0.0794
-1.1039 -5.7521 -1.5088 255 255 255 0.5644 0.2281 0.2308 0.2362 0.9840 0.1500 -0.0944 -0.0212
17.0853 -10.9212 -0.5190 118 118 110 0.4391 0.2008 0.2047 0.2030 0.9940 -0.0392 -0.0956 -0.0348
17.3319 -13.3763 1.7990 83 101 70 0.4278 0.2021 0.2126 0.2040 0.9952 -0.0715 -0.0592 -0.0309
-1.3282 -25.8394 0.2885 103 142 76 0.4162 0.2069 0.2087 0.2061 0.9995 -0.0140 0.0278 -0.0091
15.2835 3.9254 3.1523 120 136 92 0.4742 0.2080 0.2088 0.2088 0.9972 -0.0651 -0.0299 -0.0210
15.0427 3.2312 3.9949 74 81 58 0.4641 0.1940 0.2044 0.2004 0.9961 -0.0657 -0.0333 -0.0477
-0.2668 -5.7077 0.0071 255 255 253 0.5607 0.2302 0.2427 0.2295 0.9882 -0.1062 -0.0339 -0.1049
2.7479 -0.5449 0.3838 255 255 255 0.5974 0.2387 0.2456 0.2469 0.9972 -0.0556 -0.0118 -0.0485
2.7277 -1.8466 -0.0173 255 255 255 0.5764 0.2395 0.2432 0.2442 0.9840 -0.0373 -0.0707 -0.1591
15.6657 2.9108 4.3391 135 141 105 0.4744 0.2027 0.1937 0.2088 0.9990 -0.0334 -0.0126 -0.0266
20.2868 -4.1188 -1.7556 98 114 81 0.4398 0.1955 0.2033 0.2119 0.9843 -0.1473 0.0775 0.0592
18.0423 -11.0192 1.2375 172 202 131 0.4747 0.2155 0.2119 0.2113 0.9997 0.0161 0.0142 0.0153
14.7835 3.8899 3.7341 101 104 51 0.4981 0.2046 0.2039 0.2024 0.9988 -0.0452 -0.0172 -0.0089
20.0555 -2.3257 -1.8599 127 133 128 0.4514 0.2014 0.2049 0.2152 0.9873 -0.1245 0.0944 0.0276
10.1299 4.6383 4.1278 116 146 80 0.4934 0.2122 0.2010 0.2141 0.9918 0.0770 -0.0589 -0.0827
10.2111 5.3007 3.9263 68 109 46 0.4379 0.2020 0.2003 0.2019 0.9976 -0.0108 0.0169 -0.0660
10.1965 5.2970 3.9300 71 107 54 0.4231 0.2009 0.1989 0.2006 0.9973 0.0003 0.0195 -0.0706
9.7348 -43.3457 -6.2711 174 224 147 0.4727 0.2180 0.2163 0.2156 0.9987 -0.0403 0.0132 0.0299
13.3735 -9.4015 2.7217 146 164 116 0.4982 0.2175 0.2156 0.2195 0.9941 -0.0106 -0.0897 -0.0600
16.8124 1.5457 4.4405 143 178 189 0.5236 0.2213 0.2254 0.2241 0.9957 -0.0104 -0.0920 -0.0009
17.0308 3.0148 3.6026 103 117 104 0.5179 0.2169 0.2059 0.2139 0.9929 -0.0545 0.1021 0.0266
16.3106 2.3644 3.7169 102 113 92 0.4694 0.2064 0.1998 0.2090 0.9985 -0.0000 -0.0412 0.0354
16.0170 -11.6066 3.5931 157 178 110 0.4660 0.2144 0.2087 0.2115 0.9949 -0.0966 0.0051 0.0285
14.6989 -10.9227 2.1214 117 135 72 0.4589 0.2133 0.2101 0.2070 0.9944 0.0416 0.0912 -0.0335
8.4124 5.0839 3.6319 125 165 87 0.4802 0.2050 0.2062 0.2082 0.9882 0.0627 -0.0936 -0.1033
3.7730 -1.6532 0.9891 255 255 255 0.5913 0.2347 0.2435 0.2397 0.9987 -0.0225 0.0460 0.0037
15.4479 -9.9799 1.3397 132 145 95 0.4835 0.2095 0.2065 0.2065 0.9996 -0.0031 0.0205 -0.0167
10.3202 3.8359 3.6097 122 144 106 0.5016 0.2078 0.2154 0.2121 0.9817 -0.1027 -0.1529 0.0474
15.4659 3.7058 3.6601 81 96 74 0.4664 0.1966 0.1981 0.2011 0.9995 0.0300 0.0128 0.0046
17.7795 -11.3884 2.9020 153 175 108 0.4532 0.2174 0.2101 0.2052 0.9945 0.0302 0.0721 0.0696
14.9706 3.1450 4.6747 120 109 82 0.5255 0.2133 0.2095 0.2156 0.9958 0.0369 0.0101 -0.0830
15.0000 3.8414 3.8051 117 120 63 0.4912 0.2029 0.1998 0.2014 0.9993 0.0191 -0.0314 -0.0115
14.7793 -12.3045 1.2791 80 90 54 0.4543 0.2018 0.2029 0.2053 0.9986 -0.0077 0.0507 -0.0153
15.7753 -5.0848 3.8784 145 166 149 0.5484 0.2441 0.2329 0.2425 0.9998 -0.0013 0.0180 0.0041
8.3471 4.2051 3.5875 113 144 95 0.4935 0.2049 0.2107 0.2157 0.9808 0.0988 -0.1680 0.0073
-0.3891 -23.2229 3.3709 122 147 83 0.4303 0.1975 0.2025 0.1983 0.9997 0.0203 0.0121 0.0087
22.0587 -3.3610 -1.5156 90 122 62 0.4177 0.2003 0.2165 0.2175 0.9923 0.0032 0.1214 0.0238
19.2051 -6.0587 -2.2151 134 150 134 0.4452 0.2042 0.2040 0.2097 0.9972 -0.0586 -0.0216 0.0403
10.2554 5.0521 3.0165 53 69 43 0.4428 0.1966 0.1914 0.1933 0.9996 0.0226 -0.0103 -0.0161
10.0448 4.4161 3.1838 48 80 16 0.5191 0.1999 0.2035 0.2035 0.9996 0.0202 0.0181 0.0041
15.9505 2.5745 3.9112 100 107 88 0.4712 0.1950 0.1991 0.2009 0.9983 0.0193 -0.0552 0.0023
9.0146 1.0804 1.5724 225 229 242 0.5734 0.2283 0.2266 0.2405 0.9986 0.0204 0.0034 -0.0492
17.2844 -11.0748 0.0187 151 164 139 0.4620 0.2098 0.2073 0.2026 0.9967 0.0071 0.0795 0.0157
17.4432 -10.4249 -0.0820 171 185 163 0.4923 0.2121 0.2097 0.2128 0.9885 -0.0756 -0.0977 0.0869
16.5555 -13.3661 3.1477 93 110 54 0.4398 0.2127 0.2031 0.2006 0.9960 -0.0058 0.0862 -0.0222
14.2590 -12.3045 2.0640 116 142 64 0.4819 0.2150 0.2120 0.2094 0.9998 0.0068 0.0161 0.0080
15.5315 -11.1923 -0.8555 160 166 149 0.4723 0.2160 0.2105 0.2158 0.9954 0.0819 0.0064 0.0494
16.5252 -11.2572 0.0694 148 163 127 0.4565 0.2089 0.2057 0.2051 0.9980 -0.0161 0.0612 -0.0013
10.2167 4.9900 3.1844 54 82 44 0.4311 0.1948 0.1942 0.1909 0.9968 -0.0729 0.0090 -0.0312
10.4403 5.5505 2.9883 120 136 105 0.4426 0.1951 0.1954 0.1937 0.9967 0.0076 0.0732 0.0353
21.3660 -4.6526 -2.1686 46 62 30 0.4027 0.1914 0.1956 0.1981 0.9986 0.0127 0.0177 0.0484
9.3222 4.2463 3.7621 90 122 67 0.4933 0.2044 0.2095 0.2119 0.9829 0.0240 -0.1828 -0.0026
9.6997 4.4391 3.7961 111 140 79 0.4713 0.2003 0.1978 0.2039 0.9885 0.0582 -0.1269 -0.0584
7.8776 3.1997 -2.3184 255 255 255 0.6086 0.2369 0.2377 0.2454 0.9812 -0.1390 0.0751 -0.1107
10.4933 4.8056 2.7493 52 65 45 0.4470 0.1965 0.1945 0.1956 0.9994 -0.0033 -0.0011 -0.0353
13.8045 1.2204 4.1252 168 195 178 0.5377 0.2284 0.2262 0.2233 0.9926 0.0168 0.1187 0.0196
15.9577 2.8594 3.6026 43 64 59 0.4169 0.1939 0.2006 0.2030 0.9998 0.0162 -0.0055 -0.0128
15.5822 -3.6907 -0.8676 255 255 255 0.6161 0.2460 0.2412 0.2527 0.9911 0.1105 0.0700 -0.0246
15.8110 1.3562 4.5396 147 165 163 0.5428 0.2188 0.2196 0.2259 0.9873 0.0816 -0.1362 -0.0103
15.9077 0.6146 4.3289 180 209 218 0.5585 0.2277 0.2261 0.2240 0.9971 0.0253 0.0714 0.0116
-2.4094 -0.0894 -1.9580 215 255 255 0.5963 0.2373 0.2404 0.2378 0.9965 -0.0495 -0.0263 -0.0614
19.7711 -4.1185 -2.3554 71 85 66 0.4212 0.1919 0.1986 0.2000 0.9955 0.0020 0.0712 0.0620
19.7790 -3.8873 -2.1767 74 88 69 0.4288 0.1919 0.2019 0.2011 0.9964 0.0292 0.0564 0.0566
16.5562 -10.9686 -0.6045 150 161 153 0.4687 0.2113 0.2110 0.2083 0.9958 -0.0312 0.0645 0.0565
10.4314 4.8391 2.6401 39 53 31 0.5050 0.2005 0.1975 0.2066 0.9972 -0.0721 0.0200 -0.0024
8.8739 3.6468 2.9451 131 160 128 0.5125 0.2160 0.2212 0.2244 0.9922 0.0436 -0.1143 -0.0235
11.5256 -11.6118 1.6123 204 228 169 0.5165 0.2273 0.2274 0.2309 0.9964 -0.0190 0.0318 -0.0765
19.3362 -17.1341 -6.2447 166 188 164 0.4735 0.2169 0.2187 0.2210 0.9981 0.0389 0.0475 -0.0105
-0.0642 2.5162 -0.9873 255 255 255 0.6373 0.2426 0.2436 0.2536 0.9692 -0.1617 -0.1094 -0.1503
16.0953 -16.2755 1.4060 156 185 90 0.4688 0.2267 0.2333 0.2245 0.9896 0.0935 -0.0577 0.0928
15.3016 2.1326 4.5353 130 129 113 0.5137 0.2071 0.2069 0.2066 0.9967 0.0469 -0.0044 -0.0659
15.4780 2.2240 4.3410 107 123 112 0.4556 0.1967 0.1993 0.2011 0.9995 0.0286 -0.0114 0.0097
16.4534 -11.8148 1.1245 83 87 69 0.4150 0.1922 0.1916 0.1917 0.9987 0.0413 0.0183 -0.0244
15.7858 -13.4513 2.3211 48 53 14 0.4265 0.1920 0.1906 0.1944 0.9987 0.0306 -0.0198 -0.0350
19.7258 -4.1700 -2.4705 82 101 72 0.4187 0.1921 0.1973 0.2005 0.9941 -0.0057 0.0883 0.0629
15.4088 2.9377 4.2501 120 111 87 0.4705 0.2040 0.1956 0.2023 0.9986 -0.0127 0.0170 -0.0477
17.3766 -11.3186 -0.8339 110 105 113 0.4368 0.2003 0.2025 0.2029 0.9920 -0.0778 -0.0978 -0.0189
15.2599 -12.1449 1.0350 87 96 64 0.4364 0.2011 0.2035 0.2053 0.9985 -0.0465 -0.0277 -0.0102
-4.8309 -8.6075 -3.5694 255 255 250 0.5505 0.2252 0.2341 0.2327 0.9928 -0.0299 -0.1097 0.0380
7.0091 3.2603 -3.1579 255 255 255 0.5799 0.2362 0.2379 0.2445 0.9637 -0.2205 -0.0285 -0.1476
10.1225 4.6640 3.4428 51 80 33 0.4348 0.1952 0.1976 0.1932 0.9986 -0.0421 0.0256 -0.0184
17.2833 24.7306 0.9616 192 214 212 0.5046 0.2064 0.2091 0.2071 0.9989 0.0290 -0.0040 0.0355
24.4000 33.9777 -0.5023 224 233 227 0.5241 0.2084 0.2046 0.2056 0.9999 -0.0095 0.0075 -0.0112
39.6632 13.4089 -0.0366 144 184 101 0.4508 0.2044 0.2027 0.2037 0.9990 0.0280 -0.0208 0.0265
43.5612 52.6185 -9.0885 197 204 220 0.5036 0.2087 0.2064 0.2079 1.0000 -0.0070 -0.0032 -0.0039
22.4171 28.3998 -1.0710 196 204 203 0.5001 0.2106 0.2088 0.2072 0.9986 0.0130 -0.0142 -0.0501
29.3898 37.3302 -2.4731 184 190 193 0.4881 0.2042 0.2029 0.1980 0.9991 -0.0055 0.0405 -0.0111
47.0962 39.1554 -7.0733 187 216 178 0.4886 0.2129 0.2090 0.2057 0.9988 0.0322 -0.0294 -0.0213
11.1405 15.9828 3.4213 100 99 125 0.4322 0.1901 0.1907 0.1942 0.9986 0.0261 0.0454 -0.0049
8.3196 10.7826 5.0505 80 84 81 0.4171 0.1996 0.1934 0.1887 0.9967 -0.0340 -0.0188 -0.0712
9.0788 11.6036 4.8977 218 219 230 0.5200 0.2125 0.2064 0.2081 0.9964 0.0281 0.0264 -0.0760
15.1212 21.1583 0.4674 116 114 175 0.4711 0.1992 0.2087 0.1969 0.9971 0.0125 -0.0184 0.0728
26.2005 13.4241 0.6164 135 158 161 0.4548 0.2094 0.2056 0.2068 0.9969 0.0032 -0.0416 -0.0661
14.5132 21.8826 2.1154 116 164 165 0.4642 0.1977 0.1984 0.1975 0.9993 -0.0179 -0.0321 -0.0056
10.9228 14.8267 3.4464 178 175 186 0.4838 0.2005 0.2062 0.2049 0.9997 -0.0113 -0.0202 0.0094
15.6510 21.0988 0.3590 197 197 228 0.5145 0.2099 0.2157 0.2091 0.9930 0.0399 -0.0308 0.1071
19.4438 27.8988 -2.1673 219 227 234 0.5230 0.2073 0.2168 0.2094 0.9943 0.0536 0.0271 0.0875
36.0424 10.9542 -5.1844 168 182 165 0.4744 0.2069 0.1999 0.2060 0.9989 -0.0439 -0.0137 -0.0123
18.7016 -10.6652 1.2472 170 205 119 0.4722 0.2211 0.2132 0.2174 0.9964 0.0028 0.0558 0.0645
24.9724 33.5979 -6.7722 131 174 119 0.4482 0.2043 0.2030 0.2065 0.9993 -0.0139 0.0229 -0.0256
33.6343 3.8138 -0.2801 124 169 84 0.4317 0.2034 0.2092 0.2060 0.9957 0.0208 0.0121 0.0890
31.6311 33.7013 -5.8710 140 142 157 0.4533 0.2020 0.2093 0.2078 0.9969 -0.0226 -0.0006 0.0751
14.2704 -6.6436 8.3113 129 169 91 0.4871 0.2104 0.2198 0.2163 0.9998 0.0018 -0.0031 -0.0181
5.5546 -1.8130 11.0228 150 159 172 0.5076 0.2061 0.2109 0.2070 0.9996 -0.0023 0.0003 -0.0269
2.9060 -1.5552 11.9774 152 157 154 0.5165 0.2106 0.2065 0.2069 0.9976 0.0083 -0.0680 -0.0108
17.7374 -4.3978 -9.8654 159 153 141 0.4564 0.2154 0.2147 0.2265 0.9784 -0.1080 0.1552 -0.0838
8.4495 11.0530 1.3100 255 255 197 0.5376 0.2162 0.2188 0.2217 0.9983 -0.0030 -0.0274 -0.0519
28.0653 -13.4514 -6.0777 255 255 248 0.5491 0.2205 0.2177 0.2205 0.9974 0.0283 -0.0321 -0.0572
18.3823 -9.8688 -4.0852 93 99 94 0.4157 0.2098 0.2057 0.2089 0.9952 -0.0278 -0.0205 0.0919
25.1382 -12.6472 -5.9094 143 173 106 0.4563 0.2138 0.2117 0.2125 0.9940 -0.0637 -0.0736 -0.0495
27.7333 -13.5523 -7.1072 230 255 219 0.5281 0.2181 0.2200 0.2209 0.9890 0.0087 0.1450 -0.0268
9.3084 11.0477 1.3823 255 255 255 0.5609 0.2171 0.2221 0.2207 0.9946 0.0447 -0.0902 -0.0264
8.7737 10.5288 0.7855 219 255 174 0.5029 0.2172 0.2144 0.2156 0.9935 0.0553 0.0622 0.0773
27.7029 -15.4761 -7.7259 209 231 197 0.5127 0.2210 0.2171 0.2185 0.9956 -0.0103 -0.0915 -0.0171
26.8976 -13.1201 -7.3631 189 210 165 0.4859 0.2155 0.2194 0.2209 0.9924 -0.0129 0.1197 0.0257
14.9982 5.1548 7.3748 115 139 105 0.5098 0.2089 0.2102 0.2104 0.9974 -0.0416 -0.0109 -0.0582
40.1190 -2.4567 -4.6800 158 184 134 0.4609 0.2065 0.2084 0.2074 0.9994 -0.0229 0.0234 -0.0146
12.4537 9.5900 -0.1621 175 255 214 0.5100 0.2171 0.2143 0.2139 0.9895 0.0978 0.1029 0.0263
19.0706 9.5581 -2.8666 174 183 176 0.4828 0.2052 0.2044 0.2059 0.9985 0.0471 -0.0128 0.0258
37.2771 10.5382 -9.9017 145 188 123 0.4489 0.2105 0.2073 0.2113 0.9951 -0.0746 -0.0060 -0.0650
21.1045 8.7223 -1.9658 209 224 199 0.5079 0.2096 0.2109 0.2081 0.9989 -0.0040 0.0044 -0.0459
13.4769 -11.2682 -0.7745 130 144 109 0.4603 0.2111 0.2070 0.2115 0.9961 0.0493 -0.0006 -0.0732
45.7755 -4.5335 -6.3053 89 110 78 0.4292 0.2036 0.2018 0.2037 0.9994 0.0260 -0.0169 -0.0156
16.7076 11.1607 -1.9153 175 197 209 0.4948 0.2094 0.2094 0.2067 0.9989 0.0323 0.0343 -0.0073
20.4542 9.8208 -3.2822 203 211 200 0.5038 0.2075 0.2059 0.2084 0.9971 0.0649 -0.0161 0.0371
12.4931 9.6005 -1.0944 171 206 201 0.5036 0.2196 0.2137 0.2138 0.9925 0.1114 0.0503 -0.0082
12.7336 9.6068 -1.9187 198 223 255 0.5105 0.2278 0.2158 0.2218 0.9944 -0.0096 0.0810 0.0676
44.4848 0.7515 -5.4148 39 62 28 0.3820 0.1982 0.1913 0.1992 0.9999 -0.0127 -0.0009 0.0019
56.3214 12.0095 -9.6320 52 71 39 0.3893 0.1890 0.1922 0.1932 0.9973 -0.0071 -0.0525 -0.0501
46.3621 -4.5926 -6.0630 208 214 189 0.5027 0.2093 0.2094 0.2090 0.9998 0.0185 -0.0072 -0.0095
46.3566 -4.5762 -6.0668 194 201 173 0.5038 0.2094 0.2095 0.2092 0.9997 0.0196 -0.0065 -0.0112
12.2647 8.9143 -0.2485 199 255 255 0.5413 0.2190 0.2174 0.2161 0.9951 0.0626 0.0760 0.0010
16.9082 9.8394 -0.0091 235 244 230 0.5344 0.2145 0.2150 0.2148 0.9938 0.0423 0.0467 -0.0918
40.6812 -1.2208 -5.5659 127 156 107 0.4418 0.2019 0.2053 0.2033 0.9979 0.0330 0.0260 0.0490
43.3413 -9.7026 -3.9126 121 141 70 0.4281 0.1938 0.2026 0.1993 0.9976 -0.0294 -0.0027 0.0629
23.9809 9.3645 -3.3264 202 206 215 0.5061 0.2127 0.2091 0.2098 0.9971 0.0263 -0.0703 -0.0096
17.6106 8.4035 -0.6567 194 205 191 0.5079 0.2099 0.2112 0.2082 0.9987 0.0251 0.0032 0.0450
32.9846 -7.9693 -0.7455 172 197 101 0.4644 0.2102 0.2111 0.2143 0.9992 -0.0202 0.0261 -0.0211
27.2934 9.3791 -3.0559 106 125 66 0.4169 0.1973 0.1903 0.1938 0.9991 -0.0005 0.0341 -0.0259
28.7560 7.2261 -2.9682 138 146 119 0.4443 0.1926 0.1959 0.1936 0.9998 0.0126 -0.0116 -0.0077
12.8758 8.8189 1.6049 218 255 226 0.5243 0.2201 0.2170 0.2161 0.9903 0.0584 0.0883 0.0905
36.2747 0.8620 -0.6453 135 168 89 0.4424 0.2132 0.2181 0.2216 0.9961 -0.0570 0.0666 0.0064
42.2213 11.6803 -4.7620 134 151 116 0.4410 0.2033 0.2023 0.2029 0.9987 0.0379 -0.0295 0.0148
6.8975 0.9502 1.5440 255 255 255 0.5972 0.2319 0.2313 0.2398 0.9962 0.0356 -0.0098 -0.0789
13.0173 11.3103 2.2102 167 255 255 0.5321 0.2164 0.2152 0.2151 0.9956 0.0464 0.0374 0.0724
12.7987 9.5139 1.9183 232 255 255 0.5385 0.2206 0.2167 0.2147 0.9928 -0.0237 0.0817 0.0838
15.9579 8.2917 1.0662 218 228 201 0.5191 0.2172 0.2164 0.2177 0.9978 0.0535 0.0308 -0.0247
11.6200 8.9530 1.7737 197 224 213 0.5127 0.2095 0.2096 0.2098 0.9980 0.0425 0.0465 -0.0023
38.2277 -26.8718 -6.8681 128 156 91 0.4334 0.2060 0.2087 0.2135 0.9972 0.0357 0.0663 0.0036
20.3116 6.8301 4.6060 129 146 107 0.4631 0.1991 0.2011 0.1980 0.9991 0.0271 0.0132 -0.0284
36.2270 -22.5811 -5.0866 117 144 79 0.4231 0.2092 0.2086 0.2084 0.9993 0.0217 -0.0239 0.0191
17.2013 12.9924 4.7286 255 255 255 0.5704 0.2119 0.2133 0.2155 0.9970 0.0041 0.0774 0.0084
18.6752 2.2066 6.2695 89 118 88 0.4528 0.1939 0.2003 0.2059 0.9947 -0.0870 -0.0550 0.0028
19.8459 8.2680 5.7193 138 149 127 0.4257 0.1959 0.1893 0.1838 0.9893 0.0324 0.1420 0.0095
10.5912 8.7519 7.2499 208 255 255 0.5939 0.2238 0.2210 0.2218 0.9865 0.1354 -0.0720 -0.0582
18.6880 3.4391 5.8448 49 64 59 0.5140 0.2003 0.2018 0.2026 0.9982 0.0156 -0.0393 -0.0419
21.1799 6.1344 5.9275 181 224 138 0.4917 0.2039 0.2097 0.2104 0.9979 0.0423 -0.0479 0.0087
15.1603 9.9753 3.8938 233 255 255 0.5707 0.2237 0.2268 0.2222 0.9961 -0.0512 0.0647 -0.0307
20.4616 6.5502 4.1895 130 146 113 0.4497 0.1928 0.2005 0.1935 0.9934 0.0876 -0.0701 -0.0245
12.9918 10.0447 6.0937 119 167 169 0.4996 0.2008 0.2059 0.2080 0.9980 -0.0495 0.0378 -0.0051
13.2368 9.6365 5.9817 163 182 180 0.5175 0.2040 0.2161 0.2102 0.9946 -0.0483 0.0866 -0.0292
10.2281 8.9691 6.6120 168 255 255 0.5800 0.2227 0.2171 0.2169 0.9942 0.0444 -0.0286 -0.0936
16.2734 11.0260 4.9037 255 255 255 0.5901 0.2190 0.2206 0.2188 0.9987 0.0097 0.0356 -0.0346
20.3864 2.6163 5.3943 166 183 139 0.4933 0.2004 0.2068 0.2076 0.9956 -0.0536 -0.0739 -0.0194
17.7774 9.1551 3.6789 196 222 229 0.5260 0.2075 0.2141 0.2046 0.9990 -0.0015 -0.0123 -0.0432
19.9880 5.7795 5.4566 193 218 161 0.5017 0.2032 0.2085 0.2010 0.9951 0.0655 0.0743 0.0059
15.8346 8.8026 5.8416 219 205 202 0.5567 0.2148 0.2164 0.2155 0.9980 0.0524 0.0329 0.0110
9.8386 1.8293 7.2832 132 157 150 0.5575 0.2186 0.2228 0.2246 0.9979 0.0392 -0.0425 -0.0286
13.7457 9.4468 6.0861 215 203 197 0.5486 0.2134 0.2197 0.2121 0.9938 -0.0858 0.0615 -0.0347
19.8661 8.6139 5.1362 125 132 115 0.4291 0.1900 0.1921 0.1882 0.9984 0.0475 0.0296 -0.0081
19.6613 7.8416 5.1738 121 135 119 0.4329 0.1962 0.1930 0.1905 0.9996 0.0112 0.0233 -0.0115
11.7087 10.9020 5.8832 174 207 209 0.5443 0.2194 0.2144 0.2115 0.9961 -0.0204 -0.0341 -0.0788
11.0295 10.0915 6.8050 182 198 192 0.5453 0.2172 0.2140 0.2169 0.9985 0.0102 0.0507 -0.0170
17.6997 8.7543 4.3137 245 255 255 0.5695 0.2152 0.2136 0.2143 0.9979 0.0552 -0.0316 0.0101
15.0458 9.5659 4.5909 255 255 255 0.5991 0.2195 0.2255 0.2178 0.9975 -0.0137 0.0623 0.0307
32.2149 -4.0368 2.7111 142 164 125 0.4566 0.2087 0.2132 0.2126 0.9991 -0.0096 0.0344 0.0220
14.8399 9.0408 6.3757 196 177 169 0.5287 0.2133 0.2080 0.2057 0.9986 0.0149 0.0201 -0.0457
18.8948 3.7535 5.6808 79 87 85 0.4971 0.1984 0.2031 0.2005 0.9970 -0.0046 -0.0353 -0.0692
18.5058 4.0804 6.2915 89 109 98 0.4855 0.1997 0.2006 0.2062 0.9975 -0.0156 -0.0685 0.0061
13.1339 9.6699 6.6915 174 147 146 0.5234 0.2084 0.2117 0.2071 0.9971 -0.0314 0.0669 0.0191
17.0310 12.4283 4.9129 248 255 255 0.5656 0.2126 0.2137 0.2158 0.9958 0.0367 0.0810 -0.0201
20.1926 9.4029 6.7469 106 128 90 0.4341 0.1975 0.2024 0.1968 0.9986 0.0139 -0.0063 -0.0504
20.3747 9.0556 6.5719 144 154 132 0.4396 0.1994 0.1946 0.1956 0.9971 -0.0459 0.0349 0.0491
18.9304 9.4778 6.3900 118 150 98 0.4532 0.1985 0.2032 0.2003 0.9970 0.0329 -0.0694 0.0038
16.9127 10.0790 4.9513 223 245 242 0.5302 0.2106 0.2073 0.2076 0.9992 0.0083 0.0220 -0.0321
18.6083 8.7305 4.5924 111 144 138 0.4565 0.2075 0.2035 0.1949 0.9917 -0.0225 0.0726 0.1040
18.5943 8.7005 4.6051 128 151 147 0.4577 0.2082 0.2040 0.1949 0.9907 -0.0198 0.0796 0.1082
17.5896 9.1406 5.0625 229 249 243 0.5468 0.2123 0.2095 0.2072 0.9988 0.0118 0.0478 -0.0070
15.0885 10.3460 4.9205 211 255 255 0.5896 0.2238 0.2263 0.2190 0.9981 -0.0383 0.0242 -0.0417
10.0963 3.5330 7.4571 123 162 160 0.5580 0.2185 0.2223 0.2280 0.9895 0.1267 -0.0657 0.0223
11.1394 3.0899 7.2116 157 197 186 0.5555 0.2203 0.2250 0.2296 0.9881 0.1095 -0.1065 0.0167
13.9523 9.3398 6.5289 173 138 125 0.5661 0.2162 0.2134 0.2155 0.9973 0.0666 0.0297 0.0128
9.7880 9.1689 7.3234 227 255 255 0.5907 0.2218 0.2210 0.2211 0.9997 0.0160 0.0208 -0.0019
13.1730 10.6301 6.4352 175 170 165 0.5875 0.2198 0.2154 0.2139 0.9952 -0.0189 -0.0373 -0.0881
10.5796 9.3255 5.0522 186 255 255 0.5402 0.2155 0.2164 0.2153 0.9992 0.0067 0.0067 0.0397
14.3746 10.2214 6.1700 255 255 255 0.5834 0.2181 0.2169 0.2160 0.9971 0.0475 0.0588 -0.0121
19.1600 12.3782 5.1073 180 241 189 0.5066 0.2031 0.2098 0.2063 0.9995 0.0239 0.0185 -0.0057
15.6399 11.7959 5.5999 255 255 255 0.6242 0.2228 0.2236 0.2217 0.9986 -0.0135 -0.0263 -0.0437
17.9410 2.8929 6.2806 97 105 86 0.4613 0.2020 0.2013 0.2031 0.9995 0.0072 -0.0157 -0.0271
15.3287 10.1383 6.5708 206 212 187 0.5273 0.2140 0.2097 0.2129 0.9994 0.0103 -0.0158 0.0301
12.2642 10.7460 6.7692 156 141 138 0.4972 0.2003 0.2103 0.2070 0.9991 0.0024 0.0213 0.0374
14.7004 9.7823 6.0906 169 155 155 0.5312 0.2111 0.2144 0.2143 0.9964 0.0369 -0.0417 0.0632
12.0596 9.0121 6.9197 224 255 255 0.5307 0.2203 0.2121 0.2108 0.9921 0.0374 -0.0678 -0.0989
16.9764 9.0166 4.3374 236 255 255 0.5666 0.2154 0.2159 0.2123 0.9988 0.0019 0.0109 -0.0475
11.8883 11.1294 6.8713 213 197 189 0.5548 0.2180 0.2152 0.2135 0.9988 0.0009 -0.0491 0.0043
20.5022 8.6771 7.2876 163 196 140 0.4543 0.2003 0.2028 0.2024 0.9993 -0.0279 -0.0159 -0.0193
9.6689 9.7881 7.5761 239 255 255 0.5866 0.2209 0.2234 0.2220 0.9963 -0.0763 0.0342 -0.0196
18.7183 8.2014 7.2446 147 194 151 0.4964 0.1998 0.2016 0.1939 0.9957 0.0372 0.0743 0.0407
12.4200 11.0933 5.7845 214 255 255 0.5698 0.2192 0.2193 0.2227 0.9970 -0.0296 0.0564 -0.0451
14.4336 8.2707 6.4701 202 184 174 0.5309 0.2164 0.2098 0.2130 0.9922 0.1047 0.0256 -0.0624
17.6975 11.8188 4.7045 168 202 243 0.5237 0.2139 0.2126 0.2122 0.9973 0.0168 -0.0544 0.0458
20.3275 8.9630 6.4845 142 151 130 0.4432 0.1978 0.1920 0.1932 0.9971 -0.0520 0.0494 0.0256
18.3466 2.4620 6.9157 147 156 119 0.4929 0.2093 0.2101 0.2085 0.9973 -0.0189 0.0711 -0.0080
16.9634 11.1006 4.6986 255 255 255 0.5718 0.2146 0.2154 0.2115 0.9988 0.0099 0.0044 -0.0467
19.6710 6.7997 7.2772 137 177 130 0.4700 0.2003 0.2031 0.2043 0.9975 0.0191 -0.0664 -0.0173
18.5417 6.8760 6.3461 124 155 126 0.4833 0.1996 0.2039 0.1997 0.9979 0.0414 -0.0496 0.0099
11.9704 8.3988 6.7351 220 255 255 0.5783 0.2230 0.2153 0.2110 0.9831 -0.0726 -0.0885 -0.1428
13.2795 8.4197 6.8281 197 198 204 0.5473 0.2164 0.2052 0.2066 0.9893 0.1034 -0.0680 -0.0776
11.6623 11.2900 6.0790 240 255 255 0.6093 0.2230 0.2207 0.2211 0.9989 0.0077 0.0295 -0.0357
13.8693 10.4546 6.2802 255 255 255 0.5955 0.2183 0.2230 0.2169 0.9956 -0.0565 0.0625 0.0411
11.7738 9.9478 6.6387 149 150 149 0.4673 0.1976 0.2055 0.1981 0.9971 0.0353 0.0597 0.0322
11.7810 9.9359 6.6615 154 146 145 0.4632 0.1968 0.2053 0.1979 0.9966 0.0373 0.0662 0.0331
12.1171 10.8776 6.6435 182 177 173 0.5136 0.2009 0.2096 0.2046 0.9986 0.0302 0.0320 0.0275
13.0463 10.2660 6.6162 149 140 140 0.5189 0.2050 0.2119 0.2076 0.9988 0.0235 0.0189 -0.0378
19.5899 11.4150 4.5690 157 215 212 0.4912 0.2034 0.2094 0.2060 0.9975 -0.0579 0.0065 0.0399
20.6396 9.0043 5.7689 119 148 89 0.4207 0.1934 0.1963 0.1884 0.9982 -0.0088 0.0554 -0.0215
20.2563 8.8924 6.3468 146 155 128 0.4457 0.1950 0.1916 0.1890 0.9956 0.0400 0.0846 0.0090
8.9010 10.2592 8.2077 177 209 189 0.4914 0.2120 0.2094 0.2039 0.9989 -0.0345 -0.0194 -0.0255
16.1504 10.1328 4.4609 192 255 228 0.5361 0.2158 0.2200 0.2182 0.9998 -0.0109 -0.0028 -0.0149
14.7324 8.9641 5.3107 207 204 214 0.5237 0.2083 0.2181 0.2132 0.9989 -0.0010 -0.0439 0.0190
19.1598 2.9838 5.0944 130 146 136 0.5012 0.2043 0.2061 0.2019 0.9909 0.0960 0.0864 -0.0378
11.3100 10.9652 6.5405 179 169 167 0.5399 0.2145 0.2167 0.2129 0.9950 -0.0396 0.0389 0.0832
20.1360 7.8246 5.3063 155 168 139 0.4608 0.1973 0.1975 0.1843 0.9856 0.0770 0.1443 -0.0421
10.4937 11.0056 6.9281 237 224 193 0.5470 0.2171 0.2181 0.2150 0.9962 -0.0664 -0.0113 -0.0557
8.7464 9.8541 7.5563 200 220 211 0.5068 0.2089 0.2074 0.2037 0.9993 0.0052 -0.0108 0.0363
20.7056 8.1389 5.7606 159 179 142 0.4561 0.1944 0.1966 0.1913 0.9976 0.0644 0.0194 0.0188
21.2136 7.2535 1.8575 101 127 94 0.4234 0.1980 0.1939 0.1964 0.9984 -0.0260 -0.0069 0.0490
21.0936 5.0090 4.0025 121 159 87 0.4470 0.1985 0.2062 0.2007 0.9932 0.0993 -0.0565 -0.0216
23.2502 2.4100 3.5462 174 217 114 0.4697 0.2101 0.2143 0.2127 0.9974 0.0696 -0.0115 -0.0168
12.1406 9.9071 5.9335 69 148 152 0.4853 0.2007 0.2045 0.2028 0.9985 0.0235 0.0141 0.0466
7.7504 8.8758 5.6228 124 114 107 0.4502 0.1997 0.2010 0.2025 0.9997 -0.0089 0.0219 -0.0074
21.8196 5.0053 4.6369 181 209 138 0.4931 0.2035 0.2056 0.2082 0.9989 0.0389 -0.0137 -0.0218
10.9291 7.7683 4.6564 163 155 154 0.4783 0.2121 0.2109 0.2144 0.9991 -0.0166 0.0065 -0.0388
9.4764 7.5607 3.3564 74 76 60 0.4157 0.1904 0.1918 0.1890 0.9980 -0.0423 0.0461 -0.0048
9.4343 7.5593 3.5209 74 70 60 0.4136 0.1912 0.1925 0.1903 0.9988 -0.0441 0.0199 0.0083
21.6551 8.1350 1.7453 118 163 107 0.4409 0.2053 0.1991 0.1977 0.9979 0.0280 0.0339 0.0469
22.5104 4.2678 4.1667 137 188 97 0.4556 0.2062 0.1969 0.2052 0.9973 -0.0359 0.0170 -0.0625
10.8816 9.6852 5.4445 199 255 255 0.5627 0.2184 0.2148 0.2082 0.9774 -0.0280 -0.1913 -0.0860
21.6430 5.4653 3.1415 108 159 62 0.4279 0.2032 0.1994 0.2024 0.9960 -0.0297 -0.0542 -0.0639
21.3112 4.5454 4.1653 110 151 79 0.4468 0.2041 0.1980 0.2061 0.9912 -0.1299 -0.0090 0.0253
12.4857 6.3167 2.8044 162 174 152 0.4741 0.2123 0.2072 0.2128 0.9967 -0.0421 0.0377 0.0582
21.1880 4.9240 2.5534 144 182 82 0.4380 0.1949 0.2018 0.2088 0.9911 -0.1214 -0.0371 0.0395
14.6046 3.0374 7.6224 157 181 151 0.5360 0.2178 0.2177 0.2233 0.9859 0.0967 -0.1363 0.0089
19.4833 6.7131 3.2962 163 174 158 0.4897 0.2159 0.2115 0.2099 0.9934 -0.0267 0.1085 0.0259
33.6280 -14.6306 -8.0712 121 139 115 0.4358 0.2010 0.2043 0.2010 0.9989 0.0086 0.0118 -0.0442
24.0365 -4.2101 2.8857 148 188 101 0.4680 0.2194 0.2193 0.2233 0.9993 0.0055 0.0337 -0.0156
7.8802 9.4880 5.4694 113 114 105 0.4431 0.2038 0.1958 0.2017 0.9993 -0.0268 0.0190 -0.0199
13.8281 6.0220 3.0588 147 168 134 0.4593 0.2142 0.2106 0.2160 0.9974 0.0530 0.0432 0.0212
-0.8644 -1.6063 1.4776 255 255 255 0.6693 0.2523 0.2522 0.2582 0.9742 -0.1226 -0.0717 -0.1754
17.5434 4.0773 1.8987 166 165 155 0.4999 0.2152 0.2046 0.2119 0.9986 0.0272 0.0440 0.0106
8.7043 7.1969 3.2479 150 145 100 0.4551 0.2054 0.2111 0.2063 0.9984 -0.0543 0.0150 -0.0097
14.0833 6.9392 4.4686 195 190 210 0.5075 0.2229 0.2217 0.2157 0.9959 -0.0444 0.0787 -0.0037
4.6650 7.9026 2.4527 151 159 113 0.4531 0.2032 0.2078 0.2029 0.9986 0.0058 -0.0529 0.0014
20.5468 7.6102 4.9749 160 169 146 0.4620 0.1976 0.1972 0.1900 0.9935 0.0791 0.0821 -0.0003
22.1890 4.0035 4.7773 141 180 95 0.4541 0.1995 0.1966 0.2059 0.9917 -0.1264 0.0225 -0.0042
7.8039 8.0766 6.0711 147 150 150 0.4836 0.2057 0.2107 0.2128 0.9993 -0.0297 -0.0213 0.0093
8.4469 10.9373 5.9806 129 141 74 0.4223 0.1989 0.1981 0.2059 0.9992 0.0354 -0.0167 0.0002
20.3477 6.8160 3.4641 174 180 154 0.4870 0.2024 0.2013 0.2030 0.9954 -0.0689 -0.0653 0.0098
15.8098 6.0369 3.9453 146 157 169 0.5447 0.2231 0.2122 0.2173 0.9966 0.0355 0.0673 0.0311
10.4028 7.8655 4.1136 102 106 81 0.4376 0.1970 0.1988 0.1988 0.9947 -0.0145 -0.0293 -0.0971
11.9977 8.6852 5.1128 209 191 182 0.5224 0.2158 0.2165 0.2187 0.9961 -0.0144 0.0611 0.0622
13.3615 7.0638 3.8349 158 154 155 0.4678 0.2076 0.1995 0.1997 0.9884 0.0089 0.1261 0.0843
5.4770 10.0602 4.2696 98 98 51 0.4115 0.1909 0.2006 0.1916 0.9996 0.0218 -0.0009 0.0174
1.0671 1.4105 2.3941 255 255 255 0.6535 0.2495 0.2445 0.2569 0.9870 -0.0518 0.0170 -0.1514
19.4738 8.4572 5.9817 117 138 105 0.4406 0.1982 0.1916 0.1841 0.9899 0.0451 0.1264 0.0450
17.2515 5.9025 3.1676 197 215 208 0.5468 0.2196 0.2134 0.2134 0.9922 0.0428 0.1049 0.0511
5.3839 10.3040 3.8744 120 136 88 0.4277 0.1929 0.1933 0.1893 0.9990 0.0052 -0.0212 -0.0403
19.6081 2.0907 4.5433 160 168 154 0.5127 0.2068 0.2121 0.2177 0.9963 -0.0702 -0.0476 -0.0147
12.3927 10.2220 5.2009 128 191 194 0.5183 0.2133 0.2139 0.2074 0.9946 0.0814 -0.0597 -0.0255
13.4545 7.4260 4.6864 171 171 196 0.4952 0.2147 0.2169 0.2165 0.9987 0.0028 -0.0466 -0.0190
17.8539 8.2392 4.1466 255 255 255 0.5840 0.2241 0.2205 0.2220 0.9951 0.0093 0.0927 0.0331
4.4833 7.1394 6.6224 88 99 80 0.4205 0.1933 0.1911 0.1939 0.9982 0.0430 -0.0126 0.0410
4.0638 5.6919 6.5350 99 144 126 0.4634 0.2029 0.1993 0.1909 0.9962 -0.0809 0.0206 0.0254
20.0659 3.7514 6.1022 169 190 154 0.5241 0.2056 0.2114 0.2023 0.9928 0.0790 0.0795 -0.0433
19.8883 3.0932 5.8752 116 147 124 0.4720 0.1973 0.2055 0.2011 0.9955 0.0564 -0.0758 0.0066
9.8214 8.2683 4.4949 109 102 85 0.4523 0.2043 0.2017 0.2072 0.9992 -0.0293 0.0122 0.0239
19.3494 3.4221 4.7356 161 177 165 0.5045 0.2071 0.2078 0.2105 0.9961 0.0144 -0.0713 -0.0508
13.6412 7.8575 3.8474 190 171 169 0.4779 0.2072 0.2075 0.2052 0.9980 0.0183 0.0538 -0.0278
11.0395 -2.9202 4.8727 147 169 178 0.5268 0.2161 0.2272 0.2247 0.9938 -0.0350 -0.0877 -0.0580
12.0120 10.2293 4.8284 185 210 209 0.5223 0.2160 0.2167 0.2093 0.9845 0.1420 -0.0990 0.0283
17.6112 6.5480 3.6772 211 216 206 0.5407 0.2214 0.2179 0.2128 0.9948 -0.0083 0.0994 0.0209
10.1773 -2.3128 4.9007 150 171 172 0.5520 0.2183 0.2267 0.2290 0.9853 0.0988 0.0239 -0.1372
16.6383 9.3867 3.8238 168 239 215 0.5589 0.2232 0.2250 0.2242 0.9984 0.0394 0.0363 0.0153
17.0853 7.0432 4.0489 224 228 224 0.5510 0.2176 0.2162 0.2165 0.9968 0.0692 0.0394 0.0062
4.0106 6.9484 7.1205 109 134 96 0.4332 0.1957 0.1973 0.1948 0.9998 -0.0155 -0.0087 0.0049
4.9311 8.4113 3.6328 104 130 59 0.4214 0.1963 0.2036 0.2034 0.9975 0.0061 -0.0703 0.0077
20.4588 3.2972 6.9737 157 195 159 0.4990 0.2071 0.2093 0.2151 0.9991 -0.0317 -0.0274 0.0013
12.7265 9.8633 3.9050 230 255 255 0.5906 0.2282 0.2314 0.2270 0.9942 0.0299 0.0692 0.0767
19.9520 1.2815 6.5012 126 150 126 0.4695 0.2026 0.2045 0.2164 0.9968 -0.0122 -0.0558 -0.0565
19.8345 1.7280 6.3645 128 143 117 0.4682 0.1951 0.2015 0.2060 0.9936 -0.0244 -0.0967 -0.0524
19.5583 0.7996 6.4729 175 219 170 0.5196 0.2153 0.2175 0.2213 0.9954 0.0626 -0.0725 -0.0078
8.6770 11.3573 3.7550 122 140 94 0.4345 0.1964 0.2012 0.1986 0.9869 -0.0947 -0.0584 -0.1168
12.4998 10.8497 3.8261 239 255 255 0.6111 0.2330 0.2306 0.2315 0.9938 -0.0175 0.1097 -0.0028
20.8066 1.5760 7.0079 150 195 168 0.5019 0.2128 0.2147 0.2188 0.9994 0.0094 -0.0280 -0.0187
15.4613 9.4686 5.5138 180 203 209 0.5233 0.2106 0.2117 0.2143 0.9969 0.0637 -0.0411 0.0208
19.4804 8.9902 6.5582 101 123 91 0.4434 0.1965 0.1909 0.1894 0.9970 -0.0039 0.0731 -0.0235
9.6376 10.5963 5.9938 176 212 187 0.5049 0.2116 0.2104 0.2097 0.9980 0.0049 -0.0564 -0.0283
19.3964 7.5034 6.7494 119 166 124 0.4516 0.1964 0.1941 0.1930 0.9995 -0.0176 -0.0065 0.0255
19.7438 3.9178 5.1798 141 149 130 0.4732 0.1964 0.2032 0.2034 0.9936 -0.0390 -0.0943 -0.0491
16.5863 9.2224 4.5422 162 233 215 0.5486 0.2152 0.2161 0.2097 0.9985 -0.0015 0.0396 0.0371
3.6710 7.6593 6.5450 138 164 124 0.4548 0.2009 0.2011 0.2018 0.9971 0.0303 0.0337 0.0613
20.0932 2.5785 7.1044 94 131 116 0.4725 0.2017 0.2040 0.2151 0.9977 -0.0658 0.0024 0.0180
19.6921 2.2181 6.6176 112 137 100 0.4559 0.1954 0.1995 0.2062 0.9989 -0.0210 -0.0313 -0.0271
16.5179 8.8403 5.1098 214 255 255 0.5668 0.2171 0.2173 0.2122 0.9969 -0.0481 0.0495 0.0374
9.9498 10.5644 5.1127 255 255 255 0.5893 0.2228 0.2153 0.2198 0.9800 -0.0071 0.0137 -0.1982
12.4337 9.8881 4.4501 181 237 241 0.5528 0.2235 0.2215 0.2167 0.9980 0.0050 -0.0264 -0.0575
-0.2907 5.5237 6.3473 113 146 80 0.4213 0.1938 0.1973 0.1962 0.9987 0.0010 0.0494 0.0131
7.9818 13.0101 3.9425 171 198 166 0.4776 0.2039 0.2005 0.2019 0.9980 0.0453 0.0262 -0.0364
4.5686 10.0670 4.1261 146 157 105 0.4415 0.1992 0.1944 0.1971 0.9987 -0.0487 0.0124 0.0038
15.5979 6.5666 5.1572 193 204 213 0.5661 0.2202 0.2178 0.2166 0.9961 0.0357 0.0578 0.0560
20.6520 3.4808 5.6525 155 170 125 0.4788 0.2013 0.2040 0.2051 0.9919 -0.0679 -0.1023 -0.0339
20.3932 4.0007 7.0357 171 208 165 0.5013 0.2094 0.2149 0.2150 0.9987 -0.0026 -0.0430 -0.0275
20.3211 2.8499 6.5278 137 171 136 0.4709 0.1989 0.2007 0.2083 0.9959 -0.0438 -0.0701 -0.0373
15.9363 8.7089 5.4930 232 233 231 0.5617 0.2154 0.2176 0.2155 0.9987 0.0476 0.0009 0.0163
19.2811 3.7348 5.5358 115 134 128 0.4992 0.2011 0.2029 0.2015 0.9973 -0.0009 -0.0521 -0.0513
18.6205 2.8146 5.5940 57 81 58 0.4630 0.1969 0.2018 0.2040 0.9973 0.0518 -0.0394 -0.0343
17.7289 8.8607 6.1457 150 176 153 0.4662 0.2020 0.2027 0.1987 0.9989 0.0342 0.0245 0.0200
17.0831 7.0510 4.9039 217 228 224 0.5559 0.2178 0.2173 0.2119 0.9934 -0.0028 0.1080 -0.0398
7.8346 10.8572 3.8289 121 142 87 0.4380 0.1974 0.2021 0.1940 0.9971 -0.0495 0.0530 -0.0243
5.8458 11.1403 5.0111 210 224 182 0.5047 0.2113 0.2087 0.2088 0.9991 0.0178 0.0170 -0.0348
2.5558 4.7595 6.3772 176 216 163 0.5099 0.2095 0.2102 0.1984 0.9902 -0.1344 -0.0028 -0.0374
7.2292 -0.3051 6.9653 140 160 145 0.5027 0.2155 0.2149 0.2159 0.9977 0.0135 0.0472 -0.0474
7.2854 -0.3928 7.0593 121 142 136 0.5048 0.2151 0.2145 0.2156 0.9967 0.0155 0.0621 -0.0506
6.6194 12.9178 2.6637 162 183 143 0.4679 0.2049 0.2028 0.2025 0.9988 0.0213 -0.0339 0.0269
2.3448 5.4406 5.2086 109 162 75 0.4281 0.2016 0.2082 0.2017 0.9973 -0.0115 -0.0106 0.0713
18.6853 3.1876 2.2211 96 89 79 0.4958 0.2074 0.2070 0.2000 0.9962 -0.0439 0.0707 -0.0275
18.3509 3.1208 2.5235 118 115 107 0.5100 0.2109 0.2083 0.2028 0.9952 -0.0126 0.0890 -0.0379
18.5185 3.5212 2.2431 106 99 99 0.4896 0.2080 0.2046 0.2005 0.9964 -0.0301 0.0696 -0.0368
7.7344 -5.8447 3.4899 146 168 167 0.5071 0.2189 0.2160 0.2320 0.9991 0.0165 -0.0372 0.0086
19.3262 -0.3872 3.2089 118 132 110 0.4861 0.2032 0.2124 0.2080 0.9983 0.0277 -0.0382 -0.0338
-2.6117 6.7445 -3.9628 246 255 250 0.5614 0.2257 0.2202 0.2250 0.9959 -0.0534 0.0265 -0.0674
-0.5607 9.3548 -1.8695 255 255 255 0.6218 0.2351 0.2136 0.2341 0.9802 -0.1849 -0.0714 -0.0042
-15.4338 -2.3529 0.1480 186 237 121 0.4908 0.2083 0.2149 0.2142 0.9917 0.0323 -0.0928 -0.0827
-12.6358 0.9402 0.8529 138 222 66 0.4425 0.2147 0.2156 0.2173 0.9972 -0.0433 -0.0604 0.0077
12.1334 4.2144 0.1957 190 203 192 0.5104 0.2237 0.2038 0.2195 0.9945 -0.0720 0.0558 -0.0513
12.3350 7.6290 1.2116 151 171 155 0.4623 0.2073 0.2054 0.2089 0.9939 0.0973 -0.0087 0.0508
19.9997 -1.7590 3.4973 110 123 82 0.4775 0.2043 0.2075 0.2092 0.9949 -0.0570 -0.0804 -0.0192
-14.8082 11.1596 -9.0759 206 225 255 0.5214 0.2124 0.2163 0.2126 0.9945 0.0550 0.0379 -0.0807
-8.4575 9.9624 -6.4692 227 251 250 0.5415 0.2197 0.2085 0.2172 0.9868 -0.1114 0.0625 0.0999
19.0560 -1.1604 2.0582 123 139 119 0.4786 0.2084 0.2187 0.2201 0.9996 -0.0220 0.0180 0.0081
-2.8743 9.0335 -3.0514 228 255 255 0.6019 0.2310 0.2178 0.2315 0.9888 -0.1423 -0.0283 0.0353
2.1153 -14.7850 0.1124 146 151 141 0.4761 0.2073 0.2141 0.2174 0.9952 0.0100 -0.0886 0.0396
-8.8052 3.9822 -2.5794 146 177 135 0.4544 0.2063 0.2065 0.2147 0.9962 -0.0315 -0.0799 0.0167
-4.6535 3.9389 -3.7187 240 236 222 0.5354 0.2192 0.2177 0.2275 0.9857 -0.1258 -0.1054 -0.0382
5.3242 8.5069 -2.3375 167 191 191 0.4828 0.2191 0.2194 0.2268 0.9907 -0.1068 -0.0062 -0.0843
-14.9518 -1.1028 -0.7526 184 206 109 0.4673 0.2081 0.2113 0.2138 0.9943 -0.0172 -0.0871 -0.0597
21.9414 -2.2638 2.4467 64 76 35 0.4140 0.1913 0.1905 0.1959 0.9946 -0.0948 0.0222 0.0354
20.9632 -1.4103 0.8314 69 85 51 0.4041 0.1893 0.2030 0.1945 0.9996 0.0218 0.0152 0.0101
5.5132 -16.9397 -1.9015 127 156 106 0.4558 0.2140 0.1956 0.2143 0.9689 0.2113 -0.1284 0.0077
21.1786 -0.7224 0.3017 60 77 41 0.4163 0.1992 0.1976 0.2039 0.9994 -0.0235 -0.0144 0.0219
3.5599 -14.9215 -0.9147 56 68 55 0.4181 0.1953 0.1894 0.1942 0.9928 0.0982 -0.0677 -0.0055
4.6935 -16.3960 -2.4995 47 56 44 0.3893 0.1889 0.1863 0.1905 0.9972 0.0391 0.0589 0.0261
3.9692 6.5213 -2.2943 196 233 249 0.5262 0.2226 0.2232 0.2278 0.9907 -0.0667 -0.0016 -0.1187
-9.0772 13.4249 -9.7820 225 245 255 0.5399 0.2261 0.2116 0.2259 0.9798 -0.1402 -0.0370 0.1377
-5.9897 -11.5126 1.5133 103 152 57 0.4176 0.2012 0.2117 0.2059 0.9989 0.0103 0.0081 -0.0452
-5.4481 7.5016 -3.9295 255 255 255 0.5986 0.2300 0.2240 0.2310 0.9922 -0.1050 0.0052 0.0675
21.4164 -2.6228 3.0445 107 118 69 0.4326 0.1964 0.2070 0.2030 0.9948 0.0992 0.0212 0.0074
20.7850 -1.9297 0.0154 61 73 53 0.4093 0.1893 0.2004 0.1943 0.9967 0.0785 0.0079 -0.0196
20.4567 3.0120 3.4122 97 126 67 0.4569 0.1972 0.2073 0.2050 0.9965 -0.0149 0.0810 -0.0126
15.9098 -8.9733 -2.4723 255 255 255 0.5223 0.2290 0.2288 0.2260 0.9964 -0.0781 0.0250 -0.0228
20.3844 4.1697 3.0809 70 93 51 0.4311 0.1906 0.1981 0.2038 0.9956 -0.0783 0.0506 0.0119
20.3854 4.1612 3.0819 72 97 51 0.4344 0.1911 0.1989 0.2043 0.9956 -0.0769 0.0527 0.0099
15.9087 4.9793 0.0281 195 203 200 0.5082 0.2201 0.2054 0.2218 0.9930 -0.1109 -0.0162 0.0383
16.8891 -2.0574 -3.8506 169 177 178 0.4721 0.2173 0.2132 0.2247 0.9940 -0.1001 0.0441 -0.0095
-16.8288 15.6360 -8.7209 213 255 209 0.5289 0.2179 0.2199 0.2178 0.9931 0.0865 0.0362 -0.0711
21.8380 -2.3470 1.9636 45 54 27 0.4517 0.1874 0.1943 0.1942 0.9992 0.0330 0.0208 0.0091
15.8552 3.3211 -0.2708 208 255 255 0.4889 0.2360 0.2203 0.2384 0.9909 -0.1193 -0.0196 -0.0592
20.9021 -0.8673 -0.3488 52 63 45 0.4005 0.1891 0.1917 0.1999 0.9958 -0.0220 0.0864 -0.0197
-19.3506 16.0425 -9.7483 194 221 196 0.5022 0.2157 0.2102 0.2180 0.9900 -0.1093 -0.0169 0.0876
19.2006 3.8071 3.0191 133 149 119 0.4715 0.2026 0.1986 0.2027 0.9989 0.0024 -0.0466 0.0097
22.1793 -2.5635 1.0063 123 119 61 0.4275 0.1851 0.1974 0.1905 0.9983 0.0176 -0.0262 0.0482
20.2175 -1.6985 1.7229 113 111 92 0.4309 0.1845 0.2030 0.1945 0.9982 0.0503 0.0250 0.0192
19.7414 4.9207 2.5421 166 184 111 0.4995 0.2009 0.1949 0.1927 0.9993 -0.0329 -0.0010 0.0184
19.1057 4.1439 3.3581 134 140 131 0.4740 0.1997 0.2083 0.2063 0.9974 -0.0543 -0.0391 -0.0277
16.3921 -0.8904 -0.4126 189 206 255 0.5254 0.2245 0.2297 0.2366 0.9980 -0.0473 0.0305 -0.0272
20.6118 -5.3517 2.6607 89 101 49 0.4436 0.2073 0.2058 0.2074 0.9978 0.0242 -0.0391 0.0475
9.2803 6.6596 -2.5022 198 224 206 0.5067 0.2232 0.2243 0.2350 0.9721 -0.1939 -0.1043 -0.0809
11.1907 6.2402 -2.1248 208 255 255 0.5080 0.2194 0.2206 0.2203 0.9975 0.0321 0.0160 -0.0604
20.3808 -1.8194 2.5013 65 79 38 0.3902 0.1814 0.1983 0.1874 0.9972 0.0745 -0.0072 -0.0014
19.9320 -1.5017 -0.0205 99 117 98 0.4337 0.2019 0.1972 0.2111 0.9928 -0.1195 -0.0016 0.0062
16.4802 -5.0601 -1.1375 255 255 255 0.5904 0.2427 0.2370 0.2414 0.9931 0.1128 0.0159 -0.0264
17.8159 -2.3219 -3.7699 173 188 190 0.4805 0.2142 0.2159 0.2234 0.9890 -0.1405 -0.0116 -0.0442
19.7243 3.3062 2.6399 111 129 77 0.4562 0.1973 0.2047 0.1952 0.9985 0.0077 -0.0486 -0.0237
-13.8409 3.2002 -4.9483 191 197 193 0.4930 0.1995 0.2047 0.2071 0.9985 -0.0010 -0.0514 -0.0192
20.2881 3.9074 3.1435 86 113 58 0.4299 0.1919 0.1980 0.2034 0.9959 -0.0713 0.0479 0.0279
16.1409 -0.6071 1.1170 184 189 204 0.5268 0.2382 0.2229 0.2341 0.9908 -0.0625 0.0686 -0.0989
2.6825 -15.3927 -2.9777 220 240 183 0.5165 0.2195 0.2078 0.2196 0.9933 0.1099 0.0166 0.0317
2.1885 -14.7978 -0.7411 156 171 138 0.4708 0.2129 0.2122 0.2106 0.9990 0.0059 0.0286 -0.0336
19.1072 4.7973 2.4777 130 149 87 0.4615 0.2094 0.1937 0.1940 0.9937 -0.0125 0.0766 0.0803
22.2841 -2.3734 0.9021 76 81 47 0.3902 0.1886 0.1915 0.1893 0.9975 0.0364 -0.0583 0.0149
5.0571 -18.3456 -5.1641 198 216 197 0.5048 0.2218 0.2100 0.2153 0.9946 0.0336 0.0670 -0.0712
4.9756 -13.7856 -0.8803 83 89 86 0.4165 0.2153 0.2116 0.2172 0.9996 -0.0042 -0.0100 0.0267
11.4880 11.5676 -4.6865 213 220 201 0.5094 0.2283 0.2196 0.2317 0.9777 -0.2014 -0.0572 -0.0176
22.3149 -4.4841 0.6623 103 101 50 0.3772 0.1862 0.1844 0.1807 0.9960 -0.0062 0.0785 0.0415
21.8035 -3.1686 1.4387 87 87 70 0.4170 0.1860 0.1854 0.1946 0.9999 -0.0054 0.0035 -0.0116
20.1982 -2.3361 2.0868 73 80 54 0.3894 0.1784 0.1914 0.1927 0.9989 -0.0417 -0.0149 -0.0126
19.2064 -2.6021 1.3427 106 114 105 0.4488 0.2061 0.2078 0.2018 0.9953 0.0650 -0.0427 0.0575
9.9626 8.2229 -6.3624 178 195 186 0.4843 0.2217 0.2142 0.2284 0.9921 -0.0971 -0.0638 0.0480
17.8204 -1.2098 -3.9803 152 165 174 0.4657 0.2134 0.2168 0.2139 0.9947 0.0805 -0.0295 -0.0560
18.7400 6.1394 2.3775 203 207 162 0.5228 0.2108 0.2108 0.2022 0.9972 -0.0165 0.0687 -0.0236
20.6892 -5.2202 2.3732 55 67 38 0.4129 0.1981 0.2003 0.1909 0.9978 -0.0278 0.0573 0.0207
21.0920 3.0145 2.6060 116 149 78 0.4687 0.1894 0.2024 0.2016 0.9989 -0.0180 0.0421 -0.0125
18.3450 5.8902 2.2387 149 158 109 0.4917 0.2179 0.2054 0.2069 0.9926 0.0378 0.1027 0.0528
-35.3869 -9.6636 -7.1091 144 163 105 0.4437 0.1952 0.1990 0.1974 0.9998 0.0092 -0.0193 -0.0036
-30.0983 -7.9673 -4.8904 145 196 93 0.4518 0.1984 0.2091 0.2017 0.9996 0.0243 -0.0068 -0.0081
8.2333 4.7453 -3.2157 140 157 133 0.4640 0.2160 0.2134 0.2264 0.9933 -0.1074 0.0380 -0.0188
17.9283 -1.4017 -5.0501 177 179 174 0.4738 0.2109 0.2082 0.2161 0.9948 -0.0911 -0.0289 -0.0348
21.7025 -3.1875 1.9354 24 34 22 0.4286 0.1874 0.1884 0.1932 0.9989 -0.0190 -0.0190 -0.0397
1.8778 -16.6802 -0.9441 162 179 128 0.4682 0.2096 0.2096 0.2031 0.9919 0.0811 0.0780 0.0586
5.4937 -14.8048 -3.4921 115 115 105 0.4483 0.2046 0.1951 0.2156 0.9979 0.0627 0.0102 -0.0112
20.9845 3.4226 2.4324 79 99 59 0.4057 0.1872 0.1912 0.1952 0.9975 -0.0627 0.0179 -0.0255
19.0117 2.9888 2.1322 117 136 83 0.4717 0.1994 0.2047 0.1922 0.9919 -0.0981 0.0391 -0.0705
-31.6676 -5.7298 -4.7538 164 199 119 0.4686 0.2022 0.2066 0.2068 0.9993 -0.0086 -0.0320 -0.0147
21.1596 2.7172 2.3987 127 166 83 0.4803 0.1918 0.2113 0.2015 0.9999 0.0005 0.0081 0.0117
20.8948 2.6534 2.2638 92 119 65 0.4459 0.1991 0.2074 0.2001 0.9999 0.0129 0.0090 0.0045
18.3881 4.4646 1.9641 170 173 142 0.4834 0.2100 0.2009 0.1904 0.9918 -0.0382 0.1153 0.0387
3.2841 -9.4030 -0.9252 255 255 255 0.6324 0.2418 0.2497 0.2498 0.9720 -0.0054 -0.1598 -0.1722
22.4146 -3.9452 1.5152 67 66 36 0.3720 0.1893 0.1849 0.1893 0.9990 0.0352 -0.0222 0.0136
17.8679 0.2877 -5.3058 169 178 174 0.4651 0.2152 0.2125 0.2171 0.9991 -0.0109 -0.0152 -0.0384
-31.5125 -10.5622 -5.1847 176 201 101 0.4647 0.2015 0.2074 0.2066 0.9993 0.0071 -0.0328 -0.0134
21.0171 3.3650 2.3971 83 111 51 0.4116 0.1880 0.1920 0.1946 0.9982 -0.0465 0.0215 -0.0302
12.6920 -16.3677 -7.9383 191 216 182 0.4968 0.2276 0.2296 0.2278 0.9956 -0.0450 -0.0103 -0.0821
13.2640 -16.9871 -7.7031 179 198 178 0.4946 0.2252 0.2286 0.2250 0.9893 -0.0857 -0.0017 -0.1178
18.2986 5.2403 1.4755 114 119 65 0.4615 0.2085 0.2053 0.1993 0.9975 -0.0069 0.0621 0.0333
20.5331 4.4630 2.4321 83 84 60 0.4083 0.1853 0.1886 0.1929 0.9982 -0.0595 -0.0085 0.0022
17.0874 -0.0924 -6.1589 206 208 203 0.5057 0.2230 0.2165 0.2181 0.9914 0.0480 0.0280 -0.1186
21.6987 -3.0470 1.9550 34 50 28 0.4439 0.1846 0.1970 0.1958 0.9996 0.0077 0.0098 -0.0268
7.7708 8.0118 -4.1285 110 140 126 0.4391 0.2027 0.2044 0.2154 0.9907 -0.0044 -0.1254 -0.0520
20.1465 5.5738 2.2866 118 140 60 0.4564 0.1941 0.1973 0.1954 0.9975 0.0628 -0.0070 -0.0328
14.4690 3.7038 -2.1419 197 203 209 0.5025 0.2329 0.2175 0.2339 0.9831 -0.1777 0.0182 -0.0410
9.4229 5.7235 -3.6744 183 218 178 0.4970 0.2298 0.2272 0.2349 0.9803 -0.1835 0.0610 -0.0396
19.9033 4.7279 2.1799 63 78 43 0.4285 0.1968 0.1869 0.1932 0.9991 -0.0169 -0.0193 0.0347
18.6422 4.0348 1.8249 149 152 115 0.4777 0.2058 0.1979 0.1923 0.9952 0.0132 0.0858 0.0451
20.5853 4.2958 1.5470 101 114 79 0.4491 0.1853 0.1912 0.1833 0.9993 -0.0194 -0.0268 -0.0166
20.7398 4.0149 1.8291 101 113 67 0.4092 0.1863 0.1883 0.1873 0.9994 -0.0018 -0.0266 0.0212
20.8627 3.7023 2.1100 79 97 47 0.3910 0.1840 0.1871 0.1863 0.9987 0.0056 -0.0284 0.0421
-39.0583 -6.9044 -8.8322 107 127 79 0.4161 0.1951 0.1959 0.1939 1.0000 0.0008 0.0005 0.0092
14.5177 1.8864 -3.0887 206 212 255 0.5104 0.2337 0.2220 0.2371 0.9840 -0.1720 0.0124 -0.0436
13.1761 15.1799 -6.0959 173 196 197 0.4884 0.2181 0.2106 0.2223 0.9910 -0.1207 0.0028 0.0581
22.1605 -3.5248 0.5271 85 99 83 0.4196 0.1887 0.1946 0.1921 0.9971 -0.0356 0.0626 -0.0240
21.2800 -3.3511 2.0800 61 62 28 0.3942 0.1831 0.1885 0.1865 0.9989 0.0197 -0.0386 0.0177
1.9720 -15.7714 0.1332 107 134 89 0.4624 0.2223 0.2114 0.2156 0.9883 -0.0243 0.1486 -0.0242
6.7999 7.1720 -4.2554 154 180 165 0.4778 0.2092 0.2134 0.2211 0.9918 -0.0296 -0.1072 -0.0623
6.3203 -16.3762 -3.0405 174 212 146 0.4871 0.2316 0.2222 0.2308 0.9972 0.0381 -0.0147 -0.0628
7.6142 7.8003 -8.6374 255 255 255 0.5513 0.2355 0.2262 0.2344 0.9858 -0.1504 0.0299 -0.0690
20.3851 4.5986 1.7898 86 105 59 0.4349 0.1841 0.1929 0.1879 0.9943 0.0883 -0.0555 0.0212
20.4702 4.0625 1.5372 76 83 62 0.4324 0.1831 0.1930 0.1867 0.9979 -0.0322 0.0166 -0.0535
19.5155 3.2625 1.8431 77 105 28 0.4311 0.1918 0.1931 0.1968 0.9975 0.0370 -0.0450 -0.0398
20.6434 2.7674 1.7311 39 80 29 0.4202 0.1912 0.2001 0.1950 0.9985 0.0283 0.0032 0.0476
-38.1912 -5.8202 -8.6922 144 179 102 0.4437 0.2021 0.2008 0.2026 0.9998 -0.0101 -0.0089 0.0110
13.9972 -1.1166 -4.6148 213 207 200 0.5052 0.2253 0.2197 0.2297 0.9967 -0.0448 0.0672 0.0099
21.7329 -3.9063 0.3782 134 154 121 0.4585 0.1896 0.2069 0.2126 0.9889 0.0607 0.1145 -0.0720
21.3983 -3.3079 1.9778 82 83 62 0.3273 0.1727 0.1812 0.1790 0.9988 0.0287 -0.0352 -0.0164
20.0450 5.8812 1.2594 130 128 94 0.4940 0.2056 0.2023 0.2024 0.9967 0.0068 0.0127 0.0799
2.3690 -14.5808 -5.1353 102 106 83 0.4126 0.1979 0.1904 0.2001 0.9924 0.1015 0.0489 -0.0499
21.2864 -2.7386 0.8554 56 66 50 0.4040 0.1828 0.1952 0.1888 0.9950 0.0862 0.0459 0.0211
17.9265 -12.8647 -6.4128 150 171 115 0.4645 0.2221 0.2244 0.2246 0.9960 -0.0575 -0.0660 -0.0169
22.0946 -5.0819 1.0007 36 59 12 0.4139 0.1825 0.1939 0.1900 0.9997 -0.0119 0.0192 0.0132
20.0101 2.6865 0.0210 92 103 61 0.4088 0.1913 0.1952 0.1918 0.9968 0.0179 -0.0018 0.0775
19.4952 -4.4235 1.7520 106 117 103 0.4794 0.2193 0.2221 0.2115 0.9900 -0.0111 0.1381 0.0276
22.0380 -2.5777 0.6333 100 115 78 0.4309 0.1894 0.1991 0.2010 0.9985 -0.0542 0.0070 0.0025
22.0359 -2.9133 0.8761 166 168 113 0.4891 0.1870 0.1995 0.1968 0.9984 0.0154 -0.0161 -0.0526
18.4646 5.6076 0.5718 134 160 113 0.4448 0.2058 0.2028 0.1963 0.9923 -0.0708 -0.0776 0.0661
19.5207 7.7497 0.5121 163 177 133 0.4846 0.2035 0.2035 0.1988 0.9958 0.0676 0.0610 -0.0123
17.4831 3.8584 0.1795 186 194 198 0.4960 0.2305 0.2227 0.2268 0.9972 -0.0550 0.0333 -0.0372
21.4863 -4.2464 1.0795 31 43 20 0.4033 0.1839 0.1870 0.1906 0.9984 0.0249 0.0370 -0.0334
19.7094 -5.1430 0.9590 145 157 150 0.4702 0.2187 0.2158 0.2300 0.9845 -0.1154 0.1006 0.0856
18.7437 4.2017 0.6748 104 123 70 0.4244 0.1989 0.2019 0.1959 0.9971 -0.0715 -0.0062 -0.0258
-0.2319 -15.8690 -4.9536 167 182 155 0.4701 0.2193 0.2036 0.2101 0.9965 -0.0132 0.0821 0.0015
17.9692 4.2500 0.5511 140 151 124 0.4490 0.2085 0.2092 0.1980 0.9974 -0.0536 0.0484 0.0013
2.7246 -18.6834 -5.0706 148 194 133 0.4617 0.2180 0.2083 0.2177 0.9917 0.1069 0.0242 -0.0672
4.0952 -16.2191 -3.1689 98 107 100 0.4102 0.1951 0.1891 0.1874 0.9897 -0.0948 -0.0900 -0.0583
13.3285 2.5638 -3.4102 220 222 255 0.5217 0.2348 0.2228 0.2388 0.9718 -0.2358 0.0046 0.0078
1.0264 -14.2560 -2.6075 150 158 107 0.4445 0.2019 0.2000 0.2137 0.9953 0.0793 0.0017 0.0562
19.7917 -3.7704 2.1717 109 116 76 0.4289 0.1961 0.2004 0.1992 0.9962 0.0049 -0.0828 0.0251
-4.0132 9.9731 -9.5664 255 255 248 0.5482 0.2259 0.2216 0.2281 0.9937 -0.1017 -0.0438 0.0157
21.1479 6.1759 0.8407 91 98 66 0.4127 0.1866 0.1874 0.1860 0.9989 0.0074 0.0452 0.0082
20.7153 5.8465 0.9553 122 152 98 0.4477 0.1922 0.1926 0.1906 0.9989 -0.0246 0.0396 -0.0050
20.5370 4.4485 1.4467 89 119 65 0.4208 0.1851 0.1913 0.1823 0.9991 0.0371 0.0153 0.0098
20.1320 3.3220 0.6203 95 111 58 0.4141 0.1850 0.1906 0.1838 0.9998 -0.0153 -0.0115 -0.0025
21.0782 6.5269 0.7839 66 65 46 0.4004 0.1866 0.1862 0.1841 0.9975 0.0051 0.0649 -0.0290
16.3137 1.2283 -8.0911 221 223 209 0.5143 0.2263 0.2272 0.2288 0.9985 -0.0057 0.0490 -0.0230
21.0104 5.1562 0.2817 126 139 99 0.4283 0.1940 0.1953 0.1885 0.9997 -0.0196 0.0108 -0.0075
21.0603 4.1867 0.9264 104 122 61 0.4154 0.1818 0.1894 0.1794 0.9996 0.0047 0.0220 -0.0186
21.4035 3.7041 0.4031 144 160 74 0.4556 0.1799 0.1958 0.1873 0.9986 0.0424 -0.0232 -0.0235
18.9933 3.3979 0.8209 147 163 128 0.4685 0.2057 0.2071 0.2025 0.9991 -0.0388 0.0049 -0.0151
-37.0765 -8.6255 -7.0117 157 190 108 0.4535 0.2006 0.2046 0.2013 0.9998 0.0053 -0.0191 -0.0074
21.0175 5.2922 0.4013 131 143 102 0.4414 0.1938 0.1957 0.1879 0.9990 -0.0397 0.0051 -0.0186
17.2582 6.3962 0.0753 165 174 158 0.4746 0.2047 0.2020 0.1972 0.9977 -0.0308 0.0591 0.0075
21.2962 4.0942 0.4960 43 46 37 0.3902 0.1837 0.1882 0.1884 0.9960 -0.0103 -0.0838 0.0283
8.9701 8.2573 -6.3632 174 185 180 0.4780 0.2151 0.2110 0.2193 0.9928 -0.0216 -0.1176 0.0027
1.9521 -17.2256 -3.1962 168 188 145 0.4818 0.2146 0.2083 0.2113 0.9952 0.0454 0.0822 -0.0294
20.9104 3.3968 0.8693 94 141 37 0.4107 0.1842 0.1980 0.1847 0.9990 -0.0369 -0.0160 -0.0216
-0.3942 -18.0029 -1.8512 217 231 204 0.5159 0.2257 0.2273 0.2277 0.9964 -0.0466 -0.0531 -0.0459
2.7094 -15.5781 -1.9859 140 152 103 0.4725 0.2094 0.1986 0.2065 0.9959 0.0664 0.0099 -0.0604
-0.9374 -14.6308 -4.3992 229 248 189 0.5184 0.2262 0.2243 0.2226 0.9918 -0.1002 0.0686 -0.0402
20.6035 -4.5748 0.7343 127 141 120 0.4590 0.2138 0.2120 0.2091 0.9930 0.0183 -0.1122 0.0332
19.7622 6.7665 0.7388 130 155 106 0.4566 0.1971 0.2027 0.2042 0.9985 -0.0270 0.0126 -0.0462
20.1548 7.8861 0.2390 95 115 84 0.4226 0.1908 0.1937 0.1902 0.9957 0.0451 -0.0064 -0.0812
20.2487 6.8262 0.1546 78 99 62 0.4099 0.1907 0.1913 0.1933 0.9995 -0.0148 -0.0269 -0.0028
21.8404 5.1415 0.7152 77 94 46 0.4050 0.1837 0.1874 0.1866 0.9984 0.0261 -0.0315 0.0392
22.1606 4.5911 0.6499 88 107 39 0.3990 0.1885 0.1863 0.1848 0.9979 0.0196 0.0609 0.0050
21.9640 -2.6521 1.4785 125 116 68 0.4279 0.1800 0.1925 0.1867 0.9942 0.0731 -0.0339 0.0713
5.0858 -18.7545 -2.1016 160 189 131 0.4854 0.2289 0.2207 0.2290 0.9931 0.0808 0.0842 0.0061
21.2326 -3.5707 2.0571 43 48 25 0.4137 0.1841 0.1904 0.1861 0.9997 0.0098 -0.0128 -0.0178
21.3549 -3.4072 2.0026 53 58 33 0.3520 0.1757 0.1847 0.1813 0.9992 0.0261 -0.0245 -0.0173
7.7747 -15.0533 -4.2287 193 255 176 0.4990 0.2294 0.2205 0.2259 0.9955 0.0337 0.0873 0.0120
20.7224 -4.0463 2.0278 30 51 17 0.3897 0.1900 0.1860 0.1907 0.9986 0.0416 -0.0188 -0.0266
21.4773 -4.1565 1.1425 58 64 30 0.3728 0.1809 0.1848 0.1854 0.9984 0.0186 -0.0143 -0.0512
-4.7453 9.9590 -9.4703 255 255 255 0.5720 0.2234 0.2231 0.2284 0.9903 -0.0800 -0.0936 -0.0648
19.5985 6.2383 1.0750 125 131 101 0.4714 0.2061 0.2013 0.1986 0.9953 0.0317 0.0381 0.0831
22.0373 6.1479 0.0688 184 184 156 0.4723 0.1978 0.1943 0.1932 0.9970 0.0182 0.0486 0.0579
21.4360 6.2173 0.6063 155 161 81 0.4572 0.1939 0.1931 0.1859 0.9987 0.0078 0.0389 0.0306
21.4182 6.2528 0.7365 128 143 83 0.4428 0.2002 0.1932 0.1899 0.9963 0.0389 0.0548 0.0541
20.1806 4.2656 1.5908 57 59 53 0.4062 0.1904 0.1854 0.1843 0.9988 0.0439 0.0066 0.0222
21.7680 3.0839 0.5349 120 139 67 0.4224 0.1951 0.1878 0.1902 0.9997 0.0056 -0.0016 -0.0255
6.3723 -18.8811 -3.0919 162 197 155 0.4807 0.2326 0.2189 0.2298 0.9937 0.1076 0.0182 -0.0244
8.2625 -15.7303 -2.6682 227 239 203 0.5288 0.2350 0.2273 0.2361 0.9899 0.0002 -0.1339 0.0472
20.0969 -4.6296 2.4548 122 129 83 0.4187 0.1957 0.2018 0.1920 0.9993 0.0139 -0.0328 0.0056
21.8526 -4.0060 0.8668 85 87 58 0.4101 0.1801 0.1872 0.1856 0.9976 0.0392 0.0059 -0.0569
21.9811 -3.7374 1.7508 0 10 0 0.5306 0.1927 0.2054 0.2059 0.9852 0.0465 0.1119 0.1209
2.1072 -18.3639 -1.5468 176 203 144 0.4818 0.2205 0.2116 0.2136 0.9797 0.0121 0.1270 -0.1548
21.8617 5.1320 0.8044 84 104 48 0.4012 0.1853 0.1912 0.1879 0.9979 0.0443 -0.0238 0.0405
5.8960 -19.1110 -1.9820 184 235 162 0.4942 0.2348 0.2298 0.2331 0.9997 -0.0109 -0.0117 -0.0206
16.6884 7.0583 0.5409 197 206 191 0.5010 0.2123 0.2070 0.2042 0.9859 0.0135 0.1085 0.1263
19.6446 2.8817 1.6225 50 69 26 0.3884 0.1850 0.1929 0.1898 0.9992 0.0371 0.0082 0.0153
20.4446 -4.6837 2.7921 85 102 30 0.4531 0.2145 0.2136 0.2128 0.9961 0.0516 0.0236 0.0680
13.7178 6.2998 -2.6536 197 204 197 0.4965 0.2228 0.2110 0.2223 0.9983 -0.0524 0.0180 0.0205
8.0794 -15.0044 1.0332 255 255 255 0.5908 0.2405 0.2397 0.2461 0.9975 -0.0203 -0.0533 -0.0416
17.8948 3.8160 1.0325 137 142 141 0.4737 0.2074 0.2049 0.2026 0.9979 0.0600 0.0207 0.0124
21.0970 6.1688 1.4807 118 153 89 0.4425 0.2007 0.1958 0.2001 0.9993 -0.0233 0.0242 0.0145
22.8262 -5.6073 1.5703 106 126 74 0.4302 0.1999 0.2099 0.2124 0.9966 0.0618 0.0461 0.0296
7.2439 -16.8008 0.8265 155 174 137 0.4834 0.2282 0.2131 0.2218 0.9814 0.1184 -0.1413 -0.0527
20.5397 4.2109 1.8001 84 90 71 0.4202 0.1852 0.1863 0.1888 0.9974 -0.0705 0.0000 0.0170
22.6856 -5.5036 2.4755 150 180 91 0.4573 0.2204 0.2099 0.2177 0.9946 0.0590 -0.0857 -0.0058
21.7856 -6.3473 1.9977 106 132 70 0.4476 0.2041 0.2072 0.2156 0.9878 0.0948 0.1059 -0.0637
19.7676 1.7154 1.6167 132 139 126 0.4701 0.1981 0.2095 0.1953 0.9986 -0.0329 0.0261 -0.0332
16.0348 -2.2211 -0.3885 255 255 255 0.5855 0.2468 0.2408 0.2462 0.9932 -0.0283 0.0749 -0.0845
9.7635 -14.8161 0.3477 255 255 230 0.5465 0.2390 0.2398 0.2459 0.9807 -0.0053 -0.1282 -0.1474
-22.5867 -10.3625 -1.9406 99 124 71 0.4213 0.1925 0.1979 0.1973 0.9981 0.0052 0.0089 -0.0613
9.6459 5.7925 -2.5522 136 138 139 0.4999 0.2244 0.2196 0.2322 0.9763 -0.1829 0.0792 -0.0843
9.6697 5.5392 -2.6992 186 189 192 0.4938 0.2268 0.2217 0.2348 0.9749 -0.1877 0.0834 -0.0863
13.4041 19.1856 -5.4014 203 255 206 0.5101 0.2118 0.2034 0.2122 0.9924 -0.0773 -0.0090 0.0952
12.4368 -12.5817 2.2488 170 201 116 0.4847 0.2263 0.2201 0.2300 0.9811 0.1896 0.0279 -0.0283
20.6791 -0.6045 3.3358 81 108 58 0.4640 0.1962 0.2022 0.2106 0.9964 -0.0702 0.0065 -0.0478
20.1290 2.2340 3.3943 152 168 140 0.4945 0.2033 0.2139 0.2125 0.9995 -0.0230 -0.0196 0.0069
11.3465 -14.3855 4.1599 166 190 110 0.4846 0.2314 0.2269 0.2274 0.9995 -0.0146 -0.0025 -0.0266
13.9389 -13.6791 4.3932 89 119 36 0.4342 0.2093 0.2061 0.2039 0.9998 -0.0156 -0.0039 0.0104
17.0031 -9.2235 4.3038 141 167 122 0.4954 0.2223 0.2201 0.2199 0.9972 0.0545 0.0456 -0.0212
22.6495 -4.9362 4.8875 128 149 83 0.4553 0.2068 0.2037 0.2072 0.9995 -0.0031 -0.0317 -0.0033
14.7892 -12.6579 4.6021 110 130 75 0.4220 0.1976 0.2020 0.2013 0.9940 0.0270 -0.0656 0.0831
23.6090 -5.6627 4.4013 108 131 68 0.4282 0.1984 0.1951 0.2069 0.9964 -0.0444 0.0708 0.0137
23.2092 0.3562 3.5852 101 142 64 0.4219 0.2028 0.1937 0.2099 0.9950 -0.0254 0.0113 -0.0962
14.2527 -12.3706 4.3497 77 103 30 0.4159 0.2056 0.2046 0.2029 0.9992 -0.0204 0.0301 -0.0159
13.8342 21.8915 -5.7282 172 182 147 0.4620 0.2066 0.2083 0.2022 0.9969 0.0242 -0.0438 0.0611
21.4407 1.0414 4.2890 91 102 60 0.4482 0.1980 0.1934 0.2051 0.9841 -0.1316 -0.0613 -0.1022
22.8076 1.0060 3.4250 89 120 57 0.4115 0.1911 0.1889 0.1953 0.9952 -0.0843 -0.0473 0.0162
17.8700 -9.1133 0.2140 211 255 194 0.5170 0.2201 0.2154 0.2208 0.9939 -0.1056 -0.0181 0.0252
22.6341 -6.8190 4.7033 79 94 52 0.3970 0.1874 0.1901 0.1896 0.9994 -0.0133 0.0295 0.0082
23.3654 -6.9621 4.6307 44 63 17 0.3913 0.1900 0.1928 0.1885 0.9969 0.0600 -0.0480 0.0178
23.2180 -6.9875 4.3724 47 62 16 0.3993 0.1909 0.1915 0.1831 0.9975 0.0597 -0.0335 0.0196
19.2858 -7.4509 1.2058 208 255 182 0.4982 0.2253 0.2234 0.2280 0.9991 0.0219 0.0046 0.0351
13.6520 -15.2710 4.4552 72 108 14 0.4737 0.2171 0.2126 0.2198 0.9931 -0.0485 -0.1010 0.0338
15.0619 -14.5381 2.9963 107 117 55 0.4577 0.2006 0.1994 0.1984 0.9997 -0.0128 0.0160 -0.0143
15.3608 -13.9012 3.7530 93 104 55 0.4353 0.1939 0.1949 0.1955 0.9994 -0.0111 -0.0336 0.0046
12.9201 -12.4890 5.8485 146 167 121 0.5171 0.2387 0.2227 0.2198 0.9870 0.0554 0.1205 -0.0912
20.4998 -0.0285 3.8023 68 82 44 0.5105 0.1998 0.2035 0.2115 0.9979 -0.0266 -0.0452 -0.0382
23.1558 0.3843 2.0196 112 144 108 0.4334 0.2043 0.2115 0.2056 0.9975 0.0545 0.0065 -0.0454
22.9231 -5.4428 5.2220 99 109 62 0.4261 0.1981 0.1972 0.1912 0.9987 0.0256 0.0051 0.0440
23.4908 -6.5261 4.1584 66 86 33 0.4134 0.1909 0.1940 0.1900 0.9983 0.0394 -0.0416 -0.0094
20.0619 -11.4650 0.7803 99 137 78 0.4302 0.2212 0.2100 0.2167 0.9875 0.1560 0.0234 -0.0017
15.0972 -14.2562 4.2737 55 75 21 0.4618 0.2034 0.2043 0.1995 0.9995 -0.0144 0.0244 0.0167
16.9193 -10.5858 2.2721 88 103 51 0.4789 0.2037 0.2019 0.2028 0.9988 -0.0192 -0.0051 -0.0453
23.2573 -6.9216 5.2136 98 110 64 0.4300 0.1935 0.1886 0.1926 0.9996 0.0034 0.0212 -0.0157
15.0822 -15.8548 3.5277 55 65 35 0.4069 0.1885 0.2036 0.1984 0.9984 0.0218 -0.0468 -0.0215
14.6573 -15.2302 3.0019 78 110 35 0.4125 0.2014 0.2053 0.2056 0.9957 0.0151 -0.0202 -0.0895
15.6418 -14.1734 4.2007 64 81 35 0.4557 0.1971 0.1953 0.1988 0.9985 0.0154 -0.0508 -0.0156
14.8304 -15.2638 4.0562 55 78 28 0.4432 0.2014 0.1952 0.1992 0.9966 0.0627 0.0516 -0.0138
22.2048 -6.7824 4.7525 88 103 66 0.4184 0.1860 0.1949 0.1902 0.9965 -0.0415 -0.0384 0.0609
18.0487 -10.7198 2.6854 140 169 84 0.4735 0.2112 0.2116 0.2132 0.9958 -0.0502 -0.0417 -0.0638
23.6538 -5.9810 5.1741 98 107 72 0.4188 0.2023 0.1912 0.1991 0.9968 -0.0070 -0.0455 0.0654
24.1318 -6.2497 3.5568 144 175 77 0.4628 0.2181 0.2196 0.2215 0.9988 0.0444 -0.0202 0.0024
22.8338 -6.7080 5.8748 117 124 89 0.4593 0.2016 0.2003 0.2026 0.9996 0.0042 0.0004 -0.0275
15.3759 -12.6549 4.4414 105 126 77 0.4205 0.2074 0.2016 0.1968 0.9964 0.0151 0.0813 0.0208
25.3224 -4.7409 1.4495 201 218 173 0.4969 0.2112 0.2139 0.2148 0.9952 -0.0425 -0.0484 0.0733
22.3522 -7.0934 2.5043 128 158 81 0.4448 0.2031 0.2051 0.2174 0.9953 0.0259 0.0929 -0.0106
23.5811 -7.3625 4.3656 62 76 30 0.4088 0.1958 0.1909 0.1919 0.9904 0.0389 -0.0562 -0.1202
21.5439 -6.8632 4.1889 109 130 57 0.4417 0.2071 0.2055 0.2031 0.9975 0.0701 -0.0046 -0.0016
-1.2219 -12.1939 2.2154 31 50 24 0.3852 0.1850 0.1877 0.1992 0.9991 0.0071 -0.0248 -0.0322
15.3737 -14.6629 5.4061 81 98 32 0.3959 0.1862 0.1860 0.1810 0.9919 0.0155 0.1110 -0.0600
16.7497 -13.3301 3.6755 143 157 110 0.4616 0.2192 0.2025 0.2110 0.9974 0.0360 0.0349 -0.0509
16.3272 -13.7336 3.7977 106 111 79 0.4341 0.2098 0.2004 0.1994 0.9937 -0.0695 0.0781 -0.0417
21.1129 -6.8788 4.8050 132 152 90 0.4685 0.2143 0.2164 0.2117 0.9969 -0.0307 0.0387 0.0615
15.7868 -14.1324 5.1815 59 74 27 0.3702 0.1841 0.1789 0.1895 0.9926 0.0590 -0.0704 -0.0797
15.2581 -13.6522 6.0069 72 83 62 0.3161 0.1868 0.1762 0.1806 0.9921 0.0337 0.1079 -0.0542
23.1746 -7.3824 5.6512 94 111 57 0.4219 0.2140 0.2120 0.2089 0.9966 0.0229 -0.0789 -0.0032
22.4317 -7.1642 3.1177 81 114 28 0.4466 0.2019 0.1963 0.2049 0.9975 0.0295 0.0636 0.0027
15.2615 -13.6329 5.9996 55 69 50 0.3553 0.1903 0.1802 0.1826 0.9932 0.0391 0.0908 -0.0612
24.7445 -5.0763 1.2744 179 205 142 0.4865 0.2156 0.2228 0.2230 0.9950 0.0306 0.0831 0.0467
21.9366 -0.4615 4.5071 103 116 72 0.4401 0.1983 0.1976 0.2041 0.9924 -0.1223 -0.0050 0.0102
15.1890 -11.8892 0.7659 92 99 84 0.4255 0.1957 0.1981 0.2022 0.9999 -0.0088 0.0068 0.0060
18.9856 -11.7052 1.3996 142 180 93 0.4533 0.2192 0.2054 0.2088 0.9869 0.0226 0.1009 0.1241
21.3344 -6.4816 3.5896 111 140 51 0.4670 0.2148 0.2113 0.2154 0.9962 0.0751 0.0353 0.0266
9.0724 -16.2494 2.7061 196 221 182 0.5019 0.2311 0.2261 0.2351 0.9983 -0.0463 -0.0248 0.0232
17.1048 24.4863 -3.1532 115 132 98 0.4357 0.1951 0.2030 0.1999 0.9991 -0.0243 0.0234 0.0268
14.1231 -14.5532 6.0133 106 126 71 0.4216 0.1982 0.1991 0.2009 0.9975 -0.0214 -0.0661 -0.0139
16.0597 -16.0830 3.6540 89 100 81 0.4375 0.2183 0.2234 0.2153 0.9951 0.0956 -0.0259 -0.0023
13.8604 -13.4360 6.3751 107 124 79 0.4826 0.2155 0.2072 0.2183 0.9843 -0.1082 -0.1150 -0.0786
15.8042 -14.9524 4.1159 45 58 20 0.4236 0.1911 0.1966 0.1966 1.0000 0.0026 -0.0050 -0.0073
16.2182 -14.2731 5.1647 101 118 82 0.3688 0.1973 0.1814 0.1835 0.9993 -0.0302 0.0201 0.0119
13.0457 34.2507 -9.2428 80 90 86 0.4121 0.1960 0.1950 0.1955 0.9996 -0.0060 -0.0264 -0.0083
21.4376 -12.4736 1.9808 128 161 108 0.4482 0.2278 0.2191 0.2209 0.9991 0.0300 -0.0223 -0.0209
25.0500 -6.6767 2.1488 220 255 160 0.5088 0.2229 0.2205 0.2267 0.9973 -0.0370 0.0251 -0.0577
12.2710 36.5276 -2.4953 188 195 177 0.4882 0.2009 0.2017 0.1919 0.9996 0.0051 0.0220 0.0150
22.3652 -8.1547 2.9938 98 128 60 0.4362 0.2024 0.2150 0.2201 0.9939 0.0298 0.0759 0.0743
23.3009 -5.4931 6.1414 151 169 126 0.4862 0.2131 0.2127 0.2141 0.9995 0.0033 -0.0185 0.0258
1.4031 -12.1364 5.6345 204 216 173 0.5345 0.2256 0.2298 0.2262 0.9958 -0.0664 0.0372 -0.0500
-0.0307 -10.5576 5.9254 154 172 132 0.5004 0.2166 0.2322 0.2277 0.9900 -0.0288 0.0917 -0.1031
25.1266 -8.7354 2.3700 180 225 117 0.4836 0.2118 0.2258 0.2202 0.9828 0.1071 0.0844 0.1242
16.0829 -15.5118 4.4119 85 99 60 0.4263 0.1970 0.2001 0.1945 0.9988 -0.0064 0.0339 0.0346
23.3339 -7.6930 5.9210 129 143 83 0.4778 0.2226 0.2214 0.2224 0.9954 0.0069 -0.0646 -0.0704
15.5385 -14.1247 5.5821 63 74 55 0.3146 0.1772 0.1777 0.1817 0.9950 -0.0259 -0.0197 -0.0948
18.1847 -11.0561 4.7509 165 198 128 0.4762 0.2319 0.2269 0.2274 0.9968 -0.0365 0.0683 -0.0201
18.8450 21.9406 -1.1154 118 146 118 0.4435 0.2007 0.2035 0.2059 0.9983 -0.0337 0.0396 -0.0251
20.1124 -13.2906 1.9656 114 145 103 0.4424 0.2275 0.2238 0.2223 0.9985 0.0446 0.0036 -0.0324
8.4570 -18.5640 3.4206 155 184 134 0.4698 0.2260 0.2183 0.2267 0.9963 -0.0342 0.0634 -0.0471
17.8148 23.4902 0.4833 254 255 255 0.5582 0.2132 0.2149 0.2135 0.9977 0.0367 0.0137 0.0559
23.2367 -6.1761 5.8875 136 140 99 0.4701 0.2108 0.1983 0.2066 0.9937 0.0145 -0.0864 -0.0700
-0.5078 -11.6501 3.9261 36 58 11 0.4132 0.2014 0.2128 0.2049 0.9979 -0.0586 0.0221 0.0152
22.0360 -1.1324 4.6899 156 173 101 0.4805 0.2130 0.2190 0.2190 0.9986 0.0448 0.0297 0.0034
16.5407 -7.2460 7.0378 138 171 145 0.5141 0.2289 0.2208 0.2253 0.9978 0.0225 0.0603 0.0172
20.1434 -0.8751 3.4788 88 104 72 0.4614 0.1948 0.2077 0.2011 0.9939 0.0421 -0.1020 0.0042
16.0959 -13.0841 5.5632 100 121 79 0.4144 0.2052 0.1958 0.1906 0.9961 0.0619 0.0429 -0.0453
2.0304 -10.6576 5.2777 120 139 110 0.5053 0.2201 0.2215 0.2303 0.9979 0.0506 0.0399 -0.0034
20.5730 0.2456 4.0733 77 83 51 0.4755 0.1961 0.2031 0.2124 0.9939 -0.1087 -0.0031 0.0151
1.1187 -14.3605 0.4377 156 168 157 0.4858 0.2294 0.2293 0.2268 0.9970 -0.0075 0.0587 -0.0491
16.0995 -14.4515 4.2079 65 81 44 0.3837 0.1887 0.1861 0.1896 0.9986 0.0461 -0.0210 -0.0164
14.1882 -17.9959 2.4160 192 225 118 0.4763 0.2377 0.2365 0.2344 0.9848 0.0611 -0.1068 -0.1223
23.4753 1.2604 3.8103 126 163 81 0.4454 0.2090 0.1947 0.2123 0.9865 -0.1083 0.0075 -0.1228
14.7871 -15.1943 6.0902 99 115 59 0.4290 0.2029 0.1927 0.1949 0.9970 0.0197 0.0721 0.0184
17.5582 24.9826 0.3037 166 201 255 0.5425 0.2140 0.2135 0.2106 0.9989 0.0279 -0.0385 -0.0017
14.6909 -13.3928 6.5577 112 131 113 0.5085 0.2168 0.2224 0.2177 0.9933 0.0693 -0.0903 0.0191
15.6692 -15.6386 5.7526 86 104 54 0.3856 0.1989 0.2015 0.1984 0.9993 0.0235 0.0093 0.0275
22.1182 0.7140 4.4325 91 105 63 0.3941 0.1913 0.1908 0.2002 0.9974 -0.0684 0.0037 -0.0224
15.9399 -12.5517 5.4164 115 139 77 0.4452 0.2138 0.2067 0.2015 0.9954 0.0645 0.0630 -0.0318
15.9819 -14.1581 6.4933 136 162 94 0.4888 0.2243 0.2147 0.2208 0.9958 -0.0513 -0.0504 -0.0572
16.7466 33.9607 -6.6137 59 81 26 0.3876 0.1875 0.1903 0.1893 0.9989 -0.0360 -0.0074 -0.0303
15.0156 -16.1257 4.7427 94 106 78 0.4147 0.1949 0.1918 0.1903 0.9969 -0.0684 0.0373 0.0122
21.7820 1.5590 3.5024 126 149 101 0.4386 0.1922 0.2027 0.2021 0.9952 -0.0346 -0.0098 0.0913
23.6365 -6.8695 3.3702 104 132 68 0.4332 0.1987 0.1995 0.1979 0.9988 0.0447 0.0149 -0.0142
22.0042 5.6684 2.1203 150 181 97 0.4489 0.2029 0.2024 0.2043 0.9983 0.0335 -0.0459 0.0148
22.1374 -5.4953 1.6940 79 88 59 0.4414 0.2010 0.2018 0.2102 0.9940 0.0951 0.0145 -0.0529
-1.2691 -12.8646 -1.3630 183 182 181 0.4866 0.2174 0.2296 0.2287 0.9758 0.1003 -0.1792 -0.0756
11.2452 -8.8855 1.5500 192 213 191 0.5149 0.2236 0.2172 0.2297 0.9922 -0.0127 -0.0935 -0.0815
-22.9984 1.3847 -6.1441 187 214 155 0.4841 0.2044 0.2130 0.2134 0.9977 0.0256 -0.0550 0.0315
-18.7482 0.4122 -2.9240 242 255 198 0.5309 0.2156 0.2195 0.2173 0.9959 0.0133 -0.0523 -0.0732
-20.0232 2.4695 -3.7837 214 246 149 0.5014 0.2130 0.2168 0.2166 0.9992 -0.0110 -0.0317 -0.0201
14.8600 -9.7271 -3.2465 187 199 197 0.4922 0.2191 0.2116 0.2237 0.9858 0.1524 -0.0150 -0.0686
-6.4026 -16.2465 -9.7383 217 227 207 0.5134 0.2190 0.2157 0.2220 0.9943 0.0527 -0.0842 0.0394
-5.8149 -16.5900 -9.5921 211 220 189 0.5267 0.2208 0.2172 0.2212 0.9989 0.0233 -0.0376 0.0135
-0.0270 -17.8444 -5.1177 151 165 145 0.4582 0.2133 0.2042 0.2024 0.9988 -0.0227 0.0181 0.0394
-0.4169 -16.4935 -4.8743 199 222 176 0.5042 0.2206 0.2123 0.2093 0.9990 0.0015 0.0443 0.0002
12.1330 -2.2581 -4.5317 255 255 255 0.5700 0.2415 0.2419 0.2414 0.9935 -0.0477 0.0255 -0.1000
11.0064 -7.5187 -3.9174 192 210 212 0.5066 0.2212 0.2227 0.2275 0.9983 0.0197 -0.0550 -0.0005
9.5433 -7.4097 -3.8518 225 244 255 0.5379 0.2255 0.2267 0.2343 0.9840 0.0136 -0.0698 -0.1631
14.5652 -4.9506 -4.6203 255 255 255 0.5942 0.2431 0.2437 0.2451 0.9917 0.0906 0.0185 -0.0893
8.7609 -6.3498 -8.1259 255 255 255 0.6732 0.2541 0.2538 0.2552 0.9929 -0.0772 0.0450 -0.0781
-10.1896 1.5733 12.0000 160 160 170 0.5000 0.2000 0.2000 0.2000 1.0000 0.0000 0.0000 0.0000
-0.3429 -10.7920 11.7842 194 194 200 0.5391 0.2063 0.2063 0.2091 0.9999 -0.0080 0.0143 -0.0013
-3.7575 1.4344 11.8825 160 191 148 0.5350 0.2059 0.2059 0.2066 0.9995 -0.0030 -0.0261 0.0149
-17.7143 -2.3297 12.0000 160 160 170 0.5000 0.2000 0.2000 0.2000 1.0000 0.0000 0.0000 0.0000
13.8352 -2.8761 12.0000 160 160 170 0.5000 0.2000 0.2000 0.2000 1.0000 0.0000 0.0000 0.0000
5.9552 18.6052 12.0000 160 160 170 0.5000 0.2000 0.2000 0.2000 1.0000 0.0000 0.0000 0.0000
-11.3647 -6.1865 12.0000 160 160 170 0.5000 0.2000 0.2000 0.2000 1.0000 0.0000 0.0000 0.0000
14.2855 -6.1127 12.0000 160 160 170 0.5000 0.2000 0.2000 0.2000 1.0000 0.0000 0.0000 0.0000
18.4765 16.2777 12.0000 160 160 170 0.5000 0.2000 0.2000 0.2000 1.0000 0.0000 0.0000 0.0000
3.1470 13.2446 12.0000 160 160 170 0.5000 0.2000 0.2000 0.2000 1.0000 0.0000 0.0000 0.0000
6.8882 5.6585 11.9964 152 185 137 0.5039 0.2035 0.2036 0.1999 0.9991 -0.0050 -0.0406 -0.0128
2.5932 2.7443 12.0801 170 191 166 0.5248 0.2055 0.2046 0.2054 0.9999 0.0112 -0.0000 0.0015
-7.1785 13.4841 12.0000 160 160 170 0.5000 0.2000 0.2000 0.2000 1.0000 0.0000 0.0000 0.0000
-5.2566 10.7949 12.0000 160 160 170 0.5000 0.2000 0.2000 0.2000 1.0000 0.0000 0.0000 0.0000
4.9792 10.6659 12.0000 160 160 170 0.5000 0.2000 0.2000 0.2000 1.0000 0.0000 0.0000 0.0000
9.7790 -4.0099 12.0872 159 164 163 0.4972 0.1995 0.2009 0.1986 1.0000 -0.0001 -0.0001 0.0000
-9.9698 -7.3061 12.0000 160 160 170 0.5000 0.2000 0.2000 0.2000 1.0000 0.0000 0.0000 0.0000
11.8555 -1.4423 12.0000 160 160 170 0.5000 0.2000 0.2000 0.2000 1.0000 0.0000 0.0000 0.0000
-0.5697 12.5089 12.0000 160 160 170 0.5000 0.2000 0.2000 0.2000 1.0000 0.0000 0.0000 0.0000
-15.0311 -19.3863 12.0000 160 160 170 0.5000 0.2000 0.2000 0.2000 1.0000 0.0000 0.0000 0.0000
-11.4133 8.7876 12.0000 160 160 170 0.5000 0.2000 0.2000 0.2000 1.0000 0.0000 0.0000 0.0000
19.1576 15.6539 12.0000 160 160 170 0.5000 0.2000 0.2000 0.2000 1.0000 0.0000 0.0000 0.0000
-6.5490 -6.1312 11.7130 127 146 151 0.5526 0.2110 0.2107 0.2127 0.9995 -0.0217 0.0220 -0.0079
-6.5036 -1.8742 12.0000 160 160 170 0.5000 0.2000 0.2000 0.2000 1.0000 0.0000 0.0000 0.0000
11.7801 10.9631 11.8786 140 178 114 0.5086 0.2072 0.2052 0.2072 0.9986 -0.0076 0.0374 0.0364
-1.8929 -18.0060 12.0000 160 160 170 0.5000 0.2000 0.2000 0.2000 1.0000 0.0000 0.0000 0.0000
-11.0694 5.0185 12.0000 160 160 170 0.5000 0.2000 0.2000 0.2000 1.0000 0.0000 0.0000 0.0000
9.2830 14.8753 12.0000 160 160 170 0.5000 0.2000 0.2000 0.2000 1.0000 0.0000 0.0000 0.0000
-12.2778 19.8717 12.0000 160 160 170 0.5000 0.2000 0.2000 0.2000 1.0000 0.0000 0.0000 0.0000
17.9505 -10.7375 12.0000 160 160 170 0.5000 0.2000 0.2000 0.2000 1.0000 0.0000 0.0000 0.0000
12.9483 -7.8038 12.0000 160 160 170 0.5000 0.2000 0.2000 0.2000 1.0000 0.0000 0.0000 0.0000
2.8229 -4.3003 12.0191 117 120 121 0.4676 0.1929 0.1953 0.1977 0.9980 0.0368 0.0317 0.0408
12.5311 4.8522 12.0880 131 137 133 0.4776 0.1952 0.1985 0.1969 0.9995 0.0262 -0.0173 0.0048
1.0963 -10.7442 12.0000 160 160 170 0.5000 0.2000 0.2000 0.2000 1.0000 0.0000 0.0000 0.0000
-0.3575 -12.3461 11.7791 217 222 223 0.5575 0.2123 0.2093 0.2088 0.9985 -0.0050 -0.0392 -0.0371
-4.6196 17.6279 12.0000 160 160 170 0.5000 0.2000 0.2000 0.2000 1.0000 0.0000 0.0000 0.0000
12.5565 -13.3701 12.0000 160 160 170 0.5000 0.2000 0.2000 0.2000 1.0000 0.0000 0.0000 0.0000
-15.6407 -14.2776 12.0000 160 160 170 0.5000 0.2000 0.2000 0.2000 1.0000 0.0000 0.0000 0.0000
-5.7105 -2.3923 11.9086 180 187 193 0.5286 0.2052 0.2052 0.2056 0.9995 0.0178 -0.0141 0.0222
2.4185 -6.3049 12.0000 160 160 170 0.5000 0.2000 0.2000 0.2000 1.0000 0.0000 0.0000 0.0000
17.4688 14.1312 12.0000 160 160 170 0.5000 0.2000 0.2000 0.2000 1.0000 0.0000 0.0000 0.0000
17.7901 12.8077 12.0982 190 188 195 0.5257 0.2044 0.2052 0.2060 0.9997 -0.0096 -0.0237 0.0050
12.5858 1.8474 12.0000 160 160 170 0.5000 0.2000 0.2000 0.2000 1.0000 0.0000 0.0000 0.0000
12.4327 -19.5183 11.6217 170 199 139 0.5289 0.2150 0.2138 0.2150 0.9991 -0.0403 -0.0017 0.0120
-8.2796 17.4248 12.0000 160 160 170 0.5000 0.2000 0.2000 0.2000 1.0000 0.0000 0.0000 0.0000
4.1447 17.0484 12.0000 160 160 170 0.5000 0.2000 0.2000 0.2000 1.0000 0.0000 0.0000 0.0000
-6.1092 2.2358 12.0000 160 160 170 0.5000 0.2000 0.2000 0.2000 1.0000 0.0000 0.0000 0.0000
-9.1427 18.6537 12.0000 160 160 170 0.5000 0.2000 0.2000 0.2000 1.0000 0.0000 0.0000 0.0000
-9.4614 -11.5484 12.0000 160 160 170 0.5000 0.2000 0.2000 0.2000 1.0000 0.0000 0.0000 0.0000
11.4163 -11.3134 12.0000 160 160 170 0.5000 0.2000 0.2000 0.2000 1.0000 0.0000 0.0000 0.0000
6.9927 1.4312 11.8483 207 226 190 0.5386 0.2032 0.2088 0.2061 0.9994 0.0293 0.0203 0.0014
0.8668 -9.3323 12.0000 160 160 170 0.5000 0.2000 0.2000 0.2000 1.0000 0.0000 0.0000 0.0000
1.1161 17.2744 12.0000 160 160 170 0.5000 0.2000 0.2000 0.2000 1.0000 0.0000 0.0000 0.0000
4.9275 -20.0070 11.9154 185 193 198 0.5369 0.2070 0.2079 0.2068 0.9994 0.0282 -0.0117 0.0150
-13.7522 11.8642 12.0000 160 160 170 0.5000 0.2000 0.2000 0.2000 1.0000 0.0000 0.0000 0.0000
-10.6338 5.6655 12.0000 160 160 170 0.5000 0.2000 0.2000 0.2000 1.0000 0.0000 0.0000 0.0000
5.4247 -12.2754 12.0000 160 160 170 0.5000 0.2000 0.2000 0.2000 1.0000 0.0000 0.0000 0.0000
-8.4557 16.0919 12.0000 160 160 170 0.5000 0.2000 0.2000 0.2000 1.0000 0.0000 0.0000 0.0000
-3.4309 -5.5461 12.1093 145 163 141 0.4819 0.1971 0.2000 0.1956 1.0000 0.0074 -0.0019 0.0010
-6.9411 -13.2701 12.0000 160 160 170 0.5000 0.2000 0.2000 0.2000 1.0000 0.0000 0.0000 0.0000
18.3625 14.5897 12.0000 160 160 170 0.5000 0.2000 0.2000 0.2000 1.0000 0.0000 0.0000 0.0000
-2.0248 -13.3481 11.9117 140 180 131 0.5329 0.2036 0.2074 0.2070 0.9991 0.0036 0.0382 0.0185
-15.3124 18.2707 12.0000 160 160 170 0.5000 0.2000 0.2000 0.2000 1.0000 0.0000 0.0000 0.0000
-12.1605 -8.5215 12.0000 160 160 170 0.5000 0.2000 0.2000 0.2000 1.0000 0.0000 0.0000 0.0000
-13.1178 -6.7933 12.0000 160 160 170 0.5000 0.2000 0.2000 0.2000 1.0000 0.0000 0.0000 0.0000
-17.1178 7.8823 12.0000 160 160 170 0.5000 0.2000 0.2000 0.2000 1.0000 0.0000 0.0000 0.0000
-1.6995 -0.5915 12.0870 151 153 160 0.4884 0.1973 0.1987 0.1963 1.0000 0.0002 -0.0011 -0.0000
9.7658 4.1967 11.9604 162 162 171 0.5045 0.1996 0.1994 0.2017 1.0000 0.0001 -0.0001 -0.0000
17.5481 -13.5488 12.0000 160 160 170 0.5000 0.2000 0.2000 0.2000 1.0000 0.0000 0.0000 0.0000
12.8098 2.2270 12.0000 160 160 170 0.5000 0.2000 0.2000 0.2000 1.0000 0.0000 0.0000 0.0000
10.0390 -18.2749 12.0725 122 135 124 0.4764 0.1975 0.1978 0.1994 0.9994 0.0244 0.0227 -0.0024
-9.6296 10.1018 12.0000 160 160 170 0.5000 0.2000 0.2000 0.2000 1.0000 0.0000 0.0000 0.0000
-9.0246 -9.5951 12.0000 160 160 170 0.5000 0.2000 0.2000 0.2000 1.0000 0.0000 0.0000 0.0000
-10.8174 -11.8978 12.0000 160 160 170 0.5000 0.2000 0.2000 0.2000 1.0000 0.0000 0.0000 0.0000
-19.6485 -12.6247 12.0000 160 160 170 0.5000 0.2000 0.2000 0.2000 1.0000 0.0000 0.0000 0.0000
-2.2123 11.9610 12.0000 160 160 170 0.5000 0.2000 0.2000 0.2000 1.0000 0.0000 0.0000 0.0000
-7.5634 3.8862 12.0000 160 160 170 0.5000 0.2000 0.2000 0.2000 1.0000 0.0000 0.0000 0.0000
1.3990 -2.4692 11.8587 130 130 143 0.4688 0.1944 0.1958 0.2012 0.9996 -0.0207 0.0111 0.0164
-18.9646 -4.6258 12.0000 160 160 170 0.5000 0.2000 0.2000 0.2000 1.0000 0.0000 0.0000 0.0000
4.1493 -15.6428 12.0524 144 159 137 0.4892 0.1948 0.2007 0.1982 0.9999 -0.0031 -0.0076 0.0113
2.8753 -16.3368 11.9250 149 191 91 0.5148 0.2002 0.2073 0.2036 0.9987 -0.0136 0.0202 0.0451
14.3512 19.3058 12.0000 160 160 170 0.5000 0.2000 0.2000 0.2000 1.0000 0.0000 0.0000 0.0000
-14.6849 -12.6670 12.0000 160 160 170 0.5000 0.2000 0.2000 0.2000 1.0000 0.0000 0.0000 0.0000
11.4055 1.0048 12.0000 160 160 170 0.5000 0.2000 0.2000 0.2000 1.0000 0.0000 0.0000 0.0000
-9.2070 15.2510 12.0000 160 160 170 0.5000 0.2000 0.2000 0.2000 1.0000 0.0000 0.0000 0.0000
-8.5063 14.3531 12.0000 160 160 170 0.5000 0.2000 0.2000 0.2000 1.0000 0.0000 0.0000 0.0000
4.1742 18.8093 12.0000 160 160 170 0.5000 0.2000 0.2000 0.2000 1.0000 0.0000 0.0000 0.0000
-12.6564 7.1157 12.0000 160 160 170 0.5000 0.2000 0.2000 0.2000 1.0000 0.0000 0.0000 0.0000
-16.8333 -6.4542 12.0000 160 160 170 0.5000 0.2000 0.2000 0.2000 1.0000 0.0000 0.0000 0.0000
-15.9675 9.8444 12.0000 160 160 170 0.5000 0.2000 0.2000 0.2000 1.0000 0.0000 0.0000 0.0000
-14.2027 -15.6885 12.0000 160 160 170 0.5000 0.2000 0.2000 0.2000 1.0000 0.0000 0.0000 0.0000
14.1408 -15.1978 12.0000 160 160 170 0.5000 0.2000 0.2000 0.2000 1.0000 0.0000 0.0000 0.0000
14.2368 14.3867 12.1056 194 194 203 0.5296 0.2040 0.2047 0.2049 0.9996 0.0142 -0.0230 0.0005
-14.6964 15.7909 12.0000 160 160 170 0.5000 0.2000 0.2000 0.2000 1.0000 0.0000 0.0000 0.0000
5.2839 -17.9253 12.0467 122 157 96 0.4854 0.1974 0.2041 0.1992 0.9987 0.0246 -0.0030 0.0441
-3.6624 10.9931 12.0000 160 160 170 0.5000 0.2000 0.2000 0.2000 1.0000 0.0000 0.0000 0.0000
3.8576 -3.2091 12.0735 119 132 135 0.5025 0.2068 0.2083 0.2034 0.9993 -0.0323 -0.0108 -0.0176
16.2879 3.7562 12.0728 133 157 126 0.4796 0.1943 0.1999 0.1981 0.9999 0.0031 -0.0051 0.0140
0.9764 7.7950 12.0000 160 160 170 0.5000 0.2000 0.2000 0.2000 1.0000 0.0000 0.0000 0.0000
11.0740 14.8163 12.0000 160 160 170 0.5000 0.2000 0.2000 0.2000 1.0000 0.0000 0.0000 0.0000
-3.3321 1.2654 11.9264 148 180 154 0.5163 0.2061 0.2065 0.2060 0.9997 -0.0163 -0.0019 0.0156
-2.6929 -1.6199 11.8470 192 207 178 0.5400 0.2039 0.2062 0.2060 0.9995 -0.0250 -0.0117 -0.0140
-0.5052 3.5523 11.9607 140 166 150 0.4988 0.1982 0.2019 0.2039 1.0000 0.0050 -0.0015 -0.0031
6.9419 -6.8514 12.0000 160 160 170 0.5000 0.2000 0.2000 0.2000 1.0000 0.0000 0.0000 0.0000
-19.2112 18.8530 12.0000 160 160 170 0.5000 0.2000 0.2000 0.2000 1.0000 0.0000 0.0000 0.0000
1.7749 -2.1534 12.0441 152 158 118 0.4969 0.2018 0.2075 0.2039 0.9976 -0.0456 -0.0146 -0.0490
0.1697 13.8442 12.0000 160 160 170 0.5000 0.2000 0.2000 0.2000 1.0000 0.0000 0.0000 0.0000
6.1052 -4.0177 11.8509 147 185 113 0.5051 0.2036 0.2070 0.2058 0.9982 0.0326 0.0492 -0.0049
11.2901 -7.6534 12.0000 160 160 170 0.5000 0.2000 0.2000 0.2000 1.0000 0.0000 0.0000 0.0000
2.1261 1.6411 12.0910 185 184 179 0.5229 0.2044 0.2049 0.2059 0.9998 -0.0039 0.0171 0.0016
-14.6299 6.5073 12.0000 160 160 170 0.5000 0.2000 0.2000 0.2000 1.0000 0.0000 0.0000 0.0000
19.4059 -1.2893 12.0000 160 160 170 0.5000 0.2000 0.2000 0.2000 1.0000 0.0000 0.0000 0.0000
19.9929 -3.1952 12.0000 160 160 170 0.5000 0.2000 0.2000 0.2000 1.0000 0.0000 0.0000 0.0000
13.7624 19.3479 12.0000 160 160 170 0.5000 0.2000 0.2000 0.2000 1.0000 0.0000 0.0000 0.0000
-7.2814 -15.2667 12.0000 160 160 170 0.5000 0.2000 0.2000 0.2000 1.0000 0.0000 0.0000 0.0000
11.7044 -16.4003 12.0000 160 160 170 0.5000 0.2000 0.2000 0.2000 1.0000 0.0000 0.0000 0.0000
-9.7901 -5.4874 12.0000 160 160 170 0.5000 0.2000 0.2000 0.2000 1.0000 0.0000 0.0000 0.0000
-3.7186 16.0062 12.0000 160 160 170 0.5000 0.2000 0.2000 0.2000 1.0000 0.0000 0.0000 0.0000
2.2858 11.2272 12.0000 160 160 170 0.5000 0.2000 0.2000 0.2000 1.0000 0.0000 0.0000 0.0000
6.8729 14.3170 12.0000 160 160 170 0.5000 0.2000 0.2000 0.2000 1.0000 0.0000 0.0000 0.0000
14.8450 1.6490 12.0000 160 160 170 0.5000 0.2000 0.2000 0.2000 1.0000 0.0000 0.0000 0.0000
5.6608 18.5036 12.0000 160 160 170 0.5000 0.2000 0.2000 0.2000 1.0000 0.0000 0.0000 0.0000
2.0990 7.3193 12.0000 160 160 170 0.5000 0.2000 0.2000 0.2000 1.0000 0.0000 0.0000 0.0000
-18.3897 8.1112 12.0000 160 160 170 0.5000 0.2000 0.2000 0.2000 1.0000 0.0000 0.0000 0.0000
13.4551 -5.9570 12.0000 160 160 170 0.5000 0.2000 0.2000 0.2000 1.0000 0.0000 0.0000 0.0000
14.3466 -10.8562 12.0000 160 160 170 0.5000 0.2000 0.2000 0.2000 1.0000 0.0000 0.0000 0.0000
16.7446 -5.6472 12.0000 160 160 170 0.5000 0.2000 0.2000 0.2000 1.0000 0.0000 0.0000 0.0000
19.5902 12.8125 12.0000 160 160 170 0.5000 0.2000 0.2000 0.2000 1.0000 0.0000 0.0000 0.0000
18.3582 -15.6669 11.8242 194 205 175 0.5405 0.2043 0.2076 0.2077 0.9996 0.0121 -0.0243 -0.0007
11.3704 5.6924 12.1379 120 123 132 0.4685 0.1941 0.1952 0.1938 0.9998 0.0194 0.0031 0.0053
11.5891 -13.6299 12.0000 160 160 170 0.5000 0.2000 0.2000 0.2000 1.0000 0.0000 0.0000 0.0000
5.9778 12.1408 12.0000 160 160 170 0.5000 0.2000 0.2000 0.2000 1.0000 0.0000 0.0000 0.0000
1.7648 18.8919 12.0000 160 160 170 0.5000 0.2000 0.2000 0.2000 1.0000 0.0000 0.0000 0.0000
11.4533 6.9575 12.1453 117 117 128 0.4641 0.1943 0.1931 0.1945 0.9996 -0.0097 0.0193 0.0179
16.2000 13.5783 11.9261 179 179 183 0.5204 0.2040 0.2045 0.2033 0.9993 0.0227 0.0295 0.0020
9.5728 -2.4238 12.0000 160 160 170 0.5000 0.2000 0.2000 0.2000 1.0000 0.0000 0.0000 0.0000
-5.0933 -15.7557 12.0000 160 160 170 0.5000 0.2000 0.2000 0.2000 1.0000 0.0000 0.0000 0.0000
-14.4248 -17.5164 12.0000 160 160 170 0.5000 0.2000 0.2000 0.2000 1.0000 0.0000 0.0000 0.0000
14.8867 4.1401 12.0379 140 182 115 0.4910 0.2014 0.2017 0.1987 1.0000 -0.0016 0.0038 -0.0061
-4.9476 -12.8498 12.0000 160 160 170 0.5000 0.2000 0.2000 0.2000 1.0000 0.0000 0.0000 0.0000
-5.1235 -3.1349 11.9378 107 139 125 0.5125 0.2037 0.2026 0.2059 0.9995 0.0255 -0.0098 -0.0163
19.7641 5.0696 12.0268 193 200 202 0.5392 0.2064 0.2084 0.2095 0.9997 -0.0235 0.0033 -0.0055
-1.4012 -18.8726 12.0000 160 160 170 0.5000 0.2000 0.2000 0.2000 1.0000 0.0000 0.0000 0.0000
-3.3605 12.2549 12.0000 160 160 170 0.5000 0.2000 0.2000 0.2000 1.0000 0.0000 0.0000 0.0000
-10.7091 -7.4328 12.0000 160 160 170 0.5000 0.2000 0.2000 0.2000 1.0000 0.0000 0.0000 0.0000
3.8298 9.3591 12.0000 160 160 170 0.5000 0.2000 0.2000 0.2000 1.0000 0.0000 0.0000 0.0000
-15.8749 11.5428 12.0000 160 160 170 0.5000 0.2000 0.2000 0.2000 1.0000 0.0000 0.0000 0.0000
-19.3985 -4.4621 12.0000 160 160 170 0.5000 0.2000 0.2000 0.2000 1.0000 0.0000 0.0000 0.0000
10.6511 -11.9830 12.0000 160 160 170 0.5000 0.2000 0.2000 0.2000 1.0000 0.0000 0.0000 0.0000
10.7079 -19.7974 11.7396 111 125 119 0.5487 0.2124 0.2110 0.2108 0.9992 0.0316 -0.0194 -0.0156
6.0624 4.3528 11.9553 166 185 145 0.5111 0.2025 0.2063 0.2011 0.9989 -0.0036 -0.0100 -0.0460
-9.1685 0.2879 12.0000 160 160 170 0.5000 0.2000 0.2000 0.2000 1.0000 0.0000 0.0000 0.0000
-17.9865 18.2131 12.0000 160 160 170 0.5000 0.2000 0.2000 0.2000 1.0000 0.0000 0.0000 0.0000
17.9329 -8.5984 12.0000 160 160 170 0.5000 0.2000 0.2000 0.2000 1.0000 0.0000 0.0000 0.0000
1.9848 7.7061 12.0000 160 160 170 0.5000 0.2000 0.2000 0.2000 1.0000 0.0000 0.0000 0.0000
3.9351 14.1322 12.0000 160 160 170 0.5000 0.2000 0.2000 0.2000 1.0000 0.0000 0.0000 0.0000
17.3639 -11.0219 12.0000 160 160 170 0.5000 0.2000 0.2000 0.2000 1.0000 0.0000 0.0000 0.0000
-7.8634 -2.1122 12.0000 160 160 170 0.5000 0.2000 0.2000 0.2000 1.0000 0.0000 0.0000 0.0000
14.9727 18.3508 12.0000 160 160 170 0.5000 0.2000 0.2000 0.2000 1.0000 0.0000 0.0000 0.0000
-13.6333 -4.4053 12.0000 160 160 170 0.5000 0.2000 0.2000 0.2000 1.0000 0.0000 0.0000 0.0000
-12.7775 6.5135 12.0000 160 160 170 0.5000 0.2000 0.2000 0.2000 1.0000 0.0000 0.0000 0.0000
11.3774 -14.5086 12.0000 160 160 170 0.5000 0.2000 0.2000 0.2000 1.0000 0.0000 0.0000 0.0000
9.7995 10.3351 11.8721 169 195 147 0.5278 0.2091 0.2069 0.2063 0.9997 0.0084 0.0062 0.0211
8.7737 -11.4078 12.0000 160 160 170 0.5000 0.2000 0.2000 0.2000 1.0000 0.0000 0.0000 0.0000
-9.0642 2.0507 12.0000 160 160 170 0.5000 0.2000 0.2000 0.2000 1.0000 0.0000 0.0000 0.0000
6.5369 5.4324 11.9047 176 194 169 0.5249 0.2038 0.2037 0.2032 0.9998 -0.0035 -0.0091 -0.0199
-6.9228 13.4332 12.0000 160 160 170 0.5000 0.2000 0.2000 0.2000 1.0000 0.0000 0.0000 0.0000
14.4507 -15.0437 12.0000 160 160 170 0.5000 0.2000 0.2000 0.2000 1.0000 0.0000 0.0000 0.0000
-14.9223 -0.8652 12.0000 160 160 170 0.5000 0.2000 0.2000 0.2000 1.0000 0.0000 0.0000 0.0000
-12.0483 -2.4149 12.0000 160 160 170 0.5000 0.2000 0.2000 0.2000 1.0000 0.0000 0.0000 0.0000
-15.3313 0.1723 12.0000 160 160 170 0.5000 0.2000 0.2000 0.2000 1.0000 0.0000 0.0000 0.0000
6.6005 -1.9220 11.8337 182 199 146 0.5237 0.2043 0.2090 0.2092 0.9987 -0.0363 0.0308 -0.0204
-6.4973 8.3312 12.0000 160 160 170 0.5000 0.2000 0.2000 0.2000 1.0000 0.0000 0.0000 0.0000
12.9241 -11.8249 12.0000 160 160 170 0.5000 0.2000 0.2000 0.2000 1.0000 0.0000 0.0000 0.0000
-5.3057 -14.4076 12.0000 160 160 170 0.5000 0.2000 0.2000 0.2000 1.0000 0.0000 0.0000 0.0000
-14.1438 -12.0745 12.0000 160 160 170 0.5000 0.2000 0.2000 0.2000 1.0000 0.0000 0.0000 0.0000
-10.3629 0.8507 12.0000 160 160 170 0.5000 0.2000 0.2000 0.2000 1.0000 0.0000 0.0000 0.0000
-0.2803 -12.8507 11.7596 224 230 229 0.5631 0.2128 0.2089 0.2092 0.9985 -0.0396 -0.0319 -0.0207
18.7959 -12.6643 12.0000 160 160 170 0.5000 0.2000 0.2000 0.2000 1.0000 0.0000 0.0000 0.0000
-18.9297 -4.9792 12.0000 160 160 170 0.5000 0.2000 0.2000 0.2000 1.0000 0.0000 0.0000 0.0000
-9.4347 -14.5160 12.0000 160 160 170 0.5000 0.2000 0.2000 0.2000 1.0000 0.0000 0.0000 0.0000
1.2518 19.5899 12.0000 160 160 170 0.5000 0.2000 0.2000 0.2000 1.0000 0.0000 0.0000 0.0000
5.7498 6.6278 11.9307 197 208 183 0.5418 0.2094 0.2081 0.2102 0.9998 -0.0148 -0.0053 -0.0091
-4.4089 -15.6630 12.0000 160 160 170 0.5000 0.2000 0.2000 0.2000 1.0000 0.0000 0.0000 0.0000
-11.6998 -12.7334 12.0000 160 160 170 0.5000 0.2000 0.2000 0.2000 1.0000 0.0000 0.0000 0.0000
-15.1677 -16.6072 12.0000 160 160 170 0.5000 0.2000 0.2000 0.2000 1.0000 0.0000 0.0000 0.0000
-7.2286 10.6917 12.0000 160 160 170 0.5000 0.2000 0.2000 0.2000 1.0000 0.0000 0.0000 0.0000
-15.0050 14.6928 12.0000 160 160 170 0.5000 0.2000 0.2000 0.2000 1.0000 0.0000 0.0000 0.0000
5.6290 17.4387 12.0000 160 160 170 0.5000 0.2000 0.2000 0.2000 1.0000 0.0000 0.0000 0.0000
17.8123 -4.0479 12.0000 160 160 170 0.5000 0.2000 0.2000 0.2000 1.0000 0.0000 0.0000 0.0000
12.6458 -16.6046 12.0000 160 160 170 0.5000 0.2000 0.2000 0.2000 1.0000 0.0000 0.0000 0.0000
-4.5946 5.3594 12.0000 160 160 170 0.5000 0.2000 0.2000 0.2000 1.0000 0.0000 0.0000 0.0000
13.0158 -9.8244 12.0000 160 160 170 0.5000 0.2000 0.2000 0.2000 1.0000 0.0000 0.0000 0.0000
-0.9998 15.2631 12.0000 160 160 170 0.5000 0.2000 0.2000 0.2000 1.0000 0.0000 0.0000 0.0000
-6.0907 9.2800 12.0000 160 160 170 0.5000 0.2000 0.2000 0.2000 1.0000 0.0000 0.0000 0.0000
-19.0612 7.3451 12.0000 160 160 170 0.5000 0.2000 0.2000 0.2000 1.0000 0.0000 0.0000 0.0000
-12.6027 -11.9177 12.0000 160 160 170 0.5000 0.2000 0.2000 0.2000 1.0000 0.0000 0.0000 0.0000
-17.6614 1.2432 12.0000 160 160 170 0.5000 0.2000 0.2000 0.2000 1.0000 0.0000 0.0000 0.0000
-10.3230 7.9509 12.0000 160 160 170 0.5000 0.2000 0.2000 0.2000 1.0000 0.0000 0.0000 0.0000
6.3064 -11.2197 12.0000 160 160 170 0.5000 0.2000 0.2000 0.2000 1.0000 0.0000 0.0000 0.0000
18.3631 -4.9186 12.0000 160 160 170 0.5000 0.2000 0.2000 0.2000 1.0000 0.0000 0.0000 0.0000
-17.7177 -12.3353 12.0000 160 160 170 0.5000 0.2000 0.2000 0.2000 1.0000 0.0000 0.0000 0.0000
3.0999 11.5434 12.0000 160 160 170 0.5000 0.2000 0.2000 0.2000 1.0000 0.0000 0.0000 0.0000
16.2109 6.8557 12.0848 193 197 203 0.5322 0.2058 0.2060 0.2059 0.9991 0.0002 0.0311 -0.0285
-15.6848 -8.7181 12.0000 160 160 170 0.5000 0.2000 0.2000 0.2000 1.0000 0.0000 0.0000 0.0000
18.7932 -7.8392 12.0000 160 160 170 0.5000 0.2000 0.2000 0.2000 1.0000 0.0000 0.0000 0.0000
-0.7100 -12.8451 11.8020 215 220 222 0.5531 0.2112 0.2083 0.2072 0.9984 0.0308 -0.0358 -0.0297
3.6612 15.8813 12.0000 160 160 170 0.5000 0.2000 0.2000 0.2000 1.0000 0.0000 0.0000 0.0000
7.8579 9.3366 11.8647 191 206 146 0.5322 0.2076 0.2045 0.2064 0.9985 0.0399 0.0122 0.0356
-2.0358 15.4873 12.0000 160 160 170 0.5000 0.2000 0.2000 0.2000 1.0000 0.0000 0.0000 0.0000
-4.9597 -2.0243 11.8447 195 202 204 0.5395 0.2067 0.2064 0.2071 0.9997 -0.0220 0.0024 0.0075
-3.3905 7.0381 12.0000 160 160 170 0.5000 0.2000 0.2000 0.2000 1.0000 0.0000 0.0000 0.0000
-6.2655 6.5692 12.0000 160 160 170 0.5000 0.2000 0.2000 0.2000 1.0000 0.0000 0.0000 0.0000
-3.9730 -6.4347 11.8970 140 165 154 0.5276 0.2012 0.2079 0.2036 0.9981 0.0193 0.0112 0.0578
19.1523 11.0506 12.1329 193 197 203 0.5360 0.2059 0.2062 0.2052 0.9993 -0.0226 0.0284 0.0099
14.3413 -4.6712 12.0000 160 160 170 0.5000 0.2000 0.2000 0.2000 1.0000 0.0000 0.0000 0.0000
-14.0660 -12.7553 12.0000 160 160 170 0.5000 0.2000 0.2000 0.2000 1.0000 0.0000 0.0000 0.0000
8.2475 -0.3556 12.0000 160 160 170 0.5000 0.2000 0.2000 0.2000 1.0000 0.0000 0.0000 0.0000
-3.8412 -18.0948 12.0000 160 160 170 0.5000 0.2000 0.2000 0.2000 1.0000 0.0000 0.0000 0.0000
-10.7758 -3.5362 12.0000 160 160 170 0.5000 0.2000 0.2000 0.2000 1.0000 0.0000 0.0000 0.0000
-17.5087 -3.6981 12.0000 160 160 170 0.5000 0.2000 0.2000 0.2000 1.0000 0.0000 0.0000 0.0000
-16.0216 14.3240 12.0000 160 160 170 0.5000 0.2000 0.2000 0.2000 1.0000 0.0000 0.0000 0.0000
10.0623 19.0104 12.0000 160 160 170 0.5000 0.2000 0.2000 0.2000 1.0000 0.0000 0.0000 0.0000
0.0724 10.1369 12.0000 160 160 170 0.5000 0.2000 0.2000 0.2000 1.0000 0.0000 0.0000 0.0000
13.0949 -7.0401 12.0000 160 160 170 0.5000 0.2000 0.2000 0.2000 1.0000 0.0000 0.0000 0.0000
8.9384 19.8894 12.0000 160 160 170 0.5000 0.2000 0.2000 0.2000 1.0000 0.0000 0.0000 0.0000
12.5105 -6.4324 12.0000 160 160 170 0.5000 0.2000 0.2000 0.2000 1.0000 0.0000 0.0000 0.0000
-11.5317 17.1160 12.0000 160 160 170 0.5000 0.2000 0.2000 0.2000 1.0000 0.0000 0.0000 0.0000
-15.9053 -11.0671 12.0000 160 160 170 0.5000 0.2000 0.2000 0.2000 1.0000 0.0000 0.0000 0.0000
-17.1466 14.3731 12.0000 160 160 170 0.5000 0.2000 0.2000 0.2000 1.0000 0.0000 0.0000 0.0000
-16.0186 0.9182 12.0000 160 160 170 0.5000 0.2000 0.2000 0.2000 1.0000 0.0000 0.0000 0.0000
20.2089 0.3021 11.7890 221 221 231 0.5531 0.2086 0.2089 0.2085 0.9993 -0.0309 0.0213 0.0034
11.0282 7.4846 12.0993 126 127 138 0.4705 0.2029 0.1941 0.1985 0.9992 -0.0055 -0.0260 0.0313
-2.2671 -18.9408 12.0000 160 160 170 0.5000 0.2000 0.2000 0.2000 1.0000 0.0000 0.0000 0.0000
13.3365 11.6808 11.9176 108 132 105 0.4769 0.2029 0.2021 0.2071 0.9970 -0.0242 0.0622 -0.0383
-6.3441 3.9883 12.0000 160 160 170 0.5000 0.2000 0.2000 0.2000 1.0000 0.0000 0.0000 0.0000
-5.4612 18.2869 12.0000 160 160 170 0.5000 0.2000 0.2000 0.2000 1.0000 0.0000 0.0000 0.0000
-18.1487 6.5907 12.0000 160 160 170 0.5000 0.2000 0.2000 0.2000 1.0000 0.0000 0.0000 0.0000
-17.8115 -8.5515 12.0000 160 160 170 0.5000 0.2000 0.2000 0.2000 1.0000 0.0000 0.0000 0.0000
-12.0990 4.8381 12.0000 160 160 170 0.5000 0.2000 0.2000 0.2000 1.0000 0.0000 0.0000 0.0000
2.8423 -7.0554 12.0000 160 160 170 0.5000 0.2000 0.2000 0.2000 1.0000 0.0000 0.0000 0.0000
0.4014 2.5979 12.0529 120 135 147 0.4861 0.1959 0.1986 0.1983 0.9998 0.0007 0.0162 0.0109
-16.6908 -10.0530 12.0000 160 160 170 0.5000 0.2000 0.2000 0.2000 1.0000 0.0000 0.0000 0.0000
8.5539 -0.3359 12.0000 160 160 170 0.5000 0.2000 0.2000 0.2000 1.0000 0.0000 0.0000 0.0000
-13.6064 9.9735 12.0000 160 160 170 0.5000 0.2000 0.2000 0.2000 1.0000 0.0000 0.0000 0.0000
11.9359 6.7032 12.1300 115 121 125 0.4653 0.1936 0.1946 0.1965 0.9994 0.0295 0.0148 -0.0080
-14.7112 -8.6894 12.0000 160 160 170 0.5000 0.2000 0.2000 0.2000 1.0000 0.0000 0.0000 0.0000
-8.6491 -2.5072 12.0000 160 160 170 0.5000 0.2000 0.2000 0.2000 1.0000 0.0000 0.0000 0.0000
19.3957 -1.0305 12.0000 160 160 170 0.5000 0.2000 0.2000 0.2000 1.0000 0.0000 0.0000 0.0000
-11.2255 17.1332 12.0000 160 160 170 0.5000 0.2000 0.2000 0.2000 1.0000 0.0000 0.0000 0.0000
9.8473 8.0098 11.8942 172 183 181 0.5276 0.2076 0.2062 0.2082 0.9989 0.0157 0.0301 -0.0326
-10.0938 19.2253 12.0000 160 160 170 0.5000 0.2000 0.2000 0.2000 1.0000 0.0000 0.0000 0.0000
-6.2218 -1.0784 12.0000 160 160 170 0.5000 0.2000 0.2000 0.2000 1.0000 0.0000 0.0000 0.0000
-6.2561 -12.4019 12.0000 160 160 170 0.5000 0.2000 0.2000 0.2000 1.0000 0.0000 0.0000 0.0000
9.4969 -9.2315 12.0000 160 160 170 0.5000 0.2000 0.2000 0.2000 1.0000 0.0000 0.0000 0.0000
2.9890 9.5131 12.0000 160 160 170 0.5000 0.2000 0.2000 0.2000 1.0000 0.0000 0.0000 0.0000
2.8291 13.2166 12.0000 160 160 170 0.5000 0.2000 0.2000 0.2000 1.0000 0.0000 0.0000 0.0000
-0.2683 -1.5809 12.0000 160 160 170 0.5000 0.2000 0.2000 0.2000 1.0000 0.0000 0.0000 0.0000
7.9620 6.3098 12.0495 132 161 130 0.4806 0.1992 0.2004 0.2004 0.9999 -0.0037 -0.0122 0.0033
17.3328 6.1474 11.8810 187 202 192 0.5323 0.2062 0.2057 0.2045 0.9986 -0.0204 0.0376 -0.0306
-2.7310 19.4356 12.0000 160 160 170 0.5000 0.2000 0.2000 0.2000 1.0000 0.0000 0.0000 0.0000
-7.5942 4.2396 12.0000 160 160 170 0.5000 0.2000 0.2000 0.2000 1.0000 0.0000 0.0000 0.0000
17.5747 13.1150 12.1174 192 193 201 0.5326 0.2049 0.2049 0.2068 0.9997 -0.0207 -0.0122 -0.0057
-6.6582 17.4532 12.0000 160 160 170 0.5000 0.2000 0.2000 0.2000 1.0000 0.0000 0.0000 0.0000
-10.6860 8.3566 12.0000 160 160 170 0.5000 0.2000 0.2000 0.2000 1.0000 0.0000 0.0000 0.0000
19.2151 17.2355 12.0000 160 160 170 0.5000 0.2000 0.2000 0.2000 1.0000 0.0000 0.0000 0.0000
11.7537 14.0502 12.0985 186 185 186 0.5254 0.2049 0.2044 0.2050 0.9997 -0.0011 -0.0031 0.0255
-16.1166 -0.3671 12.0000 160 160 170 0.5000 0.2000 0.2000 0.2000 1.0000 0.0000 0.0000 0.0000
-11.2225 -4.3804 12.0000 160 160 170 0.5000 0.2000 0.2000 0.2000 1.0000 0.0000 0.0000 0.0000
2.1636 5.1069 11.9347 164 179 171 0.5141 0.1983 0.2050 0.2032 0.9999 0.0027 0.0035 -0.0111
18.9402 -9.6261 12.0000 160 160 170 0.5000 0.2000 0.2000 0.2000 1.0000 0.0000 0.0000 0.0000
1.4339 8.5141 12.0000 160 160 170 0.5000 0.2000 0.2000 0.2000 1.0000 0.0000 0.0000 0.0000
1.6172 -9.2740 12.0000 160 160 170 0.5000 0.2000 0.2000 0.2000 1.0000 0.0000 0.0000 0.0000
-8.1157 9.1450 12.0000 160 160 170 0.5000 0.2000 0.2000 0.2000 1.0000 0.0000 0.0000 0.0000
1.0149 -11.8410 12.0000 160 160 170 0.5000 0.2000 0.2000 0.2000 1.0000 0.0000 0.0000 0.0000
-18.9276 14.7571 12.0000 160 160 170 0.5000 0.2000 0.2000 0.2000 1.0000 0.0000 0.0000 0.0000
18.6328 -15.9827 11.8291 181 199 153 0.5349 0.2066 0.2066 0.2078 0.9998 0.0087 -0.0165 0.0031
-15.8782 -19.8680 12.0000 160 160 170 0.5000 0.2000 0.2000 0.2000 1.0000 0.0000 0.0000 0.0000
19.4760 -15.0884 11.8474 188 197 166 0.5352 0.2044 0.2081 0.2068 0.9994 0.0142 -0.0205 -0.0254
-16.8504 -5.8259 12.0000 160 160 170 0.5000 0.2000 0.2000 0.2000 1.0000 0.0000 0.0000 0.0000
-0.7538 -10.7192 11.6851 236 233 251 0.5740 0.2096 0.2102 0.2131 0.9994 -0.0205 0.0232 -0.0131
14.7884 9.9081 11.8961 160 187 163 0.5211 0.2061 0.1987 0.2053 0.9995 0.0260 0.0039 0.0181
-7.8021 -15.9726 12.0000 160 160 170 0.5000 0.2000 0.2000 0.2000 1.0000 0.0000 0.0000 0.0000
-3.0566 -4.5058 11.9447 161 167 179 0.5109 0.2009 0.2020 0.2025 1.0000 -0.0025 0.0050 0.0013
1.7196 14.3662 12.0000 160 160 170 0.5000 0.2000 0.2000 0.2000 1.0000 0.0000 0.0000 0.0000
13.1042 15.2622 12.0000 160 160 170 0.5000 0.2000 0.2000 0.2000 1.0000 0.0000 0.0000 0.0000
11.1162 -18.1314 12.1278 116 124 116 0.4675 0.1952 0.1967 0.1955 0.9993 -0.0170 -0.0014 0.0347
-6.4040 0.9153 12.0000 160 160 170 0.5000 0.2000 0.2000 0.2000 1.0000 0.0000 0.0000 0.0000
0.7797 -19.3514 12.0000 160 160 170 0.5000 0.2000 0.2000 0.2000 1.0000 0.0000 0.0000 0.0000
-11.2414 -16.9491 12.0000 160 160 170 0.5000 0.2000 0.2000 0.2000 1.0000 0.0000 0.0000 0.0000
3.2929 13.7961 12.0000 160 160 170 0.5000 0.2000 0.2000 0.2000 1.0000 0.0000 0.0000 0.0000
-2.2764 -6.0081 12.0000 160 160 170 0.5000 0.2000 0.2000 0.2000 1.0000 0.0000 0.0000 0.0000
18.2782 16.2545 12.0000 160 160 170 0.5000 0.2000 0.2000 0.2000 1.0000 0.0000 0.0000 0.0000
-4.8485 0.0730 12.0550 175 175 154 0.5138 0.2022 0.2022 0.2022 1.0000 0.0000 0.0000 0.0000
8.5161 6.8532 12.0363 140 146 138 0.4865 0.1997 0.1981 0.2034 0.9991 -0.0213 0.0325 0.0144
7.1097 9.2508 11.8850 146 175 139 0.5173 0.2054 0.2042 0.2044 0.9999 -0.0071 0.0098 0.0040
-10.6954 6.2719 12.0000 160 160 170 0.5000 0.2000 0.2000 0.2000 1.0000 0.0000 0.0000 0.0000
-5.3340 7.5738 12.0000 160 160 170 0.5000 0.2000 0.2000 0.2000 1.0000 0.0000 0.0000 0.0000
2.5549 -2.9258 12.1125 176 178 169 0.5198 0.2046 0.2063 0.2018 0.9969 0.0682 -0.0341 0.0217
-1.6023 -3.5736 12.0000 160 160 170 0.5000 0.2000 0.2000 0.2000 1.0000 0.0000 0.0000 0.0000
6.1383 -18.5681 12.0812 121 129 119 0.4767 0.1973 0.2060 0.2023 0.9975 -0.0150 0.0283 0.0623
10.0119 -3.2341 12.0000 160 160 170 0.5000 0.2000 0.2000 0.2000 1.0000 0.0000 0.0000 0.0000
-16.2959 -12.9161 12.0000 160 160 170 0.5000 0.2000 0.2000 0.2000 1.0000 0.0000 0.0000 0.0000
-4.2255 -11.2853 11.8401 163 188 152 0.5241 0.2054 0.2028 0.2065 0.9997 -0.0154 -0.0080 0.0164
-19.8886 -12.1076 12.0000 160 160 170 0.5000 0.2000 0.2000 0.2000 1.0000 0.0000 0.0000 0.0000
-2.1260 18.8786 12.0000 160 160 170 0.5000 0.2000 0.2000 0.2000 1.0000 0.0000 0.0000 0.0000
-16.3300 -17.0747 12.0000 160 160 170 0.5000 0.2000 0.2000 0.2000 1.0000 0.0000 0.0000 0.0000
7.4874 15.5301 12.0000 160 160 170 0.5000 0.2000 0.2000 0.2000 1.0000 0.0000 0.0000 0.0000
18.8764 16.8501 12.0000 160 160 170 0.5000 0.2000 0.2000 0.2000 1.0000 0.0000 0.0000 0.0000
-5.4981 2.2520 12.0000 160 160 170 0.5000 0.2000 0.2000 0.2000 1.0000 0.0000 0.0000 0.0000
10.8153 -7.3250 12.0000 160 160 170 0.5000 0.2000 0.2000 0.2000 1.0000 0.0000 0.0000 0.0000
2.8196 5.5379 12.0675 161 176 137 0.5277 0.2022 0.2049 0.2069 0.9997 0.0075 0.0094 0.0196
-15.0654 -8.6392 12.0000 160 160 170 0.5000 0.2000 0.2000 0.2000 1.0000 0.0000 0.0000 0.0000
0.0756 4.7588 11.8295 137 168 140 0.5304 0.2079 0.2032 0.2072 0.9995 -0.0043 -0.0024 0.0302
-14.8715 -2.8111 12.0000 160 160 170 0.5000 0.2000 0.2000 0.2000 1.0000 0.0000 0.0000 0.0000
18.6831 14.0979 12.0000 160 160 170 0.5000 0.2000 0.2000 0.2000 1.0000 0.0000 0.0000 0.0000
12.1887 16.7422 12.0000 160 160 170 0.5000 0.2000 0.2000 0.2000 1.0000 0.0000 0.0000 0.0000
-0.5947 -5.1499 12.0000 160 160 170 0.5000 0.2000 0.2000 0.2000 1.0000 0.0000 0.0000 0.0000
11.3369 -17.4757 12.0955 127 135 131 0.4762 0.1987 0.1957 0.1963 0.9993 0.0247 0.0162 -0.0239
-17.0616 6.4511 12.0000 160 160 170 0.5000 0.2000 0.2000 0.2000 1.0000 0.0000 0.0000 0.0000
-3.9466 -9.6326 11.9482 132 145 131 0.5378 0.2057 0.2080 0.2003 0.9996 -0.0044 0.0187 0.0199
12.1771 11.1258 11.8890 127 161 104 0.5018 0.2055 0.2052 0.2067 0.9994 0.0189 0.0263 0.0084
-12.4108 -14.7646 12.0000 160 160 170 0.5000 0.2000 0.2000 0.2000 1.0000 0.0000 0.0000 0.0000
8.3607 2.2059 12.0000 160 160 170 0.5000 0.2000 0.2000 0.2000 1.0000 0.0000 0.0000 0.0000
4.0472 -13.4573 12.0000 160 160 170 0.5000 0.2000 0.2000 0.2000 1.0000 0.0000 0.0000 0.0000
10.4784 -6.9635 12.0000 160 160 170 0.5000 0.2000 0.2000 0.2000 1.0000 0.0000 0.0000 0.0000
7.3509 -18.7456 11.8442 131 166 106 0.5007 0.2052 0.2088 0.2094 0.9981 -0.0386 0.0298 0.0375
-17.2684 -15.6822 12.0000 160 160 170 0.5000 0.2000 0.2000 0.2000 1.0000 0.0000 0.0000 0.0000
12.4997 6.5057 12.1032 119 130 126 0.4693 0.1948 0.1972 0.1985 0.9998 -0.0022 0.0026 -0.0174
-5.7520 16.8875 12.0000 160 160 170 0.5000 0.2000 0.2000 0.2000 1.0000 0.0000 0.0000 0.0000
7.5839 7.3199 11.7983 170 201 148 0.5228 0.2078 0.2073 0.2089 0.9997 -0.0091 -0.0212 -0.0005
-14.8856 3.1934 12.0000 160 160 170 0.5000 0.2000 0.2000 0.2000 1.0000 0.0000 0.0000 0.0000
4.9346 3.5912 11.9564 189 199 163 0.5268 0.2040 0.2054 0.2049 0.9982 -0.0445 0.0179 -0.0370
16.5096 15.7121 12.0000 160 160 170 0.5000 0.2000 0.2000 0.2000 1.0000 0.0000 0.0000 0.0000
13.6013 13.4710 12.0608 142 148 142 0.4997 0.2041 0.2034 0.2010 0.9997 -0.0220 0.0014 0.0112
2.4038 -16.8415 11.8694 143 191 112 0.5122 0.2026 0.2087 0.2059 0.9984 -0.0110 0.0240 0.0509
-5.4262 16.8100 12.0000 160 160 170 0.5000 0.2000 0.2000 0.2000 1.0000 0.0000 0.0000 0.0000
20.0425 8.4894 11.8650 129 163 135 0.5039 0.2031 0.2054 0.2054 0.9991 0.0012 -0.0389 0.0159
-13.5901 4.8571 12.0000 160 160 170 0.5000 0.2000 0.2000 0.2000 1.0000 0.0000 0.0000 0.0000
5.9063 7.8806 11.9830 137 165 137 0.5182 0.2074 0.2089 0.2085 0.9988 -0.0097 -0.0054 -0.0474
-13.6252 -9.4305 12.0000 160 160 170 0.5000 0.2000 0.2000 0.2000 1.0000 0.0000 0.0000 0.0000
-6.2967 15.0862 12.0000 160 160 170 0.5000 0.2000 0.2000 0.2000 1.0000 0.0000 0.0000 0.0000
4.1653 -19.5136 12.0267 191 206 199 0.5395 0.2057 0.2086 0.2075 0.9998 0.0188 -0.0075 -0.0079
-17.8295 -4.4240 12.0000 160 160 170 0.5000 0.2000 0.2000 0.2000 1.0000 0.0000 0.0000 0.0000
-11.0007 -15.7244 12.0000 160 160 170 0.5000 0.2000 0.2000 0.2000 1.0000 0.0000 0.0000 0.0000
-6.4373 0.0416 12.0000 160 160 170 0.5000 0.2000 0.2000 0.2000 1.0000 0.0000 0.0000 0.0000
15.8116 4.3502 11.9674 140 190 101 0.4910 0.1994 0.2048 0.2041 0.9994 0.0027 0.0073 0.0351
-1.2067 -17.7259 12.0000 160 160 170 0.5000 0.2000 0.2000 0.2000 1.0000 0.0000 0.0000 0.0000
-4.7444 -13.8671 12.0000 160 160 170 0.5000 0.2000 0.2000 0.2000 1.0000 0.0000 0.0000 0.0000
3.4045 -4.0972 12.1767 114 118 119 0.4634 0.1987 0.1957 0.1939 0.9981 0.0468 -0.0393 -0.0023
-17.7574 -12.7521 12.0000 160 160 170 0.5000 0.2000 0.2000 0.2000 1.0000 0.0000 0.0000 0.0000
13.6735 -1.2479 12.0000 160 160 170 0.5000 0.2000 0.2000 0.2000 1.0000 0.0000 0.0000 0.0000
8.8616 -18.3819 12.1056 121 135 120 0.4735 0.1957 0.1974 0.1964 0.9996 0.0099 0.0064 0.0248
-19.1970 6.8322 12.0000 160 160 170 0.5000 0.2000 0.2000 0.2000 1.0000 0.0000 0.0000 0.0000
-8.5242 3.7270 12.0000 160 160 170 0.5000 0.2000 0.2000 0.2000 1.0000 0.0000 0.0000 0.0000
-15.7973 4.3873 12.0000 160 160 170 0.5000 0.2000 0.2000 0.2000 1.0000 0.0000 0.0000 0.0000
0.6999 13.1556 12.0000 160 160 170 0.5000 0.2000 0.2000 0.2000 1.0000 0.0000 0.0000 0.0000
-14.9114 -2.6943 12.0000 160 160 170 0.5000 0.2000 0.2000 0.2000 1.0000 0.0000 0.0000 0.0000
-5.5655 15.8680 12.0000 160 160 170 0.5000 0.2000 0.2000 0.2000 1.0000 0.0000 0.0000 0.0000
12.9560 -16.0026 12.0000 160 160 170 0.5000 0.2000 0.2000 0.2000 1.0000 0.0000 0.0000 0.0000
16.2648 18.2283 12.0000 160 160 170 0.5000 0.2000 0.2000 0.2000 1.0000 0.0000 0.0000 0.0000
-10.0898 6.8675 12.0000 160 160 170 0.5000 0.2000 0.2000 0.2000 1.0000 0.0000 0.0000 0.0000
-17.5522 7.3044 12.0000 160 160 170 0.5000 0.2000 0.2000 0.2000 1.0000 0.0000 0.0000 0.0000
7.1450 -8.9706 12.0000 160 160 170 0.5000 0.2000 0.2000 0.2000 1.0000 0.0000 0.0000 0.0000
7.7525 -2.2006 11.8584 200 203 196 0.5378 0.2031 0.1996 0.2050 1.0000 0.0048 0.0005 -0.0002
13.3819 -9.0072 12.0000 160 160 170 0.5000 0.2000 0.2000 0.2000 1.0000 0.0000 0.0000 0.0000
4.5875 -2.1335 11.8832 161 181 126 0.5323 0.2077 0.2071 0.2082 0.9987 0.0062 0.0416 0.0300
12.3864 7.3609 11.8880 132 147 150 0.5169 0.2027 0.1976 0.2051 0.9993 0.0269 -0.0193 0.0145
12.2699 3.4289 12.0000 160 160 170 0.5000 0.2000 0.2000 0.2000 1.0000 0.0000 0.0000 0.0000
6.0579 10.0705 12.0944 157 169 161 0.5254 0.2041 0.2038 0.2052 0.9997 0.0128 -0.0165 0.0120
20.0154 4.1991 11.8363 218 224 204 0.5609 0.2088 0.2100 0.2103 0.9999 -0.0000 -0.0115 0.0103
8.3907 -10.4044 12.0000 160 160 170 0.5000 0.2000 0.2000 0.2000 1.0000 0.0000 0.0000 0.0000
-4.1290 -5.5301 11.8865 98 134 72 0.5239 0.1993 0.2030 0.2052 0.9988 0.0197 0.0149 0.0416
-2.6140 -17.6596 12.0000 160 160 170 0.5000 0.2000 0.2000 0.2000 1.0000 0.0000 0.0000 0.0000
-12.3964 4.5902 12.0000 160 160 170 0.5000 0.2000 0.2000 0.2000 1.0000 0.0000 0.0000 0.0000
3.1479 7.6811 12.0000 160 160 170 0.5000 0.2000 0.2000 0.2000 1.0000 0.0000 0.0000 0.0000
18.8710 -20.1361 11.9899 128 133 130 0.4830 0.2051 0.2041 0.2071 0.9996 -0.0151 0.0056 0.0212
9.0764 -16.9446 12.1097 133 135 141 0.4743 0.1961 0.1964 0.1956 1.0000 -0.0020 0.0001 0.0002
-16.9063 9.5215 12.0000 160 160 170 0.5000 0.2000 0.2000 0.2000 1.0000 0.0000 0.0000 0.0000
-2.2392 -7.5528 12.0945 152 159 158 0.4876 0.1991 0.1988 0.1962 1.0000 -0.0007 -0.0006 0.0000
10.2427 17.6585 12.0000 160 160 170 0.5000 0.2000 0.2000 0.2000 1.0000 0.0000 0.0000 0.0000
-18.3193 4.4198 12.0000 160 160 170 0.5000 0.2000 0.2000 0.2000 1.0000 0.0000 0.0000 0.0000
12.2367 13.2583 12.0355 114 126 133 0.4989 0.2053 0.2015 0.2042 0.9997 0.0034 -0.0059 0.0221
-10.0473 9.7533 12.0000 160 160 170 0.5000 0.2000 0.2000 0.2000 1.0000 0.0000 0.0000 0.0000
-13.4157 -16.3301 12.0000 160 160 170 0.5000 0.2000 0.2000 0.2000 1.0000 0.0000 0.0000 0.0000
5.5348 -1.7284 11.8725 152 188 107 0.5185 0.1998 0.2093 0.2061 0.9975 -0.0459 -0.0108 -0.0535
5.8769 -15.5946 12.0000 160 160 170 0.5000 0.2000 0.2000 0.2000 1.0000 0.0000 0.0000 0.0000
-17.0198 6.1760 12.0000 160 160 170 0.5000 0.2000 0.2000 0.2000 1.0000 0.0000 0.0000 0.0000
0.5243 -16.0389 12.0489 144 162 115 0.5135 0.2063 0.2076 0.2039 0.9999 0.0094 -0.0070 0.0070
8.3136 11.9290 12.0964 165 172 169 0.5280 0.2068 0.2056 0.2064 0.9994 0.0183 -0.0043 -0.0300
9.1409 -8.7219 12.0000 160 160 170 0.5000 0.2000 0.2000 0.2000 1.0000 0.0000 0.0000 0.0000
-14.1457 -0.1264 12.0000 160 160 170 0.5000 0.2000 0.2000 0.2000 1.0000 0.0000 0.0000 0.0000
16.8155 -12.9433 12.0000 160 160 170 0.5000 0.2000 0.2000 0.2000 1.0000 0.0000 0.0000 0.0000
1.2762 -7.5189 12.0000 160 160 170 0.5000 0.2000 0.2000 0.2000 1.0000 0.0000 0.0000 0.0000
13.5694 7.9182 12.0508 184 189 190 0.5264 0.2059 0.2063 0.2048 0.9992 0.0192 0.0301 -0.0161
-6.5368 -3.4128 12.0000 160 160 170 0.5000 0.2000 0.2000 0.2000 1.0000 0.0000 0.0000 0.0000
-3.4166 -17.1639 12.0000 160 160 170 0.5000 0.2000 0.2000 0.2000 1.0000 0.0000 0.0000 0.0000
-0.2001 -6.6684 12.0000 160 160 170 0.5000 0.2000 0.2000 0.2000 1.0000 0.0000 0.0000 0.0000
2.3062 -7.0597 12.0000 160 160 170 0.5000 0.2000 0.2000 0.2000 1.0000 0.0000 0.0000 0.0000
17.1578 10.6326 11.9213 169 202 145 0.5333 0.2084 0.2089 0.2096 0.9999 0.0093 -0.0016 -0.0120
12.2529 -12.7249 12.0000 160 160 170 0.5000 0.2000 0.2000 0.2000 1.0000 0.0000 0.0000 0.0000
-9.8635 3.0490 12.0000 160 160 170 0.5000 0.2000 0.2000 0.2000 1.0000 0.0000 0.0000 0.0000
-15.8615 19.7430 12.0000 160 160 170 0.5000 0.2000 0.2000 0.2000 1.0000 0.0000 0.0000 0.0000
13.7629 3.7996 11.8773 192 212 131 0.5307 0.2037 0.2093 0.2051 0.9991 -0.0288 0.0102 0.0284
12.2436 3.1067 12.0000 160 160 170 0.5000 0.2000 0.2000 0.2000 1.0000 0.0000 0.0000 0.0000
-8.1317 -6.5690 12.0000 160 160 170 0.5000 0.2000 0.2000 0.2000 1.0000 0.0000 0.0000 0.0000
11.2593 16.2665 12.0000 160 160 170 0.5000 0.2000 0.2000 0.2000 1.0000 0.0000 0.0000 0.0000
-13.3799 18.9759 12.0000 160 160 170 0.5000 0.2000 0.2000 0.2000 1.0000 0.0000 0.0000 0.0000
1.4485 -17.6492 11.9249 161 190 171 0.5364 0.2060 0.2019 0.2071 0.9988 -0.0371 -0.0320 -0.0016
-12.5205 5.2580 12.0000 160 160 170 0.5000 0.2000 0.2000 0.2000 1.0000 0.0000 0.0000 0.0000
-5.0159 -17.0508 12.0000 160 160 170 0.5000 0.2000 0.2000 0.2000 1.0000 0.0000 0.0000 0.0000
9.3608 -19.8415 11.7853 180 203 173 0.5558 0.2117 0.2108 0.2096 0.9987 0.0382 -0.0244 -0.0233
-7.6436 14.7263 12.0000 160 160 170 0.5000 0.2000 0.2000 0.2000 1.0000 0.0000 0.0000 0.0000
-14.0894 14.7445 12.0000 160 160 170 0.5000 0.2000 0.2000 0.2000 1.0000 0.0000 0.0000 0.0000
9.4864 -19.0860 11.8325 132 155 125 0.4916 0.2011 0.2055 0.2105 0.9981 -0.0255 0.0151 0.0540
1.2692 6.0387 11.8559 176 198 168 0.5225 0.2052 0.2068 0.2063 0.9987 -0.0386 0.0244 -0.0209
-12.3186 19.6569 12.0000 160 160 170 0.5000 0.2000 0.2000 0.2000 1.0000 0.0000 0.0000 0.0000
-14.2911 5.4578 12.0000 160 160 170 0.5000 0.2000 0.2000 0.2000 1.0000 0.0000 0.0000 0.0000
-10.0121 -10.4268 12.0000 160 160 170 0.5000 0.2000 0.2000 0.2000 1.0000 0.0000 0.0000 0.0000
-5.9205 -14.9451 12.0000 160 160 170 0.5000 0.2000 0.2000 0.2000 1.0000 0.0000 0.0000 0.0000
-19.1284 -18.7097 12.0000 160 160 170 0.5000 0.2000 0.2000 0.2000 1.0000 0.0000 0.0000 0.0000
7.3829 11.6606 12.1061 161 169 169 0.5185 0.2027 0.2049 0.2049 0.9993 -0.0011 0.0325 0.0206
-3.4193 -7.9511 11.7132 205 222 179 0.5706 0.2095 0.2138 0.2117 0.9992 -0.0032 0.0328 -0.0231
-8.9115 10.5618 12.0000 160 160 170 0.5000 0.2000 0.2000 0.2000 1.0000 0.0000 0.0000 0.0000
-5.2355 10.4410 12.0000 160 160 170 0.5000 0.2000 0.2000 0.2000 1.0000 0.0000 0.0000 0.0000
-11.0119 -3.8138 12.0000 160 160 170 0.5000 0.2000 0.2000 0.2000 1.0000 0.0000 0.0000 0.0000
-10.7281 -2.6686 12.0000 160 160 170 0.5000 0.2000 0.2000 0.2000 1.0000 0.0000 0.0000 0.0000
4.0149 5.6831 12.0436 129 143 143 0.4844 0.2022 0.2024 0.2014 0.9997 -0.0159 -0.0046 0.0174
7.7050 -11.6138 12.0000 160 160 170 0.5000 0.2000 0.2000 0.2000 1.0000 0.0000 0.0000 0.0000
18.6436 -6.3619 12.0000 160 160 170 0.5000 0.2000 0.2000 0.2000 1.0000 0.0000 0.0000 0.0000
17.3890 -16.2744 12.0419 126 152 115 0.4882 0.1987 0.1971 0.1985 0.9999 0.0016 0.0004 -0.0137
15.9319 -4.8641 12.0000 160 160 170 0.5000 0.2000 0.2000 0.2000 1.0000 0.0000 0.0000 0.0000
12.1174 7.1776 11.9417 117 121 127 0.4755 0.1965 0.1944 0.2034 0.9993 0.0337 -0.0012 0.0184
-19.1248 -7.6125 12.0000 160 160 170 0.5000 0.2000 0.2000 0.2000 1.0000 0.0000 0.0000 0.0000
-14.9910 5.0159 12.0000 160 160 170 0.5000 0.2000 0.2000 0.2000 1.0000 0.0000 0.0000 0.0000
17.3586 3.7574 12.0634 140 164 121 0.4828 0.1974 0.2026 0.1978 0.9996 -0.0181 -0.0186 0.0122
-17.9332 6.1440 12.0000 160 160 170 0.5000 0.2000 0.2000 0.2000 1.0000 0.0000 0.0000 0.0000
-16.1286 8.7506 12.0000 160 160 170 0.5000 0.2000 0.2000 0.2000 1.0000 0.0000 0.0000 0.0000
0.4291 17.1669 12.0000 160 160 170 0.5000 0.2000 0.2000 0.2000 1.0000 0.0000 0.0000 0.0000
-18.3738 12.0808 12.0000 160 160 170 0.5000 0.2000 0.2000 0.2000 1.0000 0.0000 0.0000 0.0000
9.5951 15.2797 12.0000 160 160 170 0.5000 0.2000 0.2000 0.2000 1.0000 0.0000 0.0000 0.0000
14.8912 -1.1796 12.0000 160 160 170 0.5000 0.2000 0.2000 0.2000 1.0000 0.0000 0.0000 0.0000
-4.5947 6.8291 12.0000 160 160 170 0.5000 0.2000 0.2000 0.2000 1.0000 0.0000 0.0000 0.0000
8.2989 11.1432 12.1464 154 192 141 0.5286 0.2073 0.2060 0.2050 0.9998 -0.0018 0.0149 -0.0090
-17.4907 -16.2837 12.0000 160 160 170 0.5000 0.2000 0.2000 0.2000 1.0000 0.0000 0.0000 0.0000
-5.6968 -0.4711 12.0000 160 160 170 0.5000 0.2000 0.2000 0.2000 1.0000 0.0000 0.0000 0.0000
8.7560 -1.5710 12.0000 160 160 170 0.5000 0.2000 0.2000 0.2000 1.0000 0.0000 0.0000 0.0000
-14.8643 -19.7279 12.0000 160 160 170 0.5000 0.2000 0.2000 0.2000 1.0000 0.0000 0.0000 0.0000
-13.3539 2.4237 12.0000 160 160 170 0.5000 0.2000 0.2000 0.2000 1.0000 0.0000 0.0000 0.0000
-12.3465 16.8470 12.0000 160 160 170 0.5000 0.2000 0.2000 0.2000 1.0000 0.0000 0.0000 0.0000
-8.6048 11.1176 12.0000 160 160 170 0.5000 0.2000 0.2000 0.2000 1.0000 0.0000 0.0000 0.0000
-4.9853 -19.7794 12.0000 160 160 170 0.5000 0.2000 0.2000 0.2000 1.0000 0.0000 0.0000 0.0000
-16.7385 19.7366 12.0000 160 160 170 0.5000 0.2000 0.2000 0.2000 1.0000 0.0000 0.0000 0.0000
-18.2697 12.2848 12.0000 160 160 170 0.5000 0.2000 0.2000 0.2000 1.0000 0.0000 0.0000 0.0000
2.8914 -2.9597 12.1375 161 162 163 0.5172 0.2047 0.2058 0.2007 0.9977 0.0511 -0.0264 0.0367
-6.3763 6.6361 12.0000 160 160 170 0.5000 0.2000 0.2000 0.2000 1.0000 0.0000 0.0000 0.0000
-3.4342 -10.6214 11.9053 129 171 113 0.5292 0.2039 0.2063 0.2034 0.9996 0.0053 0.0174 0.0227
8.3118 16.7198 12.0000 160 160 170 0.5000 0.2000 0.2000 0.2000 1.0000 0.0000 0.0000 0.0000
18.8444 -5.4925 12.0000 160 160 170 0.5000 0.2000 0.2000 0.2000 1.0000 0.0000 0.0000 0.0000
-18.7428 19.2979 12.0000 160 160 170 0.5000 0.2000 0.2000 0.2000 1.0000 0.0000 0.0000 0.0000
-0.6214 8.0015 12.0000 160 160 170 0.5000 0.2000 0.2000 0.2000 1.0000 0.0000 0.0000 0.0000
-13.0485 10.2136 12.0000 160 160 170 0.5000 0.2000 0.2000 0.2000 1.0000 0.0000 0.0000 0.0000
11.2444 4.1532 12.1016 140 162 149 0.4775 0.1965 0.1966 0.1962 1.0000 0.0025 -0.0001 0.0001
-9.4461 -18.3324 12.0000 160 160 170 0.5000 0.2000 0.2000 0.2000 1.0000 0.0000 0.0000 0.0000
2.1669 5.7951 11.9368 149 180 142 0.5063 0.2023 0.2061 0.2054 0.9995 -0.0031 0.0054 -0.0297
-10.7287 -0.8461 12.0000 160 160 170 0.5000 0.2000 0.2000 0.2000 1.0000 0.0000 0.0000 0.0000
7.0578 -15.8372 12.0000 160 160 170 0.5000 0.2000 0.2000 0.2000 1.0000 0.0000 0.0000 0.0000
3.5502 -13.1895 12.0000 160 160 170 0.5000 0.2000 0.2000 0.2000 1.0000 0.0000 0.0000 0.0000
-0.1458 19.3041 12.0000 160 160 170 0.5000 0.2000 0.2000 0.2000 1.0000 0.0000 0.0000 0.0000
-13.2648 4.9391 12.0000 160 160 170 0.5000 0.2000 0.2000 0.2000 1.0000 0.0000 0.0000 0.0000
-16.3863 -2.3529 12.0000 160 160 170 0.5000 0.2000 0.2000 0.2000 1.0000 0.0000 0.0000 0.0000
-14.4303 -10.8890 12.0000 160 160 170 0.5000 0.2000 0.2000 0.2000 1.0000 0.0000 0.0000 0.0000
7.4930 -12.9746 12.0000 160 160 170 0.5000 0.2000 0.2000 0.2000 1.0000 0.0000 0.0000 0.0000
13.9416 7.0966 11.8831 121 147 125 0.4826 0.2029 0.2035 0.2045 0.9998 0.0208 0.0007 0.0039
1.3521 17.5594 12.0000 160 160 170 0.5000 0.2000 0.2000 0.2000 1.0000 0.0000 0.0000 0.0000
10.7743 -8.4805 12.0000 160 160 170 0.5000 0.2000 0.2000 0.2000 1.0000 0.0000 0.0000 0.0000
7.1221 14.9247 12.0000 160 160 170 0.5000 0.2000 0.2000 0.2000 1.0000 0.0000 0.0000 0.0000
-0.6504 0.2908 12.0774 148 148 158 0.4849 0.1974 0.1991 0.1969 1.0000 0.0001 0.0000 0.0000
3.9559 -10.9849 12.0000 160 160 170 0.5000 0.2000 0.2000 0.2000 1.0000 0.0000 0.0000 0.0000
-0.6689 -8.4846 12.0000 160 160 170 0.5000 0.2000 0.2000 0.2000 1.0000 0.0000 0.0000 0.0000
-17.6862 19.6636 12.0000 160 160 170 0.5000 0.2000 0.2000 0.2000 1.0000 0.0000 0.0000 0.0000
15.7171 4.9851 11.8622 177 199 120 0.5206 0.2050 0.2061 0.2065 0.9985 -0.0145 -0.0411 0.0346
-17.7941 8.7703 12.0000 160 160 170 0.5000 0.2000 0.2000 0.2000 1.0000 0.0000 0.0000 0.0000
-0.9493 2.6384 12.0964 125 139 124 0.4743 0.1948 0.2013 0.1972 0.9992 -0.0068 -0.0018 0.0397
-8.3886 -16.2195 12.0000 160 160 170 0.5000 0.2000 0.2000 0.2000 1.0000 0.0000 0.0000 0.0000
-19.8804 8.3247 12.0000 160 160 170 0.5000 0.2000 0.2000 0.2000 1.0000 0.0000 0.0000 0.0000
5.9097 16.6766 12.0000 160 160 170 0.5000 0.2000 0.2000 0.2000 1.0000 0.0000 0.0000 0.0000
-4.3126 15.8503 12.0000 160 160 170 0.5000 0.2000 0.2000 0.2000 1.0000 0.0000 0.0000 0.0000
-8.2430 -17.5665 12.0000 160 160 170 0.5000 0.2000 0.2000 0.2000 1.0000 0.0000 0.0000 0.0000
-4.4445 -7.8832 11.7595 199 218 173 0.5575 0.2045 0.2116 0.2103 0.9962 0.0126 0.0723 -0.0476
10.4981 0.4432 12.0000 160 160 170 0.5000 0.2000 0.2000 0.2000 1.0000 0.0000 0.0000 0.0000
-0.5823 9.4792 12.0000 160 160 170 0.5000 0.2000 0.2000 0.2000 1.0000 0.0000 0.0000 0.0000
4.1782 9.1375 12.0000 160 160 170 0.5000 0.2000 0.2000 0.2000 1.0000 0.0000 0.0000 0.0000
1.3307 -8.9519 12.0000 160 160 170 0.5000 0.2000 0.2000 0.2000 1.0000 0.0000 0.0000 0.0000
3.8329 -14.8904 12.0218 154 154 168 0.4932 0.1984 0.2023 0.1994 1.0000 -0.0008 -0.0041 0.0002
3.8169 11.5215 12.0000 160 160 170 0.5000 0.2000 0.2000 0.2000 1.0000 0.0000 0.0000 0.0000
-18.3754 19.5073 12.0000 160 160 170 0.5000 0.2000 0.2000 0.2000 1.0000 0.0000 0.0000 0.0000
-1.7641 -6.3544 12.0000 160 160 170 0.5000 0.2000 0.2000 0.2000 1.0000 0.0000 0.0000 0.0000
-17.6980 18.6198 12.0000 160 160 170 0.5000 0.2000 0.2000 0.2000 1.0000 0.0000 0.0000 0.0000
4.6201 19.0228 12.0000 160 160 170 0.5000 0.2000 0.2000 0.2000 1.0000 0.0000 0.0000 0.0000
-10.2483 -0.2426 12.0000 160 160 170 0.5000 0.2000 0.2000 0.2000 1.0000 0.0000 0.0000 0.0000
-1.5993 -19.4433 12.0000 160 160 170 0.5000 0.2000 0.2000 0.2000 1.0000 0.0000 0.0000 0.0000
18.5727 -5.4639 12.0000 160 160 170 0.5000 0.2000 0.2000 0.2000 1.0000 0.0000 0.0000 0.0000
-13.5483 -2.6004 12.0000 160 160 170 0.5000 0.2000 0.2000 0.2000 1.0000 0.0000 0.0000 0.0000
6.4649 18.9479 12.0000 160 160 170 0.5000 0.2000 0.2000 0.2000 1.0000 0.0000 0.0000 0.0000
-18.9683 -6.7249 12.0000 160 160 170 0.5000 0.2000 0.2000 0.2000 1.0000 0.0000 0.0000 0.0000
7.4173 2.1031 11.8035 219 226 203 0.5494 0.2078 0.2085 0.2078 0.9998 -0.0075 0.0181 0.0094
-7.9185 14.5942 12.0000 160 160 170 0.5000 0.2000 0.2000 0.2000 1.0000 0.0000 0.0000 0.0000
-18.2398 -6.8403 12.0000 160 160 170 0.5000 0.2000 0.2000 0.2000 1.0000 0.0000 0.0000 0.0000
-14.8131 -13.5217 12.0000 160 160 170 0.5000 0.2000 0.2000 0.2000 1.0000 0.0000 0.0000 0.0000
5.3565 -5.8857 12.0000 160 160 170 0.5000 0.2000 0.2000 0.2000 1.0000 0.0000 0.0000 0.0000
18.5654 -12.1255 12.0000 160 160 170 0.5000 0.2000 0.2000 0.2000 1.0000 0.0000 0.0000 0.0000
11.9758 -13.9353 12.0000 160 160 170 0.5000 0.2000 0.2000 0.2000 1.0000 0.0000 0.0000 0.0000
-16.9405 -7.4101 12.0000 160 160 170 0.5000 0.2000 0.2000 0.2000 1.0000 0.0000 0.0000 0.0000
7.7627 13.4639 12.0000 160 160 170 0.5000 0.2000 0.2000 0.2000 1.0000 0.0000 0.0000 0.0000
19.2400 15.4122 12.0000 160 160 170 0.5000 0.2000 0.2000 0.2000 1.0000 0.0000 0.0000 0.0000
11.7206 7.7294 11.8926 121 122 130 0.4681 0.2005 0.2016 0.2040 0.9995 0.0071 -0.0272 0.0131
15.3804 -2.2213 12.0000 160 160 170 0.5000 0.2000 0.2000 0.2000 1.0000 0.0000 0.0000 0.0000
-4.6866 -19.7413 12.0000 160 160 170 0.5000 0.2000 0.2000 0.2000 1.0000 0.0000 0.0000 0.0000
-3.4777 3.8051 12.0000 160 160 170 0.5000 0.2000 0.2000 0.2000 1.0000 0.0000 0.0000 0.0000
-6.8546 -19.5015 12.0000 160 160 170 0.5000 0.2000 0.2000 0.2000 1.0000 0.0000 0.0000 0.0000
0.4690 -7.3250 12.0000 160 160 170 0.5000 0.2000 0.2000 0.2000 1.0000 0.0000 0.0000 0.0000
-9.6977 7.7177 12.0000 160 160 170 0.5000 0.2000 0.2000 0.2000 1.0000 0.0000 0.0000 0.0000
15.8241 -14.7468 12.0000 160 160 170 0.5000 0.2000 0.2000 0.2000 1.0000 0.0000 0.0000 0.0000
16.4451 19.8760 12.0000 160 160 170 0.5000 0.2000 0.2000 0.2000 1.0000 0.0000 0.0000 0.0000
-3.2128 6.0008 12.0000 160 160 170 0.5000 0.2000 0.2000 0.2000 1.0000 0.0000 0.0000 0.0000
15.7898 -1.5006 12.0000 160 160 170 0.5000 0.2000 0.2000 0.2000 1.0000 0.0000 0.0000 0.0000
-15.9744 -14.9282 12.0000 160 160 170 0.5000 0.2000 0.2000 0.2000 1.0000 0.0000 0.0000 0.0000
1.1745 -9.0269 12.0000 160 160 170 0.5000 0.2000 0.2000 0.2000 1.0000 0.0000 0.0000 0.0000
0.0702 -6.3144 12.0000 160 160 170 0.5000 0.2000 0.2000 0.2000 1.0000 0.0000 0.0000 0.0000
18.2511 -5.9306 12.0000 160 160 170 0.5000 0.2000 0.2000 0.2000 1.0000 0.0000 0.0000 0.0000
-1.0790 -14.6745 12.0842 124 148 125 0.4941 0.2005 0.2048 0.1994 0.9998 0.0119 0.0057 0.0146
-5.7946 12.8054 12.0000 160 160 170 0.5000 0.2000 0.2000 0.2000 1.0000 0.0000 0.0000 0.0000
-18.3686 13.0941 12.0000 160 160 170 0.5000 0.2000 0.2000 0.2000 1.0000 0.0000 0.0000 0.0000
-3.0497 -18.1540 12.0000 160 160 170 0.5000 0.2000 0.2000 0.2000 1.0000 0.0000 0.0000 0.0000
-1.7332 6.2927 12.0000 160 160 170 0.5000 0.2000 0.2000 0.2000 1.0000 0.0000 0.0000 0.0000
-14.8750 -10.8136 12.0000 160 160 170 0.5000 0.2000 0.2000 0.2000 1.0000 0.0000 0.0000 0.0000
-17.1754 18.3325 12.0000 160 160 170 0.5000 0.2000 0.2000 0.2000 1.0000 0.0000 0.0000 0.0000
-5.6808 -14.2709 12.0000 160 160 170 0.5000 0.2000 0.2000 0.2000 1.0000 0.0000 0.0000 0.0000
1.0768 -4.0735 12.0000 160 160 170 0.5000 0.2000 0.2000 0.2000 1.0000 0.0000 0.0000 0.0000
13.4724 -3.7762 12.0000 160 160 170 0.5000 0.2000 0.2000 0.2000 1.0000 0.0000 0.0000 0.0000
6.3364 2.5991 12.0037 161 189 121 0.4990 0.1968 0.2050 0.2008 0.9980 -0.0367 -0.0255 -0.0447
-8.7295 -5.8599 12.0000 160 160 170 0.5000 0.2000 0.2000 0.2000 1.0000 0.0000 0.0000 0.0000
2.7830 15.5874 12.0000 160 160 170 0.5000 0.2000 0.2000 0.2000 1.0000 0.0000 0.0000 0.0000
10.6383 5.1516 12.1339 118 148 135 0.4663 0.1949 0.1959 0.1949 1.0000 0.0044 0.0001 0.0013
10.8687 14.8743 12.0000 160 160 170 0.5000 0.2000 0.2000 0.2000 1.0000 0.0000 0.0000 0.0000
19.8285 6.1586 11.8519 174 190 160 0.5288 0.2047 0.2068 0.2070 0.9997 0.0047 -0.0248 0.0005
-1.3691 6.7268 12.0000 160 160 170 0.5000 0.2000 0.2000 0.2000 1.0000 0.0000 0.0000 0.0000
6.6615 3.4485 11.8960 191 203 170 0.5266 0.2014 0.2053 0.2041 0.9992 -0.0093 0.0246 -0.0311
7.4916 2.3506 11.7525 230 240 195 0.5614 0.2074 0.2097 0.2100 0.9996 -0.0025 0.0244 -0.0110
-16.2280 12.2303 12.0000 160 160 170 0.5000 0.2000 0.2000 0.2000 1.0000 0.0000 0.0000 0.0000
-14.5263 13.6929 12.0000 160 160 170 0.5000 0.2000 0.2000 0.2000 1.0000 0.0000 0.0000 0.0000
-2.6719 10.9022 12.0000 160 160 170 0.5000 0.2000 0.2000 0.2000 1.0000 0.0000 0.0000 0.0000
11.5152 7.0939 12.1503 115 116 126 0.4621 0.1945 0.1932 0.1947 0.9997 -0.0084 0.0129 0.0178
1.8743 -9.3743 12.0000 160 160 170 0.5000 0.2000 0.2000 0.2000 1.0000 0.0000 0.0000 0.0000
16.1476 2.4008 12.1138 132 142 136 0.4743 0.1962 0.1959 0.1955 1.0000 0.0037 -0.0008 0.0002
16.6216 -12.7985 12.0000 160 160 170 0.5000 0.2000 0.2000 0.2000 1.0000 0.0000 0.0000 0.0000
4.7749 15.2739 12.0000 160 160 170 0.5000 0.2000 0.2000 0.2000 1.0000 0.0000 0.0000 0.0000
-12.5057 -11.8662 12.0000 160 160 170 0.5000 0.2000 0.2000 0.2000 1.0000 0.0000 0.0000 0.0000
18.4482 -4.1480 12.0000 160 160 170 0.5000 0.2000 0.2000 0.2000 1.0000 0.0000 0.0000 0.0000
13.1549 18.0268 12.0000 160 160 170 0.5000 0.2000 0.2000 0.2000 1.0000 0.0000 0.0000 0.0000
-16.8202 13.6641 12.0000 160 160 170 0.5000 0.2000 0.2000 0.2000 1.0000 0.0000 0.0000 0.0000
6.5912 8.7631 11.9820 123 137 126 0.4710 0.2012 0.2022 0.2029 0.9998 -0.0084 -0.0007 -0.0167
-7.1218 -14.6301 12.0000 160 160 170 0.5000 0.2000 0.2000 0.2000 1.0000 0.0000 0.0000 0.0000
-9.3341 14.1769 12.0000 160 160 170 0.5000 0.2000 0.2000 0.2000 1.0000 0.0000 0.0000 0.0000
-5.4942 -3.5712 11.8807 89 106 110 0.5281 0.2029 0.2033 0.2050 0.9993 0.0315 -0.0164 -0.0139
-16.5401 -11.0787 12.0000 160 160 170 0.5000 0.2000 0.2000 0.2000 1.0000 0.0000 0.0000 0.0000
-9.2105 -19.6043 12.0000 160 160 170 0.5000 0.2000 0.2000 0.2000 1.0000 0.0000 0.0000 0.0000
-12.6769 3.6788 12.0000 160 160 170 0.5000 0.2000 0.2000 0.2000 1.0000 0.0000 0.0000 0.0000
9.1122 12.5272 12.0439 175 185 181 0.5297 0.2067 0.2068 0.2071 0.9995 0.0094 -0.0260 0.0178
12.1604 17.7460 12.0000 160 160 170 0.5000 0.2000 0.2000 0.2000 1.0000 0.0000 0.0000 0.0000
1.6093 8.6364 12.0000 160 160 170 0.5000 0.2000 0.2000 0.2000 1.0000 0.0000 0.0000 0.0000
-11.6531 -3.7487 12.0000 160 160 170 0.5000 0.2000 0.2000 0.2000 1.0000 0.0000 0.0000 0.0000
-4.7801 -6.6202 11.8361 155 178 143 0.5368 0.2040 0.2091 0.2082 0.9969 -0.0316 -0.0018 0.0714
-12.3262 -7.5129 12.0000 160 160 170 0.5000 0.2000 0.2000 0.2000 1.0000 0.0000 0.0000 0.0000
14.6539 13.0010 12.0792 180 203 181 0.5342 0.2065 0.2069 0.2032 0.9993 -0.0135 0.0349 0.0062
6.3675 -14.2559 12.0000 160 160 170 0.5000 0.2000 0.2000 0.2000 1.0000 0.0000 0.0000 0.0000
-4.3861 -2.9367 11.9974 151 167 152 0.5081 0.2018 0.2037 0.2004 0.9990 -0.0388 0.0022 -0.0222
-16.6195 7.1146 12.0000 160 160 170 0.5000 0.2000 0.2000 0.2000 1.0000 0.0000 0.0000 0.0000
-19.6946 4.0299 12.0000 160 160 170 0.5000 0.2000 0.2000 0.2000 1.0000 0.0000 0.0000 0.0000
0.0197 15.7530 12.0000 160 160 170 0.5000 0.2000 0.2000 0.2000 1.0000 0.0000 0.0000 0.0000
7.1518 -18.2539 11.9942 140 169 122 0.4894 0.2001 0.2051 0.2041 0.9974 -0.0215 0.0542 0.0423
13.2542 5.1741 11.9400 173 200 154 0.5132 0.2004 0.2042 0.2030 0.9996 0.0189 -0.0150 0.0116
5.0568 13.6962 12.0000 160 160 170 0.5000 0.2000 0.2000 0.2000 1.0000 0.0000 0.0000 0.0000
-9.8515 -14.2853 12.0000 160 160 170 0.5000 0.2000 0.2000 0.2000 1.0000 0.0000 0.0000 0.0000
16.1479 17.5976 12.0000 160 160 170 0.5000 0.2000 0.2000 0.2000 1.0000 0.0000 0.0000 0.0000
-17.8012 13.2333 12.0000 160 160 170 0.5000 0.2000 0.2000 0.2000 1.0000 0.0000 0.0000 0.0000
-1.8518 6.4157 12.0000 160 160 170 0.5000 0.2000 0.2000 0.2000 1.0000 0.0000 0.0000 0.0000
-15.3527 5.2686 12.0000 160 160 170 0.5000 0.2000 0.2000 0.2000 1.0000 0.0000 0.0000 0.0000
16.3256 6.2924 11.8956 188 204 193 0.5343 0.2066 0.2084 0.2080 0.9999 -0.0147 -0.0035 0.0019
-2.2081 4.1113 11.9112 122 131 130 0.5232 0.2061 0.2048 0.2049 0.9998 0.0089 0.0154 0.0089
11.0374 -7.5285 12.0000 160 160 170 0.5000 0.2000 0.2000 0.2000 1.0000 0.0000 0.0000 0.0000
-15.7571 19.2927 12.0000 160 160 170 0.5000 0.2000 0.2000 0.2000 1.0000 0.0000 0.0000 0.0000
10.5387 -5.7802 12.0000 160 160 170 0.5000 0.2000 0.2000 0.2000 1.0000 0.0000 0.0000 0.0000
10.0572 -10.6937 12.0000 160 160 170 0.5000 0.2000 0.2000 0.2000 1.0000 0.0000 0.0000 0.0000
6.0181 -0.5863 11.8459 181 202 140 0.5273 0.2037 0.2097 0.2078 0.9991 0.0141 0.0139 -0.0363
17.4207 -9.9204 12.0000 160 160 170 0.5000 0.2000 0.2000 0.2000 1.0000 0.0000 0.0000 0.0000
-13.3875 -15.3493 12.0000 160 160 170 0.5000 0.2000 0.2000 0.2000 1.0000 0.0000 0.0000 0.0000
-10.8728 -1.7658 12.0000 160 160 170 0.5000 0.2000 0.2000 0.2000 1.0000 0.0000 0.0000 0.0000
10.2199 -19.6720 11.7017 147 180 136 0.5397 0.2103 0.2102 0.2120 0.9986 -0.0355 0.0369 0.0119
16.8920 -19.5067 12.0417 166 200 162 0.5316 0.2089 0.2081 0.2066 0.9994 0.0158 -0.0318 0.0038
15.7080 -5.9540 12.0000 160 160 170 0.5000 0.2000 0.2000 0.2000 1.0000 0.0000 0.0000 0.0000
10.3070 -1.9576 12.0000 160 160 170 0.5000 0.2000 0.2000 0.2000 1.0000 0.0000 0.0000 0.0000
6.4013 12.4679 12.0000 160 160 170 0.5000 0.2000 0.2000 0.2000 1.0000 0.0000 0.0000 0.0000
-19.0115 15.8100 12.0000 160 160 170 0.5000 0.2000 0.2000 0.2000 1.0000 0.0000 0.0000 0.0000
0.3350 13.1563 12.0000 160 160 170 0.5000 0.2000 0.2000 0.2000 1.0000 0.0000 0.0000 0.0000
4.1775 5.6520 12.0490 132 150 138 0.4897 0.2035 0.2029 0.2018 0.9998 -0.0176 0.0118 -0.0029
-15.6672 -13.5984 12.0000 160 160 170 0.5000 0.2000 0.2000 0.2000 1.0000 0.0000 0.0000 0.0000
8.3562 19.6403 12.0000 160 160 170 0.5000 0.2000 0.2000 0.2000 1.0000 0.0000 0.0000 0.0000
-13.0602 -3.1914 12.0000 160 160 170 0.5000 0.2000 0.2000 0.2000 1.0000 0.0000 0.0000 0.0000
19.9511 -6.3153 12.0000 160 160 170 0.5000 0.2000 0.2000 0.2000 1.0000 0.0000 0.0000 0.0000
-12.3347 -16.8093 12.0000 160 160 170 0.5000 0.2000 0.2000 0.2000 1.0000 0.0000 0.0000 0.0000
-16.8237 16.5800 12.0000 160 160 170 0.5000 0.2000 0.2000 0.2000 1.0000 0.0000 0.0000 0.0000
9.7259 -9.5384 12.0000 160 160 170 0.5000 0.2000 0.2000 0.2000 1.0000 0.0000 0.0000 0.0000
-11.0932 -9.8595 12.0000 160 160 170 0.5000 0.2000 0.2000 0.2000 1.0000 0.0000 0.0000 0.0000
10.8457 -14.4459 12.0000 160 160 170 0.5000 0.2000 0.2000 0.2000 1.0000 0.0000 0.0000 0.0000
13.4666 -12.4859 12.0000 160 160 170 0.5000 0.2000 0.2000 0.2000 1.0000 0.0000 0.0000 0.0000
-12.0326 16.7602 12.0000 160 160 170 0.5000 0.2000 0.2000 0.2000 1.0000 0.0000 0.0000 0.0000
6.7602 -9.0213 12.0000 160 160 170 0.5000 0.2000 0.2000 0.2000 1.0000 0.0000 0.0000 0.0000
-8.3753 5.5366 12.0000 160 160 170 0.5000 0.2000 0.2000 0.2000 1.0000 0.0000 0.0000 0.0000
-9.2211 8.8465 12.0000 160 160 170 0.5000 0.2000 0.2000 0.2000 1.0000 0.0000 0.0000 0.0000
7.9606 -15.0362 12.0000 160 160 170 0.5000 0.2000 0.2000 0.2000 1.0000 0.0000 0.0000 0.0000
-8.0884 16.1807 12.0000 160 160 170 0.5000 0.2000 0.2000 0.2000 1.0000 0.0000 0.0000 0.0000
-9.6993 11.1786 12.0000 160 160 170 0.5000 0.2000 0.2000 0.2000 1.0000 0.0000 0.0000 0.0000
8.3118 15.0031 12.0000 160 160 170 0.5000 0.2000 0.2000 0.2000 1.0000 0.0000 0.0000 0.0000
3.2336 -18.2955 11.8075 111 119 118 0.5111 0.2031 0.2081 0.2083 0.9982 -0.0317 0.0131 0.0498
4.3231 -1.2687 11.9048 182 209 160 0.5354 0.2085 0.2097 0.2090 0.9998 -0.0133 0.0014 -0.0166
17.8280 -12.6770 12.0000 160 160 170 0.5000 0.2000 0.2000 0.2000 1.0000 0.0000 0.0000 0.0000
15.5489 18.9101 12.0000 160 160 170 0.5000 0.2000 0.2000 0.2000 1.0000 0.0000 0.0000 0.0000
-2.2117 -10.8497 11.8653 172 184 174 0.5351 0.2063 0.2095 0.2052 0.9997 -0.0034 0.0134 0.0212
19.0260 -0.4026 12.0000 160 160 170 0.5000 0.2000 0.2000 0.2000 1.0000 0.0000 0.0000 0.0000
-18.3510 -0.1888 12.0000 160 160 170 0.5000 0.2000 0.2000 0.2000 1.0000 0.0000 0.0000 0.0000
19.7435 -6.3761 12.0000 160 160 170 0.5000 0.2000 0.2000 0.2000 1.0000 0.0000 0.0000 0.0000
-16.0619 10.7011 12.0000 160 160 170 0.5000 0.2000 0.2000 0.2000 1.0000 0.0000 0.0000 0.0000
10.9181 -19.7583 11.7496 125 146 131 0.5464 0.2119 0.2118 0.2106 0.9990 0.0436 -0.0130 0.0006
7.9751 17.2668 12.0000 160 160 170 0.5000 0.2000 0.2000 0.2000 1.0000 0.0000 0.0000 0.0000
-8.7858 8.7817 12.0000 160 160 170 0.5000 0.2000 0.2000 0.2000 1.0000 0.0000 0.0000 0.0000
-1.8258 -14.6236 11.9258 114 130 126 0.4858 0.2042 0.2069 0.2065 0.9997 0.0114 0.0195 -0.0047
17.3012 15.2219 12.0000 160 160 170 0.5000 0.2000 0.2000 0.2000 1.0000 0.0000 0.0000 0.0000
-3.0604 1.7088 11.8573 192 200 185 0.5357 0.2065 0.2060 0.2063 1.0000 0.0093 -0.0008 0.0013
19.4369 13.7788 12.0000 160 160 170 0.5000 0.2000 0.2000 0.2000 1.0000 0.0000 0.0000 0.0000
9.4707 18.5546 12.0000 160 160 170 0.5000 0.2000 0.2000 0.2000 1.0000 0.0000 0.0000 0.0000
-2.2894 5.9179 12.0000 160 160 170 0.5000 0.2000 0.2000 0.2000 1.0000 0.0000 0.0000 0.0000
3.1422 -3.3767 12.2074 127 128 130 0.4767 0.1986 0.1972 0.1965 0.9990 0.0114 0.0010 -0.0434
15.2134 15.1480 12.0000 160 160 170 0.5000 0.2000 0.2000 0.2000 1.0000 0.0000 0.0000 0.0000
-6.9929 17.9632 12.0000 160 160 170 0.5000 0.2000 0.2000 0.2000 1.0000 0.0000 0.0000 0.0000
16.3915 8.0061 11.7980 208 220 206 0.5493 0.2099 0.2058 0.2083 0.9995 0.0132 0.0203 -0.0184
-5.7949 -10.6359 12.0000 160 160 170 0.5000 0.2000 0.2000 0.2000 1.0000 0.0000 0.0000 0.0000
5.6598 1.8042 11.8454 166 205 99 0.5109 0.2061 0.2078 0.2096 0.9977 -0.0056 0.0492 -0.0459
-10.0726 13.3456 12.0000 160 160 170 0.5000 0.2000 0.2000 0.2000 1.0000 0.0000 0.0000 0.0000
14.2599 7.3007 11.8996 134 158 139 0.5009 0.2035 0.2034 0.2031 0.9995 -0.0081 -0.0081 0.0300
-10.8155 -0.1769 12.0000 160 160 170 0.5000 0.2000 0.2000 0.2000 1.0000 0.0000 0.0000 0.0000
-18.3297 11.5767 12.0000 160 160 170 0.5000 0.2000 0.2000 0.2000 1.0000 0.0000 0.0000 0.0000
8.7998 8.5746 11.8981 224 229 219 0.5566 0.2099 0.2099 0.2116 0.9998 0.0064 -0.0104 -0.0137
7.9704 -18.7899 12.0134 121 151 104 0.4827 0.1953 0.2002 0.2039 0.9980 -0.0232 0.0495 0.0326
16.3745 8.1864 11.8055 204 218 208 0.5468 0.2101 0.2060 0.2081 0.9994 0.0215 0.0177 -0.0196
-18.2989 -6.6998 12.0000 160 160 170 0.5000 0.2000 0.2000 0.2000 1.0000 0.0000 0.0000 0.0000
-7.6346 18.3476 12.0000 160 160 170 0.5000 0.2000 0.2000 0.2000 1.0000 0.0000 0.0000 0.0000
-9.7454 -0.9458 12.0000 160 160 170 0.5000 0.2000 0.2000 0.2000 1.0000 0.0000 0.0000 0.0000
-19.6143 6.1318 12.0000 160 160 170 0.5000 0.2000 0.2000 0.2000 1.0000 0.0000 0.0000 0.0000
4.1858 7.6892 12.0022 204 212 203 0.5452 0.2067 0.2044 0.2086 0.9989 0.0350 -0.0177 -0.0240
10.8425 -7.7624 12.0000 160 160 170 0.5000 0.2000 0.2000 0.2000 1.0000 0.0000 0.0000 0.0000
16.6555 -10.1861 12.0000 160 160 170 0.5000 0.2000 0.2000 0.2000 1.0000 0.0000 0.0000 0.0000
0.4991 12.4314 12.0000 160 160 170 0.5000 0.2000 0.2000 0.2000 1.0000 0.0000 0.0000 0.0000
-0.4509 13.9672 12.0000 160 160 170 0.5000 0.2000 0.2000 0.2000 1.0000 0.0000 0.0000 0.0000
10.7558 -0.4510 12.0000 160 160 170 0.5000 0.2000 0.2000 0.2000 1.0000 0.0000 0.0000 0.0000
13.9305 -6.5333 12.0000 160 160 170 0.5000 0.2000 0.2000 0.2000 1.0000 0.0000 0.0000 0.0000
-2.4193 3.2357 11.9893 167 185 123 0.5229 0.1956 0.2054 0.2042 0.9990 0.0290 0.0200 -0.0285
-6.7053 12.0315 12.0000 160 160 170 0.5000 0.2000 0.2000 0.2000 1.0000 0.0000 0.0000 0.0000
-19.2020 7.9175 12.0000 160 160 170 0.5000 0.2000 0.2000 0.2000 1.0000 0.0000 0.0000 0.0000
-3.9970 13.5356 12.0000 160 160 170 0.5000 0.2000 0.2000 0.2000 1.0000 0.0000 0.0000 0.0000
7.2406 -16.5199 12.0873 145 146 154 0.4820 0.1971 0.1972 0.1965 1.0000 -0.0005 0.0001 0.0000
-14.0094 -19.1811 12.0000 160 160 170 0.5000 0.2000 0.2000 0.2000 1.0000 0.0000 0.0000 0.0000
3.9635 -6.6657 12.0000 160 160 170 0.5000 0.2000 0.2000 0.2000 1.0000 0.0000 0.0000 0.0000
13.4562 -12.6321 12.0000 160 160 170 0.5000 0.2000 0.2000 0.2000 1.0000 0.0000 0.0000 0.0000
6.2758 -2.3067 11.8654 173 202 132 0.5203 0.2041 0.2055 0.2079 0.9994 -0.0072 0.0147 -0.0307
-1.9942 -19.0818 12.0000 160 160 170 0.5000 0.2000 0.2000 0.2000 1.0000 0.0000 0.0000 0.0000
4.4790 2.4169 12.0218 134 159 101 0.4885 0.2009 0.2037 0.1991 0.9955 -0.0655 -0.0425 -0.0536
19.7763 13.3198 12.0000 160 160 170 0.5000 0.2000 0.2000 0.2000 1.0000 0.0000 0.0000 0.0000
18.9604 7.8281 12.1249 122 126 134 0.4677 0.1999 0.1967 0.1987 0.9999 0.0026 0.0062 -0.0081
10.2419 5.8274 12.1077 120 136 130 0.4706 0.1980 0.1949 0.1968 1.0000 -0.0015 -0.0027 -0.0037
-6.6812 7.1748 12.0000 160 160 170 0.5000 0.2000 0.2000 0.2000 1.0000 0.0000 0.0000 0.0000
-18.1215 12.5179 12.0000 160 160 170 0.5000 0.2000 0.2000 0.2000 1.0000 0.0000 0.0000 0.0000
12.3951 13.2296 12.0243 118 137 136 0.5029 0.2050 0.2019 0.2033 0.9999 0.0093 -0.0073 -0.0093
4.0192 10.0231 12.0000 160 160 170 0.5000 0.2000 0.2000 0.2000 1.0000 0.0000 0.0000 0.0000
-11.1970 -8.1375 12.0000 160 160 170 0.5000 0.2000 0.2000 0.2000 1.0000 0.0000 0.0000 0.0000
-12.3427 5.6985 12.0000 160 160 170 0.5000 0.2000 0.2000 0.2000 1.0000 0.0000 0.0000 0.0000
18.3071 13.8509 12.0000 160 160 170 0.5000 0.2000 0.2000 0.2000 1.0000 0.0000 0.0000 0.0000
-12.8778 15.8450 12.0000 160 160 170 0.5000 0.2000 0.2000 0.2000 1.0000 0.0000 0.0000 0.0000
-0.4709 -18.1477 12.0000 160 160 170 0.5000 0.2000 0.2000 0.2000 1.0000 0.0000 0.0000 0.0000
9.6559 -17.1269 12.1334 131 136 137 0.4719 0.1946 0.1953 0.1945 1.0000 -0.0064 -0.0004 0.0019
3.2569 7.6943 12.0000 160 160 170 0.5000 0.2000 0.2000 0.2000 1.0000 0.0000 0.0000 0.0000
17.8578 7.7610 11.8769 149 176 169 0.5208 0.2081 0.1993 0.2063 0.9996 0.0232 -0.0123 0.0098
18.0037 6.9461 11.9083 137 163 151 0.5094 0.1979 0.2005 0.2056 0.9997 0.0103 -0.0000 -0.0235
-14.6315 6.9646 12.0000 160 160 170 0.5000 0.2000 0.2000 0.2000 1.0000 0.0000 0.0000 0.0000
19.4469 -3.7950 12.0000 160 160 170 0.5000 0.2000 0.2000 0.2000 1.0000 0.0000 0.0000 0.0000
-9.4595 18.6073 12.0000 160 160 170 0.5000 0.2000 0.2000 0.2000 1.0000 0.0000 0.0000 0.0000
-16.5428 6.8320 12.0000 160 160 170 0.5000 0.2000 0.2000 0.2000 1.0000 0.0000 0.0000 0.0000
-8.7289 15.3228 12.0000 160 160 170 0.5000 0.2000 0.2000 0.2000 1.0000 0.0000 0.0000 0.0000
-4.5805 -17.4732 12.0000 160 160 170 0.5000 0.2000 0.2000 0.2000 1.0000 0.0000 0.0000 0.0000
2.1897 8.4849 12.0000 160 160 170 0.5000 0.2000 0.2000 0.2000 1.0000 0.0000 0.0000 0.0000
-15.2338 17.4852 12.0000 160 160 170 0.5000 0.2000 0.2000 0.2000 1.0000 0.0000 0.0000 0.0000
-19.1230 -7.7214 12.0000 160 160 170 0.5000 0.2000 0.2000 0.2000 1.0000 0.0000 0.0000 0.0000
9.0450 -17.3544 12.1252 123 128 128 0.4701 0.1947 0.1959 0.1949 0.9999 -0.0083 -0.0017 0.0059
0.1904 -9.2368 12.0000 160 160 170 0.5000 0.2000 0.2000 0.2000 1.0000 0.0000 0.0000 0.0000
15.1859 13.8688 12.1059 183 183 184 0.5223 0.2045 0.2046 0.2059 0.9993 0.0297 -0.0220 -0.0073
3.8939 6.4739 12.0469 167 195 188 0.5213 0.2042 0.2043 0.2048 0.9997 -0.0015 -0.0227 -0.0003
-3.5520 -9.1528 11.7373 165 165 138 0.5683 0.2121 0.2096 0.2113 0.9993 0.0355 0.0021 -0.0074
17.7833 -0.0417 12.0000 160 160 170 0.5000 0.2000 0.2000 0.2000 1.0000 0.0000 0.0000 0.0000
-4.3106 7.4937 12.0000 160 160 170 0.5000 0.2000 0.2000 0.2000 1.0000 0.0000 0.0000 0.0000
2.0147 -18.3317 11.8770 186 205 196 0.5429 0.2077 0.2076 0.2082 0.9995 -0.0216 -0.0214 0.0049
8.8275 7.6587 11.6512 143 158 156 0.5050 0.2053 0.2032 0.2116 0.9973 0.0168 0.0689 -0.0199
6.5556 -1.3250 11.7523 223 231 193 0.5554 0.2071 0.2112 0.2106 0.9977 -0.0247 0.0533 -0.0332
-0.9228 14.1985 12.0000 160 160 170 0.5000 0.2000 0.2000 0.2000 1.0000 0.0000 0.0000 0.0000
-10.4532 -11.8367 12.0000 160 160 170 0.5000 0.2000 0.2000 0.2000 1.0000 0.0000 0.0000 0.0000
-14.6088 1.3656 12.0000 160 160 170 0.5000 0.2000 0.2000 0.2000 1.0000 0.0000 0.0000 0.0000
-16.3455 -6.7011 12.0000 160 160 170 0.5000 0.2000 0.2000 0.2000 1.0000 0.0000 0.0000 0.0000
15.4516 -9.4784 12.0000 160 160 170 0.5000 0.2000 0.2000 0.2000 1.0000 0.0000 0.0000 0.0000
3.5427 -15.0681 11.9999 140 178 106 0.4993 0.1970 0.2044 0.2008 0.9999 -0.0095 0.0033 0.0068
-5.0050 17.1562 12.0000 160 160 170 0.5000 0.2000 0.2000 0.2000 1.0000 0.0000 0.0000 0.0000
16.0230 8.7393 11.7784 202 222 207 0.5516 0.2111 0.2074 0.2096 0.9990 0.0340 0.0184 -0.0214
-17.9081 -13.6442 12.0000 160 160 170 0.5000 0.2000 0.2000 0.2000 1.0000 0.0000 0.0000 0.0000
19.9132 9.5996 11.8861 134 161 139 0.5039 0.2043 0.2052 0.2045 0.9995 0.0094 -0.0204 0.0199
-0.5895 2.5360 12.0994 126 136 130 0.4753 0.1948 0.2007 0.1968 0.9991 0.0097 -0.0327 0.0266
12.3598 -2.3593 12.0000 160 160 170 0.5000 0.2000 0.2000 0.2000 1.0000 0.0000 0.0000 0.0000
-12.6701 -4.6034 12.0000 160 160 170 0.5000 0.2000 0.2000 0.2000 1.0000 0.0000 0.0000 0.0000
3.5671 -11.3078 12.0000 160 160 170 0.5000 0.2000 0.2000 0.2000 1.0000 0.0000 0.0000 0.0000
15.8788 18.7967 12.0000 160 160 170 0.5000 0.2000 0.2000 0.2000 1.0000 0.0000 0.0000 0.0000
19.8381 -8.2278 12.0000 160 160 170 0.5000 0.2000 0.2000 0.2000 1.0000 0.0000 0.0000 0.0000
-6.3283 -14.6290 12.0000 160 160 170 0.5000 0.2000 0.2000 0.2000 1.0000 0.0000 0.0000 0.0000
-0.4948 15.3659 12.0000 160 160 170 0.5000 0.2000 0.2000 0.2000 1.0000 0.0000 0.0000 0.0000
8.1521 -3.2207 11.7998 213 229 179 0.5464 0.2083 0.2072 0.2087 0.9998 -0.0172 -0.0014 0.0042
-6.9336 -7.7697 12.0000 160 160 170 0.5000 0.2000 0.2000 0.2000 1.0000 0.0000 0.0000 0.0000
-3.0438 5.8925 12.0000 160 160 170 0.5000 0.2000 0.2000 0.2000 1.0000 0.0000 0.0000 0.0000
-13.9544 4.5494 12.0000 160 160 170 0.5000 0.2000 0.2000 0.2000 1.0000 0.0000 0.0000 0.0000
-0.0019 1.2800 12.0798 141 141 151 0.4814 0.1969 0.1977 0.1968 1.0000 0.0001 0.0000 0.0000
-4.3768 4.2437 12.0000 160 160 170 0.5000 0.2000 0.2000 0.2000 1.0000 0.0000 0.0000 0.0000
13.6975 -1.5619 12.0000 160 160 170 0.5000 0.2000 0.2000 0.2000 1.0000 0.0000 0.0000 0.0000
9.1296 -1.1934 12.0000 160 160 170 0.5000 0.2000 0.2000 0.2000 1.0000 0.0000 0.0000 0.0000
17.4804 -17.2108 11.8655 161 189 130 0.5335 0.2052 0.2071 0.2053 0.9989 0.0463 0.0033 -0.0115
-0.4946 -15.1064 12.0411 134 161 128 0.5095 0.2056 0.2100 0.2039 0.9988 0.0273 0.0145 0.0370
1.9563 6.9387 11.8934 191 204 175 0.5333 0.2068 0.2071 0.2069 0.9995 -0.0322 -0.0032 0.0053
4.5439 -14.6393 12.0000 160 160 170 0.5000 0.2000 0.2000 0.2000 1.0000 0.0000 0.0000 0.0000
13.5781 -10.0630 12.0000 160 160 170 0.5000 0.2000 0.2000 0.2000 1.0000 0.0000 0.0000 0.0000
-7.8848 -1.9774 12.0000 160 160 170 0.5000 0.2000 0.2000 0.2000 1.0000 0.0000 0.0000 0.0000
-13.4054 -4.3237 12.0000 160 160 170 0.5000 0.2000 0.2000 0.2000 1.0000 0.0000 0.0000 0.0000
3.1345 -9.2444 12.0000 160 160 170 0.5000 0.2000 0.2000 0.2000 1.0000 0.0000 0.0000 0.0000
0.2545 2.6565 12.0297 129 146 149 0.4907 0.1951 0.2000 0.1996 0.9998 -0.0008 0.0106 0.0151
6.4831 -8.9416 12.0000 160 160 170 0.5000 0.2000 0.2000 0.2000 1.0000 0.0000 0.0000 0.0000
12.7918 13.7135 12.1217 166 170 162 0.5076 0.2035 0.2035 0.2030 0.9991 -0.0331 -0.0042 0.0275
18.6896 -1.7788 12.0000 160 160 170 0.5000 0.2000 0.2000 0.2000 1.0000 0.0000 0.0000 0.0000
14.2320 -18.2758 11.9172 131 156 112 0.4893 0.2061 0.2071 0.2083 0.9996 0.0163 -0.0110 -0.0191
1.3460 -5.5219 12.0000 160 160 170 0.5000 0.2000 0.2000 0.2000 1.0000 0.0000 0.0000 0.0000
-8.5562 -14.1072 12.0000 160 160 170 0.5000 0.2000 0.2000 0.2000 1.0000 0.0000 0.0000 0.0000
9.2503 -1.7635 12.0000 160 160 170 0.5000 0.2000 0.2000 0.2000 1.0000 0.0000 0.0000 0.0000
-4.5674 12.6022 12.0000 160 160 170 0.5000 0.2000 0.2000 0.2000 1.0000 0.0000 0.0000 0.0000
-6.3428 -4.6785 11.8708 145 159 155 0.5362 0.2073 0.2082 0.2090 0.9998 -0.0074 0.0094 -0.0186
-5.7747 3.6274 12.0000 160 160 170 0.5000 0.2000 0.2000 0.2000 1.0000 0.0000 0.0000 0.0000
-7.9249 19.7550 12.0000 160 160 170 0.5000 0.2000 0.2000 0.2000 1.0000 0.0000 0.0000 0.0000
-18.0376 8.5703 12.0000 160 160 170 0.5000 0.2000 0.2000 0.2000 1.0000 0.0000 0.0000 0.0000
16.2747 19.1903 12.0000 160 160 170 0.5000 0.2000 0.2000 0.2000 1.0000 0.0000 0.0000 0.0000
-15.3562 6.3397 12.0000 160 160 170 0.5000 0.2000 0.2000 0.2000 1.0000 0.0000 0.0000 0.0000
-5.9893 14.2882 12.0000 160 160 170 0.5000 0.2000 0.2000 0.2000 1.0000 0.0000 0.0000 0.0000
16.5062 14.3325 12.0000 160 160 170 0.5000 0.2000 0.2000 0.2000 1.0000 0.0000 0.0000 0.0000
-6.8327 17.9379 12.0000 160 160 170 0.5000 0.2000 0.2000 0.2000 1.0000 0.0000 0.0000 0.0000
16.4386 -8.3454 12.0000 160 160 170 0.5000 0.2000 0.2000 0.2000 1.0000 0.0000 0.0000 0.0000
-11.8365 19.8343 12.0000 160 160 170 0.5000 0.2000 0.2000 0.2000 1.0000 0.0000 0.0000 0.0000
7.9907 18.6683 12.0000 160 160 170 0.5000 0.2000 0.2000 0.2000 1.0000 0.0000 0.0000 0.0000
14.2794 -3.1177 12.0000 160 160 170 0.5000 0.2000 0.2000 0.2000 1.0000 0.0000 0.0000 0.0000
0.3464 -0.2407 12.0000 160 160 170 0.5000 0.2000 0.2000 0.2000 1.0000 0.0000 0.0000 0.0000
8.2039 -6.2407 12.0000 160 160 170 0.5000 0.2000 0.2000 0.2000 1.0000 0.0000 0.0000 0.0000
9.9363 11.4808 11.9112 175 198 139 0.5344 0.2079 0.2065 0.2091 0.9997 0.0014 0.0199 0.0148
8.5426 -3.6605 11.8116 214 226 179 0.5447 0.2082 0.2055 0.2079 1.0000 -0.0029 -0.0074 -0.0009
17.1997 -1.1996 12.0000 160 160 170 0.5000 0.2000 0.2000 0.2000 1.0000 0.0000 0.0000 0.0000
-15.5395 -15.5772 12.0000 160 160 170 0.5000 0.2000 0.2000 0.2000 1.0000 0.0000 0.0000 0.0000
-18.3773 15.8187 12.0000 160 160 170 0.5000 0.2000 0.2000 0.2000 1.0000 0.0000 0.0000 0.0000
2.4478 3.8221 12.0849 184 187 184 0.5246 0.2044 0.2045 0.2056 0.9996 0.0125 -0.0228 -0.0114
-5.0488 -14.7042 12.0000 160 160 170 0.5000 0.2000 0.2000 0.2000 1.0000 0.0000 0.0000 0.0000
-18.6021 14.0971 12.0000 160 160 170 0.5000 0.2000 0.2000 0.2000 1.0000 0.0000 0.0000 0.0000
-0.6459 1.3129 12.0931 132 137 137 0.4778 0.1953 0.2013 0.1966 0.9998 0.0089 -0.0158 0.0105
-5.3025 16.3605 12.0000 160 160 170 0.5000 0.2000 0.2000 0.2000 1.0000 0.0000 0.0000 0.0000
3.0553 -7.9435 12.0000 160 160 170 0.5000 0.2000 0.2000 0.2000 1.0000 0.0000 0.0000 0.0000
-4.1258 8.8565 12.0000 160 160 170 0.5000 0.2000 0.2000 0.2000 1.0000 0.0000 0.0000 0.0000
3.1134 -17.6141 11.9467 139 163 121 0.5068 0.1995 0.2065 0.2049 0.9972 -0.0271 0.0444 0.0545
-6.9394 -3.4178 12.0000 160 160 170 0.5000 0.2000 0.2000 0.2000 1.0000 0.0000 0.0000 0.0000
0.9870 -3.3841 12.0000 160 160 170 0.5000 0.2000 0.2000 0.2000 1.0000 0.0000 0.0000 0.0000
0.0816 18.9994 12.0000 160 160 170 0.5000 0.2000 0.2000 0.2000 1.0000 0.0000 0.0000 0.0000
6.5877 -0.9618 11.7497 221 229 195 0.5552 0.2060 0.2079 0.2110 0.9969 -0.0394 0.0574 -0.0380
-8.3881 -19.2906 12.0000 160 160 170 0.5000 0.2000 0.2000 0.2000 1.0000 0.0000 0.0000 0.0000
-4.1292 16.1038 12.0000 160 160 170 0.5000 0.2000 0.2000 0.2000 1.0000 0.0000 0.0000 0.0000
8.7587 -17.1287 12.1197 127 129 134 0.4712 0.1950 0.1959 0.1951 1.0000 -0.0082 -0.0002 0.0031
-11.6454 2.3532 12.0000 160 160 170 0.5000 0.2000 0.2000 0.2000 1.0000 0.0000 0.0000 0.0000
3.2889 -11.9120 12.0000 160 160 170 0.5000 0.2000 0.2000 0.2000 1.0000 0.0000 0.0000 0.0000
-0.4331 -9.4885 12.0000 160 160 170 0.5000 0.2000 0.2000 0.2000 1.0000 0.0000 0.0000 0.0000
-19.7749 -8.5660 12.0000 160 160 170 0.5000 0.2000 0.2000 0.2000 1.0000 0.0000 0.0000 0.0000
-17.8611 13.4290 12.0000 160 160 170 0.5000 0.2000 0.2000 0.2000 1.0000 0.0000 0.0000 0.0000
1.3093 -4.5862 12.0000 160 160 170 0.5000 0.2000 0.2000 0.2000 1.0000 0.0000 0.0000 0.0000
12.4941 -18.3338 11.7886 172 185 153 0.5227 0.2055 0.2022 0.2122 0.9996 0.0022 0.0173 -0.0230
-15.6857 10.5226 12.0000 160 160 170 0.5000 0.2000 0.2000 0.2000 1.0000 0.0000 0.0000 0.0000
14.2914 10.2702 11.8832 174 201 162 0.5250 0.2068 0.2030 0.2057 0.9998 0.0151 -0.0103 0.0025
-12.7546 5.9798 12.0000 160 160 170 0.5000 0.2000 0.2000 0.2000 1.0000 0.0000 0.0000 0.0000
-7.3350 -9.0231 12.0000 160 160 170 0.5000 0.2000 0.2000 0.2000 1.0000 0.0000 0.0000 0.0000
9.3138 8.1064 11.7358 153 167 156 0.5220 0.2069 0.2092 0.2106 0.9988 0.0317 0.0332 -0.0174
-2.4418 14.8726 12.0000 160 160 170 0.5000 0.2000 0.2000 0.2000 1.0000 0.0000 0.0000 0.0000
-7.7064 -14.8933 12.0000 160 160 170 0.5000 0.2000 0.2000 0.2000 1.0000 0.0000 0.0000 0.0000
5.9609 5.3666 11.9586 169 179 163 0.5155 0.2028 0.2051 0.2015 0.9987 -0.0282 0.0342 -0.0266
-7.4736 7.5912 12.0000 160 160 170 0.5000 0.2000 0.2000 0.2000 1.0000 0.0000 0.0000 0.0000
11.9821 7.7936 11.8842 129 131 139 0.5294 0.2044 0.2043 0.2044 0.9996 0.0086 -0.0223 -0.0174
-7.0761 15.3249 12.0000 160 160 170 0.5000 0.2000 0.2000 0.2000 1.0000 0.0000 0.0000 0.0000
19.8013 6.1302 11.8614 175 190 161 0.5262 0.2042 0.2066 0.2067 0.9997 -0.0017 -0.0243 0.0004
7.4182 -4.1369 12.0988 137 170 110 0.4789 0.1941 0.2055 0.2005 0.9990 -0.0176 -0.0298 0.0266
13.7905 -18.6210 11.8033 159 193 136 0.5111 0.2121 0.2149 0.2120 0.9940 0.0801 -0.0624 0.0396
3.8208 13.1466 12.0000 160 160 170 0.5000 0.2000 0.2000 0.2000 1.0000 0.0000 0.0000 0.0000
1.5473 -14.9797 11.8408 207 222 195 0.5425 0.2025 0.2085 0.2062 0.9989 0.0125 0.0027 0.0449
1.2971 1.5532 12.0000 160 160 170 0.5000 0.2000 0.2000 0.2000 1.0000 0.0000 0.0000 0.0000
-5.3547 2.6728 12.0000 160 160 170 0.5000 0.2000 0.2000 0.2000 1.0000 0.0000 0.0000 0.0000
9.2776 12.9524 12.0940 178 178 183 0.5267 0.2054 0.2062 0.2067 0.9998 0.0189 0.0111 -0.0013
-6.1618 -8.0299 12.0971 138 165 131 0.5347 0.2040 0.2060 0.2065 0.9991 0.0322 0.0232 0.0128
19.2322 -7.6935 12.0000 160 160 170 0.5000 0.2000 0.2000 0.2000 1.0000 0.0000 0.0000 0.0000
13.8978 -12.6664 12.0000 160 160 170 0.5000 0.2000 0.2000 0.2000 1.0000 0.0000 0.0000 0.0000
-15.1505 2.3468 12.0000 160 160 170 0.5000 0.2000 0.2000 0.2000 1.0000 0.0000 0.0000 0.0000
-8.6793 -15.1225 12.0000 160 160 170 0.5000 0.2000 0.2000 0.2000 1.0000 0.0000 0.0000 0.0000
12.5400 -9.7800 12.0000 160 160 170 0.5000 0.2000 0.2000 0.2000 1.0000 0.0000 0.0000 0.0000
-12.4838 -8.9941 12.0000 160 160 170 0.5000 0.2000 0.2000 0.2000 1.0000 0.0000 0.0000 0.0000
-2.4274 2.5459 11.8507 197 204 170 0.5386 0.2025 0.2075 0.2059 0.9995 0.0288 0.0109 -0.0026
17.0200 6.6778 12.1189 168 181 173 0.5222 0.2036 0.2043 0.2035 0.9992 0.0260 0.0036 0.0305
8.7367 15.7119 12.0000 160 160 170 0.5000 0.2000 0.2000 0.2000 1.0000 0.0000 0.0000 0.0000
-1.3911 1.8498 12.0079 154 168 148 0.4963 0.1932 0.2055 0.2012 0.9987 0.0206 0.0457 0.0071
-4.8523 11.8956 12.0000 160 160 170 0.5000 0.2000 0.2000 0.2000 1.0000 0.0000 0.0000 0.0000
-0.2571 14.3886 12.0000 160 160 170 0.5000 0.2000 0.2000 0.2000 1.0000 0.0000 0.0000 0.0000
10.1264 -2.7011 12.0000 160 160 170 0.5000 0.2000 0.2000 0.2000 1.0000 0.0000 0.0000 0.0000
-17.4597 -5.8529 12.0000 160 160 170 0.5000 0.2000 0.2000 0.2000 1.0000 0.0000 0.0000 0.0000
-15.5858 -6.6738 12.0000 160 160 170 0.5000 0.2000 0.2000 0.2000 1.0000 0.0000 0.0000 0.0000
13.2267 -14.6513 12.0000 160 160 170 0.5000 0.2000 0.2000 0.2000 1.0000 0.0000 0.0000 0.0000
-18.2030 -15.1505 12.0000 160 160 170 0.5000 0.2000 0.2000 0.2000 1.0000 0.0000 0.0000 0.0000
14.3541 11.8803 11.8925 135 180 108 0.5207 0.2081 0.2065 0.2091 0.9999 0.0069 0.0095 -0.0078
-12.3945 -11.0432 12.0000 160 160 170 0.5000 0.2000 0.2000 0.2000 1.0000 0.0000 0.0000 0.0000
-14.8407 14.6332 12.0000 160 160 170 0.5000 0.2000 0.2000 0.2000 1.0000 0.0000 0.0000 0.0000
4.6293 1.8120 12.0578 118 137 96 0.4744 0.1992 0.2028 0.1997 0.9975 -0.0039 0.0093 -0.0694
-9.5413 -0.8007 12.0000 160 160 170 0.5000 0.2000 0.2000 0.2000 1.0000 0.0000 0.0000 0.0000
-16.9161 2.2772 12.0000 160 160 170 0.5000 0.2000 0.2000 0.2000 1.0000 0.0000 0.0000 0.0000
-9.2532 -16.0989 12.0000 160 160 170 0.5000 0.2000 0.2000 0.2000 1.0000 0.0000 0.0000 0.0000
8.1535 6.3814 12.0259 134 161 125 0.4851 0.1974 0.1999 0.2014 0.9994 0.0036 0.0294 -0.0198
-5.4566 12.4515 12.0000 160 160 170 0.5000 0.2000 0.2000 0.2000 1.0000 0.0000 0.0000 0.0000
-5.2077 17.2683 12.0000 160 160 170 0.5000 0.2000 0.2000 0.2000 1.0000 0.0000 0.0000 0.0000
-18.9089 5.3630 12.0000 160 160 170 0.5000 0.2000 0.2000 0.2000 1.0000 0.0000 0.0000 0.0000
-12.6884 -15.9011 12.0000 160 160 170 0.5000 0.2000 0.2000 0.2000 1.0000 0.0000 0.0000 0.0000
19.1691 -19.8223 12.0937 179 185 163 0.5205 0.2018 0.2044 0.2046 0.9991 0.0177 -0.0307 0.0233
10.9813 -18.6575 12.0045 123 135 111 0.4774 0.1951 0.1993 0.2069 0.9985 0.0000 0.0194 0.0510
-7.3773 -14.9003 12.0000 160 160 170 0.5000 0.2000 0.2000 0.2000 1.0000 0.0000 0.0000 0.0000
-19.1466 -8.8686 12.0000 160 160 170 0.5000 0.2000 0.2000 0.2000 1.0000 0.0000 0.0000 0.0000
16.9577 1.3945 12.0000 160 160 170 0.5000 0.2000 0.2000 0.2000 1.0000 0.0000 0.0000 0.0000
20.1045 -14.6359 11.7980 206 212 186 0.5487 0.2082 0.2093 0.2086 0.9986 0.0211 -0.0399 -0.0275
-17.0320 -3.9522 12.0000 160 160 170 0.5000 0.2000 0.2000 0.2000 1.0000 0.0000 0.0000 0.0000
18.8670 -1.3596 12.0000 160 160 170 0.5000 0.2000 0.2000 0.2000 1.0000 0.0000 0.0000 0.0000
-15.3604 14.1738 12.0000 160 160 170 0.5000 0.2000 0.2000 0.2000 1.0000 0.0000 0.0000 0.0000
-15.8035 -3.3048 12.0000 160 160 170 0.5000 0.2000 0.2000 0.2000 1.0000 0.0000 0.0000 0.0000
-6.8605 -3.5506 12.0000 160 160 170 0.5000 0.2000 0.2000 0.2000 1.0000 0.0000 0.0000 0.0000
16.6892 -13.3532 12.0000 160 160 170 0.5000 0.2000 0.2000 0.2000 1.0000 0.0000 0.0000 0.0000
12.1447 -4.3109 12.0000 160 160 170 0.5000 0.2000 0.2000 0.2000 1.0000 0.0000 0.0000 0.0000
3.3230 13.3283 12.0000 160 160 170 0.5000 0.2000 0.2000 0.2000 1.0000 0.0000 0.0000 0.0000
1.0058 -17.8643 11.9615 123 127 135 0.4834 0.2058 0.2047 0.2081 0.9996 -0.0157 -0.0135 0.0180
-9.0098 13.0207 12.0000 160 160 170 0.5000 0.2000 0.2000 0.2000 1.0000 0.0000 0.0000 0.0000
-14.3338 -15.9066 12.0000 160 160 170 0.5000 0.2000 0.2000 0.2000 1.0000 0.0000 0.0000 0.0000
6.1428 -4.4917 11.8372 148 190 138 0.5132 0.1981 0.2008 0.2071 0.9981 0.0332 0.0502 -0.0138
12.1224 -10.3867 12.0000 160 160 170 0.5000 0.2000 0.2000 0.2000 1.0000 0.0000 0.0000 0.0000
-3.5957 -6.2035 11.9348 119 142 122 0.5165 0.1966 0.2070 0.2023 0.9991 -0.0054 -0.0032 0.0413
1.4824 14.0424 12.0000 160 160 170 0.5000 0.2000 0.2000 0.2000 1.0000 0.0000 0.0000 0.0000
-14.2339 18.0688 12.0000 160 160 170 0.5000 0.2000 0.2000 0.2000 1.0000 0.0000 0.0000 0.0000
-18.5005 -17.7257 12.0000 160 160 170 0.5000 0.2000 0.2000 0.2000 1.0000 0.0000 0.0000 0.0000
9.6232 5.5278 11.9915 160 172 140 0.5044 0.1959 0.1962 0.1995 0.9999 0.0077 -0.0095 0.0105
-17.2850 -2.2798 12.0000 160 160 170 0.5000 0.2000 0.2000 0.2000 1.0000 0.0000 0.0000 0.0000
-4.8421 2.4713 12.0000 160 160 170 0.5000 0.2000 0.2000 0.2000 1.0000 0.0000 0.0000 0.0000
-9.5344 10.4830 12.0000 160 160 170 0.5000 0.2000 0.2000 0.2000 1.0000 0.0000 0.0000 0.0000
-15.6264 -18.2835 12.0000 160 160 170 0.5000 0.2000 0.2000 0.2000 1.0000 0.0000 0.0000 0.0000
4.4241 -17.1878 11.9209 170 209 125 0.5104 0.1967 0.2070 0.2052 0.9977 -0.0218 0.0357 0.0540
-2.5182 -19.4944 12.0000 160 160 170 0.5000 0.2000 0.2000 0.2000 1.0000 0.0000 0.0000 0.0000
-10.9746 2.0971 12.0000 160 160 170 0.5000 0.2000 0.2000 0.2000 1.0000 0.0000 0.0000 0.0000
-17.5377 -15.1923 12.0000 160 160 170 0.5000 0.2000 0.2000 0.2000 1.0000 0.0000 0.0000 0.0000
-9.9148 -18.5220 12.0000 160 160 170 0.5000 0.2000 0.2000 0.2000 1.0000 0.0000 0.0000 0.0000
16.8838 -15.2817 12.0000 160 160 170 0.5000 0.2000 0.2000 0.2000 1.0000 0.0000 0.0000 0.0000
-11.3856 14.3754 12.0000 160 160 170 0.5000 0.2000 0.2000 0.2000 1.0000 0.0000 0.0000 0.0000
-11.4075 -16.3440 12.0000 160 160 170 0.5000 0.2000 0.2000 0.2000 1.0000 0.0000 0.0000 0.0000
-9.9177 -0.8041 12.0000 160 160 170 0.5000 0.2000 0.2000 0.2000 1.0000 0.0000 0.0000 0.0000
-9.0455 -0.0012 12.0000 160 160 170 0.5000 0.2000 0.2000 0.2000 1.0000 0.0000 0.0000 0.0000
-3.7649 -1.8360 11.9609 149 162 140 0.5063 0.1984 0.1997 0.2029 0.9995 0.0140 0.0093 0.0262
10.6449 4.2807 12.0960 143 157 153 0.4830 0.1972 0.1996 0.1962 1.0000 0.0009 -0.0010 0.0000
3.5972 -9.4148 12.0000 160 160 170 0.5000 0.2000 0.2000 0.2000 1.0000 0.0000 0.0000 0.0000
-9.2980 -4.2258 12.0000 160 160 170 0.5000 0.2000 0.2000 0.2000 1.0000 0.0000 0.0000 0.0000
-3.3078 6.3094 12.0000 160 160 170 0.5000 0.2000 0.2000 0.2000 1.0000 0.0000 0.0000 0.0000
-8.0467 13.0348 12.0000 160 160 170 0.5000 0.2000 0.2000 0.2000 1.0000 0.0000 0.0000 0.0000
2.5901 19.2355 12.0000 160 160 170 0.5000 0.2000 0.2000 0.2000 1.0000 0.0000 0.0000 0.0000
-9.8509 -6.5290 12.0000 160 160 170 0.5000 0.2000 0.2000 0.2000 1.0000 0.0000 0.0000 0.0000
-15.7507 -6.1020 12.0000 160 160 170 0.5000 0.2000 0.2000 0.2000 1.0000 0.0000 0.0000 0.0000
-3.3665 -12.0783 11.8386 172 194 173 0.5352 0.2080 0.2055 0.2069 0.9986 -0.0356 -0.0218 -0.0321
5.8536 19.3454 12.0000 160 160 170 0.5000 0.2000 0.2000 0.2000 1.0000 0.0000 0.0000 0.0000
-15.0368 -0.4982 12.0000 160 160 170 0.5000 0.2000 0.2000 0.2000 1.0000 0.0000 0.0000 0.0000
8.7822 19.7854 12.0000 160 160 170 0.5000 0.2000 0.2000 0.2000 1.0000 0.0000 0.0000 0.0000
4.1139 -17.7458 11.9766 136 172 128 0.4904 0.1975 0.2060 0.2088 0.9987 -0.0012 0.0019 0.0516
-12.3536 14.4173 12.0000 160 160 170 0.5000 0.2000 0.2000 0.2000 1.0000 0.0000 0.0000 0.0000
-8.4062 3.0236 12.0000 160 160 170 0.5000 0.2000 0.2000 0.2000 1.0000 0.0000 0.0000 0.0000
-16.7304 -9.1546 12.0000 160 160 170 0.5000 0.2000 0.2000 0.2000 1.0000 0.0000 0.0000 0.0000
-17.6699 -16.4949 12.0000 160 160 170 0.5000 0.2000 0.2000 0.2000 1.0000 0.0000 0.0000 0.0000
-9.2370 -1.8999 12.0000 160 160 170 0.5000 0.2000 0.2000 0.2000 1.0000 0.0000 0.0000 0.0000
-11.0825 13.5118 12.0000 160 160 170 0.5000 0.2000 0.2000 0.2000 1.0000 0.0000 0.0000 0.0000
-16.0798 1.2439 12.0000 160 160 170 0.5000 0.2000 0.2000 0.2000 1.0000 0.0000 0.0000 0.0000
-14.3775 16.5608 12.0000 160 160 170 0.5000 0.2000 0.2000 0.2000 1.0000 0.0000 0.0000 0.0000
-7.6799 7.3652 12.0000 160 160 170 0.5000 0.2000 0.2000 0.2000 1.0000 0.0000 0.0000 0.0000
13.1436 -13.6915 12.0000 160 160 170 0.5000 0.2000 0.2000 0.2000 1.0000 0.0000 0.0000 0.0000
-16.1510 10.8389 12.0000 160 160 170 0.5000 0.2000 0.2000 0.2000 1.0000 0.0000 0.0000 0.0000
-11.8570 -5.4388 12.0000 160 160 170 0.5000 0.2000 0.2000 0.2000 1.0000 0.0000 0.0000 0.0000
1.0354 11.8919 12.0000 160 160 170 0.5000 0.2000 0.2000 0.2000 1.0000 0.0000 0.0000 0.0000
15.4961 3.2580 12.0062 161 184 118 0.4977 0.1996 0.1993 0.2001 1.0000 -0.0074 -0.0010 0.0021
12.9927 -17.2817 11.9884 150 174 117 0.4974 0.1994 0.1999 0.2021 0.9996 0.0176 -0.0120 -0.0176
2.4795 -2.2762 12.0235 129 135 121 0.4946 0.2024 0.2052 0.2054 0.9992 -0.0178 -0.0070 0.0365
3.5483 4.7887 12.1254 133 169 152 0.5163 0.2049 0.2044 0.2025 0.9994 -0.0200 -0.0259 -0.0061
-3.1766 -18.1133 12.0000 160 160 170 0.5000 0.2000 0.2000 0.2000 1.0000 0.0000 0.0000 0.0000
-4.2443 -0.9816 11.8797 160 187 130 0.5309 0.2064 0.2069 0.2058 0.9994 -0.0330 -0.0078 -0.0064
18.2415 -15.3933 11.8198 197 203 184 0.5425 0.2047 0.2075 0.2078 0.9997 -0.0064 -0.0233 0.0001
-4.6485 -4.6894 12.0091 108 133 92 0.4978 0.1927 0.2002 0.1998 0.9993 -0.0089 -0.0052 0.0349
6.7061 -15.0852 12.0000 160 160 170 0.5000 0.2000 0.2000 0.2000 1.0000 0.0000 0.0000 0.0000
-15.5004 -18.1372 12.0000 160 160 170 0.5000 0.2000 0.2000 0.2000 1.0000 0.0000 0.0000 0.0000
-2.8061 -9.7687 11.8167 167 196 156 0.5395 0.1995 0.2090 0.2086 0.9996 -0.0189 -0.0219 -0.0002
18.8845 19.7948 12.0000 160 160 170 0.5000 0.2000 0.2000 0.2000 1.0000 0.0000 0.0000 0.0000
-16.9914 11.4345 12.0000 160 160 170 0.5000 0.2000 0.2000 0.2000 1.0000 0.0000 0.0000 0.0000
11.5651 -15.7234 12.0000 160 160 170 0.5000 0.2000 0.2000 0.2000 1.0000 0.0000 0.0000 0.0000
3.8751 13.4542 12.0000 160 160 170 0.5000 0.2000 0.2000 0.2000 1.0000 0.0000 0.0000 0.0000
13.6879 0.1484 12.0000 160 160 170 0.5000 0.2000 0.2000 0.2000 1.0000 0.0000 0.0000 0.0000
13.9430 15.0642 12.0000 160 160 170 0.5000 0.2000 0.2000 0.2000 1.0000 0.0000 0.0000 0.0000
-1.8263 2.5954 11.9973 148 170 121 0.4986 0.1948 0.2065 0.2019 0.9991 0.0285 0.0280 0.0159
-17.4826 8.0886 12.0000 160 160 170 0.5000 0.2000 0.2000 0.2000 1.0000 0.0000 0.0000 0.0000
13.4637 -12.0961 12.0000 160 160 170 0.5000 0.2000 0.2000 0.2000 1.0000 0.0000 0.0000 0.0000
-16.2891 19.3200 12.0000 160 160 170 0.5000 0.2000 0.2000 0.2000 1.0000 0.0000 0.0000 0.0000
-7.6845 -0.0234 12.0000 160 160 170 0.5000 0.2000 0.2000 0.2000 1.0000 0.0000 0.0000 0.0000
14.4257 7.3099 11.8946 137 150 145 0.5006 0.2043 0.2032 0.2016 0.9995 0.0028 0.0198 -0.0259
17.4289 18.5167 12.0000 160 160 170 0.5000 0.2000 0.2000 0.2000 1.0000 0.0000 0.0000 0.0000
7.6178 16.7111 12.0000 160 160 170 0.5000 0.2000 0.2000 0.2000 1.0000 0.0000 0.0000 0.0000
15.8221 10.9248 11.8258 148 192 120 0.5196 0.2080 0.2081 0.2084 0.9994 -0.0284 0.0169 -0.0141
-3.1696 -2.9519 11.9844 144 164 137 0.5049 0.1959 0.1993 0.2006 0.9999 0.0100 -0.0043 0.0104
14.9165 9.3995 11.9498 142 167 162 0.5103 0.2065 0.1999 0.2028 0.9996 0.0001 0.0206 0.0192
18.9921 0.8314 11.9822 167 189 122 0.5068 0.2018 0.2048 0.2004 0.9999 -0.0072 0.0023 0.0097
-13.9972 -6.7044 12.0000 160 160 170 0.5000 0.2000 0.2000 0.2000 1.0000 0.0000 0.0000 0.0000
-14.8343 -17.9614 12.0000 160 160 170 0.5000 0.2000 0.2000 0.2000 1.0000 0.0000 0.0000 0.0000
10.6536 -17.0730 12.1149 131 132 140 0.4730 0.1956 0.1959 0.1953 1.0000 -0.0027 -0.0001 0.0001
-2.1660 4.2662 11.8907 163 170 198 0.5275 0.2053 0.2047 0.2045 0.9997 0.0151 0.0151 0.0151
-0.8357 -18.2233 12.0000 160 160 170 0.5000 0.2000 0.2000 0.2000 1.0000 0.0000 0.0000 0.0000
12.6796 12.4774 11.8659 113 148 108 0.4935 0.2079 0.2042 0.2044 0.9997 -0.0076 0.0055 0.0220
18.7331 -10.1045 12.0000 160 160 170 0.5000 0.2000 0.2000 0.2000 1.0000 0.0000 0.0000 0.0000
16.0738 -0.5238 12.0000 160 160 170 0.5000 0.2000 0.2000 0.2000 1.0000 0.0000 0.0000 0.0000
-12.3201 -3.6963 12.0000 160 160 170 0.5000 0.2000 0.2000 0.2000 1.0000 0.0000 0.0000 0.0000
5.8431 10.9268 12.0000 160 160 170 0.5000 0.2000 0.2000 0.2000 1.0000 0.0000 0.0000 0.0000
-12.2821 3.2727 12.0000 160 160 170 0.5000 0.2000 0.2000 0.2000 1.0000 0.0000 0.0000 0.0000
-10.4491 17.2279 12.0000 160 160 170 0.5000 0.2000 0.2000 0.2000 1.0000 0.0000 0.0000 0.0000
13.4820 -9.0669 12.0000 160 160 170 0.5000 0.2000 0.2000 0.2000 1.0000 0.0000 0.0000 0.0000
5.7877 5.1028 11.9983 156 172 141 0.5128 0.2024 0.2033 0.2002 0.9992 -0.0208 0.0142 -0.0305
-18.8838 -6.3215 12.0000 160 160 170 0.5000 0.2000 0.2000 0.2000 1.0000 0.0000 0.0000 0.0000
-6.1075 -6.0877 11.8921 84 107 86 0.5278 0.2065 0.2120 0.2115 0.9990 -0.0063 -0.0356 -0.0247
-4.3727 -17.9025 12.0000 160 160 170 0.5000 0.2000 0.2000 0.2000 1.0000 0.0000 0.0000 0.0000
17.9096 16.4656 12.0000 160 160 170 0.5000 0.2000 0.2000 0.2000 1.0000 0.0000 0.0000 0.0000
11.3283 -9.6667 12.0000 160 160 170 0.5000 0.2000 0.2000 0.2000 1.0000 0.0000 0.0000 0.0000
10.6336 -3.9392 12.0000 160 160 170 0.5000 0.2000 0.2000 0.2000 1.0000 0.0000 0.0000 0.0000
1.5548 -19.9991 12.0000 160 160 170 0.5000 0.2000 0.2000 0.2000 1.0000 0.0000 0.0000 0.0000
7.8834 -12.9859 12.0000 160 160 170 0.5000 0.2000 0.2000 0.2000 1.0000 0.0000 0.0000 0.0000
-16.3060 3.1375 12.0000 160 160 170 0.5000 0.2000 0.2000 0.2000 1.0000 0.0000 0.0000 0.0000
-8.6004 15.8186 12.0000 160 160 170 0.5000 0.2000 0.2000 0.2000 1.0000 0.0000 0.0000 0.0000
15.1705 2.5398 12.0000 160 160 170 0.5000 0.2000 0.2000 0.2000 1.0000 0.0000 0.0000 0.0000
-4.0867 -7.2176 11.7860 203 224 203 0.5519 0.1981 0.2105 0.2091 0.9978 0.0268 0.0529 0.0302
9.8175 4.1923 11.9588 162 163 171 0.5049 0.1993 0.1994 0.2017 1.0000 0.0002 -0.0001 -0.0000
14.4300 17.3357 12.0000 160 160 170 0.5000 0.2000 0.2000 0.2000 1.0000 0.0000 0.0000 0.0000
0.5901 -18.0203 11.8577 130 139 137 0.5305 0.2078 0.2059 0.2071 0.9991 -0.0113 -0.0419 0.0023
18.7566 -0.1632 12.0000 160 160 170 0.5000 0.2000 0.2000 0.2000 1.0000 0.0000 0.0000 0.0000
6.5396 19.0142 12.0000 160 160 170 0.5000 0.2000 0.2000 0.2000 1.0000 0.0000 0.0000 0.0000
15.2212 -8.2445 12.0000 160 160 170 0.5000 0.2000 0.2000 0.2000 1.0000 0.0000 0.0000 0.0000
-5.8896 -5.1872 11.9176 104 139 64 0.5147 0.1982 0.2043 0.2067 0.9974 0.0003 0.0712 -0.0065
15.6295 -14.9122 12.0000 160 160 170 0.5000 0.2000 0.2000 0.2000 1.0000 0.0000 0.0000 0.0000
-11.8051 8.1281 12.0000 160 160 170 0.5000 0.2000 0.2000 0.2000 1.0000 0.0000 0.0000 0.0000
-10.9096 2.5755 12.0000 160 160 170 0.5000 0.2000 0.2000 0.2000 1.0000 0.0000 0.0000 0.0000
-14.6565 16.7386 12.0000 160 160 170 0.5000 0.2000 0.2000 0.2000 1.0000 0.0000 0.0000 0.0000
-12.2912 -19.1388 12.0000 160 160 170 0.5000 0.2000 0.2000 0.2000 1.0000 0.0000 0.0000 0.0000
0.0085 -1.0107 12.0000 160 160 170 0.5000 0.2000 0.2000 0.2000 1.0000 0.0000 0.0000 0.0000
-19.6969 15.6719 12.0000 160 160 170 0.5000 0.2000 0.2000 0.2000 1.0000 0.0000 0.0000 0.0000
9.5840 16.7147 12.0000 160 160 170 0.5000 0.2000 0.2000 0.2000 1.0000 0.0000 0.0000 0.0000
-9.6654 -14.8982 12.0000 160 160 170 0.5000 0.2000 0.2000 0.2000 1.0000 0.0000 0.0000 0.0000
8.7989 15.0129 12.0000 160 160 170 0.5000 0.2000 0.2000 0.2000 1.0000 0.0000 0.0000 0.0000
-18.4211 -12.5211 12.0000 160 160 170 0.5000 0.2000 0.2000 0.2000 1.0000 0.0000 0.0000 0.0000
2.1377 8.8647 12.0000 160 160 170 0.5000 0.2000 0.2000 0.2000 1.0000 0.0000 0.0000 0.0000
-7.5402 -14.0243 12.0000 160 160 170 0.5000 0.2000 0.2000 0.2000 1.0000 0.0000 0.0000 0.0000
-4.0244 -2.0396 11.9651 143 159 137 0.5044 0.2006 0.2029 0.2037 0.9996 0.0089 -0.0169 0.0215
-0.5341 4.4759 11.8465 157 187 150 0.5264 0.2062 0.2040 0.2064 0.9992 0.0346 0.0049 0.0209
-14.0509 -2.3659 12.0000 160 160 170 0.5000 0.2000 0.2000 0.2000 1.0000 0.0000 0.0000 0.0000
16.5500 19.2283 12.0000 160 160 170 0.5000 0.2000 0.2000 0.2000 1.0000 0.0000 0.0000 0.0000
-0.1640 13.9956 12.0000 160 160 170 0.5000 0.2000 0.2000 0.2000 1.0000 0.0000 0.0000 0.0000
-19.0445 4.4084 12.0000 160 160 170 0.5000 0.2000 0.2000 0.2000 1.0000 0.0000 0.0000 0.0000
18.1311 14.1920 12.0000 160 160 170 0.5000 0.2000 0.2000 0.2000 1.0000 0.0000 0.0000 0.0000
-17.7060 -11.1026 12.0000 160 160 170 0.5000 0.2000 0.2000 0.2000 1.0000 0.0000 0.0000 0.0000
-13.2316 -18.9143 12.0000 160 160 170 0.5000 0.2000 0.2000 0.2000 1.0000 0.0000 0.0000 0.0000
13.4452 16.8943 12.0000 160 160 170 0.5000 0.2000 0.2000 0.2000 1.0000 0.0000 0.0000 0.0000
-9.9100 2.7503 12.0000 160 160 170 0.5000 0.2000 0.2000 0.2000 1.0000 0.0000 0.0000 0.0000
-0.7061 -15.3717 12.0028 124 145 126 0.5070 0.2079 0.2087 0.2037 0.9990 0.0106 0.0297 0.0315
-11.6630 -3.9415 12.0000 160 160 170 0.5000 0.2000 0.2000 0.2000 1.0000 0.0000 0.0000 0.0000
16.9380 -4.2948 12.0000 160 160 170 0.5000 0.2000 0.2000 0.2000 1.0000 0.0000 0.0000 0.0000
13.6861 -9.5266 12.0000 160 160 170 0.5000 0.2000 0.2000 0.2000 1.0000 0.0000 0.0000 0.0000
-17.8397 -11.2702 12.0000 160 160 170 0.5000 0.2000 0.2000 0.2000 1.0000 0.0000 0.0000 0.0000
7.6861 2.2096 11.8002 215 222 199 0.5493 0.2088 0.2076 0.2080 1.0000 -0.0026 -0.0042 -0.0022
14.8113 -8.1055 12.0000 160 160 170 0.5000 0.2000 0.2000 0.2000 1.0000 0.0000 0.0000 0.0000
-4.1994 -7.4659 11.7503 214 228 213 0.5617 0.2009 0.2113 0.2102 0.9972 0.0254 0.0710 -0.0009
1.0093 -5.8452 12.0000 160 160 170 0.5000 0.2000 0.2000 0.2000 1.0000 0.0000 0.0000 0.0000
14.2652 -0.6059 12.0000 160 160 170 0.5000 0.2000 0.2000 0.2000 1.0000 0.0000 0.0000 0.0000
13.7483 -11.2366 12.0000 160 160 170 0.5000 0.2000 0.2000 0.2000 1.0000 0.0000 0.0000 0.0000
-14.3549 7.6673 12.0000 160 160 170 0.5000 0.2000 0.2000 0.2000 1.0000 0.0000 0.0000 0.0000
8.7481 4.5114 12.0596 153 153 163 0.4897 0.1983 0.1982 0.1976 1.0000 0.0000 0.0000 0.0000
-9.6776 -10.5821 12.0000 160 160 170 0.5000 0.2000 0.2000 0.2000 1.0000 0.0000 0.0000 0.0000
-0.9065 13.8853 12.0000 160 160 170 0.5000 0.2000 0.2000 0.2000 1.0000 0.0000 0.0000 0.0000
-17.0548 -15.3770 12.0000 160 160 170 0.5000 0.2000 0.2000 0.2000 1.0000 0.0000 0.0000 0.0000
14.2702 -9.2318 12.0000 160 160 170 0.5000 0.2000 0.2000 0.2000 1.0000 0.0000 0.0000 0.0000
2.7312 11.5094 12.0000 160 160 170 0.5000 0.2000 0.2000 0.2000 1.0000 0.0000 0.0000 0.0000
-19.6534 10.8703 12.0000 160 160 170 0.5000 0.2000 0.2000 0.2000 1.0000 0.0000 0.0000 0.0000
1.9825 -9.9915 12.0000 160 160 170 0.5000 0.2000 0.2000 0.2000 1.0000 0.0000 0.0000 0.0000
-9.8098 -18.1861 12.0000 160 160 170 0.5000 0.2000 0.2000 0.2000 1.0000 0.0000 0.0000 0.0000
13.1366 -12.2999 12.0000 160 160 170 0.5000 0.2000 0.2000 0.2000 1.0000 0.0000 0.0000 0.0000
-8.7038 17.6234 12.0000 160 160 170 0.5000 0.2000 0.2000 0.2000 1.0000 0.0000 0.0000 0.0000
5.5803 -4.8337 11.8221 211 216 213 0.5459 0.2069 0.2076 0.2071 0.9996 -0.0271 0.0066 -0.0075
-7.4089 5.2539 12.0000 160 160 170 0.5000 0.2000 0.2000 0.2000 1.0000 0.0000 0.0000 0.0000
11.4270 -12.4498 12.0000 160 160 170 0.5000 0.2000 0.2000 0.2000 1.0000 0.0000 0.0000 0.0000
-7.4409 -15.4768 12.0000 160 160 170 0.5000 0.2000 0.2000 0.2000 1.0000 0.0000 0.0000 0.0000
-12.0613 2.2843 12.0000 160 160 170 0.5000 0.2000 0.2000 0.2000 1.0000 0.0000 0.0000 0.0000
3.2300 3.2406 12.0198 181 196 173 0.5368 0.2066 0.2067 0.2062 0.9990 -0.0143 -0.0136 -0.0398
-0.2198 5.4255 11.8853 154 180 154 0.5290 0.2064 0.2056 0.2058 0.9996 0.0020 -0.0073 0.0281
14.4470 -0.2554 12.0000 160 160 170 0.5000 0.2000 0.2000 0.2000 1.0000 0.0000 0.0000 0.0000
-13.9782 -3.3906 12.0000 160 160 170 0.5000 0.2000 0.2000 0.2000 1.0000 0.0000 0.0000 0.0000
16.2000 -1.7174 12.0000 160 160 170 0.5000 0.2000 0.2000 0.2000 1.0000 0.0000 0.0000 0.0000
-8.0776 -19.9336 12.0000 160 160 170 0.5000 0.2000 0.2000 0.2000 1.0000 0.0000 0.0000 0.0000
-15.9622 -3.1196 12.0000 160 160 170 0.5000 0.2000 0.2000 0.2000 1.0000 0.0000 0.0000 0.0000
4.1739 14.8511 12.0000 160 160 170 0.5000 0.2000 0.2000 0.2000 1.0000 0.0000 0.0000 0.0000
18.1277 19.4530 12.0000 160 160 170 0.5000 0.2000 0.2000 0.2000 1.0000 0.0000 0.0000 0.0000
-10.0885 15.7139 12.0000 160 160 170 0.5000 0.2000 0.2000 0.2000 1.0000 0.0000 0.0000 0.0000
4.8302 0.0585 11.8837 165 196 107 0.5108 0.2086 0.2106 0.2083 0.9995 -0.0248 0.0104 -0.0191
5.3713 9.2142 12.0458 180 196 203 0.5304 0.2040 0.2041 0.2044 0.9995 -0.0232 -0.0145 0.0153
4.0602 9.6916 12.0000 160 160 170 0.5000 0.2000 0.2000 0.2000 1.0000 0.0000 0.0000 0.0000
3.8958 -16.9739 12.0026 152 171 123 0.4955 0.1960 0.2051 0.2012 0.9985 0.0227 0.0047 0.0505
0.6101 -14.1690 11.8225 212 215 192 0.5494 0.2066 0.2085 0.2061 0.9986 -0.0082 -0.0250 0.0453
4.5463 17.2168 12.0000 160 160 170 0.5000 0.2000 0.2000 0.2000 1.0000 0.0000 0.0000 0.0000
13.9028 11.5680 12.0773 121 153 117 0.4907 0.2068 0.1999 0.2030 0.9997 -0.0118 -0.0011 0.0229
14.9418 18.1250 12.0000 160 160 170 0.5000 0.2000 0.2000 0.2000 1.0000 0.0000 0.0000 0.0000
-17.0914 -11.6158 12.0000 160 160 170 0.5000 0.2000 0.2000 0.2000 1.0000 0.0000 0.0000 0.0000
19.6160 -1.8200 12.0000 160 160 170 0.5000 0.2000 0.2000 0.2000 1.0000 0.0000 0.0000 0.0000
-3.5747 12.4025 12.0000 160 160 170 0.5000 0.2000 0.2000 0.2000 1.0000 0.0000 0.0000 0.0000
14.7920 -17.8683 11.8418 178 195 148 0.5294 0.2042 0.2075 0.2083 0.9984 -0.0357 0.0431 0.0067
8.8577 -4.8058 12.1028 135 141 142 0.4761 0.1969 0.1963 0.1958 1.0000 0.0050 0.0004 -0.0008
9.9100 -11.4264 12.0000 160 160 170 0.5000 0.2000 0.2000 0.2000 1.0000 0.0000 0.0000 0.0000
13.5062 0.6856 12.0000 160 160 170 0.5000 0.2000 0.2000 0.2000 1.0000 0.0000 0.0000 0.0000
-5.3226 16.7974 12.0000 160 160 170 0.5000 0.2000 0.2000 0.2000 1.0000 0.0000 0.0000 0.0000
7.4091 3.0685 11.8879 194 212 163 0.5289 0.2016 0.2065 0.2046 0.9999 -0.0003 0.0135 -0.0083
14.1252 -11.2676 12.0000 160 160 170 0.5000 0.2000 0.2000 0.2000 1.0000 0.0000 0.0000 0.0000
-16.0953 -5.0216 12.0000 160 160 170 0.5000 0.2000 0.2000 0.2000 1.0000 0.0000 0.0000 0.0000
-5.5641 -11.7344 12.0000 160 160 170 0.5000 0.2000 0.2000 0.2000 1.0000 0.0000 0.0000 0.0000
-4.6048 -19.5857 12.0000 160 160 170 0.5000 0.2000 0.2000 0.2000 1.0000 0.0000 0.0000 0.0000
-18.7446 13.8507 12.0000 160 160 170 0.5000 0.2000 0.2000 0.2000 1.0000 0.0000 0.0000 0.0000
1.0067 -10.0538 12.0000 160 160 170 0.5000 0.2000 0.2000 0.2000 1.0000 0.0000 0.0000 0.0000
16.0285 9.6437 11.8223 178 205 180 0.5327 0.2094 0.2069 0.2089 0.9996 0.0061 -0.0083 -0.0272
-18.3210 -0.4701 12.0000 160 160 170 0.5000 0.2000 0.2000 0.2000 1.0000 0.0000 0.0000 0.0000
13.7021 6.0270 12.0968 117 124 122 0.4679 0.1979 0.2007 0.2042 0.9994 -0.0313 -0.0068 0.0158
4.0509 19.6931 12.0000 160 160 170 0.5000 0.2000 0.2000 0.2000 1.0000 0.0000 0.0000 0.0000
-11.7197 15.5460 12.0000 160 160 170 0.5000 0.2000 0.2000 0.2000 1.0000 0.0000 0.0000 0.0000
-0.2540 -5.7861 12.0000 160 160 170 0.5000 0.2000 0.2000 0.2000 1.0000 0.0000 0.0000 0.0000
-7.7333 17.5222 12.0000 160 160 170 0.5000 0.2000 0.2000 0.2000 1.0000 0.0000 0.0000 0.0000
14.0480 -14.9436 12.0000 160 160 170 0.5000 0.2000 0.2000 0.2000 1.0000 0.0000 0.0000 0.0000
13.6513 18.9253 12.0000 160 160 170 0.5000 0.2000 0.2000 0.2000 1.0000 0.0000 0.0000 0.0000
-7.0889 2.8660 12.0000 160 160 170 0.5000 0.2000 0.2000 0.2000 1.0000 0.0000 0.0000 0.0000
-3.6991 4.7028 12.0000 160 160 170 0.5000 0.2000 0.2000 0.2000 1.0000 0.0000 0.0000 0.0000
19.2512 5.6748 12.1128 201 208 182 0.5426 0.2043 0.2078 0.2032 0.9994 0.0227 0.0147 -0.0230
-14.9515 12.9987 12.0000 160 160 170 0.5000 0.2000 0.2000 0.2000 1.0000 0.0000 0.0000 0.0000
-17.8011 8.6724 12.0000 160 160 170 0.5000 0.2000 0.2000 0.2000 1.0000 0.0000 0.0000 0.0000
-16.2986 11.8093 12.0000 160 160 170 0.5000 0.2000 0.2000 0.2000 1.0000 0.0000 0.0000 0.0000
5.6112 4.3982 11.9783 155 176 138 0.5130 0.2020 0.2049 0.2018 0.9989 -0.0015 0.0209 -0.0422
-15.9969 -9.5207 12.0000 160 160 170 0.5000 0.2000 0.2000 0.2000 1.0000 0.0000 0.0000 0.0000
3.1413 6.6774 12.0276 131 184 152 0.5145 0.2037 0.2052 0.2061 0.9995 0.0007 0.0294 -0.0080
-3.9011 -5.5873 11.9312 101 141 81 0.5128 0.1994 0.2031 0.2034 0.9992 0.0254 0.0140 0.0266
10.4318 6.3872 12.0268 125 163 124 0.4872 0.1994 0.1978 0.2004 0.9998 0.0108 -0.0128 0.0113
17.2341 17.8323 12.0000 160 160 170 0.5000 0.2000 0.2000 0.2000 1.0000 0.0000 0.0000 0.0000
18.7106 7.7164 12.0867 117 126 128 0.4688 0.1986 0.1979 0.2005 0.9997 0.0003 0.0222 -0.0073
0.0302 -17.5543 12.0751 162 180 153 0.5324 0.2059 0.2054 0.2045 0.9993 -0.0127 -0.0218 -0.0260
-12.0640 -0.8567 12.0000 160 160 170 0.5000 0.2000 0.2000 0.2000 1.0000 0.0000 0.0000 0.0000
-16.0141 5.0966 12.0000 160 160 170 0.5000 0.2000 0.2000 0.2000 1.0000 0.0000 0.0000 0.0000
-3.9622 15.3259 12.0000 160 160 170 0.5000 0.2000 0.2000 0.2000 1.0000 0.0000 0.0000 0.0000
3.1657 -15.0202 11.8413 188 214 147 0.5380 0.2018 0.2085 0.2068 0.9997 0.0036 0.0190 0.0120
-8.0155 12.6586 12.0000 160 160 170 0.5000 0.2000 0.2000 0.2000 1.0000 0.0000 0.0000 0.0000
-1.5007 -13.7699 12.0409 158 188 136 0.5215 0.2059 0.2050 0.2014 0.9999 0.0012 -0.0042 -0.0127
-19.9060 -9.3831 12.0000 160 160 170 0.5000 0.2000 0.2000 0.2000 1.0000 0.0000 0.0000 0.0000
-7.7992 15.3091 12.0000 160 160 170 0.5000 0.2000 0.2000 0.2000 1.0000 0.0000 0.0000 0.0000
-10.9047 18.7761 12.0000 160 160 170 0.5000 0.2000 0.2000 0.2000 1.0000 0.0000 0.0000 0.0000
19.9791 -16.8641 11.8160 137 174 132 0.5200 0.2069 0.2077 0.2073 0.9994 0.0283 0.0045 -0.0196
17.0594 4.8134 11.9556 117 138 119 0.4743 0.1973 0.2074 0.2043 0.9999 -0.0014 0.0049 0.0089
14.2383 -8.7853 12.0000 160 160 170 0.5000 0.2000 0.2000 0.2000 1.0000 0.0000 0.0000 0.0000
18.7767 -4.4404 12.0000 160 160 170 0.5000 0.2000 0.2000 0.2000 1.0000 0.0000 0.0000 0.0000
15.6802 19.9278 12.0000 160 160 170 0.5000 0.2000 0.2000 0.2000 1.0000 0.0000 0.0000 0.0000
-3.4854 2.6243 12.0000 160 160 170 0.5000 0.2000 0.2000 0.2000 1.0000 0.0000 0.0000 0.0000
-8.7770 -6.2655 12.0000 160 160 170 0.5000 0.2000 0.2000 0.2000 1.0000 0.0000 0.0000 0.0000
-15.9077 -6.7333 12.0000 160 160 170 0.5000 0.2000 0.2000 0.2000 1.0000 0.0000 0.0000 0.0000
-8.5341 -6.7128 12.0000 160 160 170 0.5000 0.2000 0.2000 0.2000 1.0000 0.0000 0.0000 0.0000
8.8809 -16.2979 12.0000 160 160 170 0.5000 0.2000 0.2000 0.2000 1.0000 0.0000 0.0000 0.0000
2.2831 -8.5485 12.0000 160 160 170 0.5000 0.2000 0.2000 0.2000 1.0000 0.0000 0.0000 0.0000
-13.8416 -9.8420 12.0000 160 160 170 0.5000 0.2000 0.2000 0.2000 1.0000 0.0000 0.0000 0.0000
-14.2204 0.5366 12.0000 160 160 170 0.5000 0.2000 0.2000 0.2000 1.0000 0.0000 0.0000 0.0000
-17.4794 11.0115 12.0000 160 160 170 0.5000 0.2000 0.2000 0.2000 1.0000 0.0000 0.0000 0.0000
-7.5104 -11.9477 12.0000 160 160 170 0.5000 0.2000 0.2000 0.2000 1.0000 0.0000 0.0000 0.0000
-13.1435 -8.4452 12.0000 160 160 170 0.5000 0.2000 0.2000 0.2000 1.0000 0.0000 0.0000 0.0000
17.6730 14.3263 12.0000 160 160 170 0.5000 0.2000 0.2000 0.2000 1.0000 0.0000 0.0000 0.0000
5.4107 -19.2581 11.8537 137 165 148 0.5484 0.2089 0.2086 0.2077 0.9995 -0.0042 -0.0075 -0.0304
-13.5447 18.7070 12.0000 160 160 170 0.5000 0.2000 0.2000 0.2000 1.0000 0.0000 0.0000 0.0000
9.4393 1.4455 12.0000 160 160 170 0.5000 0.2000 0.2000 0.2000 1.0000 0.0000 0.0000 0.0000
-12.4843 -7.7625 12.0000 160 160 170 0.5000 0.2000 0.2000 0.2000 1.0000 0.0000 0.0000 0.0000
15.8274 -12.5454 12.0000 160 160 170 0.5000 0.2000 0.2000 0.2000 1.0000 0.0000 0.0000 0.0000
-4.5408 7.1980 12.0000 160 160 170 0.5000 0.2000 0.2000 0.2000 1.0000 0.0000 0.0000 0.0000
-12.0387 7.1590 12.0000 160 160 170 0.5000 0.2000 0.2000 0.2000 1.0000 0.0000 0.0000 0.0000
18.4930 -13.6784 12.0000 160 160 170 0.5000 0.2000 0.2000 0.2000 1.0000 0.0000 0.0000 0.0000
5.2827 9.2721 12.0564 171 189 199 0.5243 0.2024 0.2042 0.2043 0.9997 -0.0216 0.0053 -0.0034
-10.4033 -6.2982 12.0000 160 160 170 0.5000 0.2000 0.2000 0.2000 1.0000 0.0000 0.0000 0.0000
-3.3935 16.8498 12.0000 160 160 170 0.5000 0.2000 0.2000 0.2000 1.0000 0.0000 0.0000 0.0000
-16.9622 5.2006 12.0000 160 160 170 0.5000 0.2000 0.2000 0.2000 1.0000 0.0000 0.0000 0.0000
-7.4455 -9.7594 12.0000 160 160 170 0.5000 0.2000 0.2000 0.2000 1.0000 0.0000 0.0000 0.0000
-12.9824 11.9386 12.0000 160 160 170 0.5000 0.2000 0.2000 0.2000 1.0000 0.0000 0.0000 0.0000
6.3893 0.4326 11.8261 208 230 174 0.5417 0.2034 0.2102 0.2076 0.9988 0.0169 0.0370 -0.0255
13.7266 7.4567 11.9303 171 189 184 0.5253 0.2073 0.2027 0.2057 0.9994 -0.0008 0.0328 0.0078
-16.5494 16.7219 12.0000 160 160 170 0.5000 0.2000 0.2000 0.2000 1.0000 0.0000 0.0000 0.0000
14.7548 -7.4415 12.0000 160 160 170 0.5000 0.2000 0.2000 0.2000 1.0000 0.0000 0.0000 0.0000
16.4328 1.5575 12.0000 160 160 170 0.5000 0.2000 0.2000 0.2000 1.0000 0.0000 0.0000 0.0000
12.1105 15.6261 12.0000 160 160 170 0.5000 0.2000 0.2000 0.2000 1.0000 0.0000 0.0000 0.0000
5.2947 5.3358 12.0536 141 171 126 0.5014 0.2029 0.2049 0.2012 0.9991 -0.0224 0.0325 -0.0167
-19.1329 -3.5162 12.0000 160 160 170 0.5000 0.2000 0.2000 0.2000 1.0000 0.0000 0.0000 0.0000
0.8240 -9.5181 12.0000 160 160 170 0.5000 0.2000 0.2000 0.2000 1.0000 0.0000 0.0000 0.0000
11.9106 -12.4859 12.0000 160 160 170 0.5000 0.2000 0.2000 0.2000 1.0000 0.0000 0.0000 0.0000
-7.6500 18.2650 12.0000 160 160 170 0.5000 0.2000 0.2000 0.2000 1.0000 0.0000 0.0000 0.0000
-14.5275 -3.1688 12.0000 160 160 170 0.5000 0.2000 0.2000 0.2000 1.0000 0.0000 0.0000 0.0000
1.7844 15.3151 12.0000 160 160 170 0.5000 0.2000 0.2000 0.2000 1.0000 0.0000 0.0000 0.0000
-8.8764 13.8935 12.0000 160 160 170 0.5000 0.2000 0.2000 0.2000 1.0000 0.0000 0.0000 0.0000
16.5096 -13.5126 12.0000 160 160 170 0.5000 0.2000 0.2000 0.2000 1.0000 0.0000 0.0000 0.0000
-3.3205 13.8461 12.0000 160 160 170 0.5000 0.2000 0.2000 0.2000 1.0000 0.0000 0.0000 0.0000
-11.9384 19.3578 12.0000 160 160 170 0.5000 0.2000 0.2000 0.2000 1.0000 0.0000 0.0000 0.0000
13.1748 -15.5949 12.0000 160 160 170 0.5000 0.2000 0.2000 0.2000 1.0000 0.0000 0.0000 0.0000
-9.7660 -10.6871 12.0000 160 160 170 0.5000 0.2000 0.2000 0.2000 1.0000 0.0000 0.0000 0.0000
-11.6723 -11.7279 12.0000 160 160 170 0.5000 0.2000 0.2000 0.2000 1.0000 0.0000 0.0000 0.0000
-7.6611 -7.7453 12.0000 160 160 170 0.5000 0.2000 0.2000 0.2000 1.0000 0.0000 0.0000 0.0000
-4.3916 -8.1963 11.8074 168 190 160 0.5436 0.2071 0.2098 0.2088 0.9974 -0.0528 0.0380 -0.0297
-18.4392 11.9917 12.0000 160 160 170 0.5000 0.2000 0.2000 0.2000 1.0000 0.0000 0.0000 0.0000
16.9670 -8.0994 12.0000 160 160 170 0.5000 0.2000 0.2000 0.2000 1.0000 0.0000 0.0000 0.0000
17.1005 -15.0017 12.0000 160 160 170 0.5000 0.2000 0.2000 0.2000 1.0000 0.0000 0.0000 0.0000
4.5286 -2.6922 11.9268 142 178 105 0.5210 0.2104 0.2085 0.2060 0.9975 -0.0032 -0.0240 0.0670
-12.9381 15.8235 12.0000 160 160 170 0.5000 0.2000 0.2000 0.2000 1.0000 0.0000 0.0000 0.0000
14.9736 9.3383 11.9447 146 171 164 0.5116 0.2071 0.2001 0.2030 0.9995 -0.0024 0.0268 0.0180
6.2064 -18.0453 11.9982 151 160 136 0.4956 0.1984 0.2026 0.2013 0.9993 -0.0344 -0.0063 0.0113
10.3206 16.8183 12.0000 160 160 170 0.5000 0.2000 0.2000 0.2000 1.0000 0.0000 0.0000 0.0000
-9.1215 12.7822 12.0000 160 160 170 0.5000 0.2000 0.2000 0.2000 1.0000 0.0000 0.0000 0.0000
9.2362 2.6360 12.0000 160 160 170 0.5000 0.2000 0.2000 0.2000 1.0000 0.0000 0.0000 0.0000
-15.4712 -10.0083 12.0000 160 160 170 0.5000 0.2000 0.2000 0.2000 1.0000 0.0000 0.0000 0.0000
11.4213 3.2831 12.0000 160 160 170 0.5000 0.2000 0.2000 0.2000 1.0000 0.0000 0.0000 0.0000
-12.0988 5.6113 12.0000 160 160 170 0.5000 0.2000 0.2000 0.2000 1.0000 0.0000 0.0000 0.0000
15.8236 13.6577 12.0514 177 176 178 0.5166 0.2034 0.2049 0.2040 0.9999 -0.0017 -0.0161 0.0041
9.6733 2.2224 12.0000 160 160 170 0.5000 0.2000 0.2000 0.2000 1.0000 0.0000 0.0000 0.0000
-9.8950 17.0857 12.0000 160 160 170 0.5000 0.2000 0.2000 0.2000 1.0000 0.0000 0.0000 0.0000
18.3088 -1.3522 12.0000 160 160 170 0.5000 0.2000 0.2000 0.2000 1.0000 0.0000 0.0000 0.0000
10.9550 -14.7493 12.0000 160 160 170 0.5000 0.2000 0.2000 0.2000 1.0000 0.0000 0.0000 0.0000
8.1070 -16.4219 12.0798 152 153 161 0.4879 0.1980 0.1984 0.1967 1.0000 -0.0006 -0.0001 0.0000
-5.4374 16.2533 12.0000 160 160 170 0.5000 0.2000 0.2000 0.2000 1.0000 0.0000 0.0000 0.0000
8.2095 3.7300 11.9667 165 178 166 0.5062 0.2016 0.2021 0.2017 1.0000 0.0002 -0.0007 0.0003
7.7519 -13.5611 12.0000 160 160 170 0.5000 0.2000 0.2000 0.2000 1.0000 0.0000 0.0000 0.0000
-8.4613 -6.4121 12.0000 160 160 170 0.5000 0.2000 0.2000 0.2000 1.0000 0.0000 0.0000 0.0000
13.3326 -6.4108 12.0000 160 160 170 0.5000 0.2000 0.2000 0.2000 1.0000 0.0000 0.0000 0.0000
-10.9031 -10.3621 12.0000 160 160 170 0.5000 0.2000 0.2000 0.2000 1.0000 0.0000 0.0000 0.0000
-10.2689 8.3269 12.0000 160 160 170 0.5000 0.2000 0.2000 0.2000 1.0000 0.0000 0.0000 0.0000
19.3921 -19.0508 12.1296 185 193 180 0.5311 0.2050 0.2062 0.2048 0.9992 0.0307 -0.0247 -0.0056
-0.4619 8.1628 12.0000 160 160 170 0.5000 0.2000 0.2000 0.2000 1.0000 0.0000 0.0000 0.0000
-0.2601 16.7377 12.0000 160 160 170 0.5000 0.2000 0.2000 0.2000 1.0000 0.0000 0.0000 0.0000
-15.9925 -4.9820 12.0000 160 160 170 0.5000 0.2000 0.2000 0.2000 1.0000 0.0000 0.0000 0.0000
10.4490 8.6615 11.9975 164 171 164 0.5241 0.2089 0.2085 0.2117 0.9991 -0.0100 0.0351 0.0206
1.3837 18.1958 12.0000 160 160 170 0.5000 0.2000 0.2000 0.2000 1.0000 0.0000 0.0000 0.0000
-10.4582 5.4064 12.0000 160 160 170 0.5000 0.2000 0.2000 0.2000 1.0000 0.0000 0.0000 0.0000
8.0504 -9.2953 12.0000 160 160 170 0.5000 0.2000 0.2000 0.2000 1.0000 0.0000 0.0000 0.0000
10.2121 -18.0565 12.0673 126 137 122 0.4796 0.1960 0.1976 0.1987 0.9989 0.0242 0.0141 0.0374
15.7292 -1.8920 12.0000 160 160 170 0.5000 0.2000 0.2000 0.2000 1.0000 0.0000 0.0000 0.0000
-7.2989 9.9930 12.0000 160 160 170 0.5000 0.2000 0.2000 0.2000 1.0000 0.0000 0.0000 0.0000
-9.1669 0.5684 12.0000 160 160 170 0.5000 0.2000 0.2000 0.2000 1.0000 0.0000 0.0000 0.0000
5.9718 -12.4693 12.0000 160 160 170 0.5000 0.2000 0.2000 0.2000 1.0000 0.0000 0.0000 0.0000
7.2216 -9.6685 12.0000 160 160 170 0.5000 0.2000 0.2000 0.2000 1.0000 0.0000 0.0000 0.0000
18.6705 -15.2472 11.8173 201 209 196 0.5445 0.2038 0.2077 0.2076 0.9996 -0.0222 -0.0181 -0.0047
-13.9002 -19.6034 12.0000 160 160 170 0.5000 0.2000 0.2000 0.2000 1.0000 0.0000 0.0000 0.0000
9.7148 9.7401 11.8510 189 205 179 0.5360 0.2109 0.2066 0.2067 0.9989 0.0071 -0.0148 0.0430
-1.9296 5.0054 12.0000 160 160 170 0.5000 0.2000 0.2000 0.2000 1.0000 0.0000 0.0000 0.0000
-1.9490 -5.2842 12.0000 160 160 170 0.5000 0.2000 0.2000 0.2000 1.0000 0.0000 0.0000 0.0000
8.0562 3.2140 11.9093 176 197 169 0.5195 0.2027 0.2037 0.2040 1.0000 -0.0001 0.0051 0.0018
17.4522 -11.7847 12.0000 160 160 170 0.5000 0.2000 0.2000 0.2000 1.0000 0.0000 0.0000 0.0000
17.4871 14.6942 12.0000 160 160 170 0.5000 0.2000 0.2000 0.2000 1.0000 0.0000 0.0000 0.0000
-12.9174 1.7770 12.0000 160 160 170 0.5000 0.2000 0.2000 0.2000 1.0000 0.0000 0.0000 0.0000
-16.3516 -5.3851 12.0000 160 160 170 0.5000 0.2000 0.2000 0.2000 1.0000 0.0000 0.0000 0.0000
-12.7284 15.5418 12.0000 160 160 170 0.5000 0.2000 0.2000 0.2000 1.0000 0.0000 0.0000 0.0000
0.3671 17.5971 12.0000 160 160 170 0.5000 0.2000 0.2000 0.2000 1.0000 0.0000 0.0000 0.0000
-15.1184 -9.3468 12.0000 160 160 170 0.5000 0.2000 0.2000 0.2000 1.0000 0.0000 0.0000 0.0000
13.5622 -16.8609 11.9761 164 164 168 0.5044 0.1968 0.2001 0.2012 1.0000 0.0010 0.0006 0.0039
11.2041 -18.5090 12.1260 114 126 104 0.4663 0.1952 0.2005 0.1989 0.9989 -0.0067 0.0114 0.0454
7.6101 12.9066 12.0000 160 160 170 0.5000 0.2000 0.2000 0.2000 1.0000 0.0000 0.0000 0.0000
-19.5526 -6.7665 12.0000 160 160 170 0.5000 0.2000 0.2000 0.2000 1.0000 0.0000 0.0000 0.0000
-13.7794 15.2882 12.0000 160 160 170 0.5000 0.2000 0.2000 0.2000 1.0000 0.0000 0.0000 0.0000
13.5832 9.5543 11.9031 181 198 181 0.5247 0.2045 0.2032 0.2039 0.9999 -0.0095 -0.0073 0.0045
13.0639 1.8906 12.0000 160 160 170 0.5000 0.2000 0.2000 0.2000 1.0000 0.0000 0.0000 0.0000
-7.9121 14.0474 12.0000 160 160 170 0.5000 0.2000 0.2000 0.2000 1.0000 0.0000 0.0000 0.0000
-10.6248 12.0910 12.0000 160 160 170 0.5000 0.2000 0.2000 0.2000 1.0000 0.0000 0.0000 0.0000
-16.1712 -13.0803 12.0000 160 160 170 0.5000 0.2000 0.2000 0.2000 1.0000 0.0000 0.0000 0.0000
-13.1563 -4.7715 12.0000 160 160 170 0.5000 0.2000 0.2000 0.2000 1.0000 0.0000 0.0000 0.0000
9.7682 -11.8242 12.0000 160 160 170 0.5000 0.2000 0.2000 0.2000 1.0000 0.0000 0.0000 0.0000
15.4394 3.4070 12.0133 158 182 116 0.4957 0.1993 0.1988 0.1999 1.0000 -0.0093 0.0022 0.0003
2.4167 -0.1904 12.2241 114 136 147 0.5293 0.2060 0.2054 0.2068 0.9987 -0.0403 0.0308 0.0057
-8.0122 11.6097 12.0000 160 160 170 0.5000 0.2000 0.2000 0.2000 1.0000 0.0000 0.0000 0.0000
-16.4946 11.8571 12.0000 160 160 170 0.5000 0.2000 0.2000 0.2000 1.0000 0.0000 0.0000 0.0000
18.5833 7.7661 12.0027 111 127 128 0.4802 0.2021 0.1988 0.2029 0.9999 0.0114 -0.0118 -0.0025
1.9266 -7.8257 12.0000 160 160 170 0.5000 0.2000 0.2000 0.2000 1.0000 0.0000 0.0000 0.0000
17.9114 -9.8666 12.0000 160 160 170 0.5000 0.2000 0.2000 0.2000 1.0000 0.0000 0.0000 0.0000
10.3225 13.9887 12.0000 160 160 170 0.5000 0.2000 0.2000 0.2000 1.0000 0.0000 0.0000 0.0000
18.5706 -12.7360 12.0000 160 160 170 0.5000 0.2000 0.2000 0.2000 1.0000 0.0000 0.0000 0.0000
-9.9700 8.6067 12.0000 160 160 170 0.5000 0.2000 0.2000 0.2000 1.0000 0.0000 0.0000 0.0000
6.5789 -13.3414 12.0000 160 160 170 0.5000 0.2000 0.2000 0.2000 1.0000 0.0000 0.0000 0.0000
18.7267 -4.0024 12.0000 160 160 170 0.5000 0.2000 0.2000 0.2000 1.0000 0.0000 0.0000 0.0000
-0.2800 11.2546 12.0000 160 160 170 0.5000 0.2000 0.2000 0.2000 1.0000 0.0000 0.0000 0.0000
-9.8420 7.4120 12.0000 160 160 170 0.5000 0.2000 0.2000 0.2000 1.0000 0.0000 0.0000 0.0000
3.1851 -2.2687 12.1127 129 144 156 0.5261 0.2082 0.2092 0.2041 0.9998 0.0162 -0.0052 -0.0076
-3.3392 -4.2599 11.9147 165 175 182 0.5191 0.2000 0.2026 0.2037 0.9999 -0.0033 0.0143 0.0041
-6.0978 6.0203 12.0000 160 160 170 0.5000 0.2000 0.2000 0.2000 1.0000 0.0000 0.0000 0.0000
1.2402 13.9641 12.0000 160 160 170 0.5000 0.2000 0.2000 0.2000 1.0000 0.0000 0.0000 0.0000
5.5029 13.6086 12.0000 160 160 170 0.5000 0.2000 0.2000 0.2000 1.0000 0.0000 0.0000 0.0000
8.4712 -11.4591 12.0000 160 160 170 0.5000 0.2000 0.2000 0.2000 1.0000 0.0000 0.0000 0.0000
-1.5798 -4.6660 12.0000 160 160 170 0.5000 0.2000 0.2000 0.2000 1.0000 0.0000 0.0000 0.0000
9.6382 0.6808 12.0000 160 160 170 0.5000 0.2000 0.2000 0.2000 1.0000 0.0000 0.0000 0.0000
12.8011 -16.0136 12.0000 160 160 170 0.5000 0.2000 0.2000 0.2000 1.0000 0.0000 0.0000 0.0000
-7.9999 -2.8697 12.0000 160 160 170 0.5000 0.2000 0.2000 0.2000 1.0000 0.0000 0.0000 0.0000
-0.2782 18.9551 12.0000 160 160 170 0.5000 0.2000 0.2000 0.2000 1.0000 0.0000 0.0000 0.0000
2.7778 -11.1227 12.0000 160 160 170 0.5000 0.2000 0.2000 0.2000 1.0000 0.0000 0.0000 0.0000
-6.0876 -8.3137 12.0931 130 142 139 0.5011 0.2026 0.2049 0.2040 1.0000 -0.0055 0.0051 0.0048
16.8093 -17.9148 11.8454 169 193 131 0.5251 0.2036 0.2070 0.2072 0.9996 0.0142 0.0067 -0.0224
15.4023 -7.3020 12.0000 160 160 170 0.5000 0.2000 0.2000 0.2000 1.0000 0.0000 0.0000 0.0000
2.8088 8.0099 12.0000 160 160 170 0.5000 0.2000 0.2000 0.2000 1.0000 0.0000 0.0000 0.0000
8.4539 -4.7452 12.1122 130 137 136 0.4729 0.1962 0.1960 0.1954 1.0000 0.0072 0.0020 -0.0019
-11.4191 1.6679 12.0000 160 160 170 0.5000 0.2000 0.2000 0.2000 1.0000 0.0000 0.0000 0.0000
17.4795 -19.5486 11.8619 182 203 175 0.5382 0.2073 0.2098 0.2094 0.9990 0.0408 0.0013 0.0204
-19.5941 6.5171 12.0000 160 160 170 0.5000 0.2000 0.2000 0.2000 1.0000 0.0000 0.0000 0.0000
17.1750 -4.6612 12.0000 160 160 170 0.5000 0.2000 0.2000 0.2000 1.0000 0.0000 0.0000 0.0000
16.3556 17.8802 12.0000 160 160 170 0.5000 0.2000 0.2000 0.2000 1.0000 0.0000 0.0000 0.0000
-4.6555 19.9816 12.0000 160 160 170 0.5000 0.2000 0.2000 0.2000 1.0000 0.0000 0.0000 0.0000
-3.9660 16.4002 12.0000 160 160 170 0.5000 0.2000 0.2000 0.2000 1.0000 0.0000 0.0000 0.0000
-13.1121 -7.5350 12.0000 160 160 170 0.5000 0.2000 0.2000 0.2000 1.0000 0.0000 0.0000 0.0000
11.9157 7.8373 11.8857 128 130 139 0.5285 0.2042 0.2043 0.2043 0.9997 0.0081 -0.0224 -0.0101
-4.2818 3.4438 12.0000 160 160 170 0.5000 0.2000 0.2000 0.2000 1.0000 0.0000 0.0000 0.0000
-9.8940 -10.2552 12.0000 160 160 170 0.5000 0.2000 0.2000 0.2000 1.0000 0.0000 0.0000 0.0000
-3.3895 -8.2288 11.7070 210 223 194 0.5723 0.2149 0.2133 0.2118 0.9995 -0.0118 -0.0099 0.0276
-15.5386 -19.7123 12.0000 160 160 170 0.5000 0.2000 0.2000 0.2000 1.0000 0.0000 0.0000 0.0000
10.7985 4.2912 12.1253 137 159 149 0.4745 0.1962 0.1982 0.1951 1.0000 0.0018 -0.0010 -0.0000
6.8867 18.0829 12.0000 160 160 170 0.5000 0.2000 0.2000 0.2000 1.0000 0.0000 0.0000 0.0000
-6.8362 6.8087 12.0000 160 160 170 0.5000 0.2000 0.2000 0.2000 1.0000 0.0000 0.0000 0.0000
-1.8079 -1.0627 12.0579 159 159 169 0.4986 0.1993 0.2000 0.1975 1.0000 0.0000 -0.0001 0.0000
2.8575 11.8327 12.0000 160 160 170 0.5000 0.2000 0.2000 0.2000 1.0000 0.0000 0.0000 0.0000
-11.0180 15.8358 12.0000 160 160 170 0.5000 0.2000 0.2000 0.2000 1.0000 0.0000 0.0000 0.0000
-3.5447 8.2281 12.0000 160 160 170 0.5000 0.2000 0.2000 0.2000 1.0000 0.0000 0.0000 0.0000
-14.5334 -5.4323 12.0000 160 160 170 0.5000 0.2000 0.2000 0.2000 1.0000 0.0000 0.0000 0.0000
-18.7468 13.2003 12.0000 160 160 170 0.5000 0.2000 0.2000 0.2000 1.0000 0.0000 0.0000 0.0000
-12.4907 11.6879 12.0000 160 160 170 0.5000 0.2000 0.2000 0.2000 1.0000 0.0000 0.0000 0.0000
-7.4277 -14.2691 12.0000 160 160 170 0.5000 0.2000 0.2000 0.2000 1.0000 0.0000 0.0000 0.0000
-18.3584 8.3332 12.0000 160 160 170 0.5000 0.2000 0.2000 0.2000 1.0000 0.0000 0.0000 0.0000
3.0327 -3.5634 12.1203 116 118 119 0.4684 0.1989 0.1950 0.1977 0.9981 -0.0394 -0.0163 -0.0436
5.5034 -5.7283 12.0000 160 160 170 0.5000 0.2000 0.2000 0.2000 1.0000 0.0000 0.0000 0.0000
-5.6713 11.8558 12.0000 160 160 170 0.5000 0.2000 0.2000 0.2000 1.0000 0.0000 0.0000 0.0000
12.7396 2.1282 12.0000 160 160 170 0.5000 0.2000 0.2000 0.2000 1.0000 0.0000 0.0000 0.0000
18.1315 5.7089 11.9053 170 186 159 0.5222 0.2038 0.2053 0.2043 0.9994 -0.0209 -0.0207 0.0152
19.2865 16.9384 12.0000 160 160 170 0.5000 0.2000 0.2000 0.2000 1.0000 0.0000 0.0000 0.0000
9.6267 -0.7239 12.0000 160 160 170 0.5000 0.2000 0.2000 0.2000 1.0000 0.0000 0.0000 0.0000
19.3937 1.4838 11.9022 189 202 137 0.5264 0.2038 0.2061 0.2037 0.9994 -0.0224 0.0031 0.0268
12.1276 17.8783 12.0000 160 160 170 0.5000 0.2000 0.2000 0.2000 1.0000 0.0000 0.0000 0.0000
19.6762 10.0053 11.9288 159 180 163 0.5212 0.2053 0.2042 0.2055 0.9995 0.0059 -0.0144 -0.0267
18.0188 17.0979 12.0000 160 160 170 0.5000 0.2000 0.2000 0.2000 1.0000 0.0000 0.0000 0.0000
12.2046 1.6733 12.0000 160 160 170 0.5000 0.2000 0.2000 0.2000 1.0000 0.0000 0.0000 0.0000
10.3724 0.2963 12.0000 160 160 170 0.5000 0.2000 0.2000 0.2000 1.0000 0.0000 0.0000 0.0000
15.5918 1.1023 12.0000 160 160 170 0.5000 0.2000 0.2000 0.2000 1.0000 0.0000 0.0000 0.0000
-8.6155 -6.3888 12.0000 160 160 170 0.5000 0.2000 0.2000 0.2000 1.0000 0.0000 0.0000 0.0000
0.6555 18.6038 12.0000 160 160 170 0.5000 0.2000 0.2000 0.2000 1.0000 0.0000 0.0000 0.0000
-7.4163 -6.1122 12.0000 160 160 170 0.5000 0.2000 0.2000 0.2000 1.0000 0.0000 0.0000 0.0000
-12.6923 -7.0977 12.0000 160 160 170 0.5000 0.2000 0.2000 0.2000 1.0000 0.0000 0.0000 0.0000
-11.2379 14.5781 12.0000 160 160 170 0.5000 0.2000 0.2000 0.2000 1.0000 0.0000 0.0000 0.0000
-16.0316 -0.0169 12.0000 160 160 170 0.5000 0.2000 0.2000 0.2000 1.0000 0.0000 0.0000 0.0000
-1.2811 6.0002 12.0000 160 160 170 0.5000 0.2000 0.2000 0.2000 1.0000 0.0000 0.0000 0.0000
-8.0824 -19.8077 12.0000 160 160 170 0.5000 0.2000 0.2000 0.2000 1.0000 0.0000 0.0000 0.0000
-11.8972 -13.7652 12.0000 160 160 170 0.5000 0.2000 0.2000 0.2000 1.0000 0.0000 0.0000 0.0000
-3.9100 3.8745 12.0000 160 160 170 0.5000 0.2000 0.2000 0.2000 1.0000 0.0000 0.0000 0.0000
-14.6140 14.2082 12.0000 160 160 170 0.5000 0.2000 0.2000 0.2000 1.0000 0.0000 0.0000 0.0000
-0.9853 -17.3119 12.0000 160 160 170 0.5000 0.2000 0.2000 0.2000 1.0000 0.0000 0.0000 0.0000
-10.8871 13.2318 12.0000 160 160 170 0.5000 0.2000 0.2000 0.2000 1.0000 0.0000 0.0000 0.0000
-0.1191 3.0337 12.0179 134 151 146 0.4907 0.1967 0.2024 0.2013 0.9994 -0.0069 -0.0322 0.0112
-2.8178 -1.1957 11.8314 203 209 203 0.5429 0.2040 0.2089 0.2067 0.9996 -0.0167 -0.0007 -0.0222
-5.6696 -15.2198 12.0000 160 160 170 0.5000 0.2000 0.2000 0.2000 1.0000 0.0000 0.0000 0.0000
14.4352 13.6348 12.0601 166 169 158 0.5099 0.2039 0.2056 0.2037 0.9992 -0.0312 -0.0228 0.0111
12.5658 3.0543 12.0000 160 160 170 0.5000 0.2000 0.2000 0.2000 1.0000 0.0000 0.0000 0.0000
5.5229 10.5583 12.0000 160 160 170 0.5000 0.2000 0.2000 0.2000 1.0000 0.0000 0.0000 0.0000
2.3461 15.0849 12.0000 160 160 170 0.5000 0.2000 0.2000 0.2000 1.0000 0.0000 0.0000 0.0000
19.3606 11.7692 12.1270 191 192 200 0.5290 0.2055 0.2055 0.2049 0.9997 0.0008 0.0228 0.0134
-14.8883 -7.5650 12.0000 160 160 170 0.5000 0.2000 0.2000 0.2000 1.0000 0.0000 0.0000 0.0000
6.8455 16.6971 12.0000 160 160 170 0.5000 0.2000 0.2000 0.2000 1.0000 0.0000 0.0000 0.0000
15.7394 -3.9747 12.0000 160 160 170 0.5000 0.2000 0.2000 0.2000 1.0000 0.0000 0.0000 0.0000
17.2811 -1.3166 12.0000 160 160 170 0.5000 0.2000 0.2000 0.2000 1.0000 0.0000 0.0000 0.0000
6.8658 11.1950 12.1027 181 182 189 0.5224 0.2041 0.2039 0.2041 0.9998 0.0113 0.0118 0.0123
13.5851 -3.8846 12.0000 160 160 170 0.5000 0.2000 0.2000 0.2000 1.0000 0.0000 0.0000 0.0000
-10.5456 15.1771 12.0000 160 160 170 0.5000 0.2000 0.2000 0.2000 1.0000 0.0000 0.0000 0.0000
3.9801 5.6938 12.0421 130 142 146 0.4854 0.2021 0.2022 0.2015 0.9995 -0.0190 -0.0152 0.0201
13.8652 -9.7982 12.0000 160 160 170 0.5000 0.2000 0.2000 0.2000 1.0000 0.0000 0.0000 0.0000
8.6110 -7.3944 12.0000 160 160 170 0.5000 0.2000 0.2000 0.2000 1.0000 0.0000 0.0000 0.0000
17.7591 -7.6493 12.0000 160 160 170 0.5000 0.2000 0.2000 0.2000 1.0000 0.0000 0.0000 0.0000
-16.5298 1.1352 12.0000 160 160 170 0.5000 0.2000 0.2000 0.2000 1.0000 0.0000 0.0000 0.0000
-15.1259 -4.1826 12.0000 160 160 170 0.5000 0.2000 0.2000 0.2000 1.0000 0.0000 0.0000 0.0000
8.6803 -18.1226 12.1022 121 133 118 0.4732 0.1955 0.1960 0.1962 0.9994 0.0263 0.0132 0.0174
16.3804 -5.7056 12.0000 160 160 170 0.5000 0.2000 0.2000 0.2000 1.0000 0.0000 0.0000 0.0000
6.0158 -19.1453 11.8101 121 153 120 0.5084 0.2021 0.2073 0.2088 0.9981 -0.0313 0.0141 0.0510
-8.7229 14.9194 12.0000 160 160 170 0.5000 0.2000 0.2000 0.2000 1.0000 0.0000 0.0000 0.0000
15.6595 -15.1648 12.0000 160 160 170 0.5000 0.2000 0.2000 0.2000 1.0000 0.0000 0.0000 0.0000
-7.1570 0.2328 12.0000 160 160 170 0.5000 0.2000 0.2000 0.2000 1.0000 0.0000 0.0000 0.0000
-7.0120 -15.5736 12.0000 160 160 170 0.5000 0.2000 0.2000 0.2000 1.0000 0.0000 0.0000 0.0000
-10.4622 1.8650 12.0000 160 160 170 0.5000 0.2000 0.2000 0.2000 1.0000 0.0000 0.0000 0.0000
-16.3530 -6.1918 12.0000 160 160 170 0.5000 0.2000 0.2000 0.2000 1.0000 0.0000 0.0000 0.0000
18.0970 7.3450 11.8810 142 172 163 0.5188 0.2022 0.1984 0.2062 0.9997 0.0123 -0.0015 0.0210
3.6771 17.4872 12.0000 160 160 170 0.5000 0.2000 0.2000 0.2000 1.0000 0.0000 0.0000 0.0000
19.2263 3.2261 11.9168 161 186 129 0.5071 0.1998 0.2055 0.2061 0.9990 -0.0111 -0.0282 0.0339
0.2196 -8.8798 12.0000 160 160 170 0.5000 0.2000 0.2000 0.2000 1.0000 0.0000 0.0000 0.0000
18.1662 -10.9831 12.0000 160 160 170 0.5000 0.2000 0.2000 0.2000 1.0000 0.0000 0.0000 0.0000
-6.0184 -4.1069 11.8894 110 130 105 0.5321 0.2072 0.2069 0.2071 0.9991 0.0080 0.0130 0.0385
10.2288 -7.3635 12.0000 160 160 170 0.5000 0.2000 0.2000 0.2000 1.0000 0.0000 0.0000 0.0000
-6.1229 -11.2426 12.0000 160 160 170 0.5000 0.2000 0.2000 0.2000 1.0000 0.0000 0.0000 0.0000
-16.3277 -19.0188 12.0000 160 160 170 0.5000 0.2000 0.2000 0.2000 1.0000 0.0000 0.0000 0.0000
-11.3526 0.9467 12.0000 160 160 170 0.5000 0.2000 0.2000 0.2000 1.0000 0.0000 0.0000 0.0000
-11.2347 -1.1132 12.0000 160 160 170 0.5000 0.2000 0.2000 0.2000 1.0000 0.0000 0.0000 0.0000
17.7560 7.8953 11.8612 155 179 172 0.5253 0.2083 0.2018 0.2068 0.9994 0.0297 -0.0149 -0.0020
7.3222 4.4641 11.8541 201 217 153 0.5371 0.2036 0.2015 0.2058 0.9990 -0.0179 0.0321 0.0250
16.5689 -5.1082 12.0000 160 160 170 0.5000 0.2000 0.2000 0.2000 1.0000 0.0000 0.0000 0.0000
3.6452 0.3467 11.9837 129 163 118 0.4897 0.2083 0.2078 0.2022 0.9999 -0.0075 -0.0099 0.0032
15.1178 11.7166 11.8569 170 206 125 0.5306 0.2079 0.2086 0.2087 0.9986 0.0513 -0.0094 0.0003
13.9176 -0.6890 12.0000 160 160 170 0.5000 0.2000 0.2000 0.2000 1.0000 0.0000 0.0000 0.0000
-10.0670 -0.6113 12.0000 160 160 170 0.5000 0.2000 0.2000 0.2000 1.0000 0.0000 0.0000 0.0000
-9.6670 -11.0442 12.0000 160 160 170 0.5000 0.2000 0.2000 0.2000 1.0000 0.0000 0.0000 0.0000
-11.6813 -10.4705 12.0000 160 160 170 0.5000 0.2000 0.2000 0.2000 1.0000 0.0000 0.0000 0.0000
13.0429 -8.2215 12.0000 160 160 170 0.5000 0.2000 0.2000 0.2000 1.0000 0.0000 0.0000 0.0000
3.3218 4.1608 12.1108 134 151 147 0.5063 0.2066 0.2061 0.2068 0.9995 0.0258 0.0027 0.0183
3.1406 7.7573 12.0000 160 160 170 0.5000 0.2000 0.2000 0.2000 1.0000 0.0000 0.0000 0.0000
3.2091 19.9295 12.0000 160 160 170 0.5000 0.2000 0.2000 0.2000 1.0000 0.0000 0.0000 0.0000
19.7226 19.7839 12.0000 160 160 170 0.5000 0.2000 0.2000 0.2000 1.0000 0.0000 0.0000 0.0000
-11.3336 -16.6228 12.0000 160 160 170 0.5000 0.2000 0.2000 0.2000 1.0000 0.0000 0.0000 0.0000
19.7010 -3.8660 12.0000 160 160 170 0.5000 0.2000 0.2000 0.2000 1.0000 0.0000 0.0000 0.0000
1.4930 -4.9814 12.0000 160 160 170 0.5000 0.2000 0.2000 0.2000 1.0000 0.0000 0.0000 0.0000
5.3780 7.8384 11.8449 138 168 129 0.5416 0.2096 0.2106 0.2099 0.9992 0.0016 0.0260 -0.0314
-5.0679 18.3919 12.0000 160 160 170 0.5000 0.2000 0.2000 0.2000 1.0000 0.0000 0.0000 0.0000
-0.9172 2.9058 12.1095 124 132 128 0.4731 0.1950 0.2024 0.1969 0.9993 0.0106 -0.0057 0.0353
10.1982 3.3892 12.0000 160 160 170 0.5000 0.2000 0.2000 0.2000 1.0000 0.0000 0.0000 0.0000
-17.3772 8.1811 12.0000 160 160 170 0.5000 0.2000 0.2000 0.2000 1.0000 0.0000 0.0000 0.0000
15.1762 -1.1785 12.0000 160 160 170 0.5000 0.2000 0.2000 0.2000 1.0000 0.0000 0.0000 0.0000
15.2182 -17.0478 11.8796 176 193 140 0.5281 0.2046 0.2071 0.2057 0.9999 0.0040 -0.0107 0.0110
-6.9151 5.3030 12.0000 160 160 170 0.5000 0.2000 0.2000 0.2000 1.0000 0.0000 0.0000 0.0000
13.8614 9.2327 11.9639 154 172 172 0.5097 0.2043 0.1995 0.2015 0.9999 0.0033 -0.0106 -0.0026
-7.3002 -7.5402 12.0000 160 160 170 0.5000 0.2000 0.2000 0.2000 1.0000 0.0000 0.0000 0.0000
9.9547 16.8050 12.0000 160 160 170 0.5000 0.2000 0.2000 0.2000 1.0000 0.0000 0.0000 0.0000
-0.9819 19.9428 12.0000 160 160 170 0.5000 0.2000 0.2000 0.2000 1.0000 0.0000 0.0000 0.0000
-3.6422 -4.7872 12.0302 153 167 149 0.4975 0.1992 0.2000 0.1988 0.9998 -0.0181 0.0065 -0.0000
2.1252 9.9520 12.0000 160 160 170 0.5000 0.2000 0.2000 0.2000 1.0000 0.0000 0.0000 0.0000
9.4122 9.1755 11.7915 218 225 211 0.5529 0.2106 0.2070 0.2085 0.9997 0.0194 -0.0075 0.0113
-0.7391 9.0534 12.0000 160 160 170 0.5000 0.2000 0.2000 0.2000 1.0000 0.0000 0.0000 0.0000
-3.7038 18.0037 12.0000 160 160 170 0.5000 0.2000 0.2000 0.2000 1.0000 0.0000 0.0000 0.0000
16.1868 -18.4266 11.7263 145 185 109 0.5366 0.2155 0.2074 0.2111 0.9994 -0.0044 -0.0330 -0.0088
-10.4604 10.3609 12.0000 160 160 170 0.5000 0.2000 0.2000 0.2000 1.0000 0.0000 0.0000 0.0000
13.9543 4.1935 11.8440 202 220 136 0.5385 0.2057 0.2085 0.2065 0.9990 -0.0353 -0.0019 0.0270
13.7059 8.1926 12.0000 160 160 170 0.5000 0.2000 0.2000 0.2000 1.0000 0.0000 0.0000 0.0000
10.6066 5.4301 12.1284 116 151 133 0.4667 0.1951 0.1958 0.1954 1.0000 -0.0006 0.0053 -0.0005
14.4885 17.3916 12.0000 160 160 170 0.5000 0.2000 0.2000 0.2000 1.0000 0.0000 0.0000 0.0000
5.8589 -6.1471 12.0000 160 160 170 0.5000 0.2000 0.2000 0.2000 1.0000 0.0000 0.0000 0.0000
13.0128 6.0216 12.1026 121 135 120 0.4685 0.2003 0.1974 0.1984 0.9992 0.0338 -0.0038 0.0198
-8.1461 -1.6117 12.0000 160 160 170 0.5000 0.2000 0.2000 0.2000 1.0000 0.0000 0.0000 0.0000
-18.5635 9.0961 12.0000 160 160 170 0.5000 0.2000 0.2000 0.2000 1.0000 0.0000 0.0000 0.0000
17.0319 -4.5943 12.0000 160 160 170 0.5000 0.2000 0.2000 0.2000 1.0000 0.0000 0.0000 0.0000
-7.8707 7.5188 12.0000 160 160 170 0.5000 0.2000 0.2000 0.2000 1.0000 0.0000 0.0000 0.0000
-15.8700 -8.5503 12.0000 160 160 170 0.5000 0.2000 0.2000 0.2000 1.0000 0.0000 0.0000 0.0000
10.3119 9.2070 11.7208 231 243 235 0.5698 0.2113 0.2094 0.2113 0.9987 0.0425 0.0247 0.0139
-18.1329 7.6097 12.0000 160 160 170 0.5000 0.2000 0.2000 0.2000 1.0000 0.0000 0.0000 0.0000
-9.3524 15.2117 12.0000 160 160 170 0.5000 0.2000 0.2000 0.2000 1.0000 0.0000 0.0000 0.0000
-11.1572 14.8271 12.0000 160 160 170 0.5000 0.2000 0.2000 0.2000 1.0000 0.0000 0.0000 0.0000
-6.2801 -10.9727 12.0000 160 160 170 0.5000 0.2000 0.2000 0.2000 1.0000 0.0000 0.0000 0.0000
-7.7088 -9.4331 12.0000 160 160 170 0.5000 0.2000 0.2000 0.2000 1.0000 0.0000 0.0000 0.0000
-2.8431 -17.4735 12.0000 160 160 170 0.5000 0.2000 0.2000 0.2000 1.0000 0.0000 0.0000 0.0000
-17.5841 13.5169 12.0000 160 160 170 0.5000 0.2000 0.2000 0.2000 1.0000 0.0000 0.0000 0.0000
-0.8410 -5.1906 12.0000 160 160 170 0.5000 0.2000 0.2000 0.2000 1.0000 0.0000 0.0000 0.0000
6.8503 -19.6648 11.7906 175 207 175 0.5509 0.2105 0.2099 0.2088 0.9986 -0.0181 -0.0307 -0.0390
-7.1163 16.9249 12.0000 160 160 170 0.5000 0.2000 0.2000 0.2000 1.0000 0.0000 0.0000 0.0000
7.6058 -9.5178 12.0000 160 160 170 0.5000 0.2000 0.2000 0.2000 1.0000 0.0000 0.0000 0.0000
-1.0085 2.2146 12.0982 129 144 125 0.4755 0.1949 0.2037 0.1971 0.9992 0.0310 0.0101 0.0239
-16.7782 5.1873 12.0000 160 160 170 0.5000 0.2000 0.2000 0.2000 1.0000 0.0000 0.0000 0.0000
-8.3317 -10.5765 12.0000 160 160 170 0.5000 0.2000 0.2000 0.2000 1.0000 0.0000 0.0000 0.0000
10.4482 -12.1397 12.0000 160 160 170 0.5000 0.2000 0.2000 0.2000 1.0000 0.0000 0.0000 0.0000
14.5675 -14.3442 12.0000 160 160 170 0.5000 0.2000 0.2000 0.2000 1.0000 0.0000 0.0000 0.0000
17.5598 -11.2323 12.0000 160 160 170 0.5000 0.2000 0.2000 0.2000 1.0000 0.0000 0.0000 0.0000
-15.0492 6.5583 12.0000 160 160 170 0.5000 0.2000 0.2000 0.2000 1.0000 0.0000 0.0000 0.0000
-3.9561 -15.5908 12.0000 160 160 170 0.5000 0.2000 0.2000 0.2000 1.0000 0.0000 0.0000 0.0000
9.4030 17.4988 12.0000 160 160 170 0.5000 0.2000 0.2000 0.2000 1.0000 0.0000 0.0000 0.0000
-5.4693 -3.5811 11.8891 89 106 112 0.5256 0.2026 0.2032 0.2048 0.9993 0.0289 -0.0203 -0.0142
6.0712 -9.0526 12.0000 160 160 170 0.5000 0.2000 0.2000 0.2000 1.0000 0.0000 0.0000 0.0000
7.7032 -11.4839 12.0000 160 160 170 0.5000 0.2000 0.2000 0.2000 1.0000 0.0000 0.0000 0.0000
11.5003 6.8576 12.1500 116 117 127 0.4635 0.1943 0.1930 0.1942 0.9998 -0.0005 0.0059 0.0170
-10.7284 10.9393 12.0000 160 160 170 0.5000 0.2000 0.2000 0.2000 1.0000 0.0000 0.0000 0.0000
16.0605 -7.6414 12.0000 160 160 170 0.5000 0.2000 0.2000 0.2000 1.0000 0.0000 0.0000 0.0000
-6.0740 -6.8314 11.7092 139 162 136 0.5451 0.2143 0.2126 0.2131 0.9984 -0.0528 -0.0131 -0.0146
-16.5080 -4.1890 12.0000 160 160 170 0.5000 0.2000 0.2000 0.2000 1.0000 0.0000 0.0000 0.0000
15.7730 -1.0640 12.0000 160 160 170 0.5000 0.2000 0.2000 0.2000 1.0000 0.0000 0.0000 0.0000
1.1131 16.9725 12.0000 160 160 170 0.5000 0.2000 0.2000 0.2000 1.0000 0.0000 0.0000 0.0000
-3.4628 15.6791 12.0000 160 160 170 0.5000 0.2000 0.2000 0.2000 1.0000 0.0000 0.0000 0.0000
7.3067 0.0577 11.7253 234 241 210 0.5676 0.2078 0.2120 0.2113 0.9983 -0.0292 0.0494 0.0041
13.1266 -3.7265 12.0000 160 160 170 0.5000 0.2000 0.2000 0.2000 1.0000 0.0000 0.0000 0.0000
-13.2569 13.9389 12.0000 160 160 170 0.5000 0.2000 0.2000 0.2000 1.0000 0.0000 0.0000 0.0000
-9.3701 18.2101 12.0000 160 160 170 0.5000 0.2000 0.2000 0.2000 1.0000 0.0000 0.0000 0.0000
19.4859 -4.4265 12.0000 160 160 170 0.5000 0.2000 0.2000 0.2000 1.0000 0.0000 0.0000 0.0000
8.7873 1.0913 12.0000 160 160 170 0.5000 0.2000 0.2000 0.2000 1.0000 0.0000 0.0000 0.0000
-17.9048 17.5193 12.0000 160 160 170 0.5000 0.2000 0.2000 0.2000 1.0000 0.0000 0.0000 0.0000
-18.6984 17.4425 12.0000 160 160 170 0.5000 0.2000 0.2000 0.2000 1.0000 0.0000 0.0000 0.0000
19.7549 1.4146 11.8501 204 211 187 0.5385 0.2069 0.2074 0.2060 0.9993 -0.0190 0.0183 0.0248
-3.6045 2.8888 12.0000 160 160 170 0.5000 0.2000 0.2000 0.2000 1.0000 0.0000 0.0000 0.0000
13.0625 0.5617 12.0000 160 160 170 0.5000 0.2000 0.2000 0.2000 1.0000 0.0000 0.0000 0.0000
0.7132 7.8628 12.0000 160 160 170 0.5000 0.2000 0.2000 0.2000 1.0000 0.0000 0.0000 0.0000
4.8103 -18.0892 11.9416 148 186 99 0.5063 0.2009 0.2060 0.2042 0.9984 0.0334 0.0270 0.0357
16.4281 -1.1309 12.0000 160 160 170 0.5000 0.2000 0.2000 0.2000 1.0000 0.0000 0.0000 0.0000
11.1047 10.1754 11.7539 213 229 202 0.5587 0.2105 0.2104 0.2106 0.9998 -0.0116 0.0145 -0.0082
-16.6211 -16.3194 12.0000 160 160 170 0.5000 0.2000 0.2000 0.2000 1.0000 0.0000 0.0000 0.0000
16.7910 -20.1132 11.8342 174 190 153 0.5444 0.2107 0.2104 0.2123 0.9982 -0.0571 0.0025 -0.0198
7.6748 -14.6323 12.0000 160 160 170 0.5000 0.2000 0.2000 0.2000 1.0000 0.0000 0.0000 0.0000
-16.7809 -3.7013 12.0000 160 160 170 0.5000 0.2000 0.2000 0.2000 1.0000 0.0000 0.0000 0.0000
-10.1022 12.8222 12.0000 160 160 170 0.5000 0.2000 0.2000 0.2000 1.0000 0.0000 0.0000 0.0000
10.6877 -8.3819 12.0000 160 160 170 0.5000 0.2000 0.2000 0.2000 1.0000 0.0000 0.0000 0.0000
4.2748 14.3872 12.0000 160 160 170 0.5000 0.2000 0.2000 0.2000 1.0000 0.0000 0.0000 0.0000
0.4015 -8.0970 12.0000 160 160 170 0.5000 0.2000 0.2000 0.2000 1.0000 0.0000 0.0000 0.0000
10.1128 3.4543 12.0000 160 160 170 0.5000 0.2000 0.2000 0.2000 1.0000 0.0000 0.0000 0.0000
10.2975 3.5304 12.0000 160 160 170 0.5000 0.2000 0.2000 0.2000 1.0000 0.0000 0.0000 0.0000
-15.7777 -11.7553 12.0000 160 160 170 0.5000 0.2000 0.2000 0.2000 1.0000 0.0000 0.0000 0.0000
-6.0226 11.8829 12.0000 160 160 170 0.5000 0.2000 0.2000 0.2000 1.0000 0.0000 0.0000 0.0000
1.7102 -1.0398 12.2133 217 217 210 0.5561 0.2088 0.2078 0.2051 0.9987 -0.0191 0.0140 -0.0447
18.3002 -4.9474 12.0000 160 160 170 0.5000 0.2000 0.2000 0.2000 1.0000 0.0000 0.0000 0.0000
5.0123 -7.6084 12.0000 160 160 170 0.5000 0.2000 0.2000 0.2000 1.0000 0.0000 0.0000 0.0000
9.3711 -0.3597 12.0000 160 160 170 0.5000 0.2000 0.2000 0.2000 1.0000 0.0000 0.0000 0.0000
-14.8292 -8.8867 12.0000 160 160 170 0.5000 0.2000 0.2000 0.2000 1.0000 0.0000 0.0000 0.0000
-11.8951 -4.0568 12.0000 160 160 170 0.5000 0.2000 0.2000 0.2000 1.0000 0.0000 0.0000 0.0000
-6.1675 16.8397 12.0000 160 160 170 0.5000 0.2000 0.2000 0.2000 1.0000 0.0000 0.0000 0.0000
-5.6038 -9.4002 11.8957 151 173 136 0.5336 0.1990 0.2048 0.2042 0.9994 0.0094 0.0233 -0.0252
0.0271 -10.6118 12.0000 160 160 170 0.5000 0.2000 0.2000 0.2000 1.0000 0.0000 0.0000 0.0000
12.1962 0.2800 12.0000 160 160 170 0.5000 0.2000 0.2000 0.2000 1.0000 0.0000 0.0000 0.0000
-9.5925 11.7679 12.0000 160 160 170 0.5000 0.2000 0.2000 0.2000 1.0000 0.0000 0.0000 0.0000
2.3795 0.2981 12.1327 162 182 176 0.5227 0.2084 0.2064 0.2054 0.9997 -0.0234 -0.0039 -0.0050
-6.3344 -4.4448 11.8541 110 122 116 0.5439 0.2071 0.2083 0.2088 0.9999 0.0003 0.0093 0.0048
-14.1828 -1.7304 12.0000 160 160 170 0.5000 0.2000 0.2000 0.2000 1.0000 0.0000 0.0000 0.0000
12.5674 5.5285 12.1542 116 121 122 0.4638 0.1952 0.1965 0.1937 0.9999 0.0166 -0.0006 0.0039
-1.8178 13.7052 12.0000 160 160 170 0.5000 0.2000 0.2000 0.2000 1.0000 0.0000 0.0000 0.0000
-1.2504 17.7805 12.0000 160 160 170 0.5000 0.2000 0.2000 0.2000 1.0000 0.0000 0.0000 0.0000
8.9436 -14.5403 12.0000 160 160 170 0.5000 0.2000 0.2000 0.2000 1.0000 0.0000 0.0000 0.0000
0.4025 3.7324 11.9876 130 154 141 0.4970 0.1979 0.2042 0.2015 0.9995 -0.0290 0.0152 -0.0021
13.0322 14.2682 12.0911 196 204 197 0.5336 0.2068 0.2040 0.2068 0.9997 -0.0090 0.0208 0.0057
18.8195 -14.4294 11.8434 192 206 158 0.5367 0.2041 0.2080 0.2069 0.9999 -0.0088 -0.0078 -0.0113
-19.3203 1.3227 12.0000 160 160 170 0.5000 0.2000 0.2000 0.2000 1.0000 0.0000 0.0000 0.0000
8.3649 15.9468 12.0000 160 160 170 0.5000 0.2000 0.2000 0.2000 1.0000 0.0000 0.0000 0.0000
10.6774 -17.0652 12.1147 131 133 140 0.4731 0.1956 0.1959 0.1953 1.0000 -0.0027 -0.0001 0.0001
16.2948 8.9759 11.7459 217 233 221 0.5618 0.2120 0.2085 0.2106 0.9987 0.0397 0.0176 -0.0251
-14.6887 -16.1524 12.0000 160 160 170 0.5000 0.2000 0.2000 0.2000 1.0000 0.0000 0.0000 0.0000
-11.7307 -18.8750 12.0000 160 160 170 0.5000 0.2000 0.2000 0.2000 1.0000 0.0000 0.0000 0.0000
-16.8519 -1.8969 12.0000 160 160 170 0.5000 0.2000 0.2000 0.2000 1.0000 0.0000 0.0000 0.0000
10.0198 17.0414 12.0000 160 160 170 0.5000 0.2000 0.2000 0.2000 1.0000 0.0000 0.0000 0.0000
-16.9729 18.3001 12.0000 160 160 170 0.5000 0.2000 0.2000 0.2000 1.0000 0.0000 0.0000 0.0000
-6.3186 19.2373 12.0000 160 160 170 0.5000 0.2000 0.2000 0.2000 1.0000 0.0000 0.0000 0.0000
1.7003 -0.0028 12.1429 141 147 130 0.4998 0.2050 0.2047 0.2037 0.9998 0.0091 0.0157 0.0129
-1.5008 -15.8163 11.9379 119 125 127 0.4812 0.2021 0.2036 0.2049 0.9995 -0.0292 -0.0001 0.0155
-10.1711 5.5896 12.0000 160 160 170 0.5000 0.2000 0.2000 0.2000 1.0000 0.0000 0.0000 0.0000
12.9643 -10.3391 12.0000 160 160 170 0.5000 0.2000 0.2000 0.2000 1.0000 0.0000 0.0000 0.0000
4.7101 17.3085 12.0000 160 160 170 0.5000 0.2000 0.2000 0.2000 1.0000 0.0000 0.0000 0.0000
5.4395 -3.1730 12.0272 179 204 140 0.5207 0.2077 0.2084 0.2052 0.9990 -0.0357 -0.0240 -0.0112
10.3977 12.0854 11.9162 182 203 170 0.5487 0.2084 0.2079 0.2088 0.9995 -0.0295 0.0096 0.0080
-6.1071 -15.0533 12.0000 160 160 170 0.5000 0.2000 0.2000 0.2000 1.0000 0.0000 0.0000 0.0000
-17.5915 5.9154 12.0000 160 160 170 0.5000 0.2000 0.2000 0.2000 1.0000 0.0000 0.0000 0.0000
-6.4125 14.7570 12.0000 160 160 170 0.5000 0.2000 0.2000 0.2000 1.0000 0.0000 0.0000 0.0000
-14.0930 4.1029 12.0000 160 160 170 0.5000 0.2000 0.2000 0.2000 1.0000 0.0000 0.0000 0.0000
3.6060 15.5926 12.0000 160 160 170 0.5000 0.2000 0.2000 0.2000 1.0000 0.0000 0.0000 0.0000
-12.6490 -16.1058 12.0000 160 160 170 0.5000 0.2000 0.2000 0.2000 1.0000 0.0000 0.0000 0.0000
17.7353 -6.1046 12.0000 160 160 170 0.5000 0.2000 0.2000 0.2000 1.0000 0.0000 0.0000 0.0000
2.0024 14.8026 12.0000 160 160 170 0.5000 0.2000 0.2000 0.2000 1.0000 0.0000 0.0000 0.0000
9.0543 -1.1247 12.0000 160 160 170 0.5000 0.2000 0.2000 0.2000 1.0000 0.0000 0.0000 0.0000
-5.8580 3.0752 12.0000 160 160 170 0.5000 0.2000 0.2000 0.2000 1.0000 0.0000 0.0000 0.0000
-10.8823 -19.4783 12.0000 160 160 170 0.5000 0.2000 0.2000 0.2000 1.0000 0.0000 0.0000 0.0000
6.1358 -2.7733 11.8700 180 216 127 0.5185 0.2109 0.2094 0.2079 0.9974 0.0467 -0.0540 -0.0118
-10.6195 -11.2937 12.0000 160 160 170 0.5000 0.2000 0.2000 0.2000 1.0000 0.0000 0.0000 0.0000
-17.7285 7.3388 12.0000 160 160 170 0.5000 0.2000 0.2000 0.2000 1.0000 0.0000 0.0000 0.0000
-15.6323 -4.4134 12.0000 160 160 170 0.5000 0.2000 0.2000 0.2000 1.0000 0.0000 0.0000 0.0000
-10.3291 -7.7794 12.0000 160 160 170 0.5000 0.2000 0.2000 0.2000 1.0000 0.0000 0.0000 0.0000
9.2619 13.2114 12.0296 168 168 178 0.5074 0.2012 0.2012 0.2012 1.0000 0.0000 0.0000 0.0000
-11.8097 -9.7018 12.0000 160 160 170 0.5000 0.2000 0.2000 0.2000 1.0000 0.0000 0.0000 0.0000
10.5277 -18.3689 12.0296 130 142 123 0.4835 0.1955 0.1995 0.2016 0.9996 0.0053 0.0039 0.0275
4.4389 3.2174 11.9721 170 189 133 0.5226 0.2050 0.2054 0.2065 0.9983 0.0178 0.0428 -0.0350
-0.9999 -10.0917 11.7428 202 208 190 0.5572 0.2079 0.2100 0.2108 0.9998 -0.0032 0.0172 0.0004
-19.8790 -12.5870 12.0000 160 160 170 0.5000 0.2000 0.2000 0.2000 1.0000 0.0000 0.0000 0.0000
-10.5403 -7.2483 12.0000 160 160 170 0.5000 0.2000 0.2000 0.2000 1.0000 0.0000 0.0000 0.0000
18.9707 3.9643 11.9054 110 169 116 0.4718 0.1975 0.2022 0.2052 0.9990 0.0254 -0.0316 0.0181
16.0948 -14.5432 12.0000 160 160 170 0.5000 0.2000 0.2000 0.2000 1.0000 0.0000 0.0000 0.0000
11.1304 -11.9428 12.0000 160 160 170 0.5000 0.2000 0.2000 0.2000 1.0000 0.0000 0.0000 0.0000
0.0323 -0.5282 12.0000 160 160 170 0.5000 0.2000 0.2000 0.2000 1.0000 0.0000 0.0000 0.0000
3.0953 6.0881 12.0354 140 180 164 0.5278 0.2039 0.2037 0.2073 0.9988 -0.0232 0.0413 0.0156
12.5917 5.6891 12.1557 116 123 122 0.4638 0.1953 0.1966 0.1937 0.9999 -0.0064 -0.0064 0.0113
-11.8880 -18.8276 12.0000 160 160 170 0.5000 0.2000 0.2000 0.2000 1.0000 0.0000 0.0000 0.0000
-9.7072 11.0356 12.0000 160 160 170 0.5000 0.2000 0.2000 0.2000 1.0000 0.0000 0.0000 0.0000
-8.3937 14.4073 12.0000 160 160 170 0.5000 0.2000 0.2000 0.2000 1.0000 0.0000 0.0000 0.0000
-4.4172 14.4407 12.0000 160 160 170 0.5000 0.2000 0.2000 0.2000 1.0000 0.0000 0.0000 0.0000
14.0144 15.4446 12.0000 160 160 170 0.5000 0.2000 0.2000 0.2000 1.0000 0.0000 0.0000 0.0000
18.3025 6.8952 12.0166 128 142 130 0.4852 0.1996 0.2010 0.2021 0.9999 -0.0051 -0.0113 -0.0065
19.2830 8.6685 11.9330 120 143 125 0.4803 0.2071 0.2041 0.2042 0.9992 -0.0268 -0.0057 -0.0308
19.1252 -3.1945 12.0000 160 160 170 0.5000 0.2000 0.2000 0.2000 1.0000 0.0000 0.0000 0.0000
3.0656 -13.9507 12.0000 160 160 170 0.5000 0.2000 0.2000 0.2000 1.0000 0.0000 0.0000 0.0000
-3.7941 18.9131 12.0000 160 160 170 0.5000 0.2000 0.2000 0.2000 1.0000 0.0000 0.0000 0.0000
-9.6371 -14.3380 12.0000 160 160 170 0.5000 0.2000 0.2000 0.2000 1.0000 0.0000 0.0000 0.0000
2.1914 17.9958 12.0000 160 160 170 0.5000 0.2000 0.2000 0.2000 1.0000 0.0000 0.0000 0.0000
6.5999 3.6222 11.8998 187 202 170 0.5250 0.2026 0.2060 0.2041 0.9993 -0.0062 0.0249 -0.0274
-19.6158 -5.3923 12.0000 160 160 170 0.5000 0.2000 0.2000 0.2000 1.0000 0.0000 0.0000 0.0000
19.4996 -14.4324 11.8057 207 213 176 0.5467 0.2058 0.2089 0.2083 0.9993 0.0097 -0.0324 -0.0162
-14.5898 2.2034 12.0000 160 160 170 0.5000 0.2000 0.2000 0.2000 1.0000 0.0000 0.0000 0.0000
-18.5816 -8.7516 12.0000 160 160 170 0.5000 0.2000 0.2000 0.2000 1.0000 0.0000 0.0000 0.0000
8.9988 4.1620 12.0426 159 159 169 0.4984 0.1998 0.1999 0.1983 1.0000 0.0000 0.0000 0.0000
-13.0249 19.1851 12.0000 160 160 170 0.5000 0.2000 0.2000 0.2000 1.0000 0.0000 0.0000 0.0000
-3.7747 9.2927 12.0000 160 160 170 0.5000 0.2000 0.2000 0.2000 1.0000 0.0000 0.0000 0.0000
-1.2658 -15.3787 12.1047 117 124 126 0.4765 0.2035 0.1984 0.1986 0.9991 0.0307 0.0121 -0.0251
-7.7940 15.0415 12.0000 160 160 170 0.5000 0.2000 0.2000 0.2000 1.0000 0.0000 0.0000 0.0000
6.7599 1.3247 11.8485 206 226 192 0.5392 0.2026 0.2080 0.2060 0.9996 0.0222 0.0191 0.0034
17.4527 5.2656 11.8291 135 161 139 0.4929 0.2039 0.2042 0.2031 0.9993 -0.0157 -0.0106 0.0320
-9.9528 -2.1463 12.0000 160 160 170 0.5000 0.2000 0.2000 0.2000 1.0000 0.0000 0.0000 0.0000
2.5737 -0.6239 11.9465 104 110 118 0.5116 0.2029 0.2074 0.2072 0.9975 0.0250 0.0642 -0.0157
15.6829 18.6764 12.0000 160 160 170 0.5000 0.2000 0.2000 0.2000 1.0000 0.0000 0.0000 0.0000
-9.6988 -9.2764 12.0000 160 160 170 0.5000 0.2000 0.2000 0.2000 1.0000 0.0000 0.0000 0.0000
19.7716 -19.1786 12.0622 188 193 190 0.5315 0.2056 0.2058 0.2063 0.9994 -0.0162 -0.0310 0.0060
2.9810 12.1672 12.0000 160 160 170 0.5000 0.2000 0.2000 0.2000 1.0000 0.0000 0.0000 0.0000
-10.3318 14.3084 12.0000 160 160 170 0.5000 0.2000 0.2000 0.2000 1.0000 0.0000 0.0000 0.0000
-11.3019 8.6977 12.0000 160 160 170 0.5000 0.2000 0.2000 0.2000 1.0000 0.0000 0.0000 0.0000
8.5501 -19.4788 11.7399 121 149 114 0.5172 0.2070 0.2081 0.2110 0.9983 -0.0488 0.0202 0.0249
5.5990 -9.9652 12.0000 160 160 170 0.5000 0.2000 0.2000 0.2000 1.0000 0.0000 0.0000 0.0000
-12.1787 -10.8312 12.0000 160 160 170 0.5000 0.2000 0.2000 0.2000 1.0000 0.0000 0.0000 0.0000
-5.4802 -12.1413 12.0000 160 160 170 0.5000 0.2000 0.2000 0.2000 1.0000 0.0000 0.0000 0.0000
-2.2671 -14.4393 11.8341 141 178 150 0.5409 0.2064 0.2064 0.2070 1.0000 -0.0043 -0.0045 0.0078
-0.3960 9.8377 12.0000 160 160 170 0.5000 0.2000 0.2000 0.2000 1.0000 0.0000 0.0000 0.0000
9.1789 6.6284 12.0317 145 156 131 0.4918 0.1989 0.1989 0.1993 0.9998 -0.0213 -0.0062 -0.0027
18.7010 -6.2263 12.0000 160 160 170 0.5000 0.2000 0.2000 0.2000 1.0000 0.0000 0.0000 0.0000
14.5875 16.1887 12.0000 160 160 170 0.5000 0.2000 0.2000 0.2000 1.0000 0.0000 0.0000 0.0000
-10.9916 2.3493 12.0000 160 160 170 0.5000 0.2000 0.2000 0.2000 1.0000 0.0000 0.0000 0.0000
17.4294 17.4972 12.0000 160 160 170 0.5000 0.2000 0.2000 0.2000 1.0000 0.0000 0.0000 0.0000
-12.1635 14.9465 12.0000 160 160 170 0.5000 0.2000 0.2000 0.2000 1.0000 0.0000 0.0000 0.0000
-3.8960 -5.8151 11.8656 123 150 97 0.5325 0.2001 0.2042 0.2054 0.9989 -0.0113 0.0086 0.0455
15.9109 -8.7685 12.0000 160 160 170 0.5000 0.2000 0.2000 0.2000 1.0000 0.0000 0.0000 0.0000
17.0559 -13.6612 12.0000 160 160 170 0.5000 0.2000 0.2000 0.2000 1.0000 0.0000 0.0000 0.0000
-11.4613 -15.5374 12.0000 160 160 170 0.5000 0.2000 0.2000 0.2000 1.0000 0.0000 0.0000 0.0000
-10.7266 -1.8520 12.0000 160 160 170 0.5000 0.2000 0.2000 0.2000 1.0000 0.0000 0.0000 0.0000
6.2906 -8.9826 12.0000 160 160 170 0.5000 0.2000 0.2000 0.2000 1.0000 0.0000 0.0000 0.0000
17.1998 18.7848 12.0000 160 160 170 0.5000 0.2000 0.2000 0.2000 1.0000 0.0000 0.0000 0.0000
-4.3590 -4.2185 12.0430 95 108 92 0.4896 0.1987 0.2031 0.2005 0.9999 -0.0036 -0.0153 -0.0001
-4.8608 17.2351 12.0000 160 160 170 0.5000 0.2000 0.2000 0.2000 1.0000 0.0000 0.0000 0.0000
0.0167 -2.7740 12.0000 160 160 170 0.5000 0.2000 0.2000 0.2000 1.0000 0.0000 0.0000 0.0000
13.0733 11.0436 11.9398 135 161 120 0.4991 0.2026 0.2025 0.2041 0.9986 0.0273 0.0106 -0.0430
-18.3347 10.5300 12.0000 160 160 170 0.5000 0.2000 0.2000 0.2000 1.0000 0.0000 0.0000 0.0000
-9.9062 8.6997 12.0000 160 160 170 0.5000 0.2000 0.2000 0.2000 1.0000 0.0000 0.0000 0.0000
-16.1368 -19.0708 12.0000 160 160 170 0.5000 0.2000 0.2000 0.2000 1.0000 0.0000 0.0000 0.0000
5.4608 14.4637 12.0000 160 160 170 0.5000 0.2000 0.2000 0.2000 1.0000 0.0000 0.0000 0.0000
-19.2070 12.8765 12.0000 160 160 170 0.5000 0.2000 0.2000 0.2000 1.0000 0.0000 0.0000 0.0000
12.7381 -15.7642 12.0000 160 160 170 0.5000 0.2000 0.2000 0.2000 1.0000 0.0000 0.0000 0.0000
16.3314 15.5509 12.0000 160 160 170 0.5000 0.2000 0.2000 0.2000 1.0000 0.0000 0.0000 0.0000
0.5538 -17.3632 12.1432 116 124 124 0.4861 0.2076 0.2048 0.2019 0.9994 -0.0224 -0.0188 0.0181
-10.5009 -10.2836 12.0000 160 160 170 0.5000 0.2000 0.2000 0.2000 1.0000 0.0000 0.0000 0.0000
-7.7999 14.0518 12.0000 160 160 170 0.5000 0.2000 0.2000 0.2000 1.0000 0.0000 0.0000 0.0000
17.2997 -14.8672 12.0000 160 160 170 0.5000 0.2000 0.2000 0.2000 1.0000 0.0000 0.0000 0.0000
-0.7377 8.2103 12.0000 160 160 170 0.5000 0.2000 0.2000 0.2000 1.0000 0.0000 0.0000 0.0000
-0.2071 1.0164 12.0794 142 142 152 0.4819 0.1970 0.1980 0.1969 1.0000 0.0001 0.0000 0.0000
-10.7296 -19.9278 12.0000 160 160 170 0.5000 0.2000 0.2000 0.2000 1.0000 0.0000 0.0000 0.0000
-12.1322 16.9927 12.0000 160 160 170 0.5000 0.2000 0.2000 0.2000 1.0000 0.0000 0.0000 0.0000
3.0226 10.5958 12.0000 160 160 170 0.5000 0.2000 0.2000 0.2000 1.0000 0.0000 0.0000 0.0000
13.3429 1.8857 12.0000 160 160 170 0.5000 0.2000 0.2000 0.2000 1.0000 0.0000 0.0000 0.0000
-4.2578 15.1941 12.0000 160 160 170 0.5000 0.2000 0.2000 0.2000 1.0000 0.0000 0.0000 0.0000
0.1721 13.9197 12.0000 160 160 170 0.5000 0.2000 0.2000 0.2000 1.0000 0.0000 0.0000 0.0000
11.5476 -0.5458 12.0000 160 160 170 0.5000 0.2000 0.2000 0.2000 1.0000 0.0000 0.0000 0.0000
-9.1413 -1.8945 12.0000 160 160 170 0.5000 0.2000 0.2000 0.2000 1.0000 0.0000 0.0000 0.0000
18.7678 15.9658 12.0000 160 160 170 0.5000 0.2000 0.2000 0.2000 1.0000 0.0000 0.0000 0.0000
-15.1719 2.9526 12.0000 160 160 170 0.5000 0.2000 0.2000 0.2000 1.0000 0.0000 0.0000 0.0000
5.4832 12.1961 12.0000 160 160 170 0.5000 0.2000 0.2000 0.2000 1.0000 0.0000 0.0000 0.0000
-16.7487 4.3295 12.0000 160 160 170 0.5000 0.2000 0.2000 0.2000 1.0000 0.0000 0.0000 0.0000
3.2664 7.3882 12.0803 139 185 135 0.5019 0.2056 0.2084 0.2089 0.9995 -0.0140 0.0113 -0.0269
-2.4742 5.6089 12.0000 160 160 170 0.5000 0.2000 0.2000 0.2000 1.0000 0.0000 0.0000 0.0000
-9.3840 7.7139 12.0000 160 160 170 0.5000 0.2000 0.2000 0.2000 1.0000 0.0000 0.0000 0.0000
-3.5459 19.4199 12.0000 160 160 170 0.5000 0.2000 0.2000 0.2000 1.0000 0.0000 0.0000 0.0000
11.7853 12.5785 11.9606 164 194 157 0.5389 0.2085 0.2069 0.2071 0.9996 -0.0131 -0.0247 0.0054
19.6892 5.1772 12.0407 186 193 196 0.5394 0.2071 0.2080 0.2097 0.9995 -0.0276 -0.0013 -0.0131
18.0578 7.2857 11.8892 144 172 164 0.5170 0.2028 0.1983 0.2059 0.9998 0.0059 -0.0062 0.0202
-6.2004 8.2275 12.0000 160 160 170 0.5000 0.2000 0.2000 0.2000 1.0000 0.0000 0.0000 0.0000
1.6135 17.5602 12.0000 160 160 170 0.5000 0.2000 0.2000 0.2000 1.0000 0.0000 0.0000 0.0000
-16.9521 -7.3631 12.0000 160 160 170 0.5000 0.2000 0.2000 0.2000 1.0000 0.0000 0.0000 0.0000
-2.8101 -4.0387 12.0525 155 158 166 0.4936 0.2005 0.2004 0.1980 1.0000 0.0000 0.0000 0.0000
-7.9745 9.2603 12.0000 160 160 170 0.5000 0.2000 0.2000 0.2000 1.0000 0.0000 0.0000 0.0000
-4.9953 -10.1136 11.8981 132 157 136 0.5068 0.2044 0.2030 0.2044 0.9995 -0.0237 0.0194 0.0044
16.5269 19.6894 12.0000 160 160 170 0.5000 0.2000 0.2000 0.2000 1.0000 0.0000 0.0000 0.0000
-14.2299 -6.5374 12.0000 160 160 170 0.5000 0.2000 0.2000 0.2000 1.0000 0.0000 0.0000 0.0000
-0.3036 -1.9742 12.0000 160 160 170 0.5000 0.2000 0.2000 0.2000 1.0000 0.0000 0.0000 0.0000
-13.7677 -9.9483 12.0000 160 160 170 0.5000 0.2000 0.2000 0.2000 1.0000 0.0000 0.0000 0.0000
-1.2681 13.5087 12.0000 160 160 170 0.5000 0.2000 0.2000 0.2000 1.0000 0.0000 0.0000 0.0000
-2.8742 11.0949 12.0000 160 160 170 0.5000 0.2000 0.2000 0.2000 1.0000 0.0000 0.0000 0.0000
-17.7091 8.7632 12.0000 160 160 170 0.5000 0.2000 0.2000 0.2000 1.0000 0.0000 0.0000 0.0000
-2.0715 1.1499 11.8988 174 190 171 0.5264 0.2045 0.2034 0.2043 0.9991 0.0265 0.0236 0.0224
-1.6347 4.4951 11.8403 138 170 131 0.5335 0.2074 0.2060 0.2068 0.9996 -0.0015 -0.0202 0.0204
9.3962 -17.8679 12.0916 126 134 127 0.4768 0.1960 0.1971 0.1963 0.9998 0.0043 -0.0178 0.0126
-10.4966 3.3879 12.0000 160 160 170 0.5000 0.2000 0.2000 0.2000 1.0000 0.0000 0.0000 0.0000
-4.0849 -1.6102 11.9029 154 170 155 0.5169 0.2024 0.2006 0.2053 0.9998 -0.0047 -0.0031 0.0196
-1.6066 -19.6306 12.0000 160 160 170 0.5000 0.2000 0.2000 0.2000 1.0000 0.0000 0.0000 0.0000
-5.8053 12.3095 12.0000 160 160 170 0.5000 0.2000 0.2000 0.2000 1.0000 0.0000 0.0000 0.0000
-19.3270 16.7283 12.0000 160 160 170 0.5000 0.2000 0.2000 0.2000 1.0000 0.0000 0.0000 0.0000
-5.7760 -0.9207 12.0000 160 160 170 0.5000 0.2000 0.2000 0.2000 1.0000 0.0000 0.0000 0.0000
14.3732 -5.1870 12.0000 160 160 170 0.5000 0.2000 0.2000 0.2000 1.0000 0.0000 0.0000 0.0000
13.4689 -13.4624 12.0000 160 160 170 0.5000 0.2000 0.2000 0.2000 1.0000 0.0000 0.0000 0.0000
-9.1879 5.8544 12.0000 160 160 170 0.5000 0.2000 0.2000 0.2000 1.0000 0.0000 0.0000 0.0000
-12.2339 3.0987 12.0000 160 160 170 0.5000 0.2000 0.2000 0.2000 1.0000 0.0000 0.0000 0.0000
-5.7754 -17.8557 12.0000 160 160 170 0.5000 0.2000 0.2000 0.2000 1.0000 0.0000 0.0000 0.0000
5.9901 -12.6483 12.0000 160 160 170 0.5000 0.2000 0.2000 0.2000 1.0000 0.0000 0.0000 0.0000
0.0635 9.0094 12.0000 160 160 170 0.5000 0.2000 0.2000 0.2000 1.0000 0.0000 0.0000 0.0000
4.2121 8.7454 12.0000 160 160 170 0.5000 0.2000 0.2000 0.2000 1.0000 0.0000 0.0000 0.0000
-14.3169 4.1329 12.0000 160 160 170 0.5000 0.2000 0.2000 0.2000 1.0000 0.0000 0.0000 0.0000
14.6015 -10.7296 12.0000 160 160 170 0.5000 0.2000 0.2000 0.2000 1.0000 0.0000 0.0000 0.0000
-11.0507 -16.2769 12.0000 160 160 170 0.5000 0.2000 0.2000 0.2000 1.0000 0.0000 0.0000 0.0000
9.5096 -4.0446 12.0009 164 186 154 0.5003 0.1991 0.2043 0.2005 1.0000 -0.0059 -0.0023 0.0021
-9.4540 4.9910 12.0000 160 160 170 0.5000 0.2000 0.2000 0.2000 1.0000 0.0000 0.0000 0.0000
-1.7312 6.5413 12.0000 160 160 170 0.5000 0.2000 0.2000 0.2000 1.0000 0.0000 0.0000 0.0000
-2.1358 19.6492 12.0000 160 160 170 0.5000 0.2000 0.2000 0.2000 1.0000 0.0000 0.0000 0.0000
-1.7208 0.1890 11.8712 162 187 153 0.5324 0.2003 0.2088 0.2054 0.9998 0.0039 -0.0051 -0.0193
4.3552 -9.0515 12.0000 160 160 170 0.5000 0.2000 0.2000 0.2000 1.0000 0.0000 0.0000 0.0000
13.5082 -0.1703 12.0000 160 160 170 0.5000 0.2000 0.2000 0.2000 1.0000 0.0000 0.0000 0.0000
-0.0107 -15.9823 11.9806 114 151 105 0.5294 0.2056 0.2088 0.2058 0.9991 0.0220 0.0162 0.0309
16.6642 13.1258 12.0232 181 181 178 0.5258 0.2048 0.2057 0.2042 0.9994 -0.0251 0.0237 -0.0027
-14.6252 15.8376 12.0000 160 160 170 0.5000 0.2000 0.2000 0.2000 1.0000 0.0000 0.0000 0.0000
16.1316 -12.2631 12.0000 160 160 170 0.5000 0.2000 0.2000 0.2000 1.0000 0.0000 0.0000 0.0000
-1.7198 -5.7282 12.0000 160 160 170 0.5000 0.2000 0.2000 0.2000 1.0000 0.0000 0.0000 0.0000
11.5017 -19.6644 11.7196 192 212 194 0.5678 0.2138 0.2133 0.2128 0.9999 -0.0053 -0.0038 0.0119
5.2896 17.8240 12.0000 160 160 170 0.5000 0.2000 0.2000 0.2000 1.0000 0.0000 0.0000 0.0000
7.3230 -16.1484 12.0582 159 159 169 0.4984 0.1993 0.1999 0.1976 1.0000 0.0000 -0.0001 0.0000
3.7705 -16.7411 12.0330 143 164 118 0.4901 0.1962 0.2039 0.1995 0.9989 0.0166 -0.0040 0.0444
-1.8694 10.7791 12.0000 160 160 170 0.5000 0.2000 0.2000 0.2000 1.0000 0.0000 0.0000 0.0000
-3.5712 -0.5489 11.8062 209 215 199 0.5481 0.2050 0.2079 0.2074 0.9994 -0.0124 -0.0117 -0.0298
19.1171 1.9464 11.9560 171 185 157 0.5123 0.1994 0.2036 0.2015 0.9996 -0.0091 -0.0179 0.0176
-8.1442 2.0272 12.0000 160 160 170 0.5000 0.2000 0.2000 0.2000 1.0000 0.0000 0.0000 0.0000
14.9007 16.1364 12.0000 160 160 170 0.5000 0.2000 0.2000 0.2000 1.0000 0.0000 0.0000 0.0000
-19.1111 12.4438 12.0000 160 160 170 0.5000 0.2000 0.2000 0.2000 1.0000 0.0000 0.0000 0.0000
-18.0110 -5.3700 12.0000 160 160 170 0.5000 0.2000 0.2000 0.2000 1.0000 0.0000 0.0000 0.0000
1.6886 -12.2165 12.0000 160 160 170 0.5000 0.2000 0.2000 0.2000 1.0000 0.0000 0.0000 0.0000
2.8971 -18.5697 11.8110 141 158 154 0.5466 0.2076 0.2069 0.2082 0.9984 -0.0306 0.0254 -0.0399
-2.0539 0.0565 11.9328 150 183 137 0.5180 0.2019 0.2078 0.2036 0.9997 0.0143 -0.0082 -0.0191
-2.8672 -11.1568 11.9646 120 154 130 0.5163 0.2068 0.2039 0.2019 0.9996 0.0197 0.0088 -0.0193
-17.4650 1.4786 12.0000 160 160 170 0.5000 0.2000 0.2000 0.2000 1.0000 0.0000 0.0000 0.0000
-2.7918 19.2680 12.0000 160 160 170 0.5000 0.2000 0.2000 0.2000 1.0000 0.0000 0.0000 0.0000
-16.5486 -6.1322 12.0000 160 160 170 0.5000 0.2000 0.2000 0.2000 1.0000 0.0000 0.0000 0.0000
-12.6909 3.0580 12.0000 160 160 170 0.5000 0.2000 0.2000 0.2000 1.0000 0.0000 0.0000 0.0000
4.6593 -5.2041 12.0000 160 160 170 0.5000 0.2000 0.2000 0.2000 1.0000 0.0000 0.0000 0.0000
8.1845 -19.2718 11.8212 104 137 93 0.4795 0.2010 0.2048 0.2109 0.9975 -0.0432 0.0428 0.0363
17.1462 12.1731 11.9832 171 183 187 0.5281 0.2046 0.2051 0.2057 0.9993 -0.0038 0.0014 0.0359
16.4461 18.3333 12.0000 160 160 170 0.5000 0.2000 0.2000 0.2000 1.0000 0.0000 0.0000 0.0000
-0.0942 -9.4282 12.0000 160 160 170 0.5000 0.2000 0.2000 0.2000 1.0000 0.0000 0.0000 0.0000
-10.4418 0.3468 12.0000 160 160 170 0.5000 0.2000 0.2000 0.2000 1.0000 0.0000 0.0000 0.0000
-13.7846 -5.4545 12.0000 160 160 170 0.5000 0.2000 0.2000 0.2000 1.0000 0.0000 0.0000 0.0000
-0.6677 -11.1760 11.7069 236 236 247 0.5714 0.2114 0.2109 0.2121 0.9993 -0.0259 0.0220 -0.0185
-5.8610 16.8954 12.0000 160 160 170 0.5000 0.2000 0.2000 0.2000 1.0000 0.0000 0.0000 0.0000
-5.7728 0.1043 12.0000 160 160 170 0.5000 0.2000 0.2000 0.2000 1.0000 0.0000 0.0000 0.0000
-4.7667 6.1212 12.0000 160 160 170 0.5000 0.2000 0.2000 0.2000 1.0000 0.0000 0.0000 0.0000
5.5093 10.9273 12.0000 160 160 170 0.5000 0.2000 0.2000 0.2000 1.0000 0.0000 0.0000 0.0000
11.5572 6.8373 12.1570 114 115 125 0.4618 0.1942 0.1930 0.1939 0.9999 0.0069 -0.0008 0.0151
-7.6558 12.4465 12.0000 160 160 170 0.5000 0.2000 0.2000 0.2000 1.0000 0.0000 0.0000 0.0000
-4.8793 -1.2076 11.8566 166 183 171 0.5326 0.2058 0.2067 0.2065 0.9993 -0.0263 0.0096 -0.0248
-10.2441 -18.1646 12.0000 160 160 170 0.5000 0.2000 0.2000 0.2000 1.0000 0.0000 0.0000 0.0000
-17.5764 7.0461 12.0000 160 160 170 0.5000 0.2000 0.2000 0.2000 1.0000 0.0000 0.0000 0.0000
17.3546 -4.0886 12.0000 160 160 170 0.5000 0.2000 0.2000 0.2000 1.0000 0.0000 0.0000 0.0000
-8.3218 16.5599 12.0000 160 160 170 0.5000 0.2000 0.2000 0.2000 1.0000 0.0000 0.0000 0.0000
-8.9346 -0.0943 12.0000 160 160 170 0.5000 0.2000 0.2000 0.2000 1.0000 0.0000 0.0000 0.0000
11.9875 13.7102 11.9750 148 141 138 0.4947 0.2053 0.2043 0.2066 0.9995 0.0146 -0.0133 0.0243
5.2263 10.7477 12.0000 160 160 170 0.5000 0.2000 0.2000 0.2000 1.0000 0.0000 0.0000 0.0000
-0.8649 -7.5218 12.0000 160 160 170 0.5000 0.2000 0.2000 0.2000 1.0000 0.0000 0.0000 0.0000
12.6070 15.4793 12.0000 160 160 170 0.5000 0.2000 0.2000 0.2000 1.0000 0.0000 0.0000 0.0000
-11.8751 15.7259 12.0000 160 160 170 0.5000 0.2000 0.2000 0.2000 1.0000 0.0000 0.0000 0.0000
11.8413 7.5707 11.9037 122 123 132 0.4664 0.1981 0.1968 0.2041 0.9995 0.0076 -0.0308 0.0014
-15.7903 -16.1226 12.0000 160 160 170 0.5000 0.2000 0.2000 0.2000 1.0000 0.0000 0.0000 0.0000
11.5889 15.0024 12.0000 160 160 170 0.5000 0.2000 0.2000 0.2000 1.0000 0.0000 0.0000 0.0000
-3.9365 10.1382 12.0000 160 160 170 0.5000 0.2000 0.2000 0.2000 1.0000 0.0000 0.0000 0.0000
4.1696 18.4340 12.0000 160 160 170 0.5000 0.2000 0.2000 0.2000 1.0000 0.0000 0.0000 0.0000
20.1612 7.8638 11.8274 118 165 117 0.4995 0.2027 0.2075 0.2066 0.9989 0.0048 -0.0386 0.0258
-18.3853 8.1561 12.0000 160 160 170 0.5000 0.2000 0.2000 0.2000 1.0000 0.0000 0.0000 0.0000
2.1914 7.6747 12.0000 160 160 170 0.5000 0.2000 0.2000 0.2000 1.0000 0.0000 0.0000 0.0000
3.7435 17.5676 12.0000 160 160 170 0.5000 0.2000 0.2000 0.2000 1.0000 0.0000 0.0000 0.0000
11.9559 16.9886 12.0000 160 160 170 0.5000 0.2000 0.2000 0.2000 1.0000 0.0000 0.0000 0.0000
-11.0295 0.7746 12.0000 160 160 170 0.5000 0.2000 0.2000 0.2000 1.0000 0.0000 0.0000 0.0000
4.0098 15.2958 12.0000 160 160 170 0.5000 0.2000 0.2000 0.2000 1.0000 0.0000 0.0000 0.0000
-13.9850 -5.9779 12.0000 160 160 170 0.5000 0.2000 0.2000 0.2000 1.0000 0.0000 0.0000 0.0000
-6.7066 -11.2000 12.0000 160 160 170 0.5000 0.2000 0.2000 0.2000 1.0000 0.0000 0.0000 0.0000
17.6618 16.9680 12.0000 160 160 170 0.5000 0.2000 0.2000 0.2000 1.0000 0.0000 0.0000 0.0000
12.9261 1.3649 12.0000 160 160 170 0.5000 0.2000 0.2000 0.2000 1.0000 0.0000 0.0000 0.0000
-14.7355 7.9370 12.0000 160 160 170 0.5000 0.2000 0.2000 0.2000 1.0000 0.0000 0.0000 0.0000
-14.9640 -13.0415 12.0000 160 160 170 0.5000 0.2000 0.2000 0.2000 1.0000 0.0000 0.0000 0.0000
18.6712 -17.1106 11.8843 126 171 115 0.4936 0.2070 0.1971 0.2081 0.9995 -0.0200 -0.0038 -0.0254
-10.8781 -10.4688 12.0000 160 160 170 0.5000 0.2000 0.2000 0.2000 1.0000 0.0000 0.0000 0.0000
-15.8505 14.8712 12.0000 160 160 170 0.5000 0.2000 0.2000 0.2000 1.0000 0.0000 0.0000 0.0000
-18.4260 -1.1188 12.0000 160 160 170 0.5000 0.2000 0.2000 0.2000 1.0000 0.0000 0.0000 0.0000
7.7103 -18.0297 12.0639 120 152 111 0.4744 0.1939 0.1987 0.1990 0.9985 0.0062 0.0293 0.0460
-18.7346 12.6799 12.0000 160 160 170 0.5000 0.2000 0.2000 0.2000 1.0000 0.0000 0.0000 0.0000
-17.7323 3.9888 12.0000 160 160 170 0.5000 0.2000 0.2000 0.2000 1.0000 0.0000 0.0000 0.0000
1.7124 2.1911 12.0259 167 167 177 0.5065 0.2010 0.2010 0.2010 1.0000 0.0000 0.0000 0.0000
-7.3134 3.0270 12.0000 160 160 170 0.5000 0.2000 0.2000 0.2000 1.0000 0.0000 0.0000 0.0000
18.6041 4.1616 12.1213 102 124 105 0.4563 0.1980 0.2008 0.2007 0.9996 0.0147 -0.0249 0.0030
-15.5186 14.3152 12.0000 160 160 170 0.5000 0.2000 0.2000 0.2000 1.0000 0.0000 0.0000 0.0000
-0.5288 -18.0943 12.0000 160 160 170 0.5000 0.2000 0.2000 0.2000 1.0000 0.0000 0.0000 0.0000
6.4068 -5.0086 11.8689 176 202 147 0.5178 0.1940 0.2014 0.2059 0.9995 0.0241 0.0022 0.0184
3.5747 -18.9748 11.9683 158 188 156 0.5452 0.2080 0.2067 0.2080 0.9992 -0.0128 -0.0186 -0.0332
-4.4843 -0.0009 11.8308 186 208 168 0.5455 0.2055 0.2067 0.2074 0.9993 -0.0151 -0.0236 -0.0252
-3.7372 16.7769 12.0000 160 160 170 0.5000 0.2000 0.2000 0.2000 1.0000 0.0000 0.0000 0.0000
-3.6884 -15.4880 12.0000 160 160 170 0.5000 0.2000 0.2000 0.2000 1.0000 0.0000 0.0000 0.0000
-17.6612 3.5531 12.0000 160 160 170 0.5000 0.2000 0.2000 0.2000 1.0000 0.0000 0.0000 0.0000
-12.7669 -13.9097 12.0000 160 160 170 0.5000 0.2000 0.2000 0.2000 1.0000 0.0000 0.0000 0.0000
19.6625 6.7519 11.9161 153 170 142 0.5109 0.2011 0.2056 0.2049 0.9987 0.0265 -0.0314 0.0294
18.3467 -16.5323 12.0347 129 156 113 0.4827 0.2012 0.1971 0.2005 0.9994 -0.0060 0.0041 -0.0327
-11.3832 -16.7483 12.0000 160 160 170 0.5000 0.2000 0.2000 0.2000 1.0000 0.0000 0.0000 0.0000
5.1588 -17.0073 12.0501 146 169 124 0.4883 0.1957 0.2009 0.1979 0.9992 -0.0118 0.0079 0.0376
17.7151 -5.9958 12.0000 160 160 170 0.5000 0.2000 0.2000 0.2000 1.0000 0.0000 0.0000 0.0000
-9.7927 -19.9643 12.0000 160 160 170 0.5000 0.2000 0.2000 0.2000 1.0000 0.0000 0.0000 0.0000
-15.0776 -15.2789 12.0000 160 160 170 0.5000 0.2000 0.2000 0.2000 1.0000 0.0000 0.0000 0.0000
-8.2661 12.3451 12.0000 160 160 170 0.5000 0.2000 0.2000 0.2000 1.0000 0.0000 0.0000 0.0000
-12.4031 9.4263 12.0000 160 160 170 0.5000 0.2000 0.2000 0.2000 1.0000 0.0000 0.0000 0.0000
11.7357 19.3646 12.0000 160 160 170 0.5000 0.2000 0.2000 0.2000 1.0000 0.0000 0.0000 0.0000
11.0778 9.6514 11.8030 198 221 178 0.5450 0.2100 0.2102 0.2090 0.9986 -0.0328 0.0408 -0.0033
-5.7046 9.0819 12.0000 160 160 170 0.5000 0.2000 0.2000 0.2000 1.0000 0.0000 0.0000 0.0000
11.9455 6.8999 12.1035 115 118 125 0.4643 0.1934 0.1939 0.1985 0.9995 0.0274 0.0086 -0.0130
15.7055 -15.8574 12.0000 160 160 170 0.5000 0.2000 0.2000 0.2000 1.0000 0.0000 0.0000 0.0000
2.5711 9.4451 12.0000 160 160 170 0.5000 0.2000 0.2000 0.2000 1.0000 0.0000 0.0000 0.0000
4.9562 11.5027 12.0000 160 160 170 0.5000 0.2000 0.2000 0.2000 1.0000 0.0000 0.0000 0.0000
12.6586 12.5622 11.8729 111 134 111 0.5027 0.2073 0.2034 0.2044 0.9997 -0.0068 0.0094 0.0205
-3.2295 12.1861 12.0000 160 160 170 0.5000 0.2000 0.2000 0.2000 1.0000 0.0000 0.0000 0.0000
-2.6305 7.6048 12.0000 160 160 170 0.5000 0.2000 0.2000 0.2000 1.0000 0.0000 0.0000 0.0000
-3.5782 17.2671 12.0000 160 160 170 0.5000 0.2000 0.2000 0.2000 1.0000 0.0000 0.0000 0.0000
-1.6799 -10.4836 11.7841 202 205 194 0.5542 0.2072 0.2103 0.2088 0.9997 0.0157 -0.0067 0.0167
1.2644 12.1354 12.0000 160 160 170 0.5000 0.2000 0.2000 0.2000 1.0000 0.0000 0.0000 0.0000
-17.1401 5.2377 12.0000 160 160 170 0.5000 0.2000 0.2000 0.2000 1.0000 0.0000 0.0000 0.0000
11.6211 -6.8911 12.0000 160 160 170 0.5000 0.2000 0.2000 0.2000 1.0000 0.0000 0.0000 0.0000
-14.5365 17.5362 12.0000 160 160 170 0.5000 0.2000 0.2000 0.2000 1.0000 0.0000 0.0000 0.0000
-2.2429 -6.2394 12.0000 160 160 170 0.5000 0.2000 0.2000 0.2000 1.0000 0.0000 0.0000 0.0000
-1.3540 -8.7144 11.9903 157 164 156 0.5003 0.2006 0.1997 0.2007 1.0000 0.0005 -0.0000 0.0003
-8.3157 18.9287 12.0000 160 160 170 0.5000 0.2000 0.2000 0.2000 1.0000 0.0000 0.0000 0.0000
13.9931 -5.8319 12.0000 160 160 170 0.5000 0.2000 0.2000 0.2000 1.0000 0.0000 0.0000 0.0000
-1.8972 -15.4906 12.1350 122 135 135 0.5176 0.2003 0.2039 0.2046 0.9994 0.0308 -0.0018 0.0138
-5.5765 -0.4080 12.0000 160 160 170 0.5000 0.2000 0.2000 0.2000 1.0000 0.0000 0.0000 0.0000
4.7819 -6.6798 12.0000 160 160 170 0.5000 0.2000 0.2000 0.2000 1.0000 0.0000 0.0000 0.0000
0.0444 18.8858 12.0000 160 160 170 0.5000 0.2000 0.2000 0.2000 1.0000 0.0000 0.0000 0.0000
2.2504 13.3116 12.0000 160 160 170 0.5000 0.2000 0.2000 0.2000 1.0000 0.0000 0.0000 0.0000
-10.6045 14.7946 12.0000 160 160 170 0.5000 0.2000 0.2000 0.2000 1.0000 0.0000 0.0000 0.0000
-10.4377 17.6705 12.0000 160 160 170 0.5000 0.2000 0.2000 0.2000 1.0000 0.0000 0.0000 0.0000
-16.9141 8.1816 12.0000 160 160 170 0.5000 0.2000 0.2000 0.2000 1.0000 0.0000 0.0000 0.0000
5.7014 -15.7060 12.0000 160 160 170 0.5000 0.2000 0.2000 0.2000 1.0000 0.0000 0.0000 0.0000
11.6990 -2.1153 12.0000 160 160 170 0.5000 0.2000 0.2000 0.2000 1.0000 0.0000 0.0000 0.0000
13.1127 -18.4079 11.6970 182 217 154 0.5322 0.2116 0.2147 0.2149 0.9991 0.0406 -0.0115 0.0013
-19.6796 14.9262 12.0000 160 160 170 0.5000 0.2000 0.2000 0.2000 1.0000 0.0000 0.0000 0.0000
-1.7635 -8.6700 11.9833 144 157 140 0.5011 0.1972 0.2051 0.2018 0.9999 0.0048 -0.0132 -0.0026
-8.6245 1.7435 12.0000 160 160 170 0.5000 0.2000 0.2000 0.2000 1.0000 0.0000 0.0000 0.0000
5.4957 2.5312 12.0238 135 162 108 0.4849 0.1976 0.2028 0.2012 0.9981 -0.0034 0.0018 -0.0615
14.3230 -19.1813 11.6589 186 218 170 0.5524 0.2156 0.2106 0.2140 0.9980 -0.0601 -0.0200 -0.0006
7.2876 -7.1960 12.0000 160 160 170 0.5000 0.2000 0.2000 0.2000 1.0000 0.0000 0.0000 0.0000
15.8337 -5.2565 12.0000 160 160 170 0.5000 0.2000 0.2000 0.2000 1.0000 0.0000 0.0000 0.0000
0.9778 0.5201 12.0000 160 160 170 0.5000 0.2000 0.2000 0.2000 1.0000 0.0000 0.0000 0.0000
1.5990 -3.7300 12.0000 160 160 170 0.5000 0.2000 0.2000 0.2000 1.0000 0.0000 0.0000 0.0000
-18.1915 14.1897 12.0000 160 160 170 0.5000 0.2000 0.2000 0.2000 1.0000 0.0000 0.0000 0.0000
6.3709 8.2763 12.0780 140 173 120 0.5267 0.2058 0.2061 0.2065 0.9996 0.0184 -0.0000 -0.0199
-8.5244 -17.4703 12.0000 160 160 170 0.5000 0.2000 0.2000 0.2000 1.0000 0.0000 0.0000 0.0000
-3.8225 13.2761 12.0000 160 160 170 0.5000 0.2000 0.2000 0.2000 1.0000 0.0000 0.0000 0.0000
-11.9657 -18.0934 12.0000 160 160 170 0.5000 0.2000 0.2000 0.2000 1.0000 0.0000 0.0000 0.0000
-18.8310 -8.4908 12.0000 160 160 170 0.5000 0.2000 0.2000 0.2000 1.0000 0.0000 0.0000 0.0000
-16.3672 -16.1796 12.0000 160 160 170 0.5000 0.2000 0.2000 0.2000 1.0000 0.0000 0.0000 0.0000
-19.8711 -5.1219 12.0000 160 160 170 0.5000 0.2000 0.2000 0.2000 1.0000 0.0000 0.0000 0.0000
-12.4428 -14.1439 12.0000 160 160 170 0.5000 0.2000 0.2000 0.2000 1.0000 0.0000 0.0000 0.0000
0.8481 2.3218 12.0773 128 128 151 0.4817 0.1969 0.1985 0.1969 1.0000 0.0006 -0.0019 0.0008
-17.6670 -12.7951 12.0000 160 160 170 0.5000 0.2000 0.2000 0.2000 1.0000 0.0000 0.0000 0.0000
18.4842 9.3496 11.8304 172 197 173 0.5237 0.2075 0.2078 0.2072 0.9995 -0.0056 0.0153 -0.0267
1.7639 18.3378 12.0000 160 160 170 0.5000 0.2000 0.2000 0.2000 1.0000 0.0000 0.0000 0.0000
9.9305 17.2653 12.0000 160 160 170 0.5000 0.2000 0.2000 0.2000 1.0000 0.0000 0.0000 0.0000
-1.2713 16.6831 12.0000 160 160 170 0.5000 0.2000 0.2000 0.2000 1.0000 0.0000 0.0000 0.0000
-17.8696 19.2213 12.0000 160 160 170 0.5000 0.2000 0.2000 0.2000 1.0000 0.0000 0.0000 0.0000
-3.1792 -6.1180 12.0811 149 151 159 0.4853 0.1979 0.1982 0.1966 1.0000 0.0008 -0.0006 0.0001
-5.2114 13.2404 12.0000 160 160 170 0.5000 0.2000 0.2000 0.2000 1.0000 0.0000 0.0000 0.0000
9.0247 -11.6634 12.0000 160 160 170 0.5000 0.2000 0.2000 0.2000 1.0000 0.0000 0.0000 0.0000
-7.8226 -0.8993 12.0000 160 160 170 0.5000 0.2000 0.2000 0.2000 1.0000 0.0000 0.0000 0.0000
-17.9724 -11.3521 12.0000 160 160 170 0.5000 0.2000 0.2000 0.2000 1.0000 0.0000 0.0000 0.0000
-13.4365 -10.1614 12.0000 160 160 170 0.5000 0.2000 0.2000 0.2000 1.0000 0.0000 0.0000 0.0000
-18.8602 -13.4549 12.0000 160 160 170 0.5000 0.2000 0.2000 0.2000 1.0000 0.0000 0.0000 0.0000
14.7806 -1.5915 12.0000 160 160 170 0.5000 0.2000 0.2000 0.2000 1.0000 0.0000 0.0000 0.0000
-3.4581 15.3099 12.0000 160 160 170 0.5000 0.2000 0.2000 0.2000 1.0000 0.0000 0.0000 0.0000
-6.3726 -13.6167 12.0000 160 160 170 0.5000 0.2000 0.2000 0.2000 1.0000 0.0000 0.0000 0.0000
7.8251 5.1731 12.1136 120 155 105 0.4690 0.1976 0.2000 0.1961 1.0000 -0.0040 0.0005 0.0033
-11.5295 -13.9936 12.0000 160 160 170 0.5000 0.2000 0.2000 0.2000 1.0000 0.0000 0.0000 0.0000
13.7244 17.2592 12.0000 160 160 170 0.5000 0.2000 0.2000 0.2000 1.0000 0.0000 0.0000 0.0000
5.1978 5.1884 12.0798 129 135 126 0.4892 0.2020 0.2046 0.2010 0.9994 -0.0132 0.0207 -0.0245
-17.6968 -17.6844 12.0000 160 160 170 0.5000 0.2000 0.2000 0.2000 1.0000 0.0000 0.0000 0.0000
2.4750 -10.1745 12.0000 160 160 170 0.5000 0.2000 0.2000 0.2000 1.0000 0.0000 0.0000 0.0000
-19.2331 15.8478 12.0000 160 160 170 0.5000 0.2000 0.2000 0.2000 1.0000 0.0000 0.0000 0.0000
4.7086 -3.5820 12.1382 173 197 131 0.5301 0.2066 0.2076 0.2042 0.9995 -0.0048 -0.0001 0.0312
15.0071 18.4597 12.0000 160 160 170 0.5000 0.2000 0.2000 0.2000 1.0000 0.0000 0.0000 0.0000
6.9646 8.8204 12.1052 126 144 130 0.4786 0.2025 0.2011 0.2008 0.9997 -0.0121 0.0193 0.0032
-12.0059 -1.9318 12.0000 160 160 170 0.5000 0.2000 0.2000 0.2000 1.0000 0.0000 0.0000 0.0000
-9.7126 -15.4121 12.0000 160 160 170 0.5000 0.2000 0.2000 0.2000 1.0000 0.0000 0.0000 0.0000
-13.5177 -1.2154 12.0000 160 160 170 0.5000 0.2000 0.2000 0.2000 1.0000 0.0000 0.0000 0.0000
1.5580 -16.4601 11.9276 150 180 122 0.5024 0.1986 0.2069 0.2062 0.9981 -0.0129 0.0275 0.0531
-0.2996 -19.7405 12.0000 160 160 170 0.5000 0.2000 0.2000 0.2000 1.0000 0.0000 0.0000 0.0000
4.0851 9.3257 12.0000 160 160 170 0.5000 0.2000 0.2000 0.2000 1.0000 0.0000 0.0000 0.0000
-3.9376 1.7797 12.0552 175 175 154 0.5138 0.2022 0.2022 0.2022 1.0000 0.0000 0.0000 0.0000
6.5160 -7.2114 12.0000 160 160 170 0.5000 0.2000 0.2000 0.2000 1.0000 0.0000 0.0000 0.0000
7.1704 -10.7882 12.0000 160 160 170 0.5000 0.2000 0.2000 0.2000 1.0000 0.0000 0.0000 0.0000
-18.9331 -5.3076 12.0000 160 160 170 0.5000 0.2000 0.2000 0.2000 1.0000 0.0000 0.0000 0.0000
2.9014 -11.7877 12.0000 160 160 170 0.5000 0.2000 0.2000 0.2000 1.0000 0.0000 0.0000 0.0000
-3.1718 11.3962 12.0000 160 160 170 0.5000 0.2000 0.2000 0.2000 1.0000 0.0000 0.0000 0.0000
9.7540 13.6439 12.0000 160 160 170 0.5000 0.2000 0.2000 0.2000 1.0000 0.0000 0.0000 0.0000
14.3286 18.5488 12.0000 160 160 170 0.5000 0.2000 0.2000 0.2000 1.0000 0.0000 0.0000 0.0000
16.2887 -5.8115 12.0000 160 160 170 0.5000 0.2000 0.2000 0.2000 1.0000 0.0000 0.0000 0.0000
-4.7905 18.6416 12.0000 160 160 170 0.5000 0.2000 0.2000 0.2000 1.0000 0.0000 0.0000 0.0000
-1.8078 -17.0877 12.0000 160 160 170 0.5000 0.2000 0.2000 0.2000 1.0000 0.0000 0.0000 0.0000
-8.8605 3.2317 12.0000 160 160 170 0.5000 0.2000 0.2000 0.2000 1.0000 0.0000 0.0000 0.0000
-16.5500 -9.2773 12.0000 160 160 170 0.5000 0.2000 0.2000 0.2000 1.0000 0.0000 0.0000 0.0000
-0.8636 16.8399 12.0000 160 160 170 0.5000 0.2000 0.2000 0.2000 1.0000 0.0000 0.0000 0.0000
-13.2608 7.7388 12.0000 160 160 170 0.5000 0.2000 0.2000 0.2000 1.0000 0.0000 0.0000 0.0000
11.6020 6.8113 12.1629 112 113 123 0.4608 0.1942 0.1931 0.1937 0.9998 0.0102 0.0003 0.0145
8.8737 -11.9809 12.0000 160 160 170 0.5000 0.2000 0.2000 0.2000 1.0000 0.0000 0.0000 0.0000
0.0067 -4.1340 12.0000 160 160 170 0.5000 0.2000 0.2000 0.2000 1.0000 0.0000 0.0000 0.0000
16.7787 11.6201 11.9294 130 168 142 0.5225 0.2069 0.2075 0.2065 0.9996 -0.0024 0.0233 -0.0145
-1.3202 6.9126 12.0000 160 160 170 0.5000 0.2000 0.2000 0.2000 1.0000 0.0000 0.0000 0.0000
6.3570 -9.6192 12.0000 160 160 170 0.5000 0.2000 0.2000 0.2000 1.0000 0.0000 0.0000 0.0000
11.2956 -12.4486 12.0000 160 160 170 0.5000 0.2000 0.2000 0.2000 1.0000 0.0000 0.0000 0.0000
-14.9598 16.8074 12.0000 160 160 170 0.5000 0.2000 0.2000 0.2000 1.0000 0.0000 0.0000 0.0000
2.6202 11.8400 12.0000 160 160 170 0.5000 0.2000 0.2000 0.2000 1.0000 0.0000 0.0000 0.0000
16.7382 -6.3198 12.0000 160 160 170 0.5000 0.2000 0.2000 0.2000 1.0000 0.0000 0.0000 0.0000
-2.8556 13.6733 12.0000 160 160 170 0.5000 0.2000 0.2000 0.2000 1.0000 0.0000 0.0000 0.0000
9.5343 17.1294 12.0000 160 160 170 0.5000 0.2000 0.2000 0.2000 1.0000 0.0000 0.0000 0.0000
-1.3316 -4.3275 12.0000 160 160 170 0.5000 0.2000 0.2000 0.2000 1.0000 0.0000 0.0000 0.0000
16.3256 3.7292 12.0742 133 157 126 0.4795 0.1947 0.2005 0.1979 0.9999 0.0013 -0.0010 0.0158
13.5394 12.2376 11.8351 107 139 105 0.4943 0.2074 0.2018 0.2086 1.0000 -0.0041 -0.0034 0.0005
-0.6015 -16.8574 11.9982 188 198 167 0.5390 0.2067 0.2062 0.2078 0.9995 0.0161 -0.0088 -0.0269
-2.0518 -1.8350 12.0537 156 156 166 0.4929 0.1987 0.1997 0.1978 1.0000 0.0000 0.0000 0.0000
-10.2846 -6.0410 12.0000 160 160 170 0.5000 0.2000 0.2000 0.2000 1.0000 0.0000 0.0000 0.0000
-12.4352 -17.9032 12.0000 160 160 170 0.5000 0.2000 0.2000 0.2000 1.0000 0.0000 0.0000 0.0000
-4.1780 1.5291 12.0000 160 160 170 0.5000 0.2000 0.2000 0.2000 1.0000 0.0000 0.0000 0.0000
3.5891 17.1828 12.0000 160 160 170 0.5000 0.2000 0.2000 0.2000 1.0000 0.0000 0.0000 0.0000
-0.1525 -6.2714 12.0000 160 160 170 0.5000 0.2000 0.2000 0.2000 1.0000 0.0000 0.0000 0.0000
18.0469 -0.0858 12.0000 160 160 170 0.5000 0.2000 0.2000 0.2000 1.0000 0.0000 0.0000 0.0000
6.3640 -12.2252 12.0000 160 160 170 0.5000 0.2000 0.2000 0.2000 1.0000 0.0000 0.0000 0.0000
-5.4111 -9.8232 11.9601 133 135 142 0.4933 0.2039 0.2035 0.2026 0.9997 -0.0148 -0.0148 -0.0141
-5.0269 -19.1991 12.0000 160 160 170 0.5000 0.2000 0.2000 0.2000 1.0000 0.0000 0.0000 0.0000
11.6071 17.7309 12.0000 160 160 170 0.5000 0.2000 0.2000 0.2000 1.0000 0.0000 0.0000 0.0000
19.8816 -5.2776 12.0000 160 160 170 0.5000 0.2000 0.2000 0.2000 1.0000 0.0000 0.0000 0.0000
11.3250 -9.9159 12.0000 160 160 170 0.5000 0.2000 0.2000 0.2000 1.0000 0.0000 0.0000 0.0000
6.6216 16.9125 12.0000 160 160 170 0.5000 0.2000 0.2000 0.2000 1.0000 0.0000 0.0000 0.0000
-14.5504 14.1814 12.0000 160 160 170 0.5000 0.2000 0.2000 0.2000 1.0000 0.0000 0.0000 0.0000
14.6263 0.8420 12.0000 160 160 170 0.5000 0.2000 0.2000 0.2000 1.0000 0.0000 0.0000 0.0000
-17.5996 -4.7170 12.0000 160 160 170 0.5000 0.2000 0.2000 0.2000 1.0000 0.0000 0.0000 0.0000
-9.9012 7.4088 12.0000 160 160 170 0.5000 0.2000 0.2000 0.2000 1.0000 0.0000 0.0000 0.0000
-19.0998 19.8066 12.0000 160 160 170 0.5000 0.2000 0.2000 0.2000 1.0000 0.0000 0.0000 0.0000
-12.6848 -16.1384 12.0000 160 160 170 0.5000 0.2000 0.2000 0.2000 1.0000 0.0000 0.0000 0.0000
-7.2000 7.3853 12.0000 160 160 170 0.5000 0.2000 0.2000 0.2000 1.0000 0.0000 0.0000 0.0000
18.7574 -17.7665 11.8444 164 204 144 0.5388 0.2092 0.2070 0.2088 0.9998 -0.0057 -0.0172 -0.0010
5.8481 -9.8821 12.0000 160 160 170 0.5000 0.2000 0.2000 0.2000 1.0000 0.0000 0.0000 0.0000
-8.0757 -6.3662 12.0000 160 160 170 0.5000 0.2000 0.2000 0.2000 1.0000 0.0000 0.0000 0.0000
-10.3602 -0.9791 12.0000 160 160 170 0.5000 0.2000 0.2000 0.2000 1.0000 0.0000 0.0000 0.0000
-5.5148 -19.0146 12.0000 160 160 170 0.5000 0.2000 0.2000 0.2000 1.0000 0.0000 0.0000 0.0000
-4.6933 -10.6876 11.9150 143 166 133 0.5212 0.2056 0.2034 0.2054 0.9993 -0.0157 -0.0041 -0.0335
-8.0564 13.7944 12.0000 160 160 170 0.5000 0.2000 0.2000 0.2000 1.0000 0.0000 0.0000 0.0000
-4.4612 16.3672 12.0000 160 160 170 0.5000 0.2000 0.2000 0.2000 1.0000 0.0000 0.0000 0.0000
-15.8344 -8.6717 12.0000 160 160 170 0.5000 0.2000 0.2000 0.2000 1.0000 0.0000 0.0000 0.0000
6.5327 17.2803 12.0000 160 160 170 0.5000 0.2000 0.2000 0.2000 1.0000 0.0000 0.0000 0.0000
-10.4546 -2.5789 12.0000 160 160 170 0.5000 0.2000 0.2000 0.2000 1.0000 0.0000 0.0000 0.0000
-6.8717 -2.0733 12.0000 160 160 170 0.5000 0.2000 0.2000 0.2000 1.0000 0.0000 0.0000 0.0000
8.0014 -5.3848 12.0962 137 137 148 0.4782 0.1967 0.1960 0.1959 1.0000 -0.0022 -0.0007 -0.0008
-12.4204 -11.6225 12.0000 160 160 170 0.5000 0.2000 0.2000 0.2000 1.0000 0.0000 0.0000 0.0000
-5.0900 19.9249 12.0000 160 160 170 0.5000 0.2000 0.2000 0.2000 1.0000 0.0000 0.0000 0.0000
-4.0239 -6.6160 11.8737 158 184 176 0.5325 0.1999 0.2079 0.2047 0.9976 0.0291 0.0181 0.0595
-18.9221 12.9980 12.0000 160 160 170 0.5000 0.2000 0.2000 0.2000 1.0000 0.0000 0.0000 0.0000
-2.7054 17.4079 12.0000 160 160 170 0.5000 0.2000 0.2000 0.2000 1.0000 0.0000 0.0000 0.0000
18.9517 -5.1994 12.0000 160 160 170 0.5000 0.2000 0.2000 0.2000 1.0000 0.0000 0.0000 0.0000
3.1292 13.2791 12.0000 160 160 170 0.5000 0.2000 0.2000 0.2000 1.0000 0.0000 0.0000 0.0000
5.0723 4.3654 11.9120 182 196 144 0.5293 0.2026 0.2048 0.2075 0.9988 0.0075 0.0376 -0.0318
-6.8470 9.1274 12.0000 160 160 170 0.5000 0.2000 0.2000 0.2000 1.0000 0.0000 0.0000 0.0000
-15.3923 -9.2571 12.0000 160 160 170 0.5000 0.2000 0.2000 0.2000 1.0000 0.0000 0.0000 0.0000
-12.0042 15.2645 12.0000 160 160 170 0.5000 0.2000 0.2000 0.2000 1.0000 0.0000 0.0000 0.0000
18.3095 -0.3826 12.0000 160 160 170 0.5000 0.2000 0.2000 0.2000 1.0000 0.0000 0.0000 0.0000
17.5583 15.8879 12.0000 160 160 170 0.5000 0.2000 0.2000 0.2000 1.0000 0.0000 0.0000 0.0000
0.9589 5.0453 11.9321 123 183 109 0.5065 0.2034 0.2049 0.2044 0.9994 -0.0078 0.0146 0.0294
-10.3925 -15.1337 12.0000 160 160 170 0.5000 0.2000 0.2000 0.2000 1.0000 0.0000 0.0000 0.0000
-8.9204 -2.8563 12.0000 160 160 170 0.5000 0.2000 0.2000 0.2000 1.0000 0.0000 0.0000 0.0000
5.9501 -8.6327 12.0000 160 160 170 0.5000 0.2000 0.2000 0.2000 1.0000 0.0000 0.0000 0.0000
-18.1948 -17.7416 12.0000 160 160 170 0.5000 0.2000 0.2000 0.2000 1.0000 0.0000 0.0000 0.0000
2.9866 1.4999 11.8886 148 176 187 0.5322 0.2071 0.2069 0.2074 0.9995 -0.0222 0.0176 -0.0100
-4.4247 -4.3572 12.0456 94 105 96 0.4890 0.1973 0.2028 0.2000 1.0000 0.0073 -0.0026 0.0058
19.2719 -14.9784 11.8603 187 198 165 0.5321 0.2039 0.2083 0.2063 0.9994 0.0212 -0.0160 -0.0206
16.3318 16.0888 12.0000 160 160 170 0.5000 0.2000 0.2000 0.2000 1.0000 0.0000 0.0000 0.0000
-19.8816 3.3249 12.0000 160 160 170 0.5000 0.2000 0.2000 0.2000 1.0000 0.0000 0.0000 0.0000
-9.5964 -19.3278 12.0000 160 160 170 0.5000 0.2000 0.2000 0.2000 1.0000 0.0000 0.0000 0.0000
-17.9908 11.6312 12.0000 160 160 170 0.5000 0.2000 0.2000 0.2000 1.0000 0.0000 0.0000 0.0000
0.1875 -2.7976 12.0000 160 160 170 0.5000 0.2000 0.2000 0.2000 1.0000 0.0000 0.0000 0.0000
-4.4195 -4.7410 11.9882 110 135 95 0.5015 0.1927 0.1994 0.2006 0.9992 0.0134 0.0118 0.0346
-15.6091 -7.1022 12.0000 160 160 170 0.5000 0.2000 0.2000 0.2000 1.0000 0.0000 0.0000 0.0000
7.4242 -13.6977 12.0000 160 160 170 0.5000 0.2000 0.2000 0.2000 1.0000 0.0000 0.0000 0.0000
-7.0412 -3.0505 12.0000 160 160 170 0.5000 0.2000 0.2000 0.2000 1.0000 0.0000 0.0000 0.0000
1.6035 -2.7498 11.9931 140 135 141 0.4883 0.2029 0.1986 0.2049 0.9995 0.0190 -0.0217 -0.0117
19.8695 19.2147 12.0000 160 160 170 0.5000 0.2000 0.2000 0.2000 1.0000 0.0000 0.0000 0.0000
15.3216 -12.0873 12.0000 160 160 170 0.5000 0.2000 0.2000 0.2000 1.0000 0.0000 0.0000 0.0000
13.5792 13.0759 12.0565 133 168 137 0.5178 0.2063 0.2020 0.2020 0.9998 -0.0040 -0.0186 0.0011
-2.5781 -19.0042 12.0000 160 160 170 0.5000 0.2000 0.2000 0.2000 1.0000 0.0000 0.0000 0.0000
19.4905 -14.8519 11.8594 187 198 157 0.5313 0.2048 0.2084 0.2065 0.9993 0.0128 -0.0283 -0.0224
14.5431 16.1405 12.0000 160 160 170 0.5000 0.2000 0.2000 0.2000 1.0000 0.0000 0.0000 0.0000
-13.9907 -18.0326 12.0000 160 160 170 0.5000 0.2000 0.2000 0.2000 1.0000 0.0000 0.0000 0.0000
-6.8673 9.6553 12.0000 160 160 170 0.5000 0.2000 0.2000 0.2000 1.0000 0.0000 0.0000 0.0000
-19.3000 12.4169 12.0000 160 160 170 0.5000 0.2000 0.2000 0.2000 1.0000 0.0000 0.0000 0.0000
-2.9448 4.0498 12.0000 160 160 170 0.5000 0.2000 0.2000 0.2000 1.0000 0.0000 0.0000 0.0000
-7.8908 -4.2543 12.0000 160 160 170 0.5000 0.2000 0.2000 0.2000 1.0000 0.0000 0.0000 0.0000
0.6558 14.8939 12.0000 160 160 170 0.5000 0.2000 0.2000 0.2000 1.0000 0.0000 0.0000 0.0000
-2.5861 -1.7530 11.8604 184 202 171 0.5345 0.2022 0.2052 0.2055 0.9997 -0.0007 -0.0226 -0.0087
2.9173 -1.0323 12.0473 141 162 171 0.5188 0.2092 0.2087 0.2044 0.9985 0.0104 -0.0432 -0.0326
19.7394 7.0569 11.9306 145 165 133 0.5069 0.2009 0.2051 0.2044 0.9990 0.0227 -0.0255 0.0277
-8.2975 0.5044 12.0000 160 160 170 0.5000 0.2000 0.2000 0.2000 1.0000 0.0000 0.0000 0.0000
-7.8603 -3.3605 12.0000 160 160 170 0.5000 0.2000 0.2000 0.2000 1.0000 0.0000 0.0000 0.0000
-0.2662 -9.4463 12.0000 160 160 170 0.5000 0.2000 0.2000 0.2000 1.0000 0.0000 0.0000 0.0000
-11.3387 -15.1677 12.0000 160 160 170 0.5000 0.2000 0.2000 0.2000 1.0000 0.0000 0.0000 0.0000
6.9871 14.0871 12.0000 160 160 170 0.5000 0.2000 0.2000 0.2000 1.0000 0.0000 0.0000 0.0000
-2.5596 18.0308 12.0000 160 160 170 0.5000 0.2000 0.2000 0.2000 1.0000 0.0000 0.0000 0.0000
7.2665 11.9659 12.0000 160 160 170 0.5000 0.2000 0.2000 0.2000 1.0000 0.0000 0.0000 0.0000
12.7468 7.2467 11.8638 130 146 135 0.4925 0.2038 0.1999 0.2052 0.9995 0.0283 0.0114 0.0057
10.9267 -11.6118 12.0000 160 160 170 0.5000 0.2000 0.2000 0.2000 1.0000 0.0000 0.0000 0.0000
15.9182 3.9449 12.0818 122 169 112 0.4723 0.1953 0.2022 0.1995 0.9995 0.0102 -0.0034 0.0310
-14.2208 -11.2784 12.0000 160 160 170 0.5000 0.2000 0.2000 0.2000 1.0000 0.0000 0.0000 0.0000
-17.5908 11.5571 12.0000 160 160 170 0.5000 0.2000 0.2000 0.2000 1.0000 0.0000 0.0000 0.0000
0.0426 14.2062 12.0000 160 160 170 0.5000 0.2000 0.2000 0.2000 1.0000 0.0000 0.0000 0.0000
-9.6510 8.9974 12.0000 160 160 170 0.5000 0.2000 0.2000 0.2000 1.0000 0.0000 0.0000 0.0000
-1.1666 -16.2215 11.9271 151 178 139 0.5463 0.2074 0.2053 0.2077 0.9995 -0.0138 0.0254 -0.0131
6.5757 -13.3919 12.0000 160 160 170 0.5000 0.2000 0.2000 0.2000 1.0000 0.0000 0.0000 0.0000
16.3649 11.9430 11.9634 149 172 154 0.5252 0.2073 0.2071 0.2062 0.9998 -0.0150 0.0105 -0.0016
-4.1625 8.8982 12.0000 160 160 170 0.5000 0.2000 0.2000 0.2000 1.0000 0.0000 0.0000 0.0000
-2.2215 19.7961 12.0000 160 160 170 0.5000 0.2000 0.2000 0.2000 1.0000 0.0000 0.0000 0.0000
-10.1362 -12.3727 12.0000 160 160 170 0.5000 0.2000 0.2000 0.2000 1.0000 0.0000 0.0000 0.0000
11.0347 -14.2006 12.0000 160 160 170 0.5000 0.2000 0.2000 0.2000 1.0000 0.0000 0.0000 0.0000
-10.2388 19.5497 12.0000 160 160 170 0.5000 0.2000 0.2000 0.2000 1.0000 0.0000 0.0000 0.0000
-7.9975 10.8972 12.0000 160 160 170 0.5000 0.2000 0.2000 0.2000 1.0000 0.0000 0.0000 0.0000
-8.4264 -15.0525 12.0000 160 160 170 0.5000 0.2000 0.2000 0.2000 1.0000 0.0000 0.0000 0.0000
12.6303 11.0005 11.9270 147 182 107 0.5051 0.2021 0.2028 0.2044 0.9975 0.0320 0.0259 -0.0575
2.4752 17.3876 12.0000 160 160 170 0.5000 0.2000 0.2000 0.2000 1.0000 0.0000 0.0000 0.0000
-3.1624 8.3695 12.0000 160 160 170 0.5000 0.2000 0.2000 0.2000 1.0000 0.0000 0.0000 0.0000
3.3753 1.1634 11.8791 132 177 164 0.5010 0.2007 0.2052 0.2039 0.9994 -0.0035 0.0268 -0.0213
6.7784 6.2035 11.8835 182 202 171 0.5311 0.2081 0.2083 0.2045 0.9971 -0.0290 -0.0700 -0.0084
-1.7183 -18.9033 12.0000 160 160 170 0.5000 0.2000 0.2000 0.2000 1.0000 0.0000 0.0000 0.0000
3.4569 5.3399 11.9108 122 134 145 0.4796 0.2038 0.2034 0.2048 0.9993 -0.0283 0.0117 0.0236
9.6008 4.9722 11.9899 163 171 149 0.5058 0.1957 0.1967 0.1996 0.9999 0.0073 -0.0061 0.0041
-8.4050 -18.8374 12.0000 160 160 170 0.5000 0.2000 0.2000 0.2000 1.0000 0.0000 0.0000 0.0000
1.0349 4.7250 12.0724 121 163 111 0.4748 0.1977 0.2060 0.2002 0.9987 -0.0331 0.0068 -0.0382
-18.9111 -9.7386 12.0000 160 160 170 0.5000 0.2000 0.2000 0.2000 1.0000 0.0000 0.0000 0.0000
14.9406 7.2648 12.1139 176 180 185 0.5213 0.2032 0.2038 0.2032 0.9995 -0.0176 -0.0231 0.0078
-12.3250 16.1798 12.0000 160 160 170 0.5000 0.2000 0.2000 0.2000 1.0000 0.0000 0.0000 0.0000
-19.2269 -10.2627 12.0000 160 160 170 0.5000 0.2000 0.2000 0.2000 1.0000 0.0000 0.0000 0.0000
2.1386 4.0730 12.1332 114 146 120 0.4665 0.1963 0.2023 0.1948 1.0000 -0.0002 -0.0052 0.0032
7.7733 11.6105 12.0429 129 135 138 0.4988 0.2026 0.2056 0.2053 0.9999 0.0096 0.0013 0.0140
2.7274 -15.0736 11.8050 208 220 184 0.5489 0.2023 0.2104 0.2081 0.9987 0.0260 0.0300 0.0325
17.2157 -8.5605 12.0000 160 160 170 0.5000 0.2000 0.2000 0.2000 1.0000 0.0000 0.0000 0.0000
-14.9019 13.0230 12.0000 160 160 170 0.5000 0.2000 0.2000 0.2000 1.0000 0.0000 0.0000 0.0000
-12.1629 -13.4709 12.0000 160 160 170 0.5000 0.2000 0.2000 0.2000 1.0000 0.0000 0.0000 0.0000
18.2160 5.1247 11.8698 118 162 119 0.4755 0.2053 0.2042 0.2047 0.9999 0.0103 -0.0005 -0.0045
-10.8099 18.0090 12.0000 160 160 170 0.5000 0.2000 0.2000 0.2000 1.0000 0.0000 0.0000 0.0000
-15.2010 7.3033 12.0000 160 160 170 0.5000 0.2000 0.2000 0.2000 1.0000 0.0000 0.0000 0.0000
9.7974 1.6667 12.0000 160 160 170 0.5000 0.2000 0.2000 0.2000 1.0000 0.0000 0.0000 0.0000
8.3814 15.5630 12.0000 160 160 170 0.5000 0.2000 0.2000 0.2000 1.0000 0.0000 0.0000 0.0000
-4.1733 15.8955 12.0000 160 160 170 0.5000 0.2000 0.2000 0.2000 1.0000 0.0000 0.0000 0.0000
14.9466 -12.7879 12.0000 160 160 170 0.5000 0.2000 0.2000 0.2000 1.0000 0.0000 0.0000 0.0000
14.4454 -11.4753 12.0000 160 160 170 0.5000 0.2000 0.2000 0.2000 1.0000 0.0000 0.0000 0.0000
-2.4793 4.9139 12.0000 160 160 170 0.5000 0.2000 0.2000 0.2000 1.0000 0.0000 0.0000 0.0000
13.3154 -13.3985 12.0000 160 160 170 0.5000 0.2000 0.2000 0.2000 1.0000 0.0000 0.0000 0.0000
2.8926 4.4907 11.9473 132 145 140 0.5325 0.2043 0.2057 0.2050 0.9994 -0.0307 -0.0022 -0.0187
-17.8462 17.0361 12.0000 160 160 170 0.5000 0.2000 0.2000 0.2000 1.0000 0.0000 0.0000 0.0000
-3.5010 -3.9666 11.9119 155 167 174 0.5190 0.2014 0.2029 0.2039 0.9998 -0.0019 0.0208 -0.0009
-19.1429 10.4482 12.0000 160 160 170 0.5000 0.2000 0.2000 0.2000 1.0000 0.0000 0.0000 0.0000
-10.4764 -9.4765 12.0000 160 160 170 0.5000 0.2000 0.2000 0.2000 1.0000 0.0000 0.0000 0.0000
-1.3557 6.6586 12.0000 160 160 170 0.5000 0.2000 0.2000 0.2000 1.0000 0.0000 0.0000 0.0000
-19.6036 -9.0144 12.0000 160 160 170 0.5000 0.2000 0.2000 0.2000 1.0000 0.0000 0.0000 0.0000
-17.5887 -7.4832 12.0000 160 160 170 0.5000 0.2000 0.2000 0.2000 1.0000 0.0000 0.0000 0.0000
11.2867 3.5116 12.0000 160 160 170 0.5000 0.2000 0.2000 0.2000 1.0000 0.0000 0.0000 0.0000
1.5508 14.6825 12.0000 160 160 170 0.5000 0.2000 0.2000 0.2000 1.0000 0.0000 0.0000 0.0000
6.2820 -15.6617 12.0000 160 160 170 0.5000 0.2000 0.2000 0.2000 1.0000 0.0000 0.0000 0.0000
-5.9907 -5.4837 11.8786 93 120 81 0.5210 0.2029 0.2099 0.2078 0.9992 -0.0294 0.0252 -0.0076
-17.5266 -11.6656 12.0000 160 160 170 0.5000 0.2000 0.2000 0.2000 1.0000 0.0000 0.0000 0.0000
-2.2958 8.2830 12.0000 160 160 170 0.5000 0.2000 0.2000 0.2000 1.0000 0.0000 0.0000 0.0000
-9.5806 -18.8740 12.0000 160 160 170 0.5000 0.2000 0.2000 0.2000 1.0000 0.0000 0.0000 0.0000
-10.0260 0.0700 12.0000 160 160 170 0.5000 0.2000 0.2000 0.2000 1.0000 0.0000 0.0000 0.0000
-9.1364 4.9640 12.0000 160 160 170 0.5000 0.2000 0.2000 0.2000 1.0000 0.0000 0.0000 0.0000
-12.8114 0.3950 12.0000 160 160 170 0.5000 0.2000 0.2000 0.2000 1.0000 0.0000 0.0000 0.0000
18.9052 16.7695 12.0000 160 160 170 0.5000 0.2000 0.2000 0.2000 1.0000 0.0000 0.0000 0.0000
-7.6410 -17.8735 12.0000 160 160 170 0.5000 0.2000 0.2000 0.2000 1.0000 0.0000 0.0000 0.0000
-7.2597 3.6277 12.0000 160 160 170 0.5000 0.2000 0.2000 0.2000 1.0000 0.0000 0.0000 0.0000
-13.3712 6.8591 12.0000 160 160 170 0.5000 0.2000 0.2000 0.2000 1.0000 0.0000 0.0000 0.0000
18.4112 -19.4739 11.9569 133 150 117 0.5340 0.2055 0.2056 0.2060 0.9997 0.0123 0.0172 -0.0158
-5.7261 -17.2627 12.0000 160 160 170 0.5000 0.2000 0.2000 0.2000 1.0000 0.0000 0.0000 0.0000
17.2403 -9.8329 12.0000 160 160 170 0.5000 0.2000 0.2000 0.2000 1.0000 0.0000 0.0000 0.0000
