sep=,
CUSTOM.date [local],CUSTOM.updateTime [local],OSD.flyTime,OSD.flyTime [s],OSD.latitude,OSD.longitude,OSD.height [ft],OSD.heightMax [ft],OSD.vpsHeight [ft],OSD.altitude [ft],OSD.mileage [ft],OSD.hSpeed [MPH],OSD.hSpeedMax [MPH],OSD.xSpeed [MPH],OSD.xSpeedMax [MPH],OSD.ySpeed [MPH],OSD.ySpeedMax [MPH],OSD.zSpeed [MPH],OSD.zSpeedMax [MPH],OSD.pitch,OSD.roll,OSD.yaw,OSD.yaw [360],OSD.flycState,OSD.flycCommand,OSD.flightAction,OSD.gpsNum,OSD.gpsLevel,OSD.isGPSUsed,OSD.nonGPSCause,OSD.droneType,OSD.isSwaveWork,OSD.waveError,OSD.goHomeStatus,OSD.batteryType,OSD.ctrlDevice,OSD.isOnGround,OSD.isMotorOn,OSD.isMotorBlocked,OSD.motorStartFailedCause,OSD.motorFailReason,OSD.isImuPreheated,OSD.imuInitFailReason,OSD.isAcceletorOverRange,OSD.isBarometerDeadInAir,OSD.isCompassError,OSD.isGoHomeHeightModified,OSD.canIOCWork,OSD.isNotEnoughForce,OSD.isOutOfLimit,OSD.isPropellerCatapult,OSD.isVibrating,OSD.isVisionUsed,OSD.voltageWarning,GIMBAL.mode,GIMBAL.pitch,GIMBAL.roll,GIMBAL.yaw,GIMBAL.yaw [360],GIMBAL.isPitchAtLimit,GIMBAL.isRollAtLimit,GIMBAL.isYawAtLimit,GIMBAL.isStuck,CAMERA.isPhoto,CAMERA.isVideo,CAMERA.filename,CAMERA.sdCardIsInserted,CAMERA.sdCardState,RC.downlinkSignal,RC.uplinkSignal,RC.aileron,RC.elevator,RC.throttle,RC.rudder,RC.mode,RC.goHomeDepressed,RC.recordDepressed,RC.shutterDepressed,RC.playbackDepressed,RC.wheelDepressed,RC.wheelOffset,RC.custom1Depressed,RC.custom2Depressed,RC.custom3Depressed,RC.custom4Depressed,BATTERY.chargeLevel,BATTERY.currentPV [V],BATTERY.currentCapacity [mAh],BATTERY.fullCapacity [mAh],BATTERY.voltage [V],BATTERY.isCellVoltageEstimated,BATTERY.cellVoltage1 [V],BATTERY.cellVoltage2 [V],BATTERY.maxCellVoltageDeviation,BATTERY.isCellVoltageDeviationHigh,BATTERY.isVoltageLow,BATTERY.current [A],BATTERY.temperature [F],BATTERY.minTemperature [F],BATTERY.maxTemperature [F],BATTERY.usefulTime [s],BATTERY.goHomeTime [s],BATTERY.landTime [s],BATTERY.goHomeBattery,BATTERY.landBattery,BATTERY.safeFlyRadius,BATTERY.volumeConsume,BATTERY.status,BATTERY.goHomeStatus,BATTERY.goHomeCountdown,BATTERY.lowWarning,BATTERY.lowWarningGoHome,BATTERY.seriousLowWarning,BATTERY.seriousLowWarningLanding,BATTERY.timesCharged,MC.failSafeAction,MC.isObstacleAvoidanceEnabled,MC.isCollisionAvoidanceEnabled,MC.isRthObstacleAvoidanceEnabled,MC.isBraking,MC.isAvoidingObstacle,MC.isAvoidingActiveObstacle,MC.isAscentLimitedByObstacle,MC.isLandingConfirmationNeeded,MC.atLowAltitudeLimit,MC.atDistanceLimit,MC.atAirportAltitudeLimit,MC.atAirportBoundary,HOME.latitude,HOME.longitude,HOME.distance [ft],HOME.height [ft],HOME.heightLimit [ft],HOME.isHomeRecord,HOME.goHomeMode,HOME.aircraftHeadDirection,HOME.isDynamicHomePointEnabled,HOME.isReachedLimitDistance,HOME.isReachedLimitHeight,HOME.isCompassCalibrating,HOME.compassCalibrationState,HOME.isMultipleFlightModeEnabled,HOME.isBeginnerMode,HOME.isIOCEnabled,HOME.iocMode,HOME.goHomeHeight [ft],HOME.courseLockAngle,HOME.forceLandingHeight [ft],HOME.wind,HOME.dataRecorderFileIndex,RECOVER.appType,RECOVER.appVersion,RECOVER.aircraftName,RECOVER.aircraftSerial,RECOVER.cameraSerial,RECOVER.rcSerial,RECOVER.batterySerial,DETAILS.totalTime [s],DETAILS.totalDistance [ft],DETAILS.maxHeight [ft],DETAILS.maxHorizontalSpeed [MPH],DETAILS.maxVerticalSpeed [MPH],DETAILS.photoNum,DETAILS.videoTime [s],DETAILS.aircraftName,DETAILS.aircraftSerial,DETAILS.cameraSerial,DETAILS.rcSerial,DETAILS.batterySerial,DETAILS.appName,DETAILS.appType,DETAILS.appVersion,DETAILS.guid,SERIAL.flightController,SERIAL.camera,SERIAL.gimbal,SERIAL.rc,SERIAL.battery,APPGPS.latitude,APPGPS.longitude,APPGPS.accuracy,APP.message,APP.tip,APP.warning
6/20/2023,8:51:20.53 AM,0m 0.0s,0,43.0666047014294,-77.6229702684805,0,0,0.3,534,0,,,,,,,,,-6,-0.3,34.9,34.9,Starting Motors,Other,,24,5,True,,Mini 3 Pro,False,False,,Smart,RC,True,True,False,,,True,,False,False,False,False,False,False,False,False,False,False,0,Follow Yaw,0,0,34.6,34.6,False,False,False,False,False,False,,True,Normal,100,100,364,364,364,1684,N,False,False,False,False,False,0,False,False,False,False,57,7.637,1270,2265,7.637,True,3.819,3.819,,False,False,0.964,100.6,100.5,100.5,,,,,,,,,Idle,,,True,,False,8,Go Home,True,True,True,False,False,False,False,False,False,False,False,False,,,,,,False,,,False,False,False,False,,False,False,False,,,,,Calm,,, 1.8.0,DJI Mini 3 Pro,1581F4XF3229R006,53HFK5R0M30ACD,5HAZK6H0018AUR,52XPK6ACA001NV,180.6,0.7,59,13.23575,6.487126,0,8942,DJI Mini 3 Pro,1581F4XF3229R006,53HFK5R0M30ACD,5HAZK6H0018AUR,52XPK6ACA001NV,DJI Fly,, 1.8.0,61EABE4C-BCDC-32F4-D0CC-A1B5A0612123,1581F4XF3229R006W0A6,,,,,,,,,,
6/20/2023,8:51:20.73 AM,0m 0.2s,0.2,43.0666047375889,-77.622970233994,0,0,0.3,534,0,,,,,,,,,-6.1,-0.4,34.9,34.9,Starting Motors,Other,,24,5,True,,Mini 3 Pro,False,False,,Smart,RC,True,True,False,,,True,,False,False,False,False,False,False,False,False,False,False,0,Follow Yaw,0,0,34.7,34.7,False,False,False,False,False,False,,True,Normal,100,100,364,364,364,1684,N,False,False,False,False,False,0,False,False,False,False,57,7.637,1270,2265,7.637,True,3.819,3.819,,False,False,0.964,100.6,100.5,100.5,,,,,,,,,Idle,,,True,,False,8,Go Home,True,True,True,False,False,False,False,False,False,False,False,False,,,,,,False,,,False,False,False,False,,False,False,False,,,,,Calm,,, 1.8.0,DJI Mini 3 Pro,1581F4XF3229R006,53HFK5R0M30ACD,5HAZK6H0018AUR,52XPK6ACA001NV,180.6,0.7,59,13.23575,6.487126,0,8942,DJI Mini 3 Pro,1581F4XF3229R006,53HFK5R0M30ACD,5HAZK6H0018AUR,52XPK6ACA001NV,DJI Fly,, 1.8.0,61EABE4C-BCDC-32F4-D0CC-A1B5A0612123,1581F4XF3229R006W0A6,,,,,,,,,,
6/20/2023,8:51:20.94 AM,0m 0.4s,0.4,43.0666047644472,-77.6229702090756,0,0,0,534,0,,,,,,,,,-6,-0.3,35.2,35.2,Starting Motors,Other,,24,5,True,,Mini 3 Pro,True,False,,Smart,RC,True,True,False,,,True,,False,False,False,False,False,False,False,False,False,False,0,Follow Yaw,0,0,34.9,34.9,False,False,False,False,False,False,,True,Normal,100,100,364,364,364,1684,N,False,False,False,False,False,0,False,False,False,False,57,7.637,1270,2265,7.637,False,3.819,3.818,0.001,False,False,0.964,100.6,100.5,100.5,,,,,,,,,Idle,,,True,,False,8,Go Home,True,True,True,False,False,False,False,False,False,False,False,False,,,,,,False,,,False,False,False,False,,False,False,False,,,,,Calm,,, 1.8.0,DJI Mini 3 Pro,1581F4XF3229R006,53HFK5R0M30ACD,5HAZK6H0018AUR,52XPK6ACA001NV,180.6,0.7,59,13.23575,6.487126,0,8942,DJI Mini 3 Pro,1581F4XF3229R006,53HFK5R0M30ACD,5HAZK6H0018AUR,52XPK6ACA001NV,DJI Fly,, 1.8.0,61EABE4C-BCDC-32F4-D0CC-A1B5A0612123,1581F4XF3229R006W0A6,,,,,,,,,,
6/20/2023,8:51:21.14 AM,0m 0.6s,0.6,43.0666047846468,-77.6229701909111,0,0,0,534,0,,,,,,,,,-6,-0.2,35.2,35.2,Starting Motors,Other,,24,5,True,,Mini 3 Pro,True,False,,Smart,RC,True,True,False,,,True,,False,False,False,False,False,False,False,False,False,False,0,Follow Yaw,0,0,35,35,False,False,False,False,False,False,,True,Normal,100,100,364,364,364,1684,N,False,False,False,False,False,0,False,False,False,False,57,7.608,1269,2265,7.608,False,3.806,3.802,0.004,False,False,1.193,100.6,100.5,100.5,,,,,,,,,Idle,,,True,,False,8,Go Home,True,True,True,False,False,False,False,False,False,False,False,False,,,,,,False,,,False,False,False,False,,False,False,False,,,,,Calm,,, 1.8.0,DJI Mini 3 Pro,1581F4XF3229R006,53HFK5R0M30ACD,5HAZK6H0018AUR,52XPK6ACA001NV,180.6,0.7,59,13.23575,6.487126,0,8942,DJI Mini 3 Pro,1581F4XF3229R006,53HFK5R0M30ACD,5HAZK6H0018AUR,52XPK6ACA001NV,DJI Fly,, 1.8.0,61EABE4C-BCDC-32F4-D0CC-A1B5A0612123,1581F4XF3229R006W0A6,,,,,,,,,,
6/20/2023,8:51:21.34 AM,0m 0.8s,0.8,43.0666047966968,-77.6229701411699,0,0,0,534,0,,,,,,,,,-6.1,-0.3,35.2,35.2,Starting Motors,Other,,24,5,True,,Mini 3 Pro,True,False,,Smart,RC,True,True,False,,,True,,False,False,False,False,False,False,False,False,False,False,0,Follow Yaw,0,0,35.1,35.1,False,False,False,False,False,False,,True,Normal,100,100,364,364,364,1684,N,False,False,False,False,False,0,False,False,False,False,57,7.608,1269,2265,7.608,False,3.806,3.802,0.004,False,False,1.193,100.6,100.5,100.5,,,,,,,,,Idle,,,True,,False,8,Go Home,True,True,True,False,False,False,False,False,False,False,False,False,43.0666020873704,-77.6229689687034,1,313.7,1640.4,True,1,1,False,False,False,False,,True,False,False,,328,,16.4,Calm,41,, 1.8.0,DJI Mini 3 Pro,1581F4XF3229R006,53HFK5R0M30ACD,5HAZK6H0018AUR,52XPK6ACA001NV,180.6,0.7,59,13.23575,6.487126,0,8942,DJI Mini 3 Pro,1581F4XF3229R006,53HFK5R0M30ACD,5HAZK6H0018AUR,52XPK6ACA001NV,DJI Fly,, 1.8.0,61EABE4C-BCDC-32F4-D0CC-A1B5A0612123,1581F4XF3229R006W0A6,,,,,,,,Data Recorder File Index is 41.,,
6/20/2023,8:51:21.54 AM,0m 1.0s,1,43.0666048026714,-77.6229700958276,0,0,0,534,0,,,,,,,,,-6.1,-0.3,35.2,35.2,Starting Motors,Other,,24,5,True,,Mini 3 Pro,True,False,,Smart,RC,True,True,False,,,True,,False,False,False,False,False,False,False,False,False,False,0,Follow Yaw,0,0,35.1,35.1,False,False,False,False,False,False,,True,Normal,100,100,364,364,364,1684,N,False,False,False,False,False,0,False,False,False,False,57,7.608,1269,2265,7.608,False,3.806,3.802,0.004,False,False,1.193,100.6,100.5,100.5,,,,,,,,,Idle,,,True,,False,8,Go Home,True,True,True,False,False,False,False,False,False,False,False,False,43.0666020873704,-77.6229689687034,1,313.7,1640.4,True,1,1,False,False,False,False,,True,False,False,,328,,16.4,Calm,41,, 1.8.0,DJI Mini 3 Pro,1581F4XF3229R006,53HFK5R0M30ACD,5HAZK6H0018AUR,52XPK6ACA001NV,180.6,0.7,59,13.23575,6.487126,0,8942,DJI Mini 3 Pro,1581F4XF3229R006,53HFK5R0M30ACD,5HAZK6H0018AUR,52XPK6ACA001NV,DJI Fly,, 1.8.0,61EABE4C-BCDC-32F4-D0CC-A1B5A0612123,1581F4XF3229R006W0A6,,,,,,,,,,
6/20/2023,8:51:21.75 AM,0m 1.2s,1.2,43.066604804483,-77.6229700591123,0,0,0,534,0,,,,,,,,,-6.1,-0.3,35.2,35.2,Starting Motors,Other,,24,5,True,,Mini 3 Pro,True,False,,Smart,RC,True,True,False,,,True,,False,False,False,False,False,False,False,False,False,False,0,Follow Yaw,0,0,35.1,35.1,False,False,False,False,False,False,,True,Normal,100,100,364,364,364,1684,N,False,False,False,False,False,0,False,False,False,False,57,7.608,1269,2265,7.608,False,3.806,3.802,0.004,False,False,1.193,100.6,100.5,100.5,,,,,,,,,Idle,,,True,,False,8,Go Home,True,True,True,False,False,False,False,False,False,False,False,False,43.0666020873704,-77.6229689687034,1,313.7,1640.4,True,1,1,False,False,False,False,,True,False,False,,328,,16.4,Calm,41,, 1.8.0,DJI Mini 3 Pro,1581F4XF3229R006,53HFK5R0M30ACD,5HAZK6H0018AUR,52XPK6ACA001NV,180.6,0.7,59,13.23575,6.487126,0,8942,DJI Mini 3 Pro,1581F4XF3229R006,53HFK5R0M30ACD,5HAZK6H0018AUR,52XPK6ACA001NV,DJI Fly,, 1.8.0,61EABE4C-BCDC-32F4-D0CC-A1B5A0612123,1581F4XF3229R006W0A6,,,,,,,,,,
6/20/2023,8:51:21.95 AM,0m 1.4s,1.4,43.0666048025718,-77.6229700300481,0,0,0,534,0,,,,,,,,,-6.1,-0.3,35.2,35.2,Starting Motors,Other,,24,5,True,,Mini 3 Pro,True,False,,Smart,RC,True,True,False,,,True,,False,False,False,False,False,False,False,False,False,False,0,Follow Yaw,0,0,35.1,35.1,False,False,False,False,False,False,,True,Normal,100,100,364,364,364,1684,N,False,False,False,False,False,0,False,False,False,False,57,7.608,1269,2265,7.608,False,3.806,3.802,0.004,False,False,1.193,100.6,100.5,100.5,,,,,,,,,Idle,,,True,,False,8,Go Home,True,True,True,False,False,False,False,False,False,False,False,False,43.0666020873704,-77.6229689687034,1,313.7,1640.4,True,1,1,False,False,False,False,,True,False,False,,328,,16.4,Calm,41,, 1.8.0,DJI Mini 3 Pro,1581F4XF3229R006,53HFK5R0M30ACD,5HAZK6H0018AUR,52XPK6ACA001NV,180.6,0.7,59,13.23575,6.487126,0,8942,DJI Mini 3 Pro,1581F4XF3229R006,53HFK5R0M30ACD,5HAZK6H0018AUR,52XPK6ACA001NV,DJI Fly,, 1.8.0,61EABE4C-BCDC-32F4-D0CC-A1B5A0612123,1581F4XF3229R006W0A6,,,,,,,,,,
6/20/2023,8:51:22.15 AM,0m 1.6s,1.6,43.0666048000502,-77.6229700079395,0,0,0,534,0,,,,,,,,,-6.1,-0.3,35.2,35.2,Manual Takeoff,Other,,24,5,True,,Mini 3 Pro,True,False,,Smart,RC,True,True,False,,,True,,False,False,False,False,False,False,False,False,False,False,0,Follow Yaw,0,0,35.1,35.1,False,False,False,False,False,False,,True,Normal,100,100,364,364,364,1684,N,False,False,False,False,False,0,False,False,False,False,57,7.605,1269,2265,7.605,False,3.804,3.801,0.004,False,False,3.048,100.6,100.5,100.5,,,,,,,,,Idle,,,True,,False,8,Go Home,True,True,True,False,False,False,False,False,False,False,False,False,43.0666020873704,-77.6229689687034,1,313.7,1640.4,True,1,1,False,False,False,False,,True,False,False,,328,,16.4,Calm,41,, 1.8.0,DJI Mini 3 Pro,1581F4XF3229R006,53HFK5R0M30ACD,5HAZK6H0018AUR,52XPK6ACA001NV,180.6,0.7,59,13.23575,6.487126,0,8942,DJI Mini 3 Pro,1581F4XF3229R006,53HFK5R0M30ACD,5HAZK6H0018AUR,52XPK6ACA001NV,DJI Fly,, 1.8.0,61EABE4C-BCDC-32F4-D0CC-A1B5A0612123,1581F4XF3229R006W0A6,,,,,,,,,,
6/20/2023,8:51:22.35 AM,0m 1.8s,1.8,43.0666047936617,-77.6229699922357,0,0,0,534,0,,,,,,,,,-6.1,-0.3,35.2,35.2,Manual Takeoff,Other,,24,5,True,,Mini 3 Pro,True,False,,Smart,RC,True,True,False,,,True,,False,False,False,False,False,False,False,False,False,False,0,Follow Yaw,0,0,35.1,35.1,False,False,False,False,False,False,,True,Normal,100,100,364,364,364,1684,N,False,False,False,False,False,0,False,False,False,False,57,7.605,1269,2265,7.605,False,3.804,3.801,0.004,False,False,3.048,100.6,100.5,100.5,,,,,,,,,Idle,,,True,,False,8,Go Home,True,True,True,False,False,False,False,False,False,False,False,False,43.0666020873704,-77.6229689687034,1,313.7,1640.4,True,1,1,False,False,False,False,,True,False,False,,328,,16.4,Calm,41,, 1.8.0,DJI Mini 3 Pro,1581F4XF3229R006,53HFK5R0M30ACD,5HAZK6H0018AUR,52XPK6ACA001NV,180.6,0.7,59,13.23575,6.487126,0,8942,DJI Mini 3 Pro,1581F4XF3229R006,53HFK5R0M30ACD,5HAZK6H0018AUR,52XPK6ACA001NV,DJI Fly,, 1.8.0,61EABE4C-BCDC-32F4-D0CC-A1B5A0612123,1581F4XF3229R006W0A6,,,,,,,,,,
6/20/2023,8:51:22.56 AM,0m 2.0s,2,43.0666047867869,-77.6229699816672,0,0,0,534,0,,,,,,,,,-6.1,-0.4,35.2,35.2,Manual Takeoff,Other,,24,5,True,,Mini 3 Pro,True,False,,Smart,RC,True,True,False,,,True,,False,False,False,False,False,False,False,False,False,False,0,Follow Yaw,0,0,35.1,35.1,False,False,False,False,False,False,,True,Normal,100,100,364,364,364,1684,N,False,False,False,False,False,0,False,False,False,False,57,7.605,1269,2265,7.605,False,3.804,3.801,0.004,False,False,3.048,100.6,100.5,100.5,,,,,,,,,Idle,,,True,,False,8,Go Home,True,True,True,False,False,False,False,False,False,False,False,False,43.0666020873704,-77.6229689687034,1,313.7,1640.4,True,1,1,False,False,False,False,,True,False,False,,328,,16.4,Calm,41,, 1.8.0,DJI Mini 3 Pro,1581F4XF3229R006,53HFK5R0M30ACD,5HAZK6H0018AUR,52XPK6ACA001NV,180.6,0.7,59,13.23575,6.487126,0,8942,DJI Mini 3 Pro,1581F4XF3229R006,53HFK5R0M30ACD,5HAZK6H0018AUR,52XPK6ACA001NV,DJI Fly,, 1.8.0,61EABE4C-BCDC-32F4-D0CC-A1B5A0612123,1581F4XF3229R006W0A6,,,,,,,,,,
6/20/2023,8:51:22.66 AM,0m 2.2s,2.2,43.0666047808934,-77.6229699765839,0,0,0,534,0,,,,,,,,,-6.2,-0.4,35.2,35.2,Manual Takeoff,Other,,24,5,True,,Mini 3 Pro,True,False,,Smart,RC,True,True,False,,,True,,False,False,False,False,False,False,False,False,False,False,0,Follow Yaw,0,0,35.1,35.1,False,False,False,False,False,False,,True,Normal,100,100,491,458,719,1538,N,False,False,False,False,False,0,False,False,False,False,57,7.605,1269,2265,7.605,False,3.804,3.801,0.004,False,False,3.048,100.6,100.5,100.5,,,,,,,,,Idle,,,True,,False,8,Go Home,True,True,True,False,False,False,False,False,False,False,False,False,43.0666020873704,-77.6229689687034,1,313.7,1640.4,True,1,1,False,False,False,False,,True,False,False,,328,,16.4,Calm,41,, 1.8.0,DJI Mini 3 Pro,1581F4XF3229R006,53HFK5R0M30ACD,5HAZK6H0018AUR,52XPK6ACA001NV,180.6,0.7,59,13.23575,6.487126,0,8942,DJI Mini 3 Pro,1581F4XF3229R006,53HFK5R0M30ACD,5HAZK6H0018AUR,52XPK6ACA001NV,DJI Fly,, 1.8.0,61EABE4C-BCDC-32F4-D0CC-A1B5A0612123,1581F4XF3229R006W0A6,,,,,,,,,,
6/20/2023,8:51:22.96 AM,0m 2.4s,2.4,43.0666047739928,-77.6229699756875,0,0,0,534,0,,,,,,,,,-6.2,-0.4,35.2,35.2,Manual Takeoff,Other,,24,5,True,,Mini 3 Pro,True,False,,Smart,RC,True,True,False,,,True,,False,False,False,False,False,False,False,False,False,False,0,Follow Yaw,0,0,35.1,35.1,False,False,False,False,False,False,,True,Normal,100,100,853,751,1024,1024,N,False,False,False,False,False,0,False,False,False,False,57,7.605,1269,2265,7.605,False,3.804,3.801,0.004,False,False,3.048,100.6,100.5,100.5,,,,,,,,,Idle,,,True,,False,8,Go Home,True,True,True,False,False,False,False,False,False,False,False,False,43.0666020873704,-77.6229689687034,1,313.7,1640.4,True,1,1,False,False,False,False,,True,False,False,,328,,16.4,Calm,41,, 1.8.0,DJI Mini 3 Pro,1581F4XF3229R006,53HFK5R0M30ACD,5HAZK6H0018AUR,52XPK6ACA001NV,180.6,0.7,59,13.23575,6.487126,0,8942,DJI Mini 3 Pro,1581F4XF3229R006,53HFK5R0M30ACD,5HAZK6H0018AUR,52XPK6ACA001NV,DJI Fly,, 1.8.0,61EABE4C-BCDC-32F4-D0CC-A1B5A0612123,1581F4XF3229R006W0A6,,,,,,,,,,
6/20/2023,8:51:23.16 AM,0m 2.6s,2.6,43.0666047667764,-77.6229699492885,0,0,0,534,0,,,,,,,,,-6.3,-0.4,35.2,35.2,Manual Takeoff,Other,,24,5,True,,Mini 3 Pro,True,False,,Smart,RC,True,True,False,,,True,,False,False,False,False,False,False,False,False,False,False,0,Follow Yaw,0,0,35.1,35.1,False,False,False,False,False,False,,True,Normal,100,100,1024,1024,1024,1024,N,False,False,False,False,False,0,False,False,False,False,56,7.607,1268,2265,7.607,False,3.805,3.802,0.004,False,False,1.87,100.6,100.5,100.5,,,,,,,,,Idle,,,True,,False,8,Go Home,True,True,True,False,False,False,False,False,False,False,False,False,43.0666020873704,-77.6229689687034,1,313.7,1640.4,True,1,1,False,False,False,False,,True,False,False,,328,,16.4,Calm,41,, 1.8.0,DJI Mini 3 Pro,1581F4XF3229R006,53HFK5R0M30ACD,5HAZK6H0018AUR,52XPK6ACA001NV,180.6,0.7,59,13.23575,6.487126,0,8942,DJI Mini 3 Pro,1581F4XF3229R006,53HFK5R0M30ACD,5HAZK6H0018AUR,52XPK6ACA001NV,DJI Fly,, 1.8.0,61EABE4C-BCDC-32F4-D0CC-A1B5A0612123,1581F4XF3229R006W0A6,,,,,,,,,,
6/20/2023,8:51:23.36 AM,0m 2.8s,2.8,43.0666047591216,-77.6229699268251,0,0,0,534,0,,,,,,,,,-6.2,-0.4,35.2,35.2,Manual Takeoff,Other,,24,5,True,,Mini 3 Pro,True,False,,Smart,RC,True,True,False,,,True,,False,False,False,False,False,False,False,False,False,False,0,Follow Yaw,0,0,35.1,35.1,False,False,False,False,False,False,,True,Normal,100,100,1024,1024,1440,1024,N,False,False,False,False,False,0,False,False,False,False,56,7.607,1268,2265,7.607,False,3.805,3.802,0.004,False,False,1.87,100.6,100.5,100.5,,,,,,,,,Idle,,,True,,False,8,Go Home,True,True,True,False,False,False,False,False,False,False,False,False,43.0666020873704,-77.6229689687034,1,313.7,1640.4,True,1,1,False,False,False,False,,True,False,False,,328,,16.4,Calm,41,, 1.8.0,DJI Mini 3 Pro,1581F4XF3229R006,53HFK5R0M30ACD,5HAZK6H0018AUR,52XPK6ACA001NV,180.6,0.7,59,13.23575,6.487126,0,8942,DJI Mini 3 Pro,1581F4XF3229R006,53HFK5R0M30ACD,5HAZK6H0018AUR,52XPK6ACA001NV,DJI Fly,, 1.8.0,61EABE4C-BCDC-32F4-D0CC-A1B5A0612123,1581F4XF3229R006W0A6,,,,,,,,,,
6/20/2023,8:51:23.57 AM,0m 3.0s,3,43.0666047515346,-77.6229699095401,0,0,0,534,0.1,,,,,,,,,-6.2,-0.4,35.2,35.2,Manual Takeoff,Other,,24,5,True,,Mini 3 Pro,True,False,,Smart,RC,True,True,False,,,True,,False,False,False,False,False,False,False,False,False,False,0,Follow Yaw,0,0,35.2,35.2,False,False,False,False,False,False,,True,Normal,100,100,1024,1024,1641,1024,N,False,False,False,False,False,0,False,False,False,False,56,7.607,1268,2265,7.607,False,3.805,3.802,0.004,False,False,1.87,100.6,100.5,100.5,,,,,,,,,Idle,,,True,,False,8,Go Home,True,True,True,False,False,False,False,False,False,False,False,False,43.0666020873704,-77.6229689687034,1,313.7,1640.4,True,1,1,False,False,False,False,,True,False,False,,328,,16.4,Calm,41,, 1.8.0,DJI Mini 3 Pro,1581F4XF3229R006,53HFK5R0M30ACD,5HAZK6H0018AUR,52XPK6ACA001NV,180.6,0.7,59,13.23575,6.487126,0,8942,DJI Mini 3 Pro,1581F4XF3229R006,53HFK5R0M30ACD,5HAZK6H0018AUR,52XPK6ACA001NV,DJI Fly,, 1.8.0,61EABE4C-BCDC-32F4-D0CC-A1B5A0612123,1581F4XF3229R006W0A6,,,,,,,,,,
6/20/2023,8:51:23.67 AM,0m 3.2s,3.2,43.066604744324,-77.6229698951417,0,0,0,534,0.1,,,,,,,,,-6.2,-0.3,35.2,35.2,Manual Takeoff,Other,,24,5,True,,Mini 3 Pro,True,False,,Smart,RC,True,True,False,,,True,,False,False,False,False,False,False,False,False,False,False,0,Follow Yaw,0,0,35.1,35.1,False,False,False,False,False,False,,True,Normal,100,100,1024,1024,1684,1024,N,False,False,False,False,False,0,False,False,False,False,56,7.607,1268,2265,7.607,False,3.805,3.802,0.004,False,False,1.87,100.6,100.5,100.5,,,,,,,,,Idle,,,True,,False,8,Go Home,True,True,True,False,False,False,False,False,False,False,False,False,43.0666020873704,-77.6229689687034,1,313.7,1640.4,True,1,1,False,False,False,False,,True,False,False,,328,,16.4,Calm,41,, 1.8.0,DJI Mini 3 Pro,1581F4XF3229R006,53HFK5R0M30ACD,5HAZK6H0018AUR,52XPK6ACA001NV,180.6,0.7,59,13.23575,6.487126,0,8942,DJI Mini 3 Pro,1581F4XF3229R006,53HFK5R0M30ACD,5HAZK6H0018AUR,52XPK6ACA001NV,DJI Fly,, 1.8.0,61EABE4C-BCDC-32F4-D0CC-A1B5A0612123,1581F4XF3229R006W0A6,,,,,,,,,,
6/20/2023,8:51:23.87 AM,0m 3.4s,3.4,43.0666047352143,-77.6229698814635,0,0,0,534,0.1,,,,,,,,,-5.9,-0.1,35.1,35.1,Manual Takeoff,Other,,24,5,True,,Mini 3 Pro,True,False,,Smart,RC,True,True,False,,,True,,False,False,False,False,False,False,False,False,False,False,0,Follow Yaw,0,0,34.9,34.9,False,False,False,False,False,False,,True,Normal,100,100,1024,1024,1684,1024,N,False,False,False,False,False,0,False,False,False,False,56,7.607,1268,2265,7.607,False,3.805,3.802,0.004,False,False,1.87,100.6,100.5,100.5,,,,,,,,,Idle,,,True,,False,8,Go Home,True,True,True,False,False,False,False,False,False,False,False,False,43.0666020873704,-77.6229689687034,0.9,313.7,1640.4,True,1,1,False,False,False,False,,True,False,False,,328,,16.4,Calm,41,, 1.8.0,DJI Mini 3 Pro,1581F4XF3229R006,53HFK5R0M30ACD,5HAZK6H0018AUR,52XPK6ACA001NV,180.6,0.7,59,13.23575,6.487126,0,8942,DJI Mini 3 Pro,1581F4XF3229R006,53HFK5R0M30ACD,5HAZK6H0018AUR,52XPK6ACA001NV,DJI Fly,, 1.8.0,61EABE4C-BCDC-32F4-D0CC-A1B5A0612123,1581F4XF3229R006W0A6,,,,,,,,,,
6/20/2023,8:51:24.07 AM,0m 3.6s,3.6,43.0666047727683,-77.6229698903817,0,0,0,534,0.1,,,,,,,-0.223694,,-3.1,-0.6,34.1,34.1,Manual Takeoff,Other,,24,5,True,,Mini 3 Pro,True,False,,Smart,RC,False,True,False,,,True,,False,False,False,False,False,False,False,False,False,False,0,Follow Yaw,0,0,34.5,34.5,False,False,False,False,False,False,,True,Normal,100,100,1024,1024,1684,1024,N,False,False,False,False,False,0,False,False,False,False,56,7.607,1268,2265,7.607,False,3.805,3.802,0.004,False,False,1.87,100.6,100.5,100.5,,,,,,,,,Idle,,,True,,False,8,Go Home,True,True,True,False,False,False,False,False,False,False,False,False,43.0666020873704,-77.6229689687034,1,313.7,1640.4,True,1,1,False,False,False,False,,True,False,False,,328,,16.4,Calm,41,, 1.8.0,DJI Mini 3 Pro,1581F4XF3229R006,53HFK5R0M30ACD,5HAZK6H0018AUR,52XPK6ACA001NV,180.6,0.7,59,13.23575,6.487126,0,8942,DJI Mini 3 Pro,1581F4XF3229R006,53HFK5R0M30ACD,5HAZK6H0018AUR,52XPK6ACA001NV,DJI Fly,, 1.8.0,61EABE4C-BCDC-32F4-D0CC-A1B5A0612123,1581F4XF3229R006W0A6,,,,,,,,,,
6/20/2023,8:51:24.38 AM,0m 3.8s,3.8,43.0666050133966,-77.6229698981988,0.3,0.3,0.3,534,0.2,0.223694,0.223694,0.223694,0.223694,,,-1.342164,,0.6,-0.4,34.1,34.1,P-GPS (Brake),Other,,24,5,True,,Mini 3 Pro,True,False,,Smart,RC,False,True,False,,,True,,False,False,False,False,False,False,False,False,False,False,0,Follow Yaw,0,0,34.5,34.5,False,False,False,False,False,False,,True,Normal,100,100,1024,1024,1684,1024,N,False,False,False,False,False,0,False,False,False,False,56,7.569,1268,2265,7.569,False,3.787,3.782,0.005,False,False,1.984,100.6,100.5,100.5,,,,,,,,,Idle,,,True,,False,8,Go Home,True,True,True,False,False,False,False,False,True,False,False,False,43.0666047727683,-77.6229698903817,0,313.7,1640.4,True,1,1,False,False,False,False,,True,False,False,,328,,16.4,Calm,41,, 1.8.0,DJI Mini 3 Pro,1581F4XF3229R006,53HFK5R0M30ACD,5HAZK6H0018AUR,52XPK6ACA001NV,180.6,0.7,59,13.23575,6.487126,0,8942,DJI Mini 3 Pro,1581F4XF3229R006,53HFK5R0M30ACD,5HAZK6H0018AUR,52XPK6ACA001NV,DJI Fly,, 1.8.0,61EABE4C-BCDC-32F4-D0CC-A1B5A0612123,1581F4XF3229R006W0A6,,,,,,,,Home Point Updated.,,
6/20/2023,8:51:24.48 AM,0m 4.0s,4,43.066605322338,-77.6229700188262,0.6,0.6,0.9,535,0.3,0.223694,0.223694,0.223694,0.223694,,,-2.23694,,1.4,1.7,34.3,34.3,P-GPS (Brake),Other,,24,5,True,,Mini 3 Pro,True,False,,Smart,RC,False,True,False,,,True,,False,False,False,False,False,False,False,False,False,False,0,Follow Yaw,0,0,34.5,34.5,False,False,False,False,False,False,,True,Normal,100,100,1024,1024,1682,1024,N,False,False,False,False,False,0,False,False,False,False,56,7.569,1268,2265,7.569,False,3.787,3.782,0.005,False,False,1.984,100.6,100.5,100.5,,,,,,,,,Idle,,,True,,False,8,Go Home,True,True,True,False,False,False,False,False,True,False,False,False,43.0666047727683,-77.6229698903817,0.2,313.7,1640.4,True,1,1,False,False,False,False,,True,False,False,,328,,16.4,Calm,41,, 1.8.0,DJI Mini 3 Pro,1581F4XF3229R006,53HFK5R0M30ACD,5HAZK6H0018AUR,52XPK6ACA001NV,180.6,0.7,59,13.23575,6.487126,0,8942,DJI Mini 3 Pro,1581F4XF3229R006,53HFK5R0M30ACD,5HAZK6H0018AUR,52XPK6ACA001NV,DJI Fly,, 1.8.0,61EABE4C-BCDC-32F4-D0CC-A1B5A0612123,1581F4XF3229R006W0A6,,,,,,,,,,
6/20/2023,8:51:24.68 AM,0m 4.2s,4.2,43.0666054824844,-77.6229702177524,1.6,1.6,1.9,536,0.4,,0.223694,,0.223694,,,-3.579104,,-0.1,1.8,34.4,34.4,P-GPS (Brake),Other,,25,5,True,,Mini 3 Pro,True,False,,Smart,RC,False,True,False,,,True,,False,False,False,False,False,False,False,False,False,False,0,Follow Yaw,0,0,34.5,34.5,False,False,False,False,False,False,,True,Normal,100,100,1024,1024,1640,1024,N,False,False,False,False,False,0,False,False,False,False,56,7.569,1268,2265,7.569,False,3.787,3.782,0.005,False,False,1.984,100.6,100.5,100.5,,,,,,,,,Idle,,,True,,False,8,Go Home,True,True,True,False,False,False,False,False,True,False,False,False,43.0666047727683,-77.6229698903817,0.2,313.7,1640.4,True,1,1,False,False,False,False,,True,False,False,,328,,16.4,Calm,41,, 1.8.0,DJI Mini 3 Pro,1581F4XF3229R006,53HFK5R0M30ACD,5HAZK6H0018AUR,52XPK6ACA001NV,180.6,0.7,59,13.23575,6.487126,0,8942,DJI Mini 3 Pro,1581F4XF3229R006,53HFK5R0M30ACD,5HAZK6H0018AUR,52XPK6ACA001NV,DJI Fly,, 1.8.0,61EABE4C-BCDC-32F4-D0CC-A1B5A0612123,1581F4XF3229R006W0A6,,,,,,,,,,
6/20/2023,8:51:24.89 AM,0m 4.4s,4.4,43.0666055677495,-77.6229704268686,2.9,2.9,2.9,537,0.4,,0.223694,,0.223694,,,-4.921268,,0.4,1.9,34.5,34.5,P-GPS (Brake),Other,,25,5,True,,Mini 3 Pro,True,False,,Smart,RC,False,True,False,,,True,,False,False,False,False,False,False,False,False,False,False,0,Follow Yaw,0,0,34.5,34.5,False,False,False,False,False,False,,True,Normal,100,100,1024,1024,1506,1024,N,False,False,False,False,False,0,False,False,False,False,56,7.569,1268,2265,7.569,False,3.787,3.782,0.005,False,False,1.984,100.6,100.5,100.5,,,,,,,,,Idle,,,True,,False,8,Go Home,True,True,True,False,False,False,False,False,True,False,False,False,43.0666047727683,-77.6229698903817,0.3,313.7,1640.4,True,1,1,False,False,False,False,,True,False,False,,328,,16.4,Calm,41,, 1.8.0,DJI Mini 3 Pro,1581F4XF3229R006,53HFK5R0M30ACD,5HAZK6H0018AUR,52XPK6ACA001NV,180.6,0.7,59,13.23575,6.487126,0,8942,DJI Mini 3 Pro,1581F4XF3229R006,53HFK5R0M30ACD,5HAZK6H0018AUR,52XPK6ACA001NV,DJI Fly,, 1.8.0,61EABE4C-BCDC-32F4-D0CC-A1B5A0612123,1581F4XF3229R006W0A6,,,,,,,,,,
6/20/2023,8:51:25.09 AM,0m 4.6s,4.6,43.0666055263535,-77.6229706068714,4.5,4.5,4.9,539,0.5,,0.223694,,0.223694,,,-5.59235,,0.9,1.4,34.5,34.5,P-GPS (Brake),Other,,25,5,True,,Mini 3 Pro,True,False,,Smart,RC,False,True,False,,,True,,False,False,False,False,False,False,False,False,False,False,0,Follow Yaw,0,0,34.5,34.5,False,False,False,False,False,False,,True,Normal,100,100,1024,1024,1408,1024,N,False,False,False,False,False,0,False,False,False,False,56,7.569,1268,2265,7.569,False,3.787,3.782,0.005,False,False,1.984,100.6,100.5,100.5,,,,,,,,,Idle,,,True,,False,8,Go Home,True,True,True,False,False,False,False,False,True,False,False,False,43.0666047727683,-77.6229698903817,0.3,313.7,1640.4,True,1,1,False,False,False,False,,True,False,False,,328,,16.4,Calm,41,, 1.8.0,DJI Mini 3 Pro,1581F4XF3229R006,53HFK5R0M30ACD,5HAZK6H0018AUR,52XPK6ACA001NV,180.6,0.7,59,13.23575,6.487126,0,8942,DJI Mini 3 Pro,1581F4XF3229R006,53HFK5R0M30ACD,5HAZK6H0018AUR,52XPK6ACA001NV,DJI Fly,, 1.8.0,61EABE4C-BCDC-32F4-D0CC-A1B5A0612123,1581F4XF3229R006W0A6,,,,,,,,,,
6/20/2023,8:51:25.29 AM,0m 4.8s,4.8,43.0666053566674,-77.6229708490971,6.2,6.2,6.5,540,0.6,,0.223694,,0.223694,,,-4.921268,,0.3,1.5,34.6,34.6,P-GPS (Brake),Other,,24,5,True,,Mini 3 Pro,True,False,,Smart,RC,False,True,False,,,True,,False,False,False,False,False,False,False,False,False,False,0,Follow Yaw,0,0,34.5,34.5,False,False,False,False,False,False,,True,Normal,100,100,1024,1024,1324,1024,N,False,False,False,False,False,0,False,False,False,False,56,7.497,1267,2265,7.497,False,3.75,3.747,0.005,False,False,5.384,100.4,100.4,100.5,,,,,,,,,Idle,,,True,,False,8,Go Home,True,True,True,False,False,False,False,False,True,False,False,False,43.0666047727683,-77.6229698903817,0.3,313.7,1640.4,True,1,1,False,False,False,False,,True,False,False,,328,,16.4,Calm,41,, 1.8.0,DJI Mini 3 Pro,1581F4XF3229R006,53HFK5R0M30ACD,5HAZK6H0018AUR,52XPK6ACA001NV,180.6,0.7,59,13.23575,6.487126,0,8942,DJI Mini 3 Pro,1581F4XF3229R006,53HFK5R0M30ACD,5HAZK6H0018AUR,52XPK6ACA001NV,DJI Fly,, 1.8.0,61EABE4C-BCDC-32F4-D0CC-A1B5A0612123,1581F4XF3229R006W0A6,,,,,,,,,,
6/20/2023,8:51:25.49 AM,0m 5.0s,5,43.0666051999743,-77.6229710868176,7.2,7.2,7.5,541,0.6,,0.223694,,0.223694,,,-3.35541,,0.6,1.9,34.5,34.5,P-GPS (Brake),Other,,24,5,True,,Mini 3 Pro,True,False,,Smart,RC,False,True,False,,,True,,False,False,False,False,False,False,False,False,False,False,0,Follow Yaw,0,0,34.4,34.4,False,False,False,False,False,False,,True,Normal,100,100,1024,1024,1338,1024,N,False,False,False,False,False,0,False,False,False,False,56,7.497,1267,2265,7.497,False,3.75,3.747,0.005,False,False,5.384,100.4,100.4,100.5,,,,,,,,,Idle,,,True,,False,8,Go Home,True,True,True,False,False,False,False,False,True,False,False,False,43.0666047727683,-77.6229698903817,0.3,313.7,1640.4,True,1,1,False,False,False,False,,True,False,False,,328,,16.4,Calm,41,, 1.8.0,DJI Mini 3 Pro,1581F4XF3229R006,53HFK5R0M30ACD,5HAZK6H0018AUR,52XPK6ACA001NV,180.6,0.7,59,13.23575,6.487126,0,8942,DJI Mini 3 Pro,1581F4XF3229R006,53HFK5R0M30ACD,5HAZK6H0018AUR,52XPK6ACA001NV,DJI Fly,, 1.8.0,61EABE4C-BCDC-32F4-D0CC-A1B5A0612123,1581F4XF3229R006W0A6,,,,,,,,,,
6/20/2023,8:51:25.70 AM,0m 5.2s,5.2,43.066605068912,-77.6229713134982,8.2,8.2,8.5,542,0.7,,0.223694,,0.223694,,,-2.013246,,1.4,2.5,34.5,34.5,P-GPS (Brake),Other,,24,5,True,,Mini 3 Pro,True,False,,Smart,RC,False,True,False,,,True,,False,False,False,False,False,False,False,False,False,False,0,Follow Yaw,0,0,34.5,34.5,False,False,False,False,False,False,,True,Normal,100,100,1024,1024,1419,1024,N,False,False,False,False,False,0,False,False,False,False,56,7.497,1267,2265,7.497,False,3.75,3.747,0.005,False,False,5.384,100.4,100.4,100.5,,,,,,,,,Idle,,,True,,False,8,Go Home,True,True,True,False,False,False,False,False,True,False,False,False,43.0666047727683,-77.6229698903817,0.3,313.7,1640.4,True,1,1,False,False,False,False,,True,False,False,,328,,16.4,Calm,41,, 1.8.0,DJI Mini 3 Pro,1581F4XF3229R006,53HFK5R0M30ACD,5HAZK6H0018AUR,52XPK6ACA001NV,180.6,0.7,59,13.23575,6.487126,0,8942,DJI Mini 3 Pro,1581F4XF3229R006,53HFK5R0M30ACD,5HAZK6H0018AUR,52XPK6ACA001NV,DJI Fly,, 1.8.0,61EABE4C-BCDC-32F4-D0CC-A1B5A0612123,1581F4XF3229R006W0A6,,,,,,,,,,
6/20/2023,8:51:25.90 AM,0m 5.4s,5.4,43.0666049491392,-77.6229715004201,8.8,8.8,8.8,543,0.8,,0.223694,,0.223694,,,-1.565858,,0.5,1.8,34.4,34.4,P-GPS (Brake),Other,,24,5,True,,Mini 3 Pro,True,False,,Smart,RC,False,True,False,,,True,,False,False,False,False,False,False,False,False,False,False,0,Follow Yaw,0,0,34.4,34.4,False,False,False,False,False,False,,True,Normal,100,100,1024,1024,1471,973,N,False,False,False,False,False,0,False,False,False,False,56,7.497,1267,2265,7.497,False,3.75,3.747,0.005,False,False,5.384,100.4,100.4,100.5,,,,,,,,,Idle,,,True,,False,8,Go Home,True,True,True,False,False,False,False,False,True,False,False,False,43.0666047727683,-77.6229698903817,0.4,313.7,1640.4,True,1,1,False,False,False,False,,True,False,False,,328,,16.4,Calm,41,, 1.8.0,DJI Mini 3 Pro,1581F4XF3229R006,53HFK5R0M30ACD,5HAZK6H0018AUR,52XPK6ACA001NV,180.6,0.7,59,13.23575,6.487126,0,8942,DJI Mini 3 Pro,1581F4XF3229R006,53HFK5R0M30ACD,5HAZK6H0018AUR,52XPK6ACA001NV,DJI Fly,, 1.8.0,61EABE4C-BCDC-32F4-D0CC-A1B5A0612123,1581F4XF3229R006W0A6,,,,,,,,,,
6/20/2023,8:51:26.10 AM,0m 5.6s,5.6,43.0666047736887,-77.6229715649854,9.1,9.1,9.5,543,0.9,,0.223694,,0.223694,,,-2.23694,,-0.8,-0.3,34.5,34.5,P-GPS (Brake),Other,,24,5,True,,Mini 3 Pro,True,False,,Smart,RC,False,True,False,,,True,,False,False,False,False,False,False,False,False,False,False,0,Follow Yaw,0,0,34.4,34.4,False,False,False,False,False,False,,True,Normal,100,100,1024,1024,1484,941,N,False,False,False,False,False,0,False,False,False,False,56,7.497,1267,2265,7.497,False,3.75,3.747,0.005,False,False,5.384,100.4,100.4,100.5,,,,,,,,,Idle,,,True,,False,8,Go Home,True,True,True,False,False,False,False,False,True,False,False,False,43.0666047727683,-77.6229698903817,0.4,313.7,1640.4,True,1,1,False,False,False,False,,True,False,False,,328,,16.4,Calm,41,, 1.8.0,DJI Mini 3 Pro,1581F4XF3229R006,53HFK5R0M30ACD,5HAZK6H0018AUR,52XPK6ACA001NV,180.6,0.7,59,13.23575,6.487126,0,8942,DJI Mini 3 Pro,1581F4XF3229R006,53HFK5R0M30ACD,5HAZK6H0018AUR,52XPK6ACA001NV,DJI Fly,, 1.8.0,61EABE4C-BCDC-32F4-D0CC-A1B5A0612123,1581F4XF3229R006W0A6,,,,,,,,,,
6/20/2023,8:51:26.30 AM,0m 5.8s,5.8,43.0666046117453,-77.6229715881192,10.1,10.1,10.1,544,0.9,,0.223694,,0.223694,,,-2.908022,,-1.1,-0.8,34.6,34.6,P-GPS (Brake),Other,,24,5,True,,Mini 3 Pro,True,False,,Smart,RC,False,True,False,,,True,,False,False,False,False,False,False,False,False,False,False,0,Follow Yaw,0,0,34.4,34.4,False,False,False,False,False,False,,True,Normal,100,100,1024,1024,1488,939,N,False,False,False,False,False,0,False,False,False,False,56,7.51,1265,2265,7.51,False,3.757,3.753,0.005,False,False,4.618,100.6,100.4,100.5,,,,,,,,,Idle,,,True,,False,8,Go Home,True,True,True,False,False,False,False,False,True,False,False,False,43.0666047727683,-77.6229698903817,0.4,313.7,1640.4,True,1,1,False,False,False,False,,True,False,False,,328,,16.4,Calm,41,, 1.8.0,DJI Mini 3 Pro,1581F4XF3229R006,53HFK5R0M30ACD,5HAZK6H0018AUR,52XPK6ACA001NV,180.6,0.7,59,13.23575,6.487126,0,8942,DJI Mini 3 Pro,1581F4XF3229R006,53HFK5R0M30ACD,5HAZK6H0018AUR,52XPK6ACA001NV,DJI Fly,, 1.8.0,61EABE4C-BCDC-32F4-D0CC-A1B5A0612123,1581F4XF3229R006W0A6,,,,,,,,,,
6/20/2023,8:51:26.51 AM,0m 6.0s,6,43.066604548567,-77.6229716304252,11.1,11.1,11.1,545,0.9,,0.223694,,0.223694,,,-3.35541,,-1.1,0.1,34.5,34.5,P-GPS (Brake),Other,,24,5,True,,Mini 3 Pro,True,False,,Smart,RC,False,True,False,,,True,,False,False,False,False,False,False,False,False,False,False,0,Follow Yaw,0,0,34.2,34.2,False,False,False,False,False,False,,True,Normal,100,100,1024,992,1471,939,N,False,False,False,False,False,0,False,False,False,False,56,7.51,1265,2265,7.51,False,3.757,3.753,0.005,False,False,4.618,100.6,100.4,100.5,,,,,,,,,Idle,,,True,,False,8,Go Home,True,True,True,False,False,False,False,False,True,False,False,False,43.0666047727683,-77.6229698903817,0.4,313.7,1640.4,True,1,1,False,False,False,False,,True,False,False,,328,,16.4,Calm,41,, 1.8.0,DJI Mini 3 Pro,1581F4XF3229R006,53HFK5R0M30ACD,5HAZK6H0018AUR,52XPK6ACA001NV,180.6,0.7,59,13.23575,6.487126,0,8942,DJI Mini 3 Pro,1581F4XF3229R006,53HFK5R0M30ACD,5HAZK6H0018AUR,52XPK6ACA001NV,DJI Fly,, 1.8.0,61EABE4C-BCDC-32F4-D0CC-A1B5A0612123,1581F4XF3229R006W0A6,,,,,,,,,,
6/20/2023,8:51:26.71 AM,0m 6.2s,6.2,43.0666045102774,-77.6229716379304,12.1,12.1,12.1,546,1,,0.223694,,0.223694,,,-3.35541,,-1.3,0.6,34.3,34.3,P-GPS (Brake),Other,,24,5,True,,Mini 3 Pro,True,False,,Smart,RC,False,True,False,,,True,,False,False,False,False,False,False,False,False,False,False,0,Follow Yaw,0,0,34.1,34.1,False,False,False,False,False,False,,True,Normal,100,100,1024,454,1489,808,N,False,False,False,False,False,0,False,False,False,False,56,7.51,1265,2265,7.51,False,3.757,3.753,0.005,False,False,4.618,100.6,100.4,100.5,,,,,,,,,Idle,,,True,,False,8,Go Home,True,True,True,False,False,False,False,False,True,False,False,False,43.0666047727683,-77.6229698903817,0.4,313.7,1640.4,True,1,1,False,False,False,False,,True,False,False,,328,,16.4,Calm,41,, 1.8.0,DJI Mini 3 Pro,1581F4XF3229R006,53HFK5R0M30ACD,5HAZK6H0018AUR,52XPK6ACA001NV,180.6,0.7,59,13.23575,6.487126,0,8942,DJI Mini 3 Pro,1581F4XF3229R006,53HFK5R0M30ACD,5HAZK6H0018AUR,52XPK6ACA001NV,DJI Fly,, 1.8.0,61EABE4C-BCDC-32F4-D0CC-A1B5A0612123,1581F4XF3229R006W0A6,,,,,,,,,,
6/20/2023,8:51:26.91 AM,0m 6.4s,6.4,43.0666045022299,-77.6229715911011,13.1,13.1,13.1,547,1,,0.223694,,0.223694,,,-3.35541,,0.6,1.2,34.2,34.2,P-GPS (Brake),Other,,24,5,True,,Mini 3 Pro,True,False,,Smart,RC,False,True,False,,,True,,False,False,False,False,False,False,False,False,False,False,0,Follow Yaw,0,0,33.9,33.9,False,False,False,False,False,False,,True,Normal,100,100,1024,364,1488,809,N,False,False,False,False,False,0,False,False,False,False,56,7.51,1265,2265,7.51,False,3.757,3.753,0.005,False,False,4.618,100.6,100.4,100.5,,,,,,,,,Idle,,,True,,False,8,Go Home,True,True,True,False,False,False,False,False,True,False,False,False,43.0666047727683,-77.6229698903817,0.4,313.7,1640.4,True,1,1,False,False,False,False,,True,False,False,,328,,16.4,Calm,41,, 1.8.0,DJI Mini 3 Pro,1581F4XF3229R006,53HFK5R0M30ACD,5HAZK6H0018AUR,52XPK6ACA001NV,180.6,0.7,59,13.23575,6.487126,0,8942,DJI Mini 3 Pro,1581F4XF3229R006,53HFK5R0M30ACD,5HAZK6H0018AUR,52XPK6ACA001NV,DJI Fly,, 1.8.0,61EABE4C-BCDC-32F4-D0CC-A1B5A0612123,1581F4XF3229R006W0A6,,,,,,,,,,
6/20/2023,8:51:27.11 AM,0m 6.6s,6.6,43.0666043251124,-77.6229716120961,14.1,14.1,14.4,548,1,0.316351,0.316351,-0.223694,0.223694,-0.223694,,-3.35541,,15.7,1,34.1,34.1,P-GPS (Brake),Other,,24,5,True,,Mini 3 Pro,True,False,,Smart,RC,False,True,False,,,True,,False,False,False,False,False,False,False,False,False,False,0,Follow Yaw,0,0,33.4,33.4,False,False,False,False,False,False,,True,Normal,100,100,1024,364,1152,1024,N,False,False,False,False,False,0,False,False,False,False,56,7.51,1265,2265,7.51,False,3.757,3.753,0.005,False,False,4.618,100.6,100.4,100.5,,,,,,,,,Idle,,,True,,False,8,Go Home,True,True,True,False,False,False,False,False,True,False,False,False,43.0666047727683,-77.6229698903817,0.4,313.7,1640.4,True,1,1,False,False,False,False,,True,False,False,,328,,16.4,Calm,41,, 1.8.0,DJI Mini 3 Pro,1581F4XF3229R006,53HFK5R0M30ACD,5HAZK6H0018AUR,52XPK6ACA001NV,180.6,0.7,59,13.23575,6.487126,0,8942,DJI Mini 3 Pro,1581F4XF3229R006,53HFK5R0M30ACD,5HAZK6H0018AUR,52XPK6ACA001NV,DJI Fly,, 1.8.0,61EABE4C-BCDC-32F4-D0CC-A1B5A0612123,1581F4XF3229R006W0A6,,,,,,,,,,
6/20/2023,8:51:27.32 AM,0m 6.8s,6.8,43.0666033882409,-77.6229722745235,15,15,15,549,1.4,1.803478,1.803478,-1.565858,0.223694,-0.894776,,-3.131716,,20.8,1,33.7,33.7,P-GPS (Brake),Other,,24,5,True,,Mini 3 Pro,True,False,,Smart,RC,False,True,False,,,True,,False,False,False,False,False,False,False,False,False,False,0,Follow Yaw,0,0,33,33,False,False,False,False,False,False,,True,Normal,100,100,1024,364,1024,1024,N,False,False,False,False,False,0,False,False,False,False,56,7.506,1262,2265,7.506,False,3.755,3.751,0.005,False,False,5.791,100.6,100.4,100.5,,,,,,,,,Idle,,,True,,False,8,Go Home,True,True,True,False,False,False,False,False,True,False,False,False,43.0666047727683,-77.6229698903817,0.8,313.7,1640.4,True,1,1,False,False,False,False,,True,False,False,,328,,16.4,Calm,41,, 1.8.0,DJI Mini 3 Pro,1581F4XF3229R006,53HFK5R0M30ACD,5HAZK6H0018AUR,52XPK6ACA001NV,180.6,0.7,59,13.23575,6.487126,0,8942,DJI Mini 3 Pro,1581F4XF3229R006,53HFK5R0M30ACD,5HAZK6H0018AUR,52XPK6ACA001NV,DJI Fly,, 1.8.0,61EABE4C-BCDC-32F4-D0CC-A1B5A0612123,1581F4XF3229R006W0A6,,,,,,,,,,
6/20/2023,8:51:27.52 AM,0m 7.0s,7,43.0666016505052,-77.6229736903358,15.7,15.7,15.7,550,2.2,2.916612,2.916612,-2.460634,0.223694,-1.565858,,-1.565858,,22.7,1.5,33.3,33.3,P-GPS (Brake),Other,,24,5,True,,Mini 3 Pro,True,False,,Smart,RC,False,True,False,,,True,,False,False,False,False,False,False,False,False,False,False,0,Follow Yaw,0,0,32.9,32.9,False,False,False,False,False,False,,True,Normal,100,100,1024,364,1024,938,N,False,False,False,False,False,0,False,False,False,False,56,7.506,1262,2265,7.506,False,3.755,3.751,0.005,False,False,5.791,100.6,100.4,100.5,,,,,,,,,Idle,,,True,,False,8,Go Home,True,True,True,False,False,False,False,False,True,False,False,False,43.0666047727683,-77.6229698903817,1.5,313.7,1640.4,True,1,1,False,False,False,False,,True,False,False,,328,,16.4,Calm,41,, 1.8.0,DJI Mini 3 Pro,1581F4XF3229R006,53HFK5R0M30ACD,5HAZK6H0018AUR,52XPK6ACA001NV,180.6,0.7,59,13.23575,6.487126,0,8942,DJI Mini 3 Pro,1581F4XF3229R006,53HFK5R0M30ACD,5HAZK6H0018AUR,52XPK6ACA001NV,DJI Fly,, 1.8.0,61EABE4C-BCDC-32F4-D0CC-A1B5A0612123,1581F4XF3229R006W0A6,,,,,,,,,,
6/20/2023,8:51:27.72 AM,0m 7.2s,7.2,43.0665989547013,-77.6229754362603,16,16,16,550,3.2,4.220649,4.220649,-3.579104,0.223694,-2.23694,,-0.447388,,21.6,0.6,30.9,30.9,P-GPS (Brake),Other,,24,5,True,,Mini 3 Pro,True,False,,Smart,RC,False,True,False,,,True,,False,False,False,False,False,False,False,False,False,False,0,Follow Yaw,0,0,32.8,32.8,False,False,False,False,False,False,,True,Normal,100,100,1024,1024,1134,921,N,False,False,False,False,False,0,False,False,False,False,56,7.506,1262,2265,7.506,False,3.755,3.751,0.005,False,False,5.791,100.6,100.4,100.5,,,,,,,,,Idle,,,True,,False,8,Go Home,True,True,True,False,False,False,False,False,True,False,False,False,43.0666047727683,-77.6229698903817,2.5,313.7,1640.4,True,1,1,False,False,False,False,,True,False,False,,328,,16.4,Calm,41,, 1.8.0,DJI Mini 3 Pro,1581F4XF3229R006,53HFK5R0M30ACD,5HAZK6H0018AUR,52XPK6ACA001NV,180.6,0.7,59,13.23575,6.487126,0,8942,DJI Mini 3 Pro,1581F4XF3229R006,53HFK5R0M30ACD,5HAZK6H0018AUR,52XPK6ACA001NV,DJI Fly,, 1.8.0,61EABE4C-BCDC-32F4-D0CC-A1B5A0612123,1581F4XF3229R006W0A6,,,,,,,,,,
6/20/2023,8:51:27.92 AM,0m 7.4s,7.4,43.0665952526435,-77.6229776470766,16,16,16.4,550,4.7,5.502144,5.502144,-4.921268,0.223694,-2.460634,,,,21,0.4,26.1,26.1,P-GPS (Brake),Other,,24,5,True,,Mini 3 Pro,True,False,,Smart,RC,False,True,False,,,True,,False,False,False,False,False,False,False,False,False,False,0,Follow Yaw,0,0,32.7,32.7,False,False,False,False,False,False,,True,Normal,100,100,1024,1024,1253,948,N,False,False,False,False,False,0,False,False,False,False,56,7.506,1262,2265,7.506,False,3.755,3.751,0.005,False,False,5.791,100.6,100.4,100.5,,,,,,,,,Idle,,,True,,False,8,Go Home,True,True,True,False,False,False,False,False,True,False,False,False,43.0666047727683,-77.6229698903817,4,313.7,1640.4,True,1,1,False,False,False,False,,True,False,False,,328,,16.4,Calm,41,, 1.8.0,DJI Mini 3 Pro,1581F4XF3229R006,53HFK5R0M30ACD,5HAZK6H0018AUR,52XPK6ACA001NV,180.6,0.7,59,13.23575,6.487126,0,8942,DJI Mini 3 Pro,1581F4XF3229R006,53HFK5R0M30ACD,5HAZK6H0018AUR,52XPK6ACA001NV,DJI Fly,, 1.8.0,61EABE4C-BCDC-32F4-D0CC-A1B5A0612123,1581F4XF3229R006W0A6,,,,,,,,,,
6/20/2023,8:51:28.13 AM,0m 7.6s,7.6,43.0665906353096,-77.6229798460397,16.4,16.4,16.4,550,6.5,6.109754,6.109754,-5.59235,0.223694,-2.460634,,-0.223694,,3,0.6,23.4,23.4,P-GPS (Brake),Other,,24,5,True,,Mini 3 Pro,True,False,,Smart,RC,False,True,False,,,True,,False,False,False,False,False,False,False,False,False,False,0,Follow Yaw,0,0,32.5,32.5,False,False,False,False,False,False,,True,Normal,100,100,1024,1024,1684,906,N,False,False,False,False,False,0,False,False,False,False,56,7.506,1262,2265,7.506,False,3.755,3.751,0.005,False,False,5.791,100.6,100.4,100.5,,,,,,,,,Idle,,,True,,False,8,Go Home,True,True,True,False,False,False,False,False,True,False,False,False,43.0666047727683,-77.6229698903817,5.8,313.7,1640.4,True,1,1,False,False,False,False,,True,False,False,,328,,16.4,Calm,41,, 1.8.0,DJI Mini 3 Pro,1581F4XF3229R006,53HFK5R0M30ACD,5HAZK6H0018AUR,52XPK6ACA001NV,180.6,0.7,59,13.23575,6.487126,0,8942,DJI Mini 3 Pro,1581F4XF3229R006,53HFK5R0M30ACD,5HAZK6H0018AUR,52XPK6ACA001NV,DJI Fly,, 1.8.0,61EABE4C-BCDC-32F4-D0CC-A1B5A0612123,1581F4XF3229R006W0A6,,,,,,,,,,
6/20/2023,8:51:28.33 AM,0m 7.8s,7.8,43.066586214948,-77.6229815955528,16.4,16.4,16.4,550,8.2,5.026897,6.109754,-4.697574,0.223694,-1.789552,,-1.342164,,-20.1,1.5,19.3,19.3,P-GPS (Brake),Other,,25,5,True,,Mini 3 Pro,True,False,,Smart,RC,False,True,False,,,True,,False,False,False,False,False,False,False,False,False,False,0,Follow Yaw,0,0,32.4,32.4,False,False,False,False,False,False,,True,Normal,100,100,1024,1024,1684,902,N,False,False,False,False,False,0,False,False,False,False,56,7.508,1261,2265,7.508,False,3.757,3.751,0.006,False,False,4.793,100.6,100.4,100.5,,,,,,,,,Idle,,,True,,False,8,Go Home,True,True,True,False,False,False,False,False,True,False,False,False,43.0666047727683,-77.6229698903817,7.4,313.7,1640.4,True,1,1,False,False,False,False,,True,False,False,,328,,16.4,Calm,41,, 1.8.0,DJI Mini 3 Pro,1581F4XF3229R006,53HFK5R0M30ACD,5HAZK6H0018AUR,52XPK6ACA001NV,180.6,0.7,59,13.23575,6.487126,0,8942,DJI Mini 3 Pro,1581F4XF3229R006,53HFK5R0M30ACD,5HAZK6H0018AUR,52XPK6ACA001NV,DJI Fly,, 1.8.0,61EABE4C-BCDC-32F4-D0CC-A1B5A0612123,1581F4XF3229R006W0A6,,,,,,,,,,
6/20/2023,8:51:28.53 AM,0m 8.0s,8,43.0665833757677,-77.6229821036238,17,17,17.3,551,9.2,2.618271,6.109754,-2.460634,0.223694,-0.894776,,-3.131716,,-12.9,1.1,17.5,17.5,P-GPS (Brake),Other,,25,5,True,,Mini 3 Pro,True,False,,Smart,RC,False,True,False,,,True,,False,False,False,False,False,False,False,False,False,False,0,Follow Yaw,0,0,32.2,32.2,False,False,False,False,False,False,,True,Normal,100,100,1024,1024,1684,794,N,False,False,False,False,False,0,False,False,False,False,56,7.508,1261,2265,7.508,False,3.757,3.751,0.006,False,False,4.793,100.6,100.4,100.5,,,,,,,,,Idle,,,True,,False,8,Go Home,True,True,True,False,False,False,False,False,True,False,False,False,43.0666047727683,-77.6229698903817,8.4,313.7,1640.4,True,1,1,False,False,False,False,,True,False,False,,328,,16.4,Calm,41,, 1.8.0,DJI Mini 3 Pro,1581F4XF3229R006,53HFK5R0M30ACD,5HAZK6H0018AUR,52XPK6ACA001NV,180.6,0.7,59,13.23575,6.487126,0,8942,DJI Mini 3 Pro,1581F4XF3229R006,53HFK5R0M30ACD,5HAZK6H0018AUR,52XPK6ACA001NV,DJI Fly,, 1.8.0,61EABE4C-BCDC-32F4-D0CC-A1B5A0612123,1581F4XF3229R006W0A6,,,,,,,,,,
6/20/2023,8:51:28.73 AM,0m 8.2s,8.2,43.0665817618375,-77.6229815935227,18.3,18.3,18.7,552,9.8,1.414765,6.109754,-1.342164,0.223694,-0.447388,,-4.697574,,-6.1,1.3,16.6,16.6,P-GPS (Brake),Other,,25,5,True,,Mini 3 Pro,True,False,,Smart,RC,False,True,False,,,True,,False,False,False,False,False,False,False,False,False,False,0,Follow Yaw,0,0,31.8,31.8,False,False,False,False,False,False,,True,Normal,100,100,1024,1024,1684,789,N,False,False,False,False,False,0,False,False,False,False,56,7.508,1261,2265,7.508,False,3.757,3.751,0.006,False,False,4.793,100.6,100.4,100.5,,,,,,,,,Idle,,,True,,False,8,Go Home,True,True,True,False,False,False,False,False,True,False,False,False,43.0666047727683,-77.6229698903817,8.9,313.7,1640.4,True,1,1,False,False,False,False,,True,False,False,,328,,16.4,Calm,41,, 1.8.0,DJI Mini 3 Pro,1581F4XF3229R006,53HFK5R0M30ACD,5HAZK6H0018AUR,52XPK6ACA001NV,180.6,0.7,59,13.23575,6.487126,0,8942,DJI Mini 3 Pro,1581F4XF3229R006,53HFK5R0M30ACD,5HAZK6H0018AUR,52XPK6ACA001NV,DJI Fly,, 1.8.0,61EABE4C-BCDC-32F4-D0CC-A1B5A0612123,1581F4XF3229R006W0A6,,,,,,,,,,
6/20/2023,8:51:28.93 AM,0m 8.4s,8.4,43.0665807247203,-77.6229804843636,20,20,20.3,554,10.3,0.922313,6.109754,-0.894776,0.223694,-0.223694,,-6.039738,,-4,1.1,14.1,14.1,P-GPS (Brake),Other,,25,5,True,,Mini 3 Pro,True,False,,Smart,RC,False,True,False,,,True,,False,False,False,False,False,False,False,False,False,False,0,Follow Yaw,0,0,30.9,30.9,False,False,False,False,False,False,,True,Normal,100,100,1024,1024,1684,786,N,False,False,False,False,False,0,False,False,False,False,56,7.508,1261,2265,7.508,False,3.757,3.751,0.006,False,False,4.793,100.6,100.4,100.5,,,,,,,,,Idle,,,True,,False,8,Go Home,True,True,True,False,False,False,False,False,True,False,False,False,43.0666047727683,-77.6229698903817,9.2,313.7,1640.4,True,1,1,False,False,False,False,,True,False,False,,328,,16.4,Calm,41,, 1.8.0,DJI Mini 3 Pro,1581F4XF3229R006,53HFK5R0M30ACD,5HAZK6H0018AUR,52XPK6ACA001NV,180.6,0.7,59,13.23575,6.487126,0,8942,DJI Mini 3 Pro,1581F4XF3229R006,53HFK5R0M30ACD,5HAZK6H0018AUR,52XPK6ACA001NV,DJI Fly,, 1.8.0,61EABE4C-BCDC-32F4-D0CC-A1B5A0612123,1581F4XF3229R006W0A6,,,,,,,,,,
6/20/2023,8:51:29.14 AM,0m 8.6s,8.6,43.0665798939416,-77.6229790240237,21.9,21.9,22.3,556,10.8,0.447388,6.109754,-0.447388,0.223694,,,-6.487126,,-3.9,0.3,10.6,10.6,P-GPS (Brake),Other,,25,5,True,,Mini 3 Pro,True,False,,Smart,RC,False,True,False,,,True,,False,False,False,False,False,False,False,False,False,False,0,Follow Yaw,0,0,29.9,29.9,False,False,False,False,False,False,,True,Normal,100,100,1024,1024,1684,736,N,False,False,False,False,False,0,False,False,False,False,56,7.508,1261,2265,7.508,False,3.757,3.751,0.006,False,False,4.793,100.6,100.4,100.5,,,,,,,,,Idle,,,True,,False,8,Go Home,True,True,True,False,False,False,False,False,True,False,False,False,43.0666047727683,-77.6229698903817,9.3,313.7,1640.4,True,1,1,False,False,False,False,,True,False,False,,328,,16.4,Calm,41,, 1.8.0,DJI Mini 3 Pro,1581F4XF3229R006,53HFK5R0M30ACD,5HAZK6H0018AUR,52XPK6ACA001NV,180.6,0.7,59,13.23575,6.487126,0,8942,DJI Mini 3 Pro,1581F4XF3229R006,53HFK5R0M30ACD,5HAZK6H0018AUR,52XPK6ACA001NV,DJI Fly,, 1.8.0,61EABE4C-BCDC-32F4-D0CC-A1B5A0612123,1581F4XF3229R006W0A6,,,,,,,,,,
6/20/2023,8:51:29.34 AM,0m 8.8s,8.8,43.0665792618682,-77.6229775141882,23.9,23.9,24.2,558,11.3,0.223694,6.109754,-0.223694,0.223694,,,-6.487126,,-3.1,0.2,8.9,8.9,P-GPS (Brake),Other,,25,5,True,,Mini 3 Pro,True,False,,Smart,RC,False,True,False,,,True,,False,False,False,False,False,False,False,False,False,False,0,Follow Yaw,0,0,28.7,28.7,False,False,False,False,False,False,,True,Normal,100,100,1024,1024,1684,737,N,False,False,False,False,False,0,False,False,False,False,56,7.451,1259,2265,7.451,False,3.757,3.751,0.006,False,False,7.357,100.6,100.4,100.5,,,,,,,,,Idle,,,True,,False,8,Go Home,True,True,True,False,False,False,False,False,True,False,False,False,43.0666047727683,-77.6229698903817,9.5,313.7,1640.4,True,1,1,False,False,False,False,,True,False,False,,328,,16.4,Calm,41,, 1.8.0,DJI Mini 3 Pro,1581F4XF3229R006,53HFK5R0M30ACD,5HAZK6H0018AUR,52XPK6ACA001NV,180.6,0.7,59,13.23575,6.487126,0,8942,DJI Mini 3 Pro,1581F4XF3229R006,53HFK5R0M30ACD,5HAZK6H0018AUR,52XPK6ACA001NV,DJI Fly,, 1.8.0,61EABE4C-BCDC-32F4-D0CC-A1B5A0612123,1581F4XF3229R006W0A6,,,,,,,,,,
6/20/2023,8:51:29.54 AM,0m 9.0s,9,43.066578806822,-77.6229760804671,25.9,25.9,26.2,560,11.7,,6.109754,,0.223694,,,-6.487126,,-2,0.4,7.5,7.5,P-GPS (Brake),Other,,25,5,True,,Mini 3 Pro,True,False,,Smart,RC,False,True,False,,,True,,False,False,False,False,False,False,False,False,False,False,0,Follow Yaw,0,0,27.1,27.1,False,False,False,False,False,False,,True,Normal,100,100,1024,1024,1684,779,N,False,False,False,False,False,0,False,False,False,False,56,7.475,1259,2265,7.475,False,3.739,3.736,0.006,False,False,7.357,100.6,100.4,100.5,,,,,,,,,Idle,,,True,,False,8,Go Home,True,True,True,False,False,False,False,False,True,False,False,False,43.0666047727683,-77.6229698903817,9.6,313.7,1640.4,True,1,1,False,False,False,False,,True,False,False,,328,,16.4,Calm,41,, 1.8.0,DJI Mini 3 Pro,1581F4XF3229R006,53HFK5R0M30ACD,5HAZK6H0018AUR,52XPK6ACA001NV,180.6,0.7,59,13.23575,6.487126,0,8942,DJI Mini 3 Pro,1581F4XF3229R006,53HFK5R0M30ACD,5HAZK6H0018AUR,52XPK6ACA001NV,DJI Fly,, 1.8.0,61EABE4C-BCDC-32F4-D0CC-A1B5A0612123,1581F4XF3229R006W0A6,,,,,,,,,,
6/20/2023,8:51:29.75 AM,0m 9.2s,9.2,43.0665784940878,-77.6229747679462,27.8,27.8,27.8,562,12.1,,6.109754,,0.223694,,,-6.487126,,-0.9,-0.1,5.6,5.6,P-GPS (Brake),Other,,25,5,True,,Mini 3 Pro,True,False,,Smart,RC,False,True,False,,,True,,False,False,False,False,False,False,False,False,False,False,0,Follow Yaw,0,0,25.6,25.6,False,False,False,False,False,False,,True,Normal,100,100,1024,1024,1602,771,N,False,False,False,False,False,0,False,False,False,False,56,7.475,1259,2265,7.475,False,3.739,3.736,0.006,False,False,7.357,100.6,100.4,100.5,,,,,,,,,Idle,,,True,,False,8,Go Home,True,True,True,False,False,False,False,False,True,False,False,False,43.0666047727683,-77.6229698903817,9.6,313.7,1640.4,True,1,1,False,False,False,False,,True,False,False,,328,,16.4,Calm,41,, 1.8.0,DJI Mini 3 Pro,1581F4XF3229R006,53HFK5R0M30ACD,5HAZK6H0018AUR,52XPK6ACA001NV,180.6,0.7,59,13.23575,6.487126,0,8942,DJI Mini 3 Pro,1581F4XF3229R006,53HFK5R0M30ACD,5HAZK6H0018AUR,52XPK6ACA001NV,DJI Fly,, 1.8.0,61EABE4C-BCDC-32F4-D0CC-A1B5A0612123,1581F4XF3229R006W0A6,,,,,,,,,,
6/20/2023,8:51:29.95 AM,0m 9.4s,9.4,43.0665783376982,-77.6229737009559,29.8,29.8,29.8,564,12.3,,6.109754,,0.223694,,,-6.487126,,0.5,0.1,4.1,4.1,P-GPS (Brake),Other,,25,5,True,,Mini 3 Pro,True,False,,Smart,RC,False,True,False,,,True,,False,False,False,False,False,False,False,False,False,False,0,Follow Yaw,0,0,24.4,24.4,False,False,False,False,False,False,,True,Normal,100,100,1024,1024,1430,936,N,False,False,False,False,False,0,False,False,False,False,56,7.475,1259,2265,7.475,False,3.739,3.736,0.006,False,False,7.357,100.6,100.4,100.5,,,,,,,,,Idle,,,True,,False,8,Go Home,True,True,True,False,False,False,False,False,True,False,False,False,43.0666047727683,-77.6229698903817,9.6,313.7,1640.4,True,1,1,False,False,False,False,,True,False,False,,328,,16.4,Calm,41,, 1.8.0,DJI Mini 3 Pro,1581F4XF3229R006,53HFK5R0M30ACD,5HAZK6H0018AUR,52XPK6ACA001NV,180.6,0.7,59,13.23575,6.487126,0,8942,DJI Mini 3 Pro,1581F4XF3229R006,53HFK5R0M30ACD,5HAZK6H0018AUR,52XPK6ACA001NV,DJI Fly,, 1.8.0,61EABE4C-BCDC-32F4-D0CC-A1B5A0612123,1581F4XF3229R006W0A6,,,,,,,,,,
6/20/2023,8:51:30.15 AM,0m 9.6s,9.6,43.0665782250081,-77.6229728465952,31.4,31.4,31.4,566,12.6,,6.109754,,0.223694,,,-5.59235,,0.7,0.3,2.8,2.8,P-GPS (Brake),Other,,25,5,True,,Mini 3 Pro,True,False,,Smart,RC,False,True,False,,,True,,False,False,False,False,False,False,False,False,False,False,0,Follow Yaw,0,0,23.2,23.2,False,False,False,False,False,False,,True,Normal,100,100,1024,1024,1024,1024,N,False,False,False,False,False,0,False,False,False,False,56,7.475,1259,2265,7.475,False,3.739,3.736,0.006,False,False,7.357,100.6,100.4,100.5,,,,,,,,,Idle,,,True,,False,8,Go Home,True,True,True,False,False,False,False,False,True,False,False,False,43.0666047727683,-77.6229698903817,9.7,313.7,1640.4,True,1,1,False,False,False,False,,True,False,False,,328,,16.4,Calm,41,, 1.8.0,DJI Mini 3 Pro,1581F4XF3229R006,53HFK5R0M30ACD,5HAZK6H0018AUR,52XPK6ACA001NV,180.6,0.7,59,13.23575,6.487126,0,8942,DJI Mini 3 Pro,1581F4XF3229R006,53HFK5R0M30ACD,5HAZK6H0018AUR,52XPK6ACA001NV,DJI Fly,, 1.8.0,61EABE4C-BCDC-32F4-D0CC-A1B5A0612123,1581F4XF3229R006W0A6,,,,,,,,,,
6/20/2023,8:51:30.35 AM,0m 9.8s,9.8,43.0665780787916,-77.6229722142978,33.1,33.1,32.8,567,12.8,,6.109754,,0.223694,,,-4.47388,,1.1,0.2,1.7,1.7,P-GPS (Brake),Other,,25,5,True,,Mini 3 Pro,True,False,,Smart,RC,False,True,False,,,True,,False,False,False,False,False,False,False,False,False,False,0,Follow Yaw,0,0,22.6,22.6,False,False,False,False,False,False,,True,Normal,100,100,1024,1024,1024,1024,N,False,False,False,False,False,0,False,False,False,False,56,7.475,1259,2265,7.475,False,3.739,3.736,0.006,False,False,7.357,100.6,100.4,100.5,,,,,,,,,Idle,,,True,,False,8,Go Home,True,True,True,False,False,False,False,False,True,False,False,False,43.0666047727683,-77.6229698903817,9.7,313.7,1640.4,True,1,1,False,False,False,False,,True,False,False,,328,,16.4,Calm,41,, 1.8.0,DJI Mini 3 Pro,1581F4XF3229R006,53HFK5R0M30ACD,5HAZK6H0018AUR,52XPK6ACA001NV,180.6,0.7,59,13.23575,6.487126,0,8942,DJI Mini 3 Pro,1581F4XF3229R006,53HFK5R0M30ACD,5HAZK6H0018AUR,52XPK6ACA001NV,DJI Fly,, 1.8.0,61EABE4C-BCDC-32F4-D0CC-A1B5A0612123,1581F4XF3229R006W0A6,,,,,,,,,,
6/20/2023,8:51:30.55 AM,0m 10.0s,10,43.0665779123874,-77.6229717516343,34.1,34.1,34.1,568,12.9,,6.109754,,0.223694,,,-2.684328,,0.2,0,1.1,1.1,P-GPS (Brake),Other,,25,5,True,,Mini 3 Pro,True,False,,Smart,RC,False,True,False,,,True,,False,False,False,False,False,False,False,False,False,False,0,Follow Yaw,0,0,22.4,22.4,False,False,False,False,False,False,,True,Normal,100,100,1024,1024,1024,1024,N,False,False,False,False,False,0,False,False,False,False,56,7.525,1257,2265,7.525,False,3.764,3.761,0.006,False,False,5.972,100.6,100.4,100.5,,,,,,,,,Idle,,,True,,False,8,Go Home,True,True,True,False,False,False,False,False,True,False,False,False,43.0666047727683,-77.6229698903817,9.8,313.7,1640.4,True,1,1,False,False,False,False,,True,False,False,,328,,16.4,Calm,41,, 1.8.0,DJI Mini 3 Pro,1581F4XF3229R006,53HFK5R0M30ACD,5HAZK6H0018AUR,52XPK6ACA001NV,180.6,0.7,59,13.23575,6.487126,0,8942,DJI Mini 3 Pro,1581F4XF3229R006,53HFK5R0M30ACD,5HAZK6H0018AUR,52XPK6ACA001NV,DJI Fly,, 1.8.0,61EABE4C-BCDC-32F4-D0CC-A1B5A0612123,1581F4XF3229R006W0A6,,,,,,,,,,
6/20/2023,8:51:30.65 AM,0m 10.2s,10.2,43.066577787693,-77.6229714753481,34.7,34.7,34.4,569,13,,6.109754,,0.223694,,,-1.11847,,-0.3,0,0.9,0.9,P-GPS (Brake),Other,,25,5,True,,Mini 3 Pro,True,False,,Smart,RC,False,True,False,,,True,,False,False,False,False,False,False,False,False,False,False,0,Follow Yaw,-0.3,0,22.4,22.4,False,False,False,False,False,False,,True,Normal,100,100,1024,1024,1024,1024,N,False,False,False,False,False,0,False,False,False,False,56,7.525,1257,2265,7.525,False,3.764,3.761,0.006,False,False,5.972,100.6,100.4,100.5,,,,,,,,,Idle,,,True,,False,8,Go Home,True,True,True,False,False,False,False,False,True,False,False,False,43.0666047727683,-77.6229698903817,9.8,313.7,1640.4,True,1,1,False,False,False,False,,True,False,False,,328,,16.4,Calm,41,, 1.8.0,DJI Mini 3 Pro,1581F4XF3229R006,53HFK5R0M30ACD,5HAZK6H0018AUR,52XPK6ACA001NV,180.6,0.7,59,13.23575,6.487126,0,8942,DJI Mini 3 Pro,1581F4XF3229R006,53HFK5R0M30ACD,5HAZK6H0018AUR,52XPK6ACA001NV,DJI Fly,, 1.8.0,61EABE4C-BCDC-32F4-D0CC-A1B5A0612123,1581F4XF3229R006W0A6,,,,,,,,,,
6/20/2023,8:51:30.96 AM,0m 10.4s,10.4,43.0665777130117,-77.6229713414116,34.7,34.7,34.7,569,13,,6.109754,,0.223694,,,-0.223694,,-0.5,0,1,1,P-GPS (Brake),Other,,25,5,True,,Mini 3 Pro,False,False,,Smart,RC,False,True,False,,,True,,False,False,False,False,False,False,False,False,False,False,0,Follow Yaw,-2.2,0,22.4,22.4,False,False,False,False,False,False,,True,Normal,100,100,1024,1024,1024,1024,N,False,False,False,False,False,0,False,False,False,False,56,7.525,1257,2265,7.525,False,3.764,3.761,0.006,False,False,5.972,100.6,100.4,100.5,,,,,,,,,Idle,,,True,,False,8,Go Home,True,True,True,False,False,False,False,False,False,False,False,False,43.0666047727683,-77.6229698903817,9.8,313.7,1640.4,True,1,1,False,False,False,False,,True,False,False,,328,,16.4,Calm,41,, 1.8.0,DJI Mini 3 Pro,1581F4XF3229R006,53HFK5R0M30ACD,5HAZK6H0018AUR,52XPK6ACA001NV,180.6,0.7,59,13.23575,6.487126,0,8942,DJI Mini 3 Pro,1581F4XF3229R006,53HFK5R0M30ACD,5HAZK6H0018AUR,52XPK6ACA001NV,DJI Fly,, 1.8.0,61EABE4C-BCDC-32F4-D0CC-A1B5A0612123,1581F4XF3229R006W0A6,,,,,,,,,,
6/20/2023,8:51:31.06 AM,0m 10.6s,10.6,43.0665777022903,-77.6229713190089,34.7,34.7,34.7,569,13,,6.109754,,0.223694,,,,,0.3,0.7,1,1,P-GPS (Brake),Other,,25,5,True,,Mini 3 Pro,False,False,,Smart,RC,False,True,False,,,True,,False,False,False,False,False,False,False,False,False,False,0,Follow Yaw,-5.1,0,22.4,22.4,False,False,False,False,False,False,,True,Normal,100,100,1024,1024,1024,1024,N,False,False,False,False,False,0,False,False,False,False,56,7.525,1257,2265,7.525,False,3.764,3.761,0.006,False,False,5.972,100.6,100.4,100.5,,,,,,,,,Idle,,,True,,False,8,Go Home,True,True,True,False,False,False,False,False,False,False,False,False,43.0666047727683,-77.6229698903817,9.8,313.7,1640.4,True,1,1,False,False,False,False,,True,False,False,,328,,16.4,Calm,41,, 1.8.0,DJI Mini 3 Pro,1581F4XF3229R006,53HFK5R0M30ACD,5HAZK6H0018AUR,52XPK6ACA001NV,180.6,0.7,59,13.23575,6.487126,0,8942,DJI Mini 3 Pro,1581F4XF3229R006,53HFK5R0M30ACD,5HAZK6H0018AUR,52XPK6ACA001NV,DJI Fly,, 1.8.0,61EABE4C-BCDC-32F4-D0CC-A1B5A0612123,1581F4XF3229R006W0A6,,,,,,,,,,
6/20/2023,8:51:31.26 AM,0m 10.8s,10.8,43.0665776908471,-77.6229713471767,34.7,34.7,34.7,569,13,,6.109754,,0.223694,,,,,0,0.8,0.9,0.9,P-GPS (Brake),Other,,25,5,True,,Mini 3 Pro,False,False,,Smart,RC,False,True,False,,,True,,False,False,False,False,False,False,False,False,False,False,0,Follow Yaw,-8,0,22.4,22.4,False,False,False,False,False,False,,True,Normal,100,100,1024,1024,1024,1024,N,False,False,False,False,False,0,False,False,False,False,56,7.525,1257,2265,7.525,False,3.764,3.761,0.006,False,False,5.972,100.6,100.4,100.5,,,,,,,,,Idle,,,True,,False,8,Go Home,True,True,True,False,False,False,False,False,False,False,False,False,43.0666047727683,-77.6229698903817,9.8,313.7,1640.4,True,1,1,False,False,False,False,,True,False,False,,328,,16.4,Calm,41,, 1.8.0,DJI Mini 3 Pro,1581F4XF3229R006,53HFK5R0M30ACD,5HAZK6H0018AUR,52XPK6ACA001NV,180.6,0.7,59,13.23575,6.487126,0,8942,DJI Mini 3 Pro,1581F4XF3229R006,53HFK5R0M30ACD,5HAZK6H0018AUR,52XPK6ACA001NV,DJI Fly,, 1.8.0,61EABE4C-BCDC-32F4-D0CC-A1B5A0612123,1581F4XF3229R006W0A6,,,,,,,,,,
6/20/2023,8:51:31.57 AM,0m 11.0s,11,43.0665776492188,-77.6229714140131,34.7,34.7,34.7,569,13.1,,6.109754,,0.223694,,,,,0,1,0.9,0.9,P-GPS (Brake),Other,,25,5,True,,Mini 3 Pro,False,False,,Smart,RC,False,True,False,,,True,,False,False,False,False,False,False,False,False,False,False,0,Follow Yaw,-11,0,22.4,22.4,False,False,False,False,False,False,,True,Normal,100,100,1024,1024,1024,1024,N,False,False,False,False,False,0,False,False,False,False,56,7.501,1256,2265,7.501,False,3.752,3.749,0.006,False,False,3.959,100.6,100.4,100.5,,,,,,,,,Idle,,,True,,False,8,Go Home,True,True,True,False,False,False,False,False,False,False,False,False,43.0666047727683,-77.6229698903817,9.9,313.7,1640.4,True,1,1,False,False,False,False,,True,False,False,,328,,16.4,Calm,41,, 1.8.0,DJI Mini 3 Pro,1581F4XF3229R006,53HFK5R0M30ACD,5HAZK6H0018AUR,52XPK6ACA001NV,180.6,0.7,59,13.23575,6.487126,0,8942,DJI Mini 3 Pro,1581F4XF3229R006,53HFK5R0M30ACD,5HAZK6H0018AUR,52XPK6ACA001NV,DJI Fly,, 1.8.0,61EABE4C-BCDC-32F4-D0CC-A1B5A0612123,1581F4XF3229R006W0A6,,,,,,,,,,
6/20/2023,8:51:31.67 AM,0m 11.2s,11.2,43.0665775818964,-77.6229714891713,34.7,34.7,34.7,569,13.1,,6.109754,,0.223694,,,,,-0.4,0.5,1,1,P-GPS (Brake),Other,,25,5,True,,Mini 3 Pro,False,False,,Smart,RC,False,True,False,,,True,,False,False,False,False,False,False,False,False,False,False,0,Follow Yaw,-13.9,0,22.4,22.4,False,False,False,False,False,False,,True,Normal,100,100,1024,1024,1024,1017,N,False,False,False,False,False,0,False,False,False,False,56,7.501,1256,2265,7.501,False,3.752,3.749,0.006,False,False,3.959,100.6,100.4,100.5,,,,,,,,,Idle,,,True,,False,8,Go Home,True,True,True,False,False,False,False,False,False,False,False,False,43.0666047727683,-77.6229698903817,9.9,313.7,1640.4,True,1,1,False,False,False,False,,True,False,False,,328,,16.4,Calm,41,, 1.8.0,DJI Mini 3 Pro,1581F4XF3229R006,53HFK5R0M30ACD,5HAZK6H0018AUR,52XPK6ACA001NV,180.6,0.7,59,13.23575,6.487126,0,8942,DJI Mini 3 Pro,1581F4XF3229R006,53HFK5R0M30ACD,5HAZK6H0018AUR,52XPK6ACA001NV,DJI Fly,, 1.8.0,61EABE4C-BCDC-32F4-D0CC-A1B5A0612123,1581F4XF3229R006W0A6,,,,,,,,,,
6/20/2023,8:51:31.97 AM,0m 11.4s,11.4,43.0665775189923,-77.6229715948525,34.7,34.7,34.7,569,13.1,,6.109754,,0.223694,,,,,-0.7,0.5,0.9,0.9,P-GPS (Brake),Other,,25,5,True,,Mini 3 Pro,False,False,,Smart,RC,False,True,False,,,True,,False,False,False,False,False,False,False,False,False,False,0,Follow Yaw,-18.4,0,22.4,22.4,False,False,False,False,False,False,,True,Normal,100,100,1024,1024,1024,1016,N,False,False,False,False,False,0,False,False,False,False,56,7.501,1256,2265,7.501,False,3.752,3.749,0.006,False,False,3.959,100.6,100.4,100.5,,,,,,,,,Idle,,,True,,False,8,Go Home,True,True,True,False,False,False,False,False,False,False,False,False,43.0666047727683,-77.6229698903817,9.9,313.7,1640.4,True,1,1,False,False,False,False,,True,False,False,,328,,16.4,Calm,41,, 1.8.0,DJI Mini 3 Pro,1581F4XF3229R006,53HFK5R0M30ACD,5HAZK6H0018AUR,52XPK6ACA001NV,180.6,0.7,59,13.23575,6.487126,0,8942,DJI Mini 3 Pro,1581F4XF3229R006,53HFK5R0M30ACD,5HAZK6H0018AUR,52XPK6ACA001NV,DJI Fly,, 1.8.0,61EABE4C-BCDC-32F4-D0CC-A1B5A0612123,1581F4XF3229R006W0A6,,,,,,,,,,
6/20/2023,8:51:32.07 AM,0m 11.6s,11.6,43.0665774718234,-77.6229717180382,34.7,34.7,34.7,569,13.2,,6.109754,,0.223694,,,,,-0.6,0.6,0.9,0.9,P-GPS (Brake),Other,,25,5,True,,Mini 3 Pro,False,False,,Smart,RC,False,True,False,,,True,,False,False,False,False,False,False,False,False,False,False,0,Follow Yaw,-19.8,0,22.4,22.4,False,False,False,False,False,False,,True,Normal,100,100,1024,1024,1029,1018,N,False,False,False,False,False,0,False,False,False,False,56,7.501,1256,2265,7.501,False,3.752,3.749,0.006,False,False,3.959,100.6,100.4,100.5,,,,,,,,,Idle,,,True,,False,8,Go Home,True,True,True,False,False,False,False,False,False,False,False,False,43.0666047727683,-77.6229698903817,9.9,313.7,1640.4,True,1,1,False,False,False,False,,True,False,False,,328,,16.4,Calm,41,, 1.8.0,DJI Mini 3 Pro,1581F4XF3229R006,53HFK5R0M30ACD,5HAZK6H0018AUR,52XPK6ACA001NV,180.6,0.7,59,13.23575,6.487126,0,8942,DJI Mini 3 Pro,1581F4XF3229R006,53HFK5R0M30ACD,5HAZK6H0018AUR,52XPK6ACA001NV,DJI Fly,, 1.8.0,61EABE4C-BCDC-32F4-D0CC-A1B5A0612123,1581F4XF3229R006W0A6,,,,,,,,,,
6/20/2023,8:51:32.37 AM,0m 11.8s,11.8,43.0665774420943,-77.6229718882587,34.7,34.7,34.7,569,13.2,,6.109754,,0.223694,,,,,-0.3,1,0.9,0.9,P-GPS (Brake),Other,,25,5,True,,Mini 3 Pro,False,False,,Smart,RC,False,True,False,,,True,,False,False,False,False,False,False,False,False,False,False,0,Follow Yaw,-21.6,0,22.4,22.4,False,False,False,False,False,False,,True,Normal,100,100,1024,486,1062,1010,N,False,False,False,False,False,0,False,False,False,False,56,7.501,1256,2265,7.501,False,3.752,3.749,0.006,False,False,3.959,100.6,100.4,100.5,,,,,,,,,Idle,,,True,,False,8,Go Home,True,True,True,False,False,False,False,False,False,False,False,False,43.0666047727683,-77.6229698903817,9.9,313.7,1640.4,True,1,1,False,False,False,False,,True,False,False,,328,,16.4,Calm,41,, 1.8.0,DJI Mini 3 Pro,1581F4XF3229R006,53HFK5R0M30ACD,5HAZK6H0018AUR,52XPK6ACA001NV,180.6,0.7,59,13.23575,6.487126,0,8942,DJI Mini 3 Pro,1581F4XF3229R006,53HFK5R0M30ACD,5HAZK6H0018AUR,52XPK6ACA001NV,DJI Fly,, 1.8.0,61EABE4C-BCDC-32F4-D0CC-A1B5A0612123,1581F4XF3229R006W0A6,,,,,,,,,,
6/20/2023,8:51:32.48 AM,0m 12.0s,12,43.0665774196921,-77.6229720464486,34.7,34.7,34.7,569,13.3,,6.109754,,0.223694,,,,,0,0.8,0.9,0.9,P-GPS (Brake),Other,,25,5,True,,Mini 3 Pro,False,False,,Smart,RC,False,True,False,,,True,,False,False,False,False,False,False,False,False,False,False,0,Follow Yaw,-21.9,0,22.4,22.4,False,False,False,False,False,False,,True,Normal,100,100,1024,364,1094,1009,N,False,False,False,False,False,0,False,False,False,False,56,7.495,1255,2265,7.495,False,3.749,3.746,0.006,False,False,4.77,100.6,100.4,100.5,,,,,,,,,Idle,,,True,,False,8,Go Home,True,True,True,False,False,False,False,False,False,False,False,False,43.0666047727683,-77.6229698903817,9.9,313.7,1640.4,True,1,1,False,False,False,False,,True,False,False,,328,,16.4,Calm,41,, 1.8.0,DJI Mini 3 Pro,1581F4XF3229R006,53HFK5R0M30ACD,5HAZK6H0018AUR,52XPK6ACA001NV,180.6,0.7,59,13.23575,6.487126,0,8942,DJI Mini 3 Pro,1581F4XF3229R006,53HFK5R0M30ACD,5HAZK6H0018AUR,52XPK6ACA001NV,DJI Fly,, 1.8.0,61EABE4C-BCDC-32F4-D0CC-A1B5A0612123,1581F4XF3229R006W0A6,,,,,,,,,,
6/20/2023,8:51:32.68 AM,0m 12.2s,12.2,43.06657725338,-77.6229721942935,34.7,34.7,34.7,569,13.3,0.447388,6.109754,-0.447388,0.223694,,,,,15.4,1,1.1,1.1,P-GPS (Brake),Other,,25,5,True,,Mini 3 Pro,False,False,,Smart,RC,False,True,False,,,True,,False,False,False,False,False,False,False,False,False,False,0,Follow Yaw,-21.9,0,22.4,22.4,False,False,False,False,False,False,,True,Normal,100,100,1024,364,1109,1011,N,False,False,False,False,False,0,False,False,False,False,56,7.495,1255,2265,7.495,False,3.749,3.746,0.006,False,False,4.77,100.6,100.4,100.5,,,,,,,,,Idle,,,True,,False,8,Go Home,True,True,True,False,False,False,False,False,False,False,False,False,43.0666047727683,-77.6229698903817,10,313.7,1640.4,True,1,1,False,False,False,False,,True,False,False,,328,,16.4,Calm,41,, 1.8.0,DJI Mini 3 Pro,1581F4XF3229R006,53HFK5R0M30ACD,5HAZK6H0018AUR,52XPK6ACA001NV,180.6,0.7,59,13.23575,6.487126,0,8942,DJI Mini 3 Pro,1581F4XF3229R006,53HFK5R0M30ACD,5HAZK6H0018AUR,52XPK6ACA001NV,DJI Fly,, 1.8.0,61EABE4C-BCDC-32F4-D0CC-A1B5A0612123,1581F4XF3229R006W0A6,,,,,,,,,,
6/20/2023,8:51:32.98 AM,0m 12.4s,12.4,43.066576246116,-77.6229723673107,34.7,34.7,34.7,569,13.7,1.789552,6.109754,-1.789552,0.223694,,,,,19.2,1,1.1,1.1,P-GPS (Brake),Other,,25,5,True,,Mini 3 Pro,False,False,,Smart,RC,False,True,False,,,True,,False,False,False,False,False,False,False,False,False,False,0,Follow Yaw,-21.9,0,22.4,22.4,False,False,False,False,False,False,,True,Normal,100,100,1024,1024,1092,979,N,False,False,False,False,False,0,False,False,False,False,56,7.495,1255,2265,7.495,False,3.749,3.746,0.006,False,False,4.77,100.6,100.4,100.5,,,,,,,,,Idle,,,True,,False,8,Go Home,True,True,True,False,False,False,False,False,False,False,False,False,43.0666047727683,-77.6229698903817,10.4,313.7,1640.4,True,1,1,False,False,False,False,,True,False,False,,328,,16.4,Calm,41,, 1.8.0,DJI Mini 3 Pro,1581F4XF3229R006,53HFK5R0M30ACD,5HAZK6H0018AUR,52XPK6ACA001NV,180.6,0.7,59,13.23575,6.487126,0,8942,DJI Mini 3 Pro,1581F4XF3229R006,53HFK5R0M30ACD,5HAZK6H0018AUR,52XPK6ACA001NV,DJI Fly,, 1.8.0,61EABE4C-BCDC-32F4-D0CC-A1B5A0612123,1581F4XF3229R006W0A6,,,,,,,,,,
6/20/2023,8:51:33.09 AM,0m 12.6s,12.6,43.0665740304541,-77.6229725374804,34.7,34.7,34.7,569,14.5,3.131716,6.109754,-3.131716,0.223694,,,,,14.5,0.9,1.1,1.1,P-GPS (Brake),Other,,25,5,True,,Mini 3 Pro,False,False,,Smart,RC,False,True,False,,,True,,False,False,False,False,False,False,False,False,False,False,0,Follow Yaw,-21.9,0,22.4,22.4,False,False,False,False,False,False,,True,Normal,100,100,1024,1024,1181,965,N,False,False,False,False,False,0,False,False,False,False,56,7.495,1255,2265,7.495,False,3.749,3.746,0.006,False,False,4.77,100.6,100.4,100.5,,,,,,,,,Idle,,,True,,False,8,Go Home,True,True,True,False,False,False,False,False,False,False,False,False,43.0666047727683,-77.6229698903817,11.2,313.7,1640.4,True,1,1,False,False,False,False,,True,False,False,,328,,16.4,Calm,41,, 1.8.0,DJI Mini 3 Pro,1581F4XF3229R006,53HFK5R0M30ACD,5HAZK6H0018AUR,52XPK6ACA001NV,180.6,0.7,59,13.23575,6.487126,0,8942,DJI Mini 3 Pro,1581F4XF3229R006,53HFK5R0M30ACD,5HAZK6H0018AUR,52XPK6ACA001NV,DJI Fly,, 1.8.0,61EABE4C-BCDC-32F4-D0CC-A1B5A0612123,1581F4XF3229R006W0A6,,,,,,,,,,
6/20/2023,8:51:33.29 AM,0m 12.8s,12.8,43.0665710301843,-77.6229726762534,34.7,34.7,34.7,569,15.6,3.802798,6.109754,-3.802798,0.223694,,,,,-4.6,1,0.9,0.9,P-GPS (Brake),Other,,25,5,True,,Mini 3 Pro,False,False,,Smart,RC,False,True,False,,,True,,False,False,False,False,False,False,False,False,False,False,0,Follow Yaw,-21.9,0,22.3,22.3,False,False,False,False,False,False,,True,Normal,100,100,1024,1024,1593,949,N,False,False,False,False,False,0,False,False,False,False,56,7.495,1255,2265,7.495,False,3.749,3.746,0.006,False,False,4.77,100.6,100.4,100.5,,,,,,,,,Idle,,,True,,False,8,Go Home,True,True,True,False,False,False,False,False,False,False,False,False,43.0666047727683,-77.6229698903817,12.3,313.7,1640.4,True,1,1,False,False,False,False,,True,False,False,,328,,16.4,Calm,41,, 1.8.0,DJI Mini 3 Pro,1581F4XF3229R006,53HFK5R0M30ACD,5HAZK6H0018AUR,52XPK6ACA001NV,180.6,0.7,59,13.23575,6.487126,0,8942,DJI Mini 3 Pro,1581F4XF3229R006,53HFK5R0M30ACD,5HAZK6H0018AUR,52XPK6ACA001NV,DJI Fly,, 1.8.0,61EABE4C-BCDC-32F4-D0CC-A1B5A0612123,1581F4XF3229R006W0A6,,,,,,,,,,
6/20/2023,8:51:33.49 AM,0m 13.0s,13,43.0665683567218,-77.6229727241458,34.7,34.7,34.7,569,16.6,2.684328,6.109754,-2.684328,0.223694,,,-0.671082,,-14.3,0.3,0.8,0.8,P-GPS (Brake),Other,,25,5,True,,Mini 3 Pro,False,False,,Smart,RC,False,True,False,,,True,,False,False,False,False,False,False,False,False,False,False,0,Follow Yaw,-21.9,0,22.2,22.2,False,False,False,False,False,False,,True,Normal,100,100,1024,1024,1480,957,N,False,False,False,False,False,0,False,False,False,False,56,7.487,1254,2265,7.487,False,3.749,3.746,0.006,False,False,5.058,100.6,100.4,100.5,,,,,,,,,Idle,,,True,,False,8,Go Home,True,True,True,False,False,False,False,False,False,False,False,False,43.0666047727683,-77.6229698903817,13.3,313.7,1640.4,True,1,1,False,False,False,False,,True,False,False,,328,,16.4,Calm,41,, 1.8.0,DJI Mini 3 Pro,1581F4XF3229R006,53HFK5R0M30ACD,5HAZK6H0018AUR,52XPK6ACA001NV,180.6,0.7,59,13.23575,6.487126,0,8942,DJI Mini 3 Pro,1581F4XF3229R006,53HFK5R0M30ACD,5HAZK6H0018AUR,52XPK6ACA001NV,DJI Fly,, 1.8.0,61EABE4C-BCDC-32F4-D0CC-A1B5A0612123,1581F4XF3229R006W0A6,,,,,,,,,,
6/20/2023,8:51:33.69 AM,0m 13.2s,13.2,43.0665667847883,-77.6229726344145,35.4,35.4,34.7,569,17.2,1.342164,6.109754,-1.342164,0.223694,,,-2.23694,,-7.4,0.5,0.8,0.8,P-GPS (Brake),Other,,25,5,True,,Mini 3 Pro,False,False,,Smart,RC,False,True,False,,,True,,False,False,False,False,False,False,False,False,False,False,0,Follow Yaw,-21.9,0,22.1,22.1,False,False,False,False,False,False,,True,Normal,100,100,1024,1024,1366,1015,N,False,False,False,False,False,0,False,False,False,False,56,7.496,1254,2265,7.496,False,3.75,3.746,0.006,False,False,5.058,100.6,100.4,100.5,,,,,,,,,Idle,,,True,,False,8,Go Home,True,True,True,False,False,False,False,False,False,False,False,False,43.0666047727683,-77.6229698903817,13.8,313.7,1640.4,True,1,1,False,False,False,False,,True,False,False,,328,,16.4,Calm,41,, 1.8.0,DJI Mini 3 Pro,1581F4XF3229R006,53HFK5R0M30ACD,5HAZK6H0018AUR,52XPK6ACA001NV,180.6,0.7,59,13.23575,6.487126,0,8942,DJI Mini 3 Pro,1581F4XF3229R006,53HFK5R0M30ACD,5HAZK6H0018AUR,52XPK6ACA001NV,DJI Fly,, 1.8.0,61EABE4C-BCDC-32F4-D0CC-A1B5A0612123,1581F4XF3229R006W0A6,,,,,,,,,,
6/20/2023,8:51:33.89 AM,0m 13.4s,13.4,43.0665659002013,-77.6229724126907,36,36,34.7,570,17.5,0.671082,6.109754,-0.671082,0.223694,,,-2.908022,,-2,1.4,0.7,0.7,P-GPS (Brake),Other,,25,5,True,,Mini 3 Pro,False,False,,Smart,RC,False,True,False,,,True,,False,False,False,False,False,False,False,False,False,False,0,Follow Yaw,-21.9,0,22.1,22.1,False,False,False,False,False,False,,True,Normal,100,100,1024,1024,1302,1024,N,False,False,False,False,False,0,False,False,False,False,56,7.496,1254,2265,7.496,False,3.75,3.746,0.006,False,False,5.058,100.6,100.4,100.5,,,,,,,,,Idle,,,True,,False,8,Go Home,True,True,True,False,False,False,False,False,False,False,False,False,43.0666047727683,-77.6229698903817,14.1,313.7,1640.4,True,1,1,False,False,False,False,,True,False,False,,328,,16.4,Calm,41,, 1.8.0,DJI Mini 3 Pro,1581F4XF3229R006,53HFK5R0M30ACD,5HAZK6H0018AUR,52XPK6ACA001NV,180.6,0.7,59,13.23575,6.487126,0,8942,DJI Mini 3 Pro,1581F4XF3229R006,53HFK5R0M30ACD,5HAZK6H0018AUR,52XPK6ACA001NV,DJI Fly,, 1.8.0,61EABE4C-BCDC-32F4-D0CC-A1B5A0612123,1581F4XF3229R006W0A6,,,,,,,,,,
6/20/2023,8:51:34.10 AM,0m 13.6s,13.6,43.0665652578178,-77.622972073302,37,37,34.7,571,17.7,0.671082,6.109754,-0.671082,0.223694,,,-2.013246,,-3.8,0.7,0.6,0.6,P-GPS (Brake),Other,,25,5,True,,Mini 3 Pro,False,False,,Smart,RC,False,True,False,,,True,,False,False,False,False,False,False,False,False,False,False,0,Follow Yaw,-22.3,0,22,22,False,False,False,False,False,False,,True,Normal,100,100,1024,1024,1267,924,N,False,False,False,False,False,0,False,False,False,False,56,7.496,1254,2265,7.496,False,3.75,3.746,0.006,False,False,5.058,100.6,100.4,100.5,,,,,,,,,Idle,,,True,,False,8,Go Home,True,True,True,False,False,False,False,False,False,False,False,False,43.0666047727683,-77.6229698903817,14.4,313.7,1640.4,True,1,1,False,False,False,False,,True,False,False,,328,,16.4,Calm,41,, 1.8.0,DJI Mini 3 Pro,1581F4XF3229R006,53HFK5R0M30ACD,5HAZK6H0018AUR,52XPK6ACA001NV,180.6,0.7,59,13.23575,6.487126,0,8942,DJI Mini 3 Pro,1581F4XF3229R006,53HFK5R0M30ACD,5HAZK6H0018AUR,52XPK6ACA001NV,DJI Fly,, 1.8.0,61EABE4C-BCDC-32F4-D0CC-A1B5A0612123,1581F4XF3229R006W0A6,,,,,,,,,,
6/20/2023,8:51:34.30 AM,0m 13.8s,13.8,43.0665647780626,-77.6229717001861,37.4,37.4,34.7,571,17.9,0.223694,6.109754,-0.223694,0.223694,,,-1.565858,,-3.6,0.9,0.5,0.5,P-GPS (Brake),Other,,25,5,True,,Mini 3 Pro,False,False,,Smart,RC,False,True,False,,,True,,False,False,False,False,False,False,False,False,False,False,0,Follow Yaw,-22.7,0,22,22,False,False,False,False,False,False,,True,Normal,100,100,1024,1024,1180,666,N,False,False,False,False,False,0,False,False,False,False,56,7.496,1254,2265,7.496,False,3.75,3.746,0.006,False,False,5.058,100.6,100.4,100.5,,,,,,,,,Idle,,,True,,False,8,Go Home,True,True,True,False,False,False,False,False,False,False,False,False,43.0666047727683,-77.6229698903817,14.5,313.7,1640.4,True,1,1,False,False,False,False,,True,False,False,,328,,16.4,Calm,41,, 1.8.0,DJI Mini 3 Pro,1581F4XF3229R006,53HFK5R0M30ACD,5HAZK6H0018AUR,52XPK6ACA001NV,180.6,0.7,59,13.23575,6.487126,0,8942,DJI Mini 3 Pro,1581F4XF3229R006,53HFK5R0M30ACD,5HAZK6H0018AUR,52XPK6ACA001NV,DJI Fly,, 1.8.0,61EABE4C-BCDC-32F4-D0CC-A1B5A0612123,1581F4XF3229R006W0A6,,,,,,,,,,
6/20/2023,8:51:34.50 AM,0m 14.0s,14,43.0665644461966,-77.6229713924877,38,38,34.7,572,18.1,0.223694,6.109754,-0.223694,0.223694,,,-1.11847,,-2.5,1.2,0.4,0.4,P-GPS (Brake),Other,,25,5,True,,Mini 3 Pro,False,False,,Smart,RC,False,True,False,,,True,,False,False,False,False,False,False,False,False,False,False,0,Follow Yaw,-22.8,0,20.8,20.8,False,False,False,False,False,False,,True,Normal,100,100,1024,1024,1098,800,N,False,False,False,False,False,0,False,False,False,False,56,7.496,1254,2265,7.496,False,3.75,3.746,0.006,False,False,5.058,100.6,100.4,100.5,,,,,,,,,Idle,,,True,,False,8,Go Home,True,True,True,False,False,False,False,False,False,False,False,False,43.0666047727683,-77.6229698903817,14.7,313.7,1640.4,True,1,1,False,False,False,False,,True,False,False,,328,,16.4,Calm,41,, 1.8.0,DJI Mini 3 Pro,1581F4XF3229R006,53HFK5R0M30ACD,5HAZK6H0018AUR,52XPK6ACA001NV,180.6,0.7,59,13.23575,6.487126,0,8942,DJI Mini 3 Pro,1581F4XF3229R006,53HFK5R0M30ACD,5HAZK6H0018AUR,52XPK6ACA001NV,DJI Fly,, 1.8.0,61EABE4C-BCDC-32F4-D0CC-A1B5A0612123,1581F4XF3229R006W0A6,,,,,,,,,,
6/20/2023,8:51:34.70 AM,0m 14.2s,14.2,43.0665642059785,-77.6229711188842,38,38,34.7,572,18.2,,6.109754,,0.223694,,,-0.447388,,-2.7,1.1,-0.8,359.2,P-GPS (Brake),Other,,25,5,True,,Mini 3 Pro,False,False,,Smart,RC,False,True,False,,,True,,False,False,False,False,False,False,False,False,False,False,0,Follow Yaw,-22.8,0,18.8,18.8,False,False,False,False,False,False,,True,Normal,100,100,1024,1024,1113,666,N,False,False,False,False,False,0,False,False,False,False,56,7.488,1252,2265,7.488,False,3.746,3.742,0.006,False,False,5.622,100.6,100.4,100.5,,,,,,,,,Idle,,,True,,False,8,Go Home,True,True,True,False,False,False,False,False,False,False,False,False,43.0666047727683,-77.6229698903817,14.8,313.7,1640.4,True,1,1,False,False,False,False,,True,False,False,,328,,16.4,Calm,41,, 1.8.0,DJI Mini 3 Pro,1581F4XF3229R006,53HFK5R0M30ACD,5HAZK6H0018AUR,52XPK6ACA001NV,180.6,0.7,59,13.23575,6.487126,0,8942,DJI Mini 3 Pro,1581F4XF3229R006,53HFK5R0M30ACD,5HAZK6H0018AUR,52XPK6ACA001NV,DJI Fly,, 1.8.0,61EABE4C-BCDC-32F4-D0CC-A1B5A0612123,1581F4XF3229R006W0A6,,,,,,,,,,
6/20/2023,8:51:34.91 AM,0m 14.4s,14.4,43.0665640471967,-77.6229709039181,38.3,38.3,34.7,572,18.3,,6.109754,,0.223694,,,-0.223694,,-2.9,1.8,-2.9,357.1,P-GPS (Brake),Other,,25,5,True,,Mini 3 Pro,False,False,,Smart,RC,False,True,False,,,True,,False,False,False,False,False,False,False,False,False,False,0,Follow Yaw,-22.8,0,17,17,False,False,False,False,False,False,,True,Normal,100,100,1024,1024,1088,667,N,False,False,False,False,False,0,False,False,False,False,56,7.488,1252,2265,7.488,False,3.746,3.742,0.006,False,False,5.622,100.6,100.4,100.5,,,,,,,,,Idle,,,True,,False,8,Go Home,True,True,True,False,False,False,False,False,False,False,False,False,43.0666047727683,-77.6229698903817,14.8,313.7,1640.4,True,1,1,False,False,False,False,,True,False,False,,328,,16.4,Calm,41,, 1.8.0,DJI Mini 3 Pro,1581F4XF3229R006,53HFK5R0M30ACD,5HAZK6H0018AUR,52XPK6ACA001NV,180.6,0.7,59,13.23575,6.487126,0,8942,DJI Mini 3 Pro,1581F4XF3229R006,53HFK5R0M30ACD,5HAZK6H0018AUR,52XPK6ACA001NV,DJI Fly,, 1.8.0,61EABE4C-BCDC-32F4-D0CC-A1B5A0612123,1581F4XF3229R006W0A6,,,,,,,,,,
6/20/2023,8:51:35.11 AM,0m 14.6s,14.6,43.0665639951061,-77.6229707633638,38.3,38.3,34.7,572,18.3,,6.109754,,0.223694,,,-0.223694,,-1.2,2.3,-4.7,355.3,P-GPS (Brake),Other,,25,5,True,,Mini 3 Pro,False,False,,Smart,RC,False,True,False,,,True,,False,False,False,False,False,False,False,False,False,False,0,Follow Yaw,-22.8,0,14.7,14.7,False,False,False,False,False,False,,True,Normal,100,100,1024,1024,1024,1024,N,False,False,False,False,False,0,False,False,False,False,56,7.488,1252,2265,7.488,False,3.746,3.742,0.006,False,False,5.622,100.6,100.4,100.5,,,,,,,,,Idle,,,True,,False,8,Go Home,True,True,True,False,False,False,False,False,False,False,False,False,43.0666047727683,-77.6229698903817,14.8,313.7,1640.4,True,1,1,False,False,False,False,,True,False,False,,328,,16.4,Calm,41,, 1.8.0,DJI Mini 3 Pro,1581F4XF3229R006,53HFK5R0M30ACD,5HAZK6H0018AUR,52XPK6ACA001NV,180.6,0.7,59,13.23575,6.487126,0,8942,DJI Mini 3 Pro,1581F4XF3229R006,53HFK5R0M30ACD,5HAZK6H0018AUR,52XPK6ACA001NV,DJI Fly,, 1.8.0,61EABE4C-BCDC-32F4-D0CC-A1B5A0612123,1581F4XF3229R006W0A6,,,,,,,,,,
6/20/2023,8:51:35.31 AM,0m 14.8s,14.8,43.0665639892721,-77.622970631941,38.3,38.3,34.7,572,18.4,,6.109754,,0.223694,,,,,-0.6,1.7,-6.9,353.1,P-GPS (Brake),Other,,25,5,True,,Mini 3 Pro,False,False,,Smart,RC,False,True,False,,,True,,False,False,False,False,False,False,False,False,False,False,0,Follow Yaw,-22.8,0,13.5,13.5,False,False,False,False,False,False,,True,Normal,100,100,1024,1024,1024,1024,N,False,False,False,False,False,0,False,False,False,False,56,7.488,1252,2265,7.488,False,3.746,3.742,0.006,False,False,5.622,100.6,100.4,100.5,,,,,,,,,Idle,,,True,,False,8,Go Home,True,True,True,False,False,False,False,False,False,False,False,False,43.0666047727683,-77.6229698903817,14.8,313.7,1640.4,True,1,1,False,False,False,False,,True,False,False,,328,,16.4,Calm,41,, 1.8.0,DJI Mini 3 Pro,1581F4XF3229R006,53HFK5R0M30ACD,5HAZK6H0018AUR,52XPK6ACA001NV,180.6,0.7,59,13.23575,6.487126,0,8942,DJI Mini 3 Pro,1581F4XF3229R006,53HFK5R0M30ACD,5HAZK6H0018AUR,52XPK6ACA001NV,DJI Fly,, 1.8.0,61EABE4C-BCDC-32F4-D0CC-A1B5A0612123,1581F4XF3229R006W0A6,,,,,,,,,,
6/20/2023,8:51:35.51 AM,0m 15.0s,15,43.0665640192003,-77.6229705038174,38.3,38.3,34.7,572,18.4,,6.109754,,0.223694,,,,,-0.4,1.5,-8.1,351.9,P-GPS (Brake),Other,,25,5,True,,Mini 3 Pro,False,False,,Smart,RC,False,True,False,,,True,,False,False,False,False,False,False,False,False,False,False,0,Follow Yaw,-23,0,13,13,False,False,False,False,False,False,,True,Normal,100,100,1024,1024,1024,1024,N,False,False,False,False,False,0,False,False,False,False,56,7.488,1252,2265,7.488,False,3.746,3.742,0.006,False,False,5.622,100.6,100.4,100.5,,,,,,,,,Idle,,,True,,False,8,Go Home,True,True,True,False,False,False,False,False,False,False,False,False,43.0666047727683,-77.6229698903817,14.8,313.7,1640.4,True,1,1,False,False,False,False,,True,False,False,,328,,16.4,Calm,41,, 1.8.0,DJI Mini 3 Pro,1581F4XF3229R006,53HFK5R0M30ACD,5HAZK6H0018AUR,52XPK6ACA001NV,180.6,0.7,59,13.23575,6.487126,0,8942,DJI Mini 3 Pro,1581F4XF3229R006,53HFK5R0M30ACD,5HAZK6H0018AUR,52XPK6ACA001NV,DJI Fly,, 1.8.0,61EABE4C-BCDC-32F4-D0CC-A1B5A0612123,1581F4XF3229R006W0A6,,,,,,,,,,
6/20/2023,8:51:35.71 AM,0m 15.2s,15.2,43.0665640395036,-77.6229704067665,38.3,38.3,34.7,572,18.4,,6.109754,,0.223694,,,,,0,1.1,-8.5,351.5,P-GPS (Brake),Other,,25,5,True,,Mini 3 Pro,False,False,,Smart,RC,False,True,False,,,True,,False,False,False,False,False,False,False,False,False,False,0,Follow Yaw,-23.8,0,12.9,12.9,False,False,False,False,False,False,,True,Normal,100,100,1024,1024,1024,1024,N,False,False,False,False,False,0,False,False,False,False,56,7.494,1251,2265,7.494,False,3.748,3.746,0.006,False,False,4.429,100.8,100.4,100.7,,,,,,,,,Idle,,,True,,False,8,Go Home,True,True,True,False,False,False,False,False,False,False,False,False,43.0666047727683,-77.6229698903817,14.8,313.7,1640.4,True,1,1,False,False,False,False,,True,False,False,,328,,16.4,Calm,41,, 1.8.0,DJI Mini 3 Pro,1581F4XF3229R006,53HFK5R0M30ACD,5HAZK6H0018AUR,52XPK6ACA001NV,180.6,0.7,59,13.23575,6.487126,0,8942,DJI Mini 3 Pro,1581F4XF3229R006,53HFK5R0M30ACD,5HAZK6H0018AUR,52XPK6ACA001NV,DJI Fly,, 1.8.0,61EABE4C-BCDC-32F4-D0CC-A1B5A0612123,1581F4XF3229R006W0A6,,,,,,,,,,
6/20/2023,8:51:35.92 AM,0m 15.4s,15.4,43.0665640654012,-77.6229703496171,38.3,38.3,34.7,572,18.4,,6.109754,,0.223694,,,,,0.5,1,-8.4,351.6,P-GPS (Brake),Other,,25,5,True,,Mini 3 Pro,False,False,,Smart,RC,False,True,False,,,True,,False,False,False,False,False,False,False,False,False,False,0,Follow Yaw,-24.1,0,12.9,12.9,False,False,False,False,False,False,,True,Normal,100,100,1024,1024,1024,1024,N,False,False,False,False,False,0,False,False,False,False,56,7.494,1251,2265,7.494,False,3.748,3.746,0.006,False,False,4.429,100.8,100.4,100.7,,,,,,,,,Idle,,,True,,False,8,Go Home,True,True,True,False,False,False,False,False,False,False,False,False,43.0666047727683,-77.6229698903817,14.8,313.7,1640.4,True,1,1,False,False,False,False,,True,False,False,,328,,16.4,Calm,41,, 1.8.0,DJI Mini 3 Pro,1581F4XF3229R006,53HFK5R0M30ACD,5HAZK6H0018AUR,52XPK6ACA001NV,180.6,0.7,59,13.23575,6.487126,0,8942,DJI Mini 3 Pro,1581F4XF3229R006,53HFK5R0M30ACD,5HAZK6H0018AUR,52XPK6ACA001NV,DJI Fly,, 1.8.0,61EABE4C-BCDC-32F4-D0CC-A1B5A0612123,1581F4XF3229R006W0A6,,,,,,,,,,
6/20/2023,8:51:36.12 AM,0m 15.6s,15.6,43.0665640368736,-77.6229703700594,38.3,38.3,34.7,572,18.4,,6.109754,,0.223694,,,,,0.1,1.3,-8.4,351.6,P-GPS (Brake),Other,,25,5,True,,Mini 3 Pro,False,False,,Smart,RC,False,True,False,,,True,,False,False,False,False,False,False,False,False,False,False,0,Follow Yaw,-24.1,0,12.9,12.9,False,False,False,False,False,False,,True,Normal,100,100,1024,482,1166,940,N,False,False,False,False,False,0,False,False,False,False,56,7.494,1251,2265,7.494,False,3.748,3.746,0.006,False,False,4.429,100.8,100.4,100.7,,,,,,,,,Idle,,,True,,False,8,Go Home,True,True,True,False,False,False,False,False,False,False,False,False,43.0666047727683,-77.6229698903817,14.8,313.7,1640.4,True,1,1,False,False,False,False,,True,False,False,,328,,16.4,Calm,41,, 1.8.0,DJI Mini 3 Pro,1581F4XF3229R006,53HFK5R0M30ACD,5HAZK6H0018AUR,52XPK6ACA001NV,180.6,0.7,59,13.23575,6.487126,0,8942,DJI Mini 3 Pro,1581F4XF3229R006,53HFK5R0M30ACD,5HAZK6H0018AUR,52XPK6ACA001NV,DJI Fly,, 1.8.0,61EABE4C-BCDC-32F4-D0CC-A1B5A0612123,1581F4XF3229R006W0A6,,,,,,,,,,
6/20/2023,8:51:36.32 AM,0m 15.8s,15.8,43.066563997719,-77.6229704190422,38.3,38.3,34.7,572,18.5,,6.109754,,0.223694,,,,,0,1.4,-8.5,351.5,P-GPS (Brake),Other,,25,5,True,,Mini 3 Pro,False,False,,Smart,RC,False,True,False,,,True,,False,False,False,False,False,False,False,False,False,False,0,Follow Yaw,-24.1,0,12.9,12.9,False,False,False,False,False,False,,True,Normal,100,100,1024,369,1250,915,N,False,False,False,False,False,0,False,False,False,False,56,7.494,1251,2265,7.494,False,3.748,3.746,0.006,False,False,4.429,100.8,100.4,100.7,,,,,,,,,Idle,,,True,,False,8,Go Home,True,True,True,False,False,False,False,False,False,False,False,False,43.0666047727683,-77.6229698903817,14.8,313.7,1640.4,True,1,1,False,False,False,False,,True,False,False,,328,,16.4,Calm,41,, 1.8.0,DJI Mini 3 Pro,1581F4XF3229R006,53HFK5R0M30ACD,5HAZK6H0018AUR,52XPK6ACA001NV,180.6,0.7,59,13.23575,6.487126,0,8942,DJI Mini 3 Pro,1581F4XF3229R006,53HFK5R0M30ACD,5HAZK6H0018AUR,52XPK6ACA001NV,DJI Fly,, 1.8.0,61EABE4C-BCDC-32F4-D0CC-A1B5A0612123,1581F4XF3229R006W0A6,,,,,,,,,,
6/20/2023,8:51:36.52 AM,0m 16.0s,16,43.0665639242284,-77.6229704803817,38.3,38.3,34.7,572,18.5,,6.109754,,0.223694,,,,,12,1.3,-8.3,351.7,P-GPS (Brake),Other,,25,5,True,,Mini 3 Pro,False,False,,Smart,RC,False,True,False,,,True,,False,False,False,False,False,False,False,False,False,False,0,Follow Yaw,-24.1,0,12.8,12.8,False,False,False,False,False,False,,True,Normal,100,100,1024,434,1254,912,N,False,False,False,False,False,0,False,False,False,False,56,7.494,1251,2265,7.494,False,3.748,3.746,0.006,False,False,4.429,100.8,100.4,100.7,,,,,,,,,Idle,,,True,,False,8,Go Home,True,True,True,False,False,False,False,False,False,False,False,False,43.0666047727683,-77.6229698903817,14.9,313.7,1640.4,True,1,1,False,False,False,False,,True,False,False,,328,,16.4,Calm,41,, 1.8.0,DJI Mini 3 Pro,1581F4XF3229R006,53HFK5R0M30ACD,5HAZK6H0018AUR,52XPK6ACA001NV,180.6,0.7,59,13.23575,6.487126,0,8942,DJI Mini 3 Pro,1581F4XF3229R006,53HFK5R0M30ACD,5HAZK6H0018AUR,52XPK6ACA001NV,DJI Fly,, 1.8.0,61EABE4C-BCDC-32F4-D0CC-A1B5A0612123,1581F4XF3229R006W0A6,,,,,,,,,,
6/20/2023,8:51:36.72 AM,0m 16.2s,16.2,43.066563118604,-77.6229704094845,38.7,38.7,34.7,573,18.8,1.342164,6.109754,-1.342164,0.223694,,,-0.894776,,17.4,1,-8.4,351.6,P-GPS (Brake),Other,,25,5,True,,Mini 3 Pro,False,False,,Smart,RC,False,True,False,,,True,,False,False,False,False,False,False,False,False,False,False,0,Follow Yaw,-24.1,0,12.7,12.7,False,False,False,False,False,False,,True,Normal,100,100,1024,1024,1024,1024,N,False,False,False,False,False,0,False,False,False,False,56,7.486,1249,2265,7.486,False,3.744,3.742,0.006,False,False,4.659,100.8,100.4,100.7,,,,,,,,,Idle,,,True,,False,8,Go Home,True,True,True,False,False,False,False,False,False,False,False,False,43.0666047727683,-77.6229698903817,15.1,313.7,1640.4,True,1,1,False,False,False,False,,True,False,False,,328,,16.4,Calm,41,, 1.8.0,DJI Mini 3 Pro,1581F4XF3229R006,53HFK5R0M30ACD,5HAZK6H0018AUR,52XPK6ACA001NV,180.6,0.7,59,13.23575,6.487126,0,8942,DJI Mini 3 Pro,1581F4XF3229R006,53HFK5R0M30ACD,5HAZK6H0018AUR,52XPK6ACA001NV,DJI Fly,, 1.8.0,61EABE4C-BCDC-32F4-D0CC-A1B5A0612123,1581F4XF3229R006W0A6,,,,,,,,,,
6/20/2023,8:51:36.93 AM,0m 16.4s,16.4,43.0665612577308,-77.6229701379418,39,39,34.7,573,19.5,2.693632,6.109754,-2.684328,0.223694,0.223694,0.223694,-0.671082,,13.2,2.9,-8.5,351.5,P-GPS (Brake),Other,,25,5,True,,Mini 3 Pro,False,False,,Smart,RC,False,True,False,,,True,,False,False,False,False,False,False,False,False,False,False,0,Follow Yaw,-24.1,0,12.6,12.6,False,False,False,False,False,False,,True,Normal,100,100,1024,1024,1024,1024,N,False,False,False,False,False,0,False,False,False,False,56,7.486,1249,2265,7.486,False,3.744,3.742,0.006,False,False,4.659,100.8,100.4,100.7,,,,,,,,,Idle,,,True,,False,8,Go Home,True,True,True,False,False,False,False,False,False,False,False,False,43.0666047727683,-77.6229698903817,15.8,313.7,1640.4,True,1,1,False,False,False,False,,True,False,False,,328,,16.4,Calm,41,, 1.8.0,DJI Mini 3 Pro,1581F4XF3229R006,53HFK5R0M30ACD,5HAZK6H0018AUR,52XPK6ACA001NV,180.6,0.7,59,13.23575,6.487126,0,8942,DJI Mini 3 Pro,1581F4XF3229R006,53HFK5R0M30ACD,5HAZK6H0018AUR,52XPK6ACA001NV,DJI Fly,, 1.8.0,61EABE4C-BCDC-32F4-D0CC-A1B5A0612123,1581F4XF3229R006W0A6,,,,,,,,,,
6/20/2023,8:51:37.13 AM,0m 16.6s,16.6,43.0665588826166,-77.6229696058565,39,39,34.7,573,20.3,2.942235,6.109754,-2.908022,0.223694,0.447388,0.447388,,,-3.5,1.2,-8.7,351.3,P-GPS (Brake),Other,,25,5,True,,Mini 3 Pro,False,False,,Smart,RC,False,True,False,,,True,,False,False,False,False,False,False,False,False,False,False,0,Follow Yaw,-24.1,0,12.6,12.6,False,False,False,False,False,False,,True,Normal,100,100,1024,1024,1024,1024,N,False,False,False,False,False,0,False,False,False,False,56,7.486,1249,2265,7.486,False,3.744,3.742,0.006,False,False,4.659,100.8,100.4,100.7,,,,,,,,,Idle,,,True,,False,8,Go Home,True,True,True,False,False,False,False,False,False,False,False,False,43.0666047727683,-77.6229698903817,16.7,313.7,1640.4,True,1,1,False,False,False,False,,True,False,False,,328,,16.4,Calm,41,, 1.8.0,DJI Mini 3 Pro,1581F4XF3229R006,53HFK5R0M30ACD,5HAZK6H0018AUR,52XPK6ACA001NV,180.6,0.7,59,13.23575,6.487126,0,8942,DJI Mini 3 Pro,1581F4XF3229R006,53HFK5R0M30ACD,5HAZK6H0018AUR,52XPK6ACA001NV,DJI Fly,, 1.8.0,61EABE4C-BCDC-32F4-D0CC-A1B5A0612123,1581F4XF3229R006W0A6,,,,,,,,,,
6/20/2023,8:51:37.33 AM,0m 16.8s,16.8,43.0665567640232,-77.6229690006054,39,39,34.7,573,21.1,2.28124,6.109754,-2.23694,0.223694,0.447388,0.447388,,,-10.4,-0.2,-8.8,351.2,P-GPS (Brake),Other,,25,5,True,,Mini 3 Pro,False,False,,Smart,RC,False,True,False,,,True,,False,False,False,False,False,False,False,False,False,False,0,Follow Yaw,-24.1,0,12.6,12.6,False,False,False,False,False,False,,True,Normal,100,100,1024,1024,1024,1024,N,False,False,False,False,False,0,False,False,False,False,56,7.486,1249,2265,7.486,False,3.744,3.742,0.006,False,False,4.659,100.8,100.4,100.7,,,,,,,,,Idle,,,True,,False,8,Go Home,True,True,True,False,False,False,False,False,False,False,False,False,43.0666047727683,-77.6229698903817,17.5,313.7,1640.4,True,1,1,False,False,False,False,,True,False,False,,328,,16.4,Calm,41,, 1.8.0,DJI Mini 3 Pro,1581F4XF3229R006,53HFK5R0M30ACD,5HAZK6H0018AUR,52XPK6ACA001NV,180.6,0.7,59,13.23575,6.487126,0,8942,DJI Mini 3 Pro,1581F4XF3229R006,53HFK5R0M30ACD,5HAZK6H0018AUR,52XPK6ACA001NV,DJI Fly,, 1.8.0,61EABE4C-BCDC-32F4-D0CC-A1B5A0612123,1581F4XF3229R006W0A6,,,,,,,,,,
6/20/2023,8:51:37.53 AM,0m 17.0s,17,43.066555346496,-77.6229684850428,39,39,34.7,573,21.7,1.360677,6.109754,-1.342164,0.223694,0.223694,0.447388,,,-8.3,-0.4,-8.7,351.3,P-GPS (Brake),Other,,25,5,True,,Mini 3 Pro,False,False,,Smart,RC,False,True,False,,,True,,False,False,False,False,False,False,False,False,False,False,0,Follow Yaw,-24.1,0,12.6,12.6,False,False,False,False,False,False,,True,Normal,100,100,1024,1024,1024,1024,N,False,False,False,False,False,0,False,False,False,False,56,7.486,1249,2265,7.486,False,3.744,3.742,0.006,False,False,4.659,100.8,100.4,100.7,,,,,,,,,Idle,,,True,,False,8,Go Home,True,True,True,False,False,False,False,False,False,False,False,False,43.0666047727683,-77.6229698903817,18,313.7,1640.4,True,1,1,False,False,False,False,,True,False,False,,328,,16.4,Calm,41,, 1.8.0,DJI Mini 3 Pro,1581F4XF3229R006,53HFK5R0M30ACD,5HAZK6H0018AUR,52XPK6ACA001NV,180.6,0.7,59,13.23575,6.487126,0,8942,DJI Mini 3 Pro,1581F4XF3229R006,53HFK5R0M30ACD,5HAZK6H0018AUR,52XPK6ACA001NV,DJI Fly,, 1.8.0,61EABE4C-BCDC-32F4-D0CC-A1B5A0612123,1581F4XF3229R006W0A6,,,,,,,,,,
6/20/2023,8:51:37.73 AM,0m 17.2s,17.2,43.0665545197801,-77.6229680452404,39,39,34.7,573,22,0.671082,6.109754,-0.671082,0.223694,,0.447388,,,-5.4,0,-8.7,351.3,P-GPS (Brake),Other,,25,5,True,,Mini 3 Pro,False,False,,Smart,RC,False,True,False,,,True,,False,False,False,False,False,False,False,False,False,False,0,Follow Yaw,-24.1,0,12.6,12.6,False,False,False,False,False,False,,True,Normal,100,100,1024,1024,1024,1024,N,False,False,False,False,False,0,False,False,False,False,56,7.479,1248,2265,7.479,False,3.741,3.738,0.006,False,False,4.939,100.8,100.4,100.7,,,,,,,,,Idle,,,True,,False,8,Go Home,True,True,True,False,False,False,False,False,False,False,False,False,43.0666047727683,-77.6229698903817,18.3,313.7,1640.4,True,1,1,False,False,False,False,,True,False,False,,328,,16.4,Calm,41,, 1.8.0,DJI Mini 3 Pro,1581F4XF3229R006,53HFK5R0M30ACD,5HAZK6H0018AUR,52XPK6ACA001NV,180.6,0.7,59,13.23575,6.487126,0,8942,DJI Mini 3 Pro,1581F4XF3229R006,53HFK5R0M30ACD,5HAZK6H0018AUR,52XPK6ACA001NV,DJI Fly,, 1.8.0,61EABE4C-BCDC-32F4-D0CC-A1B5A0612123,1581F4XF3229R006W0A6,,,,,,,,,,
6/20/2023,8:51:37.94 AM,0m 17.4s,17.4,43.0665540821266,-77.6229676810275,39,39,34.7,573,22.2,0.447388,6.109754,-0.447388,0.223694,,0.447388,,,-3.6,0.5,-8.8,351.2,P-GPS (Brake),Other,,25,5,True,,Mini 3 Pro,False,False,,Smart,RC,False,True,False,,,True,,False,False,False,False,False,False,False,False,False,False,0,Follow Yaw,-24.1,0,12.6,12.6,False,False,False,False,False,False,,True,Normal,100,100,1024,1024,1024,1024,N,False,False,False,False,False,0,False,False,False,False,56,7.479,1248,2265,7.479,False,3.741,3.738,0.006,False,False,4.939,100.8,100.4,100.7,,,,,,,,,Idle,,,True,,False,8,Go Home,True,True,True,False,False,False,False,False,False,False,False,False,43.0666047727683,-77.6229698903817,18.5,313.7,1640.4,True,1,1,False,False,False,False,,True,False,False,,328,,16.4,Calm,41,, 1.8.0,DJI Mini 3 Pro,1581F4XF3229R006,53HFK5R0M30ACD,5HAZK6H0018AUR,52XPK6ACA001NV,180.6,0.7,59,13.23575,6.487126,0,8942,DJI Mini 3 Pro,1581F4XF3229R006,53HFK5R0M30ACD,5HAZK6H0018AUR,52XPK6ACA001NV,DJI Fly,, 1.8.0,61EABE4C-BCDC-32F4-D0CC-A1B5A0612123,1581F4XF3229R006W0A6,,,,,,,,,,
6/20/2023,8:51:38.14 AM,0m 17.6s,17.6,43.0665538851924,-77.6229673401214,39,39,34.7,573,22.3,0.223694,6.109754,-0.223694,0.223694,,0.447388,,,-2.3,0.8,-8.7,351.3,P-GPS (Brake),Other,,25,5,True,,Mini 3 Pro,False,False,,Smart,RC,False,True,False,,,True,,False,False,False,False,False,False,False,False,False,False,0,Follow Yaw,-24.1,0,12.6,12.6,False,False,False,False,False,False,,True,Normal,100,100,1024,1024,1024,1024,N,False,False,False,False,False,0,False,False,False,False,56,7.479,1248,2265,7.479,False,3.741,3.738,0.006,False,False,4.939,100.8,100.4,100.7,,,,,,,,,Idle,,,True,,False,8,Go Home,True,True,True,False,False,False,False,False,False,False,False,False,43.0666047727683,-77.6229698903817,18.5,313.7,1640.4,True,1,1,False,False,False,False,,True,False,False,,328,,16.4,Calm,41,, 1.8.0,DJI Mini 3 Pro,1581F4XF3229R006,53HFK5R0M30ACD,5HAZK6H0018AUR,52XPK6ACA001NV,180.6,0.7,59,13.23575,6.487126,0,8942,DJI Mini 3 Pro,1581F4XF3229R006,53HFK5R0M30ACD,5HAZK6H0018AUR,52XPK6ACA001NV,DJI Fly,, 1.8.0,61EABE4C-BCDC-32F4-D0CC-A1B5A0612123,1581F4XF3229R006W0A6,,,,,,,,,,
6/20/2023,8:51:38.34 AM,0m 17.8s,17.8,43.0665538127642,-77.6229670276664,39,39,34.7,573,22.4,,6.109754,,0.223694,,0.447388,,,-1.6,1.1,-8.7,351.3,P-GPS (Brake),Other,,25,5,True,,Mini 3 Pro,False,False,,Smart,RC,False,True,False,,,True,,False,False,False,False,False,False,False,False,False,False,0,Follow Yaw,-24.1,0,12.6,12.6,False,False,False,False,False,False,,True,Normal,100,100,1024,1024,1024,1024,N,False,False,False,False,False,0,False,False,False,False,56,7.479,1248,2265,7.479,False,3.741,3.738,0.006,False,False,4.939,100.8,100.4,100.7,,,,,,,,,Idle,,,True,,False,8,Go Home,True,True,True,False,False,False,False,False,False,False,False,False,43.0666047727683,-77.6229698903817,18.6,313.7,1640.4,True,1,1,False,False,False,False,,True,False,False,,328,,16.4,Calm,41,, 1.8.0,DJI Mini 3 Pro,1581F4XF3229R006,53HFK5R0M30ACD,5HAZK6H0018AUR,52XPK6ACA001NV,180.6,0.7,59,13.23575,6.487126,0,8942,DJI Mini 3 Pro,1581F4XF3229R006,53HFK5R0M30ACD,5HAZK6H0018AUR,52XPK6ACA001NV,DJI Fly,, 1.8.0,61EABE4C-BCDC-32F4-D0CC-A1B5A0612123,1581F4XF3229R006W0A6,,,,,,,,,,
6/20/2023,8:51:38.54 AM,0m 18.0s,18,43.0665538429365,-77.6229667472603,39,39,34.7,573,22.5,,6.109754,,0.223694,,0.447388,,,-1.4,1.4,-8.7,351.3,P-GPS (Brake),Other,,25,5,True,,Mini 3 Pro,False,False,,Smart,RC,False,True,False,,,True,,False,False,False,False,False,False,False,False,False,False,0,Follow Yaw,-24.1,0,12.6,12.6,False,False,False,False,False,False,,True,Normal,100,100,1024,1024,1024,1024,N,False,False,False,False,False,0,False,False,False,False,56,7.479,1248,2265,7.479,False,3.741,3.738,0.006,False,False,4.939,100.8,100.4,100.7,,,,,,,,,Idle,,,True,,False,8,Go Home,True,True,True,False,False,False,False,False,False,False,False,False,43.0666047727683,-77.6229698903817,18.5,313.7,1640.4,True,1,1,False,False,False,False,,True,False,False,,328,,16.4,Calm,41,, 1.8.0,DJI Mini 3 Pro,1581F4XF3229R006,53HFK5R0M30ACD,5HAZK6H0018AUR,52XPK6ACA001NV,180.6,0.7,59,13.23575,6.487126,0,8942,DJI Mini 3 Pro,1581F4XF3229R006,53HFK5R0M30ACD,5HAZK6H0018AUR,52XPK6ACA001NV,DJI Fly,, 1.8.0,61EABE4C-BCDC-32F4-D0CC-A1B5A0612123,1581F4XF3229R006W0A6,,,,,,,,,,
6/20/2023,8:51:38.75 AM,0m 18.2s,18.2,43.0665539409753,-77.6229664880407,39,39,34.7,573,22.5,,6.109754,,0.223694,,0.447388,,,-0.6,1.7,-8.7,351.3,P-GPS (Brake),Other,,25,5,True,,Mini 3 Pro,False,False,,Smart,RC,False,True,False,,,True,,False,False,False,False,False,False,False,False,False,False,0,Follow Yaw,-24.1,0,12.6,12.6,False,False,False,False,False,False,,True,Normal,100,100,1024,1024,1024,1024,N,False,False,False,False,False,0,False,False,False,False,56,7.48,1247,2265,7.48,False,3.742,3.738,0.006,False,False,4.843,100.8,100.4,100.7,,,,,,,,,Idle,,,True,,False,8,Go Home,True,True,True,False,False,False,False,False,False,False,False,False,43.0666047727683,-77.6229698903817,18.5,313.7,1640.4,True,1,1,False,False,False,False,,True,False,False,,328,,16.4,Calm,41,, 1.8.0,DJI Mini 3 Pro,1581F4XF3229R006,53HFK5R0M30ACD,5HAZK6H0018AUR,52XPK6ACA001NV,180.6,0.7,59,13.23575,6.487126,0,8942,DJI Mini 3 Pro,1581F4XF3229R006,53HFK5R0M30ACD,5HAZK6H0018AUR,52XPK6ACA001NV,DJI Fly,, 1.8.0,61EABE4C-BCDC-32F4-D0CC-A1B5A0612123,1581F4XF3229R006W0A6,,,,,,,,,,
6/20/2023,8:51:38.95 AM,0m 18.4s,18.4,43.0665540489088,-77.6229662770868,39,39,34.7,573,22.6,,6.109754,,0.223694,,0.447388,,,-0.8,1.6,-8.8,351.2,P-GPS (Brake),Other,,25,5,True,,Mini 3 Pro,False,False,,Smart,RC,False,True,False,,,True,,False,False,False,False,False,False,False,False,False,False,0,Follow Yaw,-24.1,0,12.6,12.6,False,False,False,False,False,False,,True,Normal,100,100,1024,1024,1024,1024,N,False,False,False,False,False,0,False,False,False,False,56,7.48,1247,2265,7.48,False,3.742,3.738,0.006,False,False,4.843,100.8,100.4,100.7,,,,,,,,,Idle,,,True,,False,8,Go Home,True,True,True,False,False,False,False,False,False,False,False,False,43.0666047727683,-77.6229698903817,18.5,313.7,1640.4,True,1,1,False,False,False,False,,True,False,False,,328,,16.4,Calm,41,, 1.8.0,DJI Mini 3 Pro,1581F4XF3229R006,53HFK5R0M30ACD,5HAZK6H0018AUR,52XPK6ACA001NV,180.6,0.7,59,13.23575,6.487126,0,8942,DJI Mini 3 Pro,1581F4XF3229R006,53HFK5R0M30ACD,5HAZK6H0018AUR,52XPK6ACA001NV,DJI Fly,, 1.8.0,61EABE4C-BCDC-32F4-D0CC-A1B5A0612123,1581F4XF3229R006W0A6,,,,,,,,,,
6/20/2023,8:51:39.15 AM,0m 18.6s,18.6,43.0665541550303,-77.6229660807008,39,39,34.7,573,22.7,,6.109754,,0.223694,,0.447388,,,-0.4,1,-8.8,351.2,P-GPS (Brake),Other,,25,5,True,,Mini 3 Pro,False,False,,Smart,RC,False,True,False,,,True,,False,False,False,False,False,False,False,False,False,False,0,Follow Yaw,-24.1,0,12.6,12.6,False,False,False,False,False,False,,True,Normal,100,100,1024,1024,1024,1024,N,False,False,False,False,False,0,False,False,False,False,56,7.48,1247,2265,7.48,False,3.742,3.738,0.006,False,False,4.843,100.8,100.4,100.7,,,,,,,,,Idle,,,True,,False,8,Go Home,True,True,True,False,False,False,False,False,False,False,False,False,43.0666047727683,-77.6229698903817,18.4,313.7,1640.4,True,1,1,False,False,False,False,,True,False,False,,328,,16.4,Calm,41,, 1.8.0,DJI Mini 3 Pro,1581F4XF3229R006,53HFK5R0M30ACD,5HAZK6H0018AUR,52XPK6ACA001NV,180.6,0.7,59,13.23575,6.487126,0,8942,DJI Mini 3 Pro,1581F4XF3229R006,53HFK5R0M30ACD,5HAZK6H0018AUR,52XPK6ACA001NV,DJI Fly,, 1.8.0,61EABE4C-BCDC-32F4-D0CC-A1B5A0612123,1581F4XF3229R006W0A6,,,,,,,,,,
6/20/2023,8:51:39.35 AM,0m 18.8s,18.8,43.066554275784,-77.6229659291817,39,39,34.7,573,22.7,,6.109754,,0.223694,,0.447388,,,-0.4,1.1,-8.8,351.2,P-GPS (Brake),Other,,25,5,True,,Mini 3 Pro,False,False,,Smart,RC,False,True,False,,,True,,False,False,False,False,False,False,False,False,False,False,0,Follow Yaw,-24.1,0,12.6,12.6,False,False,False,False,False,False,,True,Normal,100,100,1024,1024,1024,1024,N,False,False,False,False,False,0,False,False,False,False,56,7.48,1247,2265,7.48,False,3.742,3.738,0.006,False,False,4.843,100.8,100.4,100.7,,,,,,,,,Idle,,,True,,False,8,Go Home,True,True,True,False,False,False,False,False,False,False,False,False,43.0666047727683,-77.6229698903817,18.4,313.7,1640.4,True,1,1,False,False,False,False,,True,False,False,,328,,16.4,Calm,41,, 1.8.0,DJI Mini 3 Pro,1581F4XF3229R006,53HFK5R0M30ACD,5HAZK6H0018AUR,52XPK6ACA001NV,180.6,0.7,59,13.23575,6.487126,0,8942,DJI Mini 3 Pro,1581F4XF3229R006,53HFK5R0M30ACD,5HAZK6H0018AUR,52XPK6ACA001NV,DJI Fly,, 1.8.0,61EABE4C-BCDC-32F4-D0CC-A1B5A0612123,1581F4XF3229R006W0A6,,,,,,,,,,
6/20/2023,8:51:39.56 AM,0m 19.0s,19,43.0665544000373,-77.6229658375042,39,39,34.7,573,22.8,,6.109754,,0.223694,,0.447388,,,-0.1,1.1,-8.8,351.2,P-GPS (Brake),Other,,25,5,True,,Mini 3 Pro,False,False,,Smart,RC,False,True,False,,,True,,False,False,False,False,False,False,False,False,False,False,0,Follow Yaw,-24.1,0,12.6,12.6,False,False,False,False,False,False,,True,Normal,100,100,1024,1024,1024,1024,N,False,False,False,False,False,0,False,False,False,False,56,7.48,1247,2265,7.48,False,3.742,3.738,0.006,False,False,4.843,100.8,100.4,100.7,,,,,,,,,Idle,,,True,,False,8,Go Home,True,True,True,False,False,False,False,False,False,False,False,False,43.0666047727683,-77.6229698903817,18.4,313.7,1640.4,True,1,1,False,False,False,False,,True,False,False,,328,,16.4,Calm,41,, 1.8.0,DJI Mini 3 Pro,1581F4XF3229R006,53HFK5R0M30ACD,5HAZK6H0018AUR,52XPK6ACA001NV,180.6,0.7,59,13.23575,6.487126,0,8942,DJI Mini 3 Pro,1581F4XF3229R006,53HFK5R0M30ACD,5HAZK6H0018AUR,52XPK6ACA001NV,DJI Fly,, 1.8.0,61EABE4C-BCDC-32F4-D0CC-A1B5A0612123,1581F4XF3229R006W0A6,,,,,,,,,,
6/20/2023,8:51:39.76 AM,0m 19.2s,19.2,43.0665545083648,-77.6229657983916,39,39,34.7,573,22.8,,6.109754,,0.223694,,0.447388,,,0.3,1.2,-8.8,351.2,P-GPS (Brake),Other,,25,5,True,,Mini 3 Pro,False,False,,Smart,RC,False,True,False,,,True,,False,False,False,False,False,False,False,False,False,False,0,Follow Yaw,-24.1,0,12.6,12.6,False,False,False,False,False,False,,True,Normal,100,100,1024,1024,1024,1024,N,False,False,False,False,False,0,False,False,False,False,55,7.479,1245,2265,7.479,False,3.741,3.738,0.006,False,False,4.741,100.8,100.4,100.7,,,,,,,,,Idle,,,True,,False,8,Go Home,True,True,True,False,False,False,False,False,False,False,False,False,43.0666047727683,-77.6229698903817,18.3,313.7,1640.4,True,1,1,False,False,False,False,,True,False,False,,328,,16.4,Calm,41,, 1.8.0,DJI Mini 3 Pro,1581F4XF3229R006,53HFK5R0M30ACD,5HAZK6H0018AUR,52XPK6ACA001NV,180.6,0.7,59,13.23575,6.487126,0,8942,DJI Mini 3 Pro,1581F4XF3229R006,53HFK5R0M30ACD,5HAZK6H0018AUR,52XPK6ACA001NV,DJI Fly,, 1.8.0,61EABE4C-BCDC-32F4-D0CC-A1B5A0612123,1581F4XF3229R006W0A6,,,,,,,,,,
6/20/2023,8:51:39.86 AM,0m 19.4s,19.4,43.0665545783986,-77.6229657640953,39,39,34.7,573,22.9,,6.109754,,0.223694,,0.447388,,,0.1,1.4,-8.8,351.2,P-GPS (Brake),Other,,25,5,True,,Mini 3 Pro,False,False,,Smart,RC,False,True,False,,,True,,False,False,False,False,False,False,False,False,False,False,0,Follow Yaw,-24.1,0,12.6,12.6,False,False,False,False,False,False,,True,Normal,100,100,1024,1024,1024,1024,N,False,False,False,False,False,0,False,False,False,False,55,7.479,1245,2265,7.479,False,3.741,3.738,0.006,False,False,4.741,100.8,100.4,100.7,,,,,,,,,Idle,,,True,,False,8,Go Home,True,True,True,False,False,False,False,False,False,False,False,False,43.0666047727683,-77.6229698903817,18.3,313.7,1640.4,True,1,1,False,False,False,False,,True,False,False,,328,,16.4,Calm,41,, 1.8.0,DJI Mini 3 Pro,1581F4XF3229R006,53HFK5R0M30ACD,5HAZK6H0018AUR,52XPK6ACA001NV,180.6,0.7,59,13.23575,6.487126,0,8942,DJI Mini 3 Pro,1581F4XF3229R006,53HFK5R0M30ACD,5HAZK6H0018AUR,52XPK6ACA001NV,DJI Fly,, 1.8.0,61EABE4C-BCDC-32F4-D0CC-A1B5A0612123,1581F4XF3229R006W0A6,,,,,,,,,,
6/20/2023,8:51:40.16 AM,0m 19.6s,19.6,43.0665546200034,-77.6229657479473,39,39,34.7,573,22.9,,6.109754,,0.223694,,0.447388,,,0.1,1.4,-8.8,351.2,P-GPS (Brake),Other,,25,5,True,,Mini 3 Pro,False,False,,Smart,RC,False,True,False,,,True,,False,False,False,False,False,False,False,False,False,False,0,Follow Yaw,-24.1,0,12.6,12.6,False,False,False,False,False,False,,True,Normal,100,100,1024,1024,1024,1024,N,False,False,False,False,False,0,False,False,False,False,55,7.479,1245,2265,7.479,False,3.741,3.738,0.006,False,False,4.741,100.8,100.4,100.7,,,,,,,,,Idle,,,True,,False,8,Go Home,True,True,True,False,False,False,False,False,False,False,False,False,43.0666047727683,-77.6229698903817,18.3,313.7,1640.4,True,1,1,False,False,False,False,,True,False,False,,328,,16.4,Calm,41,, 1.8.0,DJI Mini 3 Pro,1581F4XF3229R006,53HFK5R0M30ACD,5HAZK6H0018AUR,52XPK6ACA001NV,180.6,0.7,59,13.23575,6.487126,0,8942,DJI Mini 3 Pro,1581F4XF3229R006,53HFK5R0M30ACD,5HAZK6H0018AUR,52XPK6ACA001NV,DJI Fly,, 1.8.0,61EABE4C-BCDC-32F4-D0CC-A1B5A0612123,1581F4XF3229R006W0A6,,,,,,,,,,
6/20/2023,8:51:40.37 AM,0m 19.8s,19.8,43.0665546422258,-77.6229657521552,39,39,34.7,573,22.9,,6.109754,,0.223694,,0.447388,,,-0.2,1.3,-8.9,351.1,ActiveTrack,Other,,25,5,True,,Mini 3 Pro,False,False,,Smart,RC,False,True,False,,,True,,False,False,False,False,False,False,False,False,False,False,0,Follow Yaw,-24.1,0,12.6,12.6,False,False,False,False,False,False,,True,Normal,100,100,1024,1024,1024,1024,N,False,False,False,False,False,0,False,False,False,False,55,7.479,1245,2265,7.479,False,3.741,3.738,0.006,False,False,4.741,100.8,100.4,100.7,,,,,,,,,Idle,,,True,,False,8,Go Home,True,True,True,False,False,False,False,False,False,False,False,False,43.0666047727683,-77.6229698903817,18.3,313.7,1640.4,True,1,1,False,False,False,False,,True,False,False,,328,,16.4,Calm,41,, 1.8.0,DJI Mini 3 Pro,1581F4XF3229R006,53HFK5R0M30ACD,5HAZK6H0018AUR,52XPK6ACA001NV,180.6,0.7,59,13.23575,6.487126,0,8942,DJI Mini 3 Pro,1581F4XF3229R006,53HFK5R0M30ACD,5HAZK6H0018AUR,52XPK6ACA001NV,DJI Fly,, 1.8.0,61EABE4C-BCDC-32F4-D0CC-A1B5A0612123,1581F4XF3229R006W0A6,,,,,,,,,,
6/20/2023,8:51:40.47 AM,0m 20.0s,20,43.0665546638099,-77.6229657540586,39,39,34.7,573,22.9,,6.109754,,0.223694,,0.447388,,,0,1.4,-8.8,351.2,ActiveTrack,Other,,25,5,True,,Mini 3 Pro,False,False,,Smart,RC,False,True,False,,,True,,False,False,False,False,False,False,False,False,False,False,0,Follow Yaw,-24.1,0,12.6,12.6,False,False,False,False,False,False,,True,Normal,100,100,1024,1024,1024,1024,N,False,False,False,False,False,0,False,False,False,False,55,7.479,1245,2265,7.479,False,3.741,3.738,0.006,False,False,4.741,100.8,100.4,100.7,,,,,,,,,Idle,,,True,,False,8,Go Home,True,True,True,False,False,False,False,False,False,False,False,False,43.0666047727683,-77.6229698903817,18.3,313.7,1640.4,True,1,1,False,False,False,False,,True,False,False,,328,,16.4,Calm,41,, 1.8.0,DJI Mini 3 Pro,1581F4XF3229R006,53HFK5R0M30ACD,5HAZK6H0018AUR,52XPK6ACA001NV,180.6,0.7,59,13.23575,6.487126,0,8942,DJI Mini 3 Pro,1581F4XF3229R006,53HFK5R0M30ACD,5HAZK6H0018AUR,52XPK6ACA001NV,DJI Fly,, 1.8.0,61EABE4C-BCDC-32F4-D0CC-A1B5A0612123,1581F4XF3229R006W0A6,,,,,,,,,,
6/20/2023,8:51:40.67 AM,0m 20.2s,20.2,43.0665546609614,-77.6229657744808,39,39,34.7,573,22.9,,6.109754,,0.223694,,0.447388,,,0.1,1.3,-8.7,351.3,ActiveTrack,Other,,25,5,True,,Mini 3 Pro,False,False,,Smart,RC,False,True,False,,,True,,False,False,False,False,False,False,False,False,False,False,0,Follow Yaw,-24.1,0,12.6,12.6,False,False,False,False,False,False,,True,Normal,100,100,1024,1024,1024,1024,N,False,False,False,False,False,0,False,False,False,False,55,7.479,1244,2265,7.479,False,3.741,3.738,0.006,False,False,4.666,100.8,100.4,100.7,,,,,,,,,Idle,,,True,,False,8,Go Home,True,True,True,False,False,False,False,False,False,False,False,False,43.0666047727683,-77.6229698903817,18.3,313.7,1640.4,True,1,1,False,False,False,False,,True,False,False,,328,,16.4,Calm,41,, 1.8.0,DJI Mini 3 Pro,1581F4XF3229R006,53HFK5R0M30ACD,5HAZK6H0018AUR,52XPK6ACA001NV,180.6,0.7,59,13.23575,6.487126,0,8942,DJI Mini 3 Pro,1581F4XF3229R006,53HFK5R0M30ACD,5HAZK6H0018AUR,52XPK6ACA001NV,DJI Fly,, 1.8.0,61EABE4C-BCDC-32F4-D0CC-A1B5A0612123,1581F4XF3229R006W0A6,,,,,,,,,,
6/20/2023,8:51:40.88 AM,0m 20.4s,20.4,43.0665546607644,-77.6229658060258,39,39,34.7,573,22.9,,6.109754,,0.223694,,0.447388,,,0.3,1.3,-8.8,351.2,ActiveTrack,Other,,25,5,True,,Mini 3 Pro,False,False,,Smart,RC,False,True,False,,,True,,False,False,False,False,False,False,False,False,False,False,0,Follow Yaw,-24.1,0,12.6,12.6,False,False,False,False,False,False,,True,Normal,100,100,1024,1024,1024,1024,N,False,False,False,False,False,0,False,False,False,False,55,7.477,1244,2265,7.477,False,3.74,3.737,0.006,False,False,4.666,100.8,100.4,100.7,,,,,,,,,Idle,,,True,,False,8,Go Home,True,True,True,False,False,False,False,False,False,False,False,False,43.0666047727683,-77.6229698903817,18.3,313.7,1640.4,True,1,1,False,False,False,False,,True,False,False,,328,,16.4,Calm,41,, 1.8.0,DJI Mini 3 Pro,1581F4XF3229R006,53HFK5R0M30ACD,5HAZK6H0018AUR,52XPK6ACA001NV,180.6,0.7,59,13.23575,6.487126,0,8942,DJI Mini 3 Pro,1581F4XF3229R006,53HFK5R0M30ACD,5HAZK6H0018AUR,52XPK6ACA001NV,DJI Fly,, 1.8.0,61EABE4C-BCDC-32F4-D0CC-A1B5A0612123,1581F4XF3229R006W0A6,,,,,,,,,,
6/20/2023,8:51:41.08 AM,0m 20.6s,20.6,43.0665546260687,-77.6229658466966,39,39,34.7,573,22.9,,6.109754,,0.223694,,0.447388,,,0.2,1.3,-8.7,351.3,ActiveTrack,Other,,25,5,True,,Mini 3 Pro,False,False,,Smart,RC,False,True,False,,,True,,False,False,False,False,False,False,False,False,False,False,0,Follow Yaw,-24.1,0,12.6,12.6,False,False,False,False,False,False,,True,Normal,100,100,1024,1024,1024,1024,N,False,False,False,False,False,0,False,False,False,False,55,7.477,1244,2265,7.477,False,3.74,3.737,0.006,False,False,4.666,100.8,100.4,100.7,,,,,,,,,Idle,,,True,,False,8,Go Home,True,True,True,False,False,False,False,False,False,False,False,False,43.0666047727683,-77.6229698903817,18.3,313.7,1640.4,True,1,1,False,False,False,False,,True,False,False,,328,,16.4,Calm,41,, 1.8.0,DJI Mini 3 Pro,1581F4XF3229R006,53HFK5R0M30ACD,5HAZK6H0018AUR,52XPK6ACA001NV,180.6,0.7,59,13.23575,6.487126,0,8942,DJI Mini 3 Pro,1581F4XF3229R006,53HFK5R0M30ACD,5HAZK6H0018AUR,52XPK6ACA001NV,DJI Fly,, 1.8.0,61EABE4C-BCDC-32F4-D0CC-A1B5A0612123,1581F4XF3229R006W0A6,,,,,,,,,,
6/20/2023,8:51:41.28 AM,0m 20.8s,20.8,43.0665545659082,-77.6229658984385,39,39,34.7,573,22.9,,6.109754,,0.223694,,0.447388,,,-0.3,1.5,-8.8,351.2,ActiveTrack,Other,,25,5,True,,Mini 3 Pro,False,False,,Smart,RC,False,True,False,,,True,,False,False,False,False,False,False,False,False,False,False,0,Follow Yaw,-24.1,0,12.6,12.6,False,False,False,False,False,False,,True,Normal,100,100,1024,1024,1024,1024,N,False,False,False,False,False,0,False,False,False,False,55,7.477,1244,2265,7.477,False,3.74,3.737,0.006,False,False,4.666,100.8,100.4,100.7,,,,,,,,,Idle,,,True,,False,8,Go Home,True,True,True,False,False,False,False,False,False,False,False,False,43.0666047727683,-77.6229698903817,18.3,313.7,1640.4,True,1,1,False,False,False,False,,True,False,False,,328,,16.4,Calm,41,, 1.8.0,DJI Mini 3 Pro,1581F4XF3229R006,53HFK5R0M30ACD,5HAZK6H0018AUR,52XPK6ACA001NV,180.6,0.7,59,13.23575,6.487126,0,8942,DJI Mini 3 Pro,1581F4XF3229R006,53HFK5R0M30ACD,5HAZK6H0018AUR,52XPK6ACA001NV,DJI Fly,, 1.8.0,61EABE4C-BCDC-32F4-D0CC-A1B5A0612123,1581F4XF3229R006W0A6,,,,,,,,,,
6/20/2023,8:51:41.58 AM,0m 21.0s,21,43.0665545115088,-77.6229659300814,39,39,34.7,573,23,,6.109754,,0.223694,,0.447388,,,-0.2,1.3,-8.8,351.2,ActiveTrack,Other,,25,5,True,,Mini 3 Pro,False,False,,Smart,RC,False,True,False,,,True,,False,False,False,False,False,False,False,False,False,False,0,Follow Yaw,-24.1,0,12.6,12.6,False,False,False,False,False,False,,True,Normal,100,100,1024,1024,1024,1024,N,False,False,False,False,False,0,False,False,False,False,55,7.477,1244,2265,7.477,False,3.74,3.737,0.006,False,False,4.666,100.8,100.4,100.7,,,,,,,,,Idle,,,True,,False,8,Go Home,True,True,True,False,False,False,False,False,False,False,False,False,43.0666047727683,-77.6229698903817,18.3,313.7,1640.4,True,1,1,False,False,False,False,,True,False,False,,328,,16.4,Calm,41,, 1.8.0,DJI Mini 3 Pro,1581F4XF3229R006,53HFK5R0M30ACD,5HAZK6H0018AUR,52XPK6ACA001NV,180.6,0.7,59,13.23575,6.487126,0,8942,DJI Mini 3 Pro,1581F4XF3229R006,53HFK5R0M30ACD,5HAZK6H0018AUR,52XPK6ACA001NV,DJI Fly,, 1.8.0,61EABE4C-BCDC-32F4-D0CC-A1B5A0612123,1581F4XF3229R006W0A6,,,,,,,,,,
6/20/2023,8:51:41.68 AM,0m 21.2s,21.2,43.0665544662717,-77.6229659529203,39,39,34.7,573,23,,6.109754,,0.223694,,0.447388,,,-0.4,1,-8.7,351.3,ActiveTrack,Other,,25,5,True,,Mini 3 Pro,False,False,,Smart,RC,False,True,False,,,True,,False,False,False,False,False,False,False,False,False,False,0,Follow Yaw,-24.1,0,12.6,12.6,False,False,False,False,False,False,,True,Normal,100,100,1024,1024,1024,1024,N,False,False,False,False,False,0,False,False,False,False,55,7.477,1244,2265,7.477,False,3.74,3.737,0.006,False,False,4.666,100.8,100.4,100.7,,,,,,,,,Idle,,,True,,False,8,Go Home,True,True,True,False,False,False,False,False,False,False,False,False,43.0666047727683,-77.6229698903817,18.3,313.7,1640.4,True,1,1,False,False,False,False,,True,False,False,,328,,16.4,Calm,41,, 1.8.0,DJI Mini 3 Pro,1581F4XF3229R006,53HFK5R0M30ACD,5HAZK6H0018AUR,52XPK6ACA001NV,180.6,0.7,59,13.23575,6.487126,0,8942,DJI Mini 3 Pro,1581F4XF3229R006,53HFK5R0M30ACD,5HAZK6H0018AUR,52XPK6ACA001NV,DJI Fly,, 1.8.0,61EABE4C-BCDC-32F4-D0CC-A1B5A0612123,1581F4XF3229R006W0A6,,,,,,,,,,
6/20/2023,8:51:41.89 AM,0m 21.4s,21.4,43.0665544444606,-77.6229660241562,39,39,34.7,573,23,,6.109754,,0.223694,,0.447388,,,-0.2,1.6,-8.8,351.2,ActiveTrack,Other,,25,5,True,,Mini 3 Pro,False,False,,Smart,RC,False,True,False,,,True,,False,False,False,False,False,False,False,False,False,False,0,Follow Yaw,-24.1,0,12.6,12.6,False,False,False,False,False,False,,True,Normal,100,100,1024,1024,1024,1024,N,False,False,False,False,False,0,False,False,False,False,55,7.476,1243,2265,7.476,False,3.74,3.736,0.006,False,False,4.678,100.9,100.4,100.9,,,,,,,,,Idle,,,True,,False,8,Go Home,True,True,True,False,False,False,False,False,False,False,False,False,43.0666047727683,-77.6229698903817,18.3,313.7,1640.4,True,1,1,False,False,False,False,,True,False,False,,328,,16.4,Calm,41,, 1.8.0,DJI Mini 3 Pro,1581F4XF3229R006,53HFK5R0M30ACD,5HAZK6H0018AUR,52XPK6ACA001NV,180.6,0.7,59,13.23575,6.487126,0,8942,DJI Mini 3 Pro,1581F4XF3229R006,53HFK5R0M30ACD,5HAZK6H0018AUR,52XPK6ACA001NV,DJI Fly,, 1.8.0,61EABE4C-BCDC-32F4-D0CC-A1B5A0612123,1581F4XF3229R006W0A6,,,,,,,,,,
6/20/2023,8:51:42.19 AM,0m 21.6s,21.6,43.0665544388022,-77.6229660845463,39,39,34.7,573,23,,6.109754,,0.223694,,0.447388,,,0,1.7,-8.7,351.3,ActiveTrack,Other,,25,5,True,,Mini 3 Pro,False,False,,Smart,RC,False,True,False,,,True,,False,False,False,False,False,False,False,False,False,False,0,Follow Yaw,-24.1,0,12.6,12.6,False,False,False,False,False,False,,True,Normal,100,100,1024,1024,1024,1024,N,False,False,False,False,False,0,False,False,False,False,55,7.476,1243,2265,7.476,False,3.74,3.736,0.006,False,False,4.678,100.9,100.4,100.9,,,,,,,,,Idle,,,True,,False,8,Go Home,True,True,True,False,False,False,False,False,False,False,False,False,43.0666047727683,-77.6229698903817,18.3,313.7,1640.4,True,1,1,False,False,False,False,,True,False,False,,328,,16.4,Calm,41,, 1.8.0,DJI Mini 3 Pro,1581F4XF3229R006,53HFK5R0M30ACD,5HAZK6H0018AUR,52XPK6ACA001NV,180.6,0.7,59,13.23575,6.487126,0,8942,DJI Mini 3 Pro,1581F4XF3229R006,53HFK5R0M30ACD,5HAZK6H0018AUR,52XPK6ACA001NV,DJI Fly,, 1.8.0,61EABE4C-BCDC-32F4-D0CC-A1B5A0612123,1581F4XF3229R006W0A6,,,,,,,,,,
6/20/2023,8:51:42.29 AM,0m 21.8s,21.8,43.0665544369517,-77.6229661395368,39,39,34.7,573,23,,6.109754,,0.223694,,0.447388,,,0,1.6,-8.7,351.3,ActiveTrack,Other,,25,5,True,,Mini 3 Pro,False,False,,Smart,RC,False,True,False,,,True,,False,False,False,False,False,False,False,False,False,False,0,Follow Yaw,-24.1,0,12.6,12.6,False,False,False,False,False,False,,True,Normal,100,100,1024,1024,1024,1024,N,False,False,False,False,False,0,False,False,False,False,55,7.476,1243,2265,7.476,False,3.74,3.736,0.006,False,False,4.678,100.9,100.4,100.9,,,,,,,,,Idle,,,True,,False,8,Go Home,True,True,True,False,False,False,False,False,False,False,False,False,43.0666047727683,-77.6229698903817,18.3,313.7,1640.4,True,1,1,False,False,False,False,,True,False,False,,328,,16.4,Calm,41,, 1.8.0,DJI Mini 3 Pro,1581F4XF3229R006,53HFK5R0M30ACD,5HAZK6H0018AUR,52XPK6ACA001NV,180.6,0.7,59,13.23575,6.487126,0,8942,DJI Mini 3 Pro,1581F4XF3229R006,53HFK5R0M30ACD,5HAZK6H0018AUR,52XPK6ACA001NV,DJI Fly,, 1.8.0,61EABE4C-BCDC-32F4-D0CC-A1B5A0612123,1581F4XF3229R006W0A6,,,,,,,,,,
6/20/2023,8:51:42.50 AM,0m 22.0s,22,43.0665544395089,-77.6229661776219,39,39,34.7,573,23,,6.109754,,0.223694,,0.447388,,,-0.1,1.3,-8.7,351.3,ActiveTrack,Other,,25,5,True,,Mini 3 Pro,False,False,,Smart,RC,False,True,False,,,True,,False,False,False,False,False,False,False,False,False,False,0,Follow Yaw,-24.1,0,12.6,12.6,False,False,False,False,False,False,,True,Normal,100,100,1024,1024,1024,1024,N,False,False,False,False,False,0,False,False,False,False,55,7.476,1243,2265,7.476,False,3.74,3.736,0.006,False,False,4.678,100.9,100.4,100.9,,,,,,,,,Idle,,,True,,False,8,Go Home,True,True,True,False,False,False,False,False,False,False,False,False,43.0666047727683,-77.6229698903817,18.3,313.7,1640.4,True,1,1,False,False,False,False,,True,False,False,,328,,16.4,Calm,41,, 1.8.0,DJI Mini 3 Pro,1581F4XF3229R006,53HFK5R0M30ACD,5HAZK6H0018AUR,52XPK6ACA001NV,180.6,0.7,59,13.23575,6.487126,0,8942,DJI Mini 3 Pro,1581F4XF3229R006,53HFK5R0M30ACD,5HAZK6H0018AUR,52XPK6ACA001NV,DJI Fly,, 1.8.0,61EABE4C-BCDC-32F4-D0CC-A1B5A0612123,1581F4XF3229R006W0A6,,,,,,,,,,
6/20/2023,8:51:42.70 AM,0m 22.2s,22.2,43.0665544173423,-77.6229661912791,39,39,34.7,573,23.1,,6.109754,,0.223694,,0.447388,,,-0.2,1.3,-8.8,351.2,ActiveTrack,Other,,25,5,True,,Mini 3 Pro,False,False,,Smart,RC,False,True,False,,,True,,False,False,False,False,False,False,False,False,False,False,0,Follow Yaw,-24.1,0,12.6,12.6,False,False,False,False,False,False,,True,Normal,100,100,1024,1024,1024,1024,N,False,False,False,False,False,0,False,False,False,False,55,7.476,1243,2265,7.476,False,3.74,3.736,0.006,False,False,4.678,100.9,100.4,100.9,,,,,,,,,Idle,,,True,,False,8,Go Home,True,True,True,False,False,False,False,False,False,False,False,False,43.0666047727683,-77.6229698903817,18.3,313.7,1640.4,True,1,1,False,False,False,False,,True,False,False,,328,,16.4,Calm,41,, 1.8.0,DJI Mini 3 Pro,1581F4XF3229R006,53HFK5R0M30ACD,5HAZK6H0018AUR,52XPK6ACA001NV,180.6,0.7,59,13.23575,6.487126,0,8942,DJI Mini 3 Pro,1581F4XF3229R006,53HFK5R0M30ACD,5HAZK6H0018AUR,52XPK6ACA001NV,DJI Fly,, 1.8.0,61EABE4C-BCDC-32F4-D0CC-A1B5A0612123,1581F4XF3229R006W0A6,,,,,,,,,,
6/20/2023,8:51:42.90 AM,0m 22.4s,22.4,43.0665544008468,-77.6229662273575,39,39,34.7,573,23.1,,6.109754,,0.223694,,0.447388,,,0,1.6,-8.7,351.3,ActiveTrack,Other,,25,5,True,,Mini 3 Pro,False,False,,Smart,RC,False,True,False,,,True,,False,False,False,False,False,False,False,False,False,False,0,Follow Yaw,-24.1,0,12.5,12.5,False,False,False,False,False,False,,True,Normal,100,100,1024,1024,1024,1024,N,False,False,False,False,False,0,False,False,False,False,55,7.472,1241,2265,7.472,False,3.738,3.734,0.006,False,False,4.677,100.9,100.4,100.9,,,,,,,,,Idle,,,True,,False,8,Go Home,True,True,True,False,False,False,False,False,False,False,False,False,43.0666047727683,-77.6229698903817,18.4,313.7,1640.4,True,1,1,False,False,False,False,,True,False,False,,328,,16.4,Calm,41,, 1.8.0,DJI Mini 3 Pro,1581F4XF3229R006,53HFK5R0M30ACD,5HAZK6H0018AUR,52XPK6ACA001NV,180.6,0.7,59,13.23575,6.487126,0,8942,DJI Mini 3 Pro,1581F4XF3229R006,53HFK5R0M30ACD,5HAZK6H0018AUR,52XPK6ACA001NV,DJI Fly,, 1.8.0,61EABE4C-BCDC-32F4-D0CC-A1B5A0612123,1581F4XF3229R006W0A6,,,,,,,,,,
6/20/2023,8:51:43.10 AM,0m 22.6s,22.6,43.0665543896629,-77.6229662455297,39,39,34.7,573,23.1,,6.109754,,0.223694,,0.447388,,,0,1.6,-8.8,351.2,ActiveTrack,Other,,25,5,True,,Mini 3 Pro,False,False,,Smart,RC,False,True,False,,,True,,False,False,False,False,False,False,False,False,False,False,0,Follow Yaw,-24.1,0,12.5,12.5,False,False,False,False,False,False,,True,Normal,100,100,1024,1024,1024,1024,N,False,False,False,False,False,0,False,False,False,False,55,7.472,1241,2265,7.472,False,3.738,3.734,0.006,False,False,4.677,100.9,100.4,100.9,,,,,,,,,Idle,,,True,,False,8,Go Home,True,True,True,False,False,False,False,False,False,False,False,False,43.0666047727683,-77.6229698903817,18.4,313.7,1640.4,True,1,1,False,False,False,False,,True,False,False,,328,,16.4,Calm,41,, 1.8.0,DJI Mini 3 Pro,1581F4XF3229R006,53HFK5R0M30ACD,5HAZK6H0018AUR,52XPK6ACA001NV,180.6,0.7,59,13.23575,6.487126,0,8942,DJI Mini 3 Pro,1581F4XF3229R006,53HFK5R0M30ACD,5HAZK6H0018AUR,52XPK6ACA001NV,DJI Fly,, 1.8.0,61EABE4C-BCDC-32F4-D0CC-A1B5A0612123,1581F4XF3229R006W0A6,,,,,,,,,,
6/20/2023,8:51:43.31 AM,0m 22.8s,22.8,43.0665543576358,-77.6229662663913,39,39,34.7,573,23.1,,6.109754,,0.223694,,0.447388,,,-0.2,1.9,-8.8,351.2,ActiveTrack,Other,,25,5,True,,Mini 3 Pro,False,False,,Smart,RC,False,True,False,,,True,,False,False,False,False,False,False,False,False,False,False,0,Follow Yaw,-24.1,0,12.5,12.5,False,False,False,False,False,False,,True,Normal,100,100,1024,1024,1024,1024,N,False,False,False,False,False,0,False,False,False,False,55,7.472,1241,2265,7.472,False,3.738,3.734,0.006,False,False,4.677,100.9,100.4,100.9,,,,,,,,,Idle,,,True,,False,8,Go Home,True,True,True,False,False,False,False,False,False,False,False,False,43.0666047727683,-77.6229698903817,18.4,313.7,1640.4,True,1,1,False,False,False,False,,True,False,False,,328,,16.4,Calm,41,, 1.8.0,DJI Mini 3 Pro,1581F4XF3229R006,53HFK5R0M30ACD,5HAZK6H0018AUR,52XPK6ACA001NV,180.6,0.7,59,13.23575,6.487126,0,8942,DJI Mini 3 Pro,1581F4XF3229R006,53HFK5R0M30ACD,5HAZK6H0018AUR,52XPK6ACA001NV,DJI Fly,, 1.8.0,61EABE4C-BCDC-32F4-D0CC-A1B5A0612123,1581F4XF3229R006W0A6,,,,,,,,,,
6/20/2023,8:51:43.51 AM,0m 23.0s,23,43.0665543383347,-77.6229662678633,39,39,34.7,573,23.1,,6.109754,,0.223694,,0.447388,,,0.1,1.6,-8.8,351.2,ActiveTrack,Other,,25,5,True,,Mini 3 Pro,False,False,,Smart,RC,False,True,False,,,True,,False,False,False,False,False,False,False,False,False,False,0,Follow Yaw,-24.1,0,12.4,12.4,False,False,False,False,False,False,,True,Normal,100,100,1024,1024,1024,1024,N,False,False,False,False,False,0,False,False,False,False,55,7.472,1241,2265,7.472,False,3.738,3.734,0.006,False,False,4.677,100.9,100.4,100.9,,,,,,,,,Idle,,,True,,False,8,Go Home,True,True,True,False,False,False,False,False,False,False,False,False,43.0666047727683,-77.6229698903817,18.4,313.7,1640.4,True,1,1,False,False,False,False,,True,False,False,,328,,16.4,Calm,41,, 1.8.0,DJI Mini 3 Pro,1581F4XF3229R006,53HFK5R0M30ACD,5HAZK6H0018AUR,52XPK6ACA001NV,180.6,0.7,59,13.23575,6.487126,0,8942,DJI Mini 3 Pro,1581F4XF3229R006,53HFK5R0M30ACD,5HAZK6H0018AUR,52XPK6ACA001NV,DJI Fly,, 1.8.0,61EABE4C-BCDC-32F4-D0CC-A1B5A0612123,1581F4XF3229R006W0A6,,,,,,,,,,
6/20/2023,8:51:43.71 AM,0m 23.2s,23.2,43.0665542794549,-77.6229662473315,39,39,34.7,573,23.1,,6.109754,,0.223694,,0.447388,,,-0.5,1.7,-8.9,351.1,ActiveTrack,Other,,25,5,True,,Mini 3 Pro,False,False,,Smart,RC,False,True,False,,,True,,False,False,False,False,False,False,False,False,False,False,0,Follow Yaw,-24.1,0,12.4,12.4,False,False,False,False,False,False,,True,Normal,100,100,1024,1024,1024,1024,N,False,False,False,False,False,0,False,False,False,False,55,7.472,1241,2265,7.472,False,3.738,3.734,0.006,False,False,4.677,100.9,100.4,100.9,,,,,,,,,Idle,,,True,,False,8,Go Home,True,True,True,False,False,False,False,False,False,False,False,False,43.0666047727683,-77.6229698903817,18.4,313.7,1640.4,True,1,1,False,False,False,False,,True,False,False,,328,,16.4,Calm,41,, 1.8.0,DJI Mini 3 Pro,1581F4XF3229R006,53HFK5R0M30ACD,5HAZK6H0018AUR,52XPK6ACA001NV,180.6,0.7,59,13.23575,6.487126,0,8942,DJI Mini 3 Pro,1581F4XF3229R006,53HFK5R0M30ACD,5HAZK6H0018AUR,52XPK6ACA001NV,DJI Fly,, 1.8.0,61EABE4C-BCDC-32F4-D0CC-A1B5A0612123,1581F4XF3229R006W0A6,,,,,,,,,,
6/20/2023,8:51:43.92 AM,0m 23.4s,23.4,43.0665542293818,-77.6229662120593,39,39,34.7,573,23.1,,6.109754,,0.223694,,0.447388,,,-0.7,1,-8.9,351.1,ActiveTrack,Other,,25,5,True,,Mini 3 Pro,False,False,,Smart,RC,False,True,False,,,True,,False,False,False,False,False,False,False,False,False,False,0,Follow Yaw,-24.1,0,12.4,12.4,False,False,False,False,False,False,,True,Normal,100,100,1024,1024,1024,1024,N,False,False,False,False,False,0,False,False,False,False,55,7.47,1240,2265,7.47,False,3.737,3.733,0.006,False,False,4.719,100.9,100.4,100.9,,,,,,,,,Idle,,,True,,False,8,Go Home,True,True,True,False,False,False,False,False,False,False,False,False,43.0666047727683,-77.6229698903817,18.4,313.7,1640.4,True,1,1,False,False,False,False,,True,False,False,,328,,16.4,Calm,41,, 1.8.0,DJI Mini 3 Pro,1581F4XF3229R006,53HFK5R0M30ACD,5HAZK6H0018AUR,52XPK6ACA001NV,180.6,0.7,59,13.23575,6.487126,0,8942,DJI Mini 3 Pro,1581F4XF3229R006,53HFK5R0M30ACD,5HAZK6H0018AUR,52XPK6ACA001NV,DJI Fly,, 1.8.0,61EABE4C-BCDC-32F4-D0CC-A1B5A0612123,1581F4XF3229R006W0A6,,,,,,,,,,
6/20/2023,8:51:44.12 AM,0m 23.6s,23.6,43.0665541784649,-77.6229661849208,39,39,34.7,573,23.2,,6.109754,,0.223694,,0.447388,,,-0.5,1.3,-8.9,351.1,ActiveTrack,Other,,25,5,True,,Mini 3 Pro,False,False,,Smart,RC,False,True,False,,,True,,False,False,False,False,False,False,False,False,False,False,0,Follow Yaw,-24.1,0,12.4,12.4,False,False,False,False,False,False,,True,Normal,100,100,1024,1024,1024,1024,N,False,False,False,False,False,0,False,False,False,False,55,7.47,1240,2265,7.47,False,3.737,3.733,0.006,False,False,4.719,100.9,100.4,100.9,,,,,,,,,Idle,,,True,,False,8,Go Home,True,True,True,False,False,False,False,False,False,False,False,False,43.0666047727683,-77.6229698903817,18.4,313.7,1640.4,True,1,1,False,False,False,False,,True,False,False,,328,,16.4,Calm,41,, 1.8.0,DJI Mini 3 Pro,1581F4XF3229R006,53HFK5R0M30ACD,5HAZK6H0018AUR,52XPK6ACA001NV,180.6,0.7,59,13.23575,6.487126,0,8942,DJI Mini 3 Pro,1581F4XF3229R006,53HFK5R0M30ACD,5HAZK6H0018AUR,52XPK6ACA001NV,DJI Fly,, 1.8.0,61EABE4C-BCDC-32F4-D0CC-A1B5A0612123,1581F4XF3229R006W0A6,,,,,,,,,,
6/20/2023,8:51:44.32 AM,0m 23.8s,23.8,43.0665541603932,-77.6229661863841,39,39,34.7,573,23.2,,6.109754,,0.223694,,0.447388,,,-0.1,1.7,-8.9,351.1,ActiveTrack,Other,,25,5,True,,Mini 3 Pro,False,False,,Smart,RC,False,True,False,,,True,,False,False,False,False,False,False,False,False,False,False,0,Follow Yaw,-24.1,0,12.4,12.4,False,False,False,False,False,False,,True,Normal,100,100,1024,1024,1024,1024,N,False,False,False,False,False,0,False,False,False,False,55,7.47,1240,2265,7.47,False,3.737,3.733,0.006,False,False,4.719,100.9,100.4,100.9,,,,,,,,,Idle,,,True,,False,8,Go Home,True,True,True,False,False,False,False,False,False,False,False,False,43.0666047727683,-77.6229698903817,18.4,313.7,1640.4,True,1,1,False,False,False,False,,True,False,False,,328,,16.4,Calm,41,, 1.8.0,DJI Mini 3 Pro,1581F4XF3229R006,53HFK5R0M30ACD,5HAZK6H0018AUR,52XPK6ACA001NV,180.6,0.7,59,13.23575,6.487126,0,8942,DJI Mini 3 Pro,1581F4XF3229R006,53HFK5R0M30ACD,5HAZK6H0018AUR,52XPK6ACA001NV,DJI Fly,, 1.8.0,61EABE4C-BCDC-32F4-D0CC-A1B5A0612123,1581F4XF3229R006W0A6,,,,,,,,,,
6/20/2023,8:51:44.52 AM,0m 24.0s,24,43.0665541357421,-77.6229661647174,39,39,34.7,573,23.2,,6.109754,,0.223694,,0.447388,,,-0.3,1.3,-9,351,ActiveTrack,Other,,25,5,True,,Mini 3 Pro,False,False,,Smart,RC,False,True,False,,,True,,False,False,False,False,False,False,False,False,False,False,0,Follow Yaw,-24.1,0,12.4,12.4,False,False,False,False,False,False,,True,Normal,100,100,1024,1024,1024,1024,N,False,False,False,False,False,0,False,False,False,False,55,7.47,1240,2265,7.47,False,3.737,3.733,0.006,False,False,4.719,100.9,100.4,100.9,,,,,,,,,Idle,,,True,,False,8,Go Home,True,True,True,False,False,False,False,False,False,False,False,False,43.0666047727683,-77.6229698903817,18.4,313.7,1640.4,True,1,1,False,False,False,False,,True,False,False,,328,,16.4,Calm,41,, 1.8.0,DJI Mini 3 Pro,1581F4XF3229R006,53HFK5R0M30ACD,5HAZK6H0018AUR,52XPK6ACA001NV,180.6,0.7,59,13.23575,6.487126,0,8942,DJI Mini 3 Pro,1581F4XF3229R006,53HFK5R0M30ACD,5HAZK6H0018AUR,52XPK6ACA001NV,DJI Fly,, 1.8.0,61EABE4C-BCDC-32F4-D0CC-A1B5A0612123,1581F4XF3229R006W0A6,,,,,,,,,,
6/20/2023,8:51:44.72 AM,0m 24.2s,24.2,43.0665541298653,-77.6229661583903,39,39,34.7,573,23.2,,6.109754,,0.223694,,0.447388,,,-0.1,1.3,-9,351,ActiveTrack,Other,,25,5,True,,Mini 3 Pro,False,False,,Smart,RC,False,True,False,,,True,,False,False,False,False,False,False,False,False,False,False,0,Follow Yaw,-24.1,0,12.4,12.4,False,False,False,False,False,False,,True,Normal,100,100,1024,1024,1024,1024,N,False,False,False,False,False,0,False,False,False,False,55,7.47,1240,2265,7.47,False,3.737,3.733,0.006,False,False,4.719,100.9,100.4,100.9,,,,,,,,,Idle,,,True,,False,8,Go Home,True,True,True,False,False,False,False,False,False,False,False,False,43.0666047727683,-77.6229698903817,18.5,313.7,1640.4,True,1,1,False,False,False,False,,True,False,False,,328,,16.4,Calm,41,, 1.8.0,DJI Mini 3 Pro,1581F4XF3229R006,53HFK5R0M30ACD,5HAZK6H0018AUR,52XPK6ACA001NV,180.6,0.7,59,13.23575,6.487126,0,8942,DJI Mini 3 Pro,1581F4XF3229R006,53HFK5R0M30ACD,5HAZK6H0018AUR,52XPK6ACA001NV,DJI Fly,, 1.8.0,61EABE4C-BCDC-32F4-D0CC-A1B5A0612123,1581F4XF3229R006W0A6,,,,,,,,,,
6/20/2023,8:51:44.93 AM,0m 24.4s,24.4,43.0665541204075,-77.6229661308296,39,39,34.7,573,23.2,,6.109754,,0.223694,,0.447388,,,-0.4,1.7,-9,351,ActiveTrack,Other,,25,5,True,,Mini 3 Pro,False,False,,Smart,RC,False,True,False,,,True,,False,False,False,False,False,False,False,False,False,False,0,Follow Yaw,-24.1,0,12.4,12.4,False,False,False,False,False,False,,True,Normal,100,100,1024,1024,1024,1024,N,False,False,False,False,False,0,False,False,False,False,55,7.47,1240,2265,7.47,False,3.737,3.733,0.006,False,False,4.719,100.9,100.4,100.9,,,,,,,,,Idle,,,True,,False,8,Go Home,True,True,True,False,False,False,False,False,False,False,False,False,43.0666047727683,-77.6229698903817,18.5,313.7,1640.4,True,1,1,False,False,False,False,,True,False,False,,328,,16.4,Calm,41,, 1.8.0,DJI Mini 3 Pro,1581F4XF3229R006,53HFK5R0M30ACD,5HAZK6H0018AUR,52XPK6ACA001NV,180.6,0.7,59,13.23575,6.487126,0,8942,DJI Mini 3 Pro,1581F4XF3229R006,53HFK5R0M30ACD,5HAZK6H0018AUR,52XPK6ACA001NV,DJI Fly,, 1.8.0,61EABE4C-BCDC-32F4-D0CC-A1B5A0612123,1581F4XF3229R006W0A6,,,,,,,,,,
6/20/2023,8:51:45.13 AM,0m 24.6s,24.6,43.0665540875837,-77.6229661316655,39,39,34.7,573,23.2,,6.109754,,0.223694,,0.447388,,,-0.3,1.7,-9,351,ActiveTrack,Other,,25,5,True,,Mini 3 Pro,False,False,,Smart,RC,False,True,False,,,True,,False,False,False,False,False,False,False,False,False,False,0,Follow Yaw,-24.1,0,12.4,12.4,False,False,False,False,False,False,,True,Normal,100,100,1024,1024,1024,1024,N,False,False,False,False,False,0,False,False,False,False,55,7.472,1239,2265,7.472,False,3.737,3.735,0.006,False,False,4.692,100.9,100.4,100.9,,,,,,,,,Idle,,,True,,False,8,Go Home,True,True,True,False,False,False,False,False,False,False,False,False,43.0666047727683,-77.6229698903817,18.5,313.7,1640.4,True,1,1,False,False,False,False,,True,False,False,,328,,16.4,Calm,41,, 1.8.0,DJI Mini 3 Pro,1581F4XF3229R006,53HFK5R0M30ACD,5HAZK6H0018AUR,52XPK6ACA001NV,180.6,0.7,59,13.23575,6.487126,0,8942,DJI Mini 3 Pro,1581F4XF3229R006,53HFK5R0M30ACD,5HAZK6H0018AUR,52XPK6ACA001NV,DJI Fly,, 1.8.0,61EABE4C-BCDC-32F4-D0CC-A1B5A0612123,1581F4XF3229R006W0A6,,,,,,,,,,
6/20/2023,8:51:45.33 AM,0m 24.8s,24.8,43.0665540654599,-77.6229661304632,39,39,34.7,573,23.2,,6.109754,,0.223694,,0.447388,,,0,1.9,-8.9,351.1,ActiveTrack,Other,,25,5,True,,Mini 3 Pro,False,False,,Smart,RC,False,True,False,,,True,,False,False,False,False,False,False,False,False,False,False,0,Follow Yaw,-24.1,0,12.4,12.4,False,False,False,False,False,False,,True,Normal,100,100,1024,1024,1024,1024,N,False,False,False,False,False,0,False,False,False,False,55,7.472,1239,2265,7.472,False,3.737,3.735,0.006,False,False,4.692,100.9,100.4,100.9,,,,,,,,,Idle,,,True,,False,8,Go Home,True,True,True,False,False,False,False,False,False,False,False,False,43.0666047727683,-77.6229698903817,18.5,313.7,1640.4,True,1,1,False,False,False,False,,True,False,False,,328,,16.4,Calm,41,, 1.8.0,DJI Mini 3 Pro,1581F4XF3229R006,53HFK5R0M30ACD,5HAZK6H0018AUR,52XPK6ACA001NV,180.6,0.7,59,13.23575,6.487126,0,8942,DJI Mini 3 Pro,1581F4XF3229R006,53HFK5R0M30ACD,5HAZK6H0018AUR,52XPK6ACA001NV,DJI Fly,, 1.8.0,61EABE4C-BCDC-32F4-D0CC-A1B5A0612123,1581F4XF3229R006W0A6,,,,,,,,,,
6/20/2023,8:51:45.54 AM,0m 25.0s,25,43.0665540178968,-77.6229660819819,39,39,34.7,573,23.2,,6.109754,,0.223694,,0.447388,,,0,1.7,-8.9,351.1,ActiveTrack,Other,,25,5,True,,Mini 3 Pro,False,False,,Smart,RC,False,True,False,,,True,,False,False,False,False,False,False,False,False,False,False,0,Follow Yaw,-24.1,0,12.4,12.4,False,False,False,False,False,True,,True,Normal,100,100,850,1024,1024,1191,N,False,False,False,False,False,0,False,False,False,False,55,7.472,1239,2265,7.472,False,3.737,3.735,0.006,False,False,4.692,100.9,100.4,100.9,,,,,,,,,Idle,,,True,,False,8,Go Home,True,True,True,False,False,False,False,False,False,False,False,False,43.0666047727683,-77.6229698903817,18.5,313.7,1640.4,True,1,1,False,False,False,False,,True,False,False,,328,,16.4,Calm,41,, 1.8.0,DJI Mini 3 Pro,1581F4XF3229R006,53HFK5R0M30ACD,5HAZK6H0018AUR,52XPK6ACA001NV,180.6,0.7,59,13.23575,6.487126,0,8942,DJI Mini 3 Pro,1581F4XF3229R006,53HFK5R0M30ACD,5HAZK6H0018AUR,52XPK6ACA001NV,DJI Fly,, 1.8.0,61EABE4C-BCDC-32F4-D0CC-A1B5A0612123,1581F4XF3229R006W0A6,,,,,,,,,,
6/20/2023,8:51:45.74 AM,0m 25.2s,25.2,43.066553938114,-77.6229660272289,39,39,34.7,573,23.3,,6.109754,,0.223694,,0.447388,,,-0.4,1.2,-9,351,ActiveTrack,Other,,25,5,True,,Mini 3 Pro,False,False,,Smart,RC,False,True,False,,,True,,False,False,False,False,False,False,False,False,False,False,0,Follow Yaw,-24.1,0,12.4,12.4,False,False,False,False,False,True,,True,Normal,100,100,812,1024,1024,1191,N,False,False,False,False,False,0,False,False,False,False,55,7.472,1239,2265,7.472,False,3.737,3.735,0.006,False,False,4.692,100.9,100.4,100.9,,,,,,,,,Idle,,,True,,False,8,Go Home,True,True,True,False,False,False,False,False,False,False,False,False,43.0666047727683,-77.6229698903817,18.5,313.7,1640.4,True,1,1,False,False,False,False,,True,False,False,,328,,16.4,Calm,41,, 1.8.0,DJI Mini 3 Pro,1581F4XF3229R006,53HFK5R0M30ACD,5HAZK6H0018AUR,52XPK6ACA001NV,180.6,0.7,59,13.23575,6.487126,0,8942,DJI Mini 3 Pro,1581F4XF3229R006,53HFK5R0M30ACD,5HAZK6H0018AUR,52XPK6ACA001NV,DJI Fly,, 1.8.0,61EABE4C-BCDC-32F4-D0CC-A1B5A0612123,1581F4XF3229R006W0A6,,,,,,,,,,
6/20/2023,8:51:45.94 AM,0m 25.4s,25.4,43.0665538647691,-77.6229660439423,39,39,34.7,573,23.3,,6.109754,,0.223694,,0.447388,,,-0.5,-1.5,-9,351,ActiveTrack,Other,,25,5,True,,Mini 3 Pro,False,False,,Smart,RC,False,True,False,,,True,,False,False,False,False,False,False,False,False,False,False,0,Follow Yaw,-24.1,0,12.4,12.4,False,False,False,False,False,True,,True,Normal,100,100,823,1024,1024,1210,N,False,False,False,False,False,0,False,False,False,False,55,7.472,1239,2265,7.472,False,3.737,3.735,0.006,False,False,4.692,100.9,100.4,100.9,,,,,,,,,Idle,,,True,,False,8,Go Home,True,True,True,False,False,False,False,False,False,False,False,False,43.0666047727683,-77.6229698903817,18.6,313.7,1640.4,True,1,1,False,False,False,False,,True,False,False,,328,,16.4,Calm,41,, 1.8.0,DJI Mini 3 Pro,1581F4XF3229R006,53HFK5R0M30ACD,5HAZK6H0018AUR,52XPK6ACA001NV,180.6,0.7,59,13.23575,6.487126,0,8942,DJI Mini 3 Pro,1581F4XF3229R006,53HFK5R0M30ACD,5HAZK6H0018AUR,52XPK6ACA001NV,DJI Fly,, 1.8.0,61EABE4C-BCDC-32F4-D0CC-A1B5A0612123,1581F4XF3229R006W0A6,,,,,,,,,,
6/20/2023,8:51:46.14 AM,0m 25.6s,25.6,43.0665537899293,-77.6229663156399,39,39,34.7,573,23.4,0.223694,6.109754,,0.223694,-0.223694,0.447388,,,-0.3,-2.1,-8.9,351.1,ActiveTrack,Other,,25,5,True,,Mini 3 Pro,False,False,,Smart,RC,False,True,False,,,True,,False,False,False,False,False,False,False,False,False,False,0,Follow Yaw,-24.1,0,12.4,12.4,False,False,False,False,False,True,,True,Normal,100,100,771,1024,1024,1217,N,False,False,False,False,False,0,False,False,False,False,55,7.463,1238,2265,7.463,False,3.733,3.73,0.006,False,False,4.732,100.9,100.4,100.9,,,,,,,,,Idle,,,True,,False,8,Go Home,True,True,True,False,False,False,False,False,False,False,False,False,43.0666047727683,-77.6229698903817,18.6,313.7,1640.4,True,1,1,False,False,False,False,,True,False,False,,328,,16.4,Calm,41,, 1.8.0,DJI Mini 3 Pro,1581F4XF3229R006,53HFK5R0M30ACD,5HAZK6H0018AUR,52XPK6ACA001NV,180.6,0.7,59,13.23575,6.487126,0,8942,DJI Mini 3 Pro,1581F4XF3229R006,53HFK5R0M30ACD,5HAZK6H0018AUR,52XPK6ACA001NV,DJI Fly,, 1.8.0,61EABE4C-BCDC-32F4-D0CC-A1B5A0612123,1581F4XF3229R006W0A6,,,,,,,,,,
6/20/2023,8:51:46.34 AM,0m 25.8s,25.8,43.0665536987483,-77.6229668732179,39,39,34.7,573,23.5,0.671082,6.109754,,0.223694,-0.671082,0.447388,,,-0.2,-2.1,-8.9,351.1,ActiveTrack,Other,,25,5,True,,Mini 3 Pro,False,False,,Smart,RC,False,True,False,,,True,,False,False,False,False,False,False,False,False,False,False,0,Follow Yaw,-24.1,0,12.4,12.4,False,False,False,False,False,True,,True,Normal,100,100,756,1024,1024,1255,N,False,False,False,False,False,0,False,False,False,False,55,7.463,1238,2265,7.463,False,3.733,3.73,0.006,False,False,4.732,100.9,100.4,100.9,,,,,,,,,Idle,,,True,,False,8,Go Home,True,True,True,False,False,False,False,False,False,False,False,False,43.0666047727683,-77.6229698903817,18.6,313.7,1640.4,True,1,1,False,False,False,False,,True,False,False,,328,,16.4,Calm,41,, 1.8.0,DJI Mini 3 Pro,1581F4XF3229R006,53HFK5R0M30ACD,5HAZK6H0018AUR,52XPK6ACA001NV,180.6,0.7,59,13.23575,6.487126,0,8942,DJI Mini 3 Pro,1581F4XF3229R006,53HFK5R0M30ACD,5HAZK6H0018AUR,52XPK6ACA001NV,DJI Fly,, 1.8.0,61EABE4C-BCDC-32F4-D0CC-A1B5A0612123,1581F4XF3229R006W0A6,,,,,,,,,,
6/20/2023,8:51:46.55 AM,0m 26.0s,26,43.0665535645104,-77.6229677578314,39,39,34.7,573,23.8,0.894776,6.109754,,0.223694,-0.894776,0.447388,,,-0.1,-3.6,-8.9,351.1,ActiveTrack,Other,,25,5,True,,Mini 3 Pro,False,False,,Smart,RC,False,True,False,,,True,,False,False,False,False,False,False,False,False,False,False,0,Follow Yaw,-24.1,0,12.4,12.4,False,False,False,False,False,True,,True,Normal,100,100,750,1024,1024,1278,N,False,False,False,False,False,0,False,False,False,False,55,7.463,1238,2265,7.463,False,3.733,3.73,0.006,False,False,4.732,100.9,100.4,100.9,,,,,,,,,Idle,,,True,,False,8,Go Home,True,True,True,False,False,False,False,False,False,False,False,False,43.0666047727683,-77.6229698903817,18.6,313.7,1640.4,True,1,1,False,False,False,False,,True,False,False,,328,,16.4,Calm,41,, 1.8.0,DJI Mini 3 Pro,1581F4XF3229R006,53HFK5R0M30ACD,5HAZK6H0018AUR,52XPK6ACA001NV,180.6,0.7,59,13.23575,6.487126,0,8942,DJI Mini 3 Pro,1581F4XF3229R006,53HFK5R0M30ACD,5HAZK6H0018AUR,52XPK6ACA001NV,DJI Fly,, 1.8.0,61EABE4C-BCDC-32F4-D0CC-A1B5A0612123,1581F4XF3229R006W0A6,,,,,,,,,,
6/20/2023,8:51:46.65 AM,0m 26.2s,26.2,43.0665533820413,-77.6229690144229,39,39,34.7,573,24.1,1.342164,6.109754,,0.223694,-1.342164,0.447388,,,-0.2,-4.7,-8.9,351.1,ActiveTrack,Other,,25,5,True,,Mini 3 Pro,False,False,,Smart,RC,False,True,False,,,True,,False,False,False,False,False,False,False,False,False,False,0,Follow Yaw,-24.1,0,12.4,12.4,False,False,False,False,False,True,,True,Normal,100,100,720,1024,1024,1306,N,False,False,False,False,False,0,False,False,False,False,55,7.463,1238,2265,7.463,False,3.733,3.73,0.006,False,False,4.732,100.9,100.4,100.9,,,,,,,,,Idle,,,True,,False,8,Go Home,True,True,True,False,False,False,False,False,False,False,False,False,43.0666047727683,-77.6229698903817,18.7,313.7,1640.4,True,1,1,False,False,False,False,,True,False,False,,328,,16.4,Calm,41,, 1.8.0,DJI Mini 3 Pro,1581F4XF3229R006,53HFK5R0M30ACD,5HAZK6H0018AUR,52XPK6ACA001NV,180.6,0.7,59,13.23575,6.487126,0,8942,DJI Mini 3 Pro,1581F4XF3229R006,53HFK5R0M30ACD,5HAZK6H0018AUR,52XPK6ACA001NV,DJI Fly,, 1.8.0,61EABE4C-BCDC-32F4-D0CC-A1B5A0612123,1581F4XF3229R006W0A6,,,,,,,,,,
6/20/2023,8:51:46.97 AM,0m 26.4s,26.4,43.0665531568751,-77.6229707413561,39,39,34.7,573,24.6,1.803478,6.109754,-0.223694,0.223694,-1.789552,0.447388,,,0.1,-6,-8.9,351.1,ActiveTrack,Other,,25,5,True,,Mini 3 Pro,False,False,,Smart,RC,False,True,False,,,True,,False,False,False,False,False,False,False,False,False,False,0,Follow Yaw,-24.1,0,12.4,12.4,False,False,False,False,False,True,,True,Normal,100,100,718,1024,1024,1351,N,False,False,False,False,False,0,False,False,False,False,55,7.463,1238,2265,7.463,False,3.733,3.73,0.006,False,False,4.732,100.9,100.4,100.9,,,,,,,,,Idle,,,True,,False,8,Go Home,True,True,True,False,False,False,False,False,False,False,False,False,43.0666047727683,-77.6229698903817,18.8,313.7,1640.4,True,1,1,False,False,False,False,,True,False,False,,328,,16.4,Calm,41,, 1.8.0,DJI Mini 3 Pro,1581F4XF3229R006,53HFK5R0M30ACD,5HAZK6H0018AUR,52XPK6ACA001NV,180.6,0.7,59,13.23575,6.487126,0,8942,DJI Mini 3 Pro,1581F4XF3229R006,53HFK5R0M30ACD,5HAZK6H0018AUR,52XPK6ACA001NV,DJI Fly,, 1.8.0,61EABE4C-BCDC-32F4-D0CC-A1B5A0612123,1581F4XF3229R006W0A6,,,,,,,,,,
6/20/2023,8:51:47.07 AM,0m 26.6s,26.6,43.0665528279646,-77.6229729990586,39,39,34.7,573,25.2,2.248096,6.109754,-0.223694,0.223694,-2.23694,0.447388,,,-0.1,-6.6,-8.9,351.1,ActiveTrack,Other,,25,5,True,,Mini 3 Pro,False,False,,Smart,RC,False,True,False,,,True,,False,False,False,False,False,False,False,False,False,False,0,Follow Yaw,-24.1,0,12.5,12.5,False,False,False,False,False,True,,True,Normal,100,100,719,1024,1024,1410,N,False,False,False,False,False,0,False,False,False,False,55,7.463,1236,2265,7.463,False,3.733,3.73,0.006,False,False,4.865,100.9,100.4,100.9,,,,,,,,,Idle,,,True,,False,8,Go Home,True,True,True,False,False,False,False,False,False,False,False,False,43.0666047727683,-77.6229698903817,18.9,313.7,1640.4,True,1,1,False,False,False,False,,True,False,False,,328,,16.4,Calm,41,, 1.8.0,DJI Mini 3 Pro,1581F4XF3229R006,53HFK5R0M30ACD,5HAZK6H0018AUR,52XPK6ACA001NV,180.6,0.7,59,13.23575,6.487126,0,8942,DJI Mini 3 Pro,1581F4XF3229R006,53HFK5R0M30ACD,5HAZK6H0018AUR,52XPK6ACA001NV,DJI Fly,, 1.8.0,61EABE4C-BCDC-32F4-D0CC-A1B5A0612123,1581F4XF3229R006W0A6,,,,,,,,,,
6/20/2023,8:51:47.37 AM,0m 26.8s,26.8,43.0665524132145,-77.6229757901557,39,39,34.7,573,25.9,2.693632,6.109754,-0.223694,0.223694,-2.684328,0.447388,,,0,-6.5,-8.8,351.2,ActiveTrack,Other,,25,5,True,,Mini 3 Pro,False,False,,Smart,RC,False,True,False,,,True,,False,False,False,False,False,False,False,False,False,False,0,Follow Yaw,-24.1,0,13.2,13.2,False,False,False,False,False,True,,True,Normal,100,100,720,1024,1024,1397,N,False,False,False,False,False,0,False,False,False,False,55,7.463,1236,2265,7.463,False,3.733,3.73,0.006,False,False,4.865,100.9,100.4,100.9,,,,,,,,,Idle,,,True,,False,8,Go Home,True,True,True,False,False,False,False,False,False,False,False,False,43.0666047727683,-77.6229698903817,19.1,313.7,1640.4,True,1,1,False,False,False,False,,True,False,False,,328,,16.4,Calm,41,, 1.8.0,DJI Mini 3 Pro,1581F4XF3229R006,53HFK5R0M30ACD,5HAZK6H0018AUR,52XPK6ACA001NV,180.6,0.7,59,13.23575,6.487126,0,8942,DJI Mini 3 Pro,1581F4XF3229R006,53HFK5R0M30ACD,5HAZK6H0018AUR,52XPK6ACA001NV,DJI Fly,, 1.8.0,61EABE4C-BCDC-32F4-D0CC-A1B5A0612123,1581F4XF3229R006W0A6,,,,,,,,,,
6/20/2023,8:51:47.47 AM,0m 27.0s,27,43.0665518966863,-77.6229791056451,39,39,34.7,573,26.8,3.385104,6.109754,-0.447388,0.223694,-3.35541,0.447388,,,-0.1,-6.2,-8.2,351.8,ActiveTrack,Other,,25,5,True,,Mini 3 Pro,False,False,,Smart,RC,False,True,False,,,True,,False,False,False,False,False,False,False,False,False,False,0,Follow Yaw,-24.1,0,14.4,14.4,False,False,False,False,False,True,,True,Normal,100,100,720,1024,1024,1388,N,False,False,False,False,False,0,False,False,False,False,55,7.463,1236,2265,7.463,False,3.733,3.73,0.006,False,False,4.865,100.9,100.4,100.9,,,,,,,,,Idle,,,True,,False,8,Go Home,True,True,True,False,False,False,False,False,False,False,False,False,43.0666047727683,-77.6229698903817,19.4,313.7,1640.4,True,1,1,False,False,False,False,,True,False,False,,328,,16.4,Calm,41,, 1.8.0,DJI Mini 3 Pro,1581F4XF3229R006,53HFK5R0M30ACD,5HAZK6H0018AUR,52XPK6ACA001NV,180.6,0.7,59,13.23575,6.487126,0,8942,DJI Mini 3 Pro,1581F4XF3229R006,53HFK5R0M30ACD,5HAZK6H0018AUR,52XPK6ACA001NV,DJI Fly,, 1.8.0,61EABE4C-BCDC-32F4-D0CC-A1B5A0612123,1581F4XF3229R006W0A6,,,,,,,,,,
6/20/2023,8:51:47.68 AM,0m 27.2s,27.2,43.0665512867882,-77.622982889958,39,39,34.7,573,27.9,3.606957,6.109754,-0.447388,0.223694,-3.579104,0.447388,,,-0.5,-5.6,-6.9,353.1,ActiveTrack,Other,,25,5,True,,Mini 3 Pro,False,False,,Smart,RC,False,True,False,,,True,,False,False,False,False,False,False,False,False,False,False,0,Follow Yaw,-24.1,0,15.6,15.6,False,False,False,False,False,True,,True,Normal,100,100,720,1024,1024,1394,N,False,False,False,False,False,0,False,False,False,False,55,7.463,1236,2265,7.463,False,3.733,3.73,0.006,False,False,4.865,100.9,100.4,100.9,,,,,,,,,Idle,,,True,,False,8,Go Home,True,True,True,False,False,False,False,False,False,False,False,False,43.0666047727683,-77.6229698903817,19.8,313.7,1640.4,True,1,1,False,False,False,False,,True,False,False,,328,,16.4,Calm,41,, 1.8.0,DJI Mini 3 Pro,1581F4XF3229R006,53HFK5R0M30ACD,5HAZK6H0018AUR,52XPK6ACA001NV,180.6,0.7,59,13.23575,6.487126,0,8942,DJI Mini 3 Pro,1581F4XF3229R006,53HFK5R0M30ACD,5HAZK6H0018AUR,52XPK6ACA001NV,DJI Fly,, 1.8.0,61EABE4C-BCDC-32F4-D0CC-A1B5A0612123,1581F4XF3229R006W0A6,,,,,,,,,,
6/20/2023,8:51:47.88 AM,0m 27.4s,27.4,43.0665505823166,-77.6229870909368,39,39,34.7,573,29,4.05127,6.109754,-0.447388,0.223694,-4.026492,0.447388,,,-0.6,-5.5,-5.7,354.3,ActiveTrack,Other,,25,5,True,,Mini 3 Pro,False,False,,Smart,RC,False,True,False,,,True,,False,False,False,False,False,False,False,False,False,False,0,Follow Yaw,-24.1,0,16.6,16.6,False,False,False,False,False,True,,True,Normal,100,100,720,1024,1024,1413,N,False,False,False,False,False,0,False,False,False,False,55,7.463,1236,2265,7.463,False,3.733,3.73,0.006,False,False,4.865,100.9,100.4,100.9,,,,,,,,,Idle,,,True,,False,8,Go Home,True,True,True,False,False,False,False,False,False,False,False,False,43.0666047727683,-77.6229698903817,20.2,313.7,1640.4,True,1,1,False,False,False,False,,True,False,False,,328,,16.4,Calm,41,, 1.8.0,DJI Mini 3 Pro,1581F4XF3229R006,53HFK5R0M30ACD,5HAZK6H0018AUR,52XPK6ACA001NV,180.6,0.7,59,13.23575,6.487126,0,8942,DJI Mini 3 Pro,1581F4XF3229R006,53HFK5R0M30ACD,5HAZK6H0018AUR,52XPK6ACA001NV,DJI Fly,, 1.8.0,61EABE4C-BCDC-32F4-D0CC-A1B5A0612123,1581F4XF3229R006W0A6,,,,,,,,,,
6/20/2023,8:51:48.18 AM,0m 27.6s,27.6,43.0665497634008,-77.622991648953,39,39,34.7,573,30.3,4.273667,6.109754,-0.447388,0.223694,-4.250186,0.447388,,,-0.2,-5.4,-4.7,355.3,ActiveTrack,Other,,25,5,True,,Mini 3 Pro,False,False,,Smart,RC,False,True,False,,,True,,False,False,False,False,False,False,False,False,False,False,0,Follow Yaw,-24.1,0,17.6,17.6,False,False,False,False,False,True,,True,Normal,100,100,720,1024,1024,1411,N,False,False,False,False,False,0,False,False,False,False,55,7.459,1235,2265,7.459,False,3.731,3.728,0.006,False,False,4.908,101.1,100.4,101.1,,,,,,,,,Idle,,,True,,False,8,Go Home,True,True,True,False,False,False,False,False,False,False,False,False,43.0666047727683,-77.6229698903817,20.8,313.7,1640.4,True,1,1,False,False,False,False,,True,False,False,,328,,16.4,Calm,41,, 1.8.0,DJI Mini 3 Pro,1581F4XF3229R006,53HFK5R0M30ACD,5HAZK6H0018AUR,52XPK6ACA001NV,180.6,0.7,59,13.23575,6.487126,0,8942,DJI Mini 3 Pro,1581F4XF3229R006,53HFK5R0M30ACD,5HAZK6H0018AUR,52XPK6ACA001NV,DJI Fly,, 1.8.0,61EABE4C-BCDC-32F4-D0CC-A1B5A0612123,1581F4XF3229R006W0A6,,,,,,,,,,
6/20/2023,8:51:48.28 AM,0m 27.8s,27.8,43.0665488457994,-77.6229965121541,39,39,34.7,573,31.6,4.71883,6.109754,-0.447388,0.223694,-4.697574,0.447388,,,-0.5,-6.1,-3.6,356.4,ActiveTrack,Other,,25,5,True,,Mini 3 Pro,False,False,,Smart,RC,False,True,False,,,True,,False,False,False,False,False,False,False,False,False,False,0,Follow Yaw,-24.1,0,18.5,18.5,False,False,False,False,False,True,,True,Normal,100,100,722,1024,1024,1410,N,False,False,False,False,False,0,False,False,False,False,55,7.459,1235,2265,7.459,False,3.731,3.728,0.006,False,False,4.908,101.1,100.4,101.1,,,,,,,,,Idle,,,True,,False,8,Go Home,True,True,True,False,False,False,False,False,False,False,False,False,43.0666047727683,-77.6229698903817,21.6,313.7,1640.4,True,1,1,False,False,False,False,,True,False,False,,328,,16.4,Calm,41,, 1.8.0,DJI Mini 3 Pro,1581F4XF3229R006,53HFK5R0M30ACD,5HAZK6H0018AUR,52XPK6ACA001NV,180.6,0.7,59,13.23575,6.487126,0,8942,DJI Mini 3 Pro,1581F4XF3229R006,53HFK5R0M30ACD,5HAZK6H0018AUR,52XPK6ACA001NV,DJI Fly,, 1.8.0,61EABE4C-BCDC-32F4-D0CC-A1B5A0612123,1581F4XF3229R006W0A6,,,,,,,,,,
6/20/2023,8:51:48.48 AM,0m 28.0s,28,43.0665477878991,-77.623001686711,39,39,34.7,573,33,4.966812,6.109754,-0.671082,0.223694,-4.921268,0.447388,,,-0.8,-5,-4.5,355.5,ActiveTrack,Other,,25,5,True,,Mini 3 Pro,False,False,,Smart,RC,False,True,False,,,True,,False,False,False,False,False,False,False,False,False,False,0,Follow Yaw,-24.1,0,19.6,19.6,False,False,False,False,False,True,,True,Normal,100,100,723,1024,1024,1409,N,False,False,False,False,False,0,False,False,False,False,55,7.459,1235,2265,7.459,False,3.731,3.728,0.006,False,False,4.908,101.1,100.4,101.1,,,,,,,,,Idle,,,True,,False,8,Go Home,True,True,True,False,False,False,False,False,False,False,False,False,43.0666047727683,-77.6229698903817,22.4,313.7,1640.4,True,1,1,False,False,False,False,,True,False,False,,328,,16.4,Calm,41,, 1.8.0,DJI Mini 3 Pro,1581F4XF3229R006,53HFK5R0M30ACD,5HAZK6H0018AUR,52XPK6ACA001NV,180.6,0.7,59,13.23575,6.487126,0,8942,DJI Mini 3 Pro,1581F4XF3229R006,53HFK5R0M30ACD,5HAZK6H0018AUR,52XPK6ACA001NV,DJI Fly,, 1.8.0,61EABE4C-BCDC-32F4-D0CC-A1B5A0612123,1581F4XF3229R006W0A6,,,,,,,,,,
6/20/2023,8:51:48.79 AM,0m 28.2s,28.2,43.0665466387235,-77.6230071071582,39,39,34.7,573,34.5,5.046766,6.109754,-1.11847,0.223694,-4.921268,0.447388,,,-0.9,-5.6,-8.7,351.3,ActiveTrack,Other,,25,5,True,,Mini 3 Pro,False,False,,Smart,RC,False,True,False,,,True,,False,False,False,False,False,False,False,False,False,False,0,Follow Yaw,-24,0,20.7,20.7,False,False,False,False,False,True,,True,Normal,100,100,724,1024,1024,1410,N,False,False,False,False,False,0,False,False,False,False,55,7.459,1235,2265,7.459,False,3.731,3.728,0.006,False,False,4.908,101.1,100.4,101.1,,,,,,,,,Idle,,,True,,False,8,Go Home,True,True,True,False,False,False,False,False,False,False,False,False,43.0666047727683,-77.6229698903817,23.4,313.7,1640.4,True,1,1,False,False,False,False,,True,False,False,,328,,16.4,Calm,41,, 1.8.0,DJI Mini 3 Pro,1581F4XF3229R006,53HFK5R0M30ACD,5HAZK6H0018AUR,52XPK6ACA001NV,180.6,0.7,59,13.23575,6.487126,0,8942,DJI Mini 3 Pro,1581F4XF3229R006,53HFK5R0M30ACD,5HAZK6H0018AUR,52XPK6ACA001NV,DJI Fly,, 1.8.0,61EABE4C-BCDC-32F4-D0CC-A1B5A0612123,1581F4XF3229R006W0A6,,,,,,,,,,
6/20/2023,8:51:48.89 AM,0m 28.4s,28.4,43.0665454403486,-77.6230127645604,39,39,34.7,573,36.1,5.317145,6.109754,-1.342164,0.223694,-5.144962,0.447388,,,-1,-5.6,-9.3,350.7,ActiveTrack,Other,,25,5,True,,Mini 3 Pro,False,False,,Smart,RC,False,True,False,,,True,,False,False,False,False,False,False,False,False,False,False,0,Follow Yaw,-24,0,21.8,21.8,False,False,False,False,False,True,,True,Normal,100,100,724,1024,1024,1416,N,False,False,False,False,False,0,False,False,False,False,55,7.459,1235,2265,7.459,False,3.731,3.728,0.006,False,False,4.908,101.1,100.4,101.1,,,,,,,,,Idle,,,True,,False,8,Go Home,True,True,True,False,False,False,False,False,False,False,False,False,43.0666047727683,-77.6229698903817,24.4,313.7,1640.4,True,1,1,False,False,False,False,,True,False,False,,328,,16.4,Calm,41,, 1.8.0,DJI Mini 3 Pro,1581F4XF3229R006,53HFK5R0M30ACD,5HAZK6H0018AUR,52XPK6ACA001NV,180.6,0.7,59,13.23575,6.487126,0,8942,DJI Mini 3 Pro,1581F4XF3229R006,53HFK5R0M30ACD,5HAZK6H0018AUR,52XPK6ACA001NV,DJI Fly,, 1.8.0,61EABE4C-BCDC-32F4-D0CC-A1B5A0612123,1581F4XF3229R006W0A6,,,,,,,,,,
6/20/2023,8:51:49.09 AM,0m 28.6s,28.6,43.0665442230711,-77.6230186205019,39,39,34.7,573,37.7,5.483925,6.109754,-1.11847,0.223694,-5.368656,0.447388,,,-0.7,-5.6,-8.5,351.5,ActiveTrack,Other,,25,5,True,,Mini 3 Pro,False,False,,Smart,RC,False,True,False,,,True,,False,False,False,False,False,False,False,False,False,False,0,Follow Yaw,-24,0,23.1,23.1,False,False,False,False,False,True,,True,Normal,100,100,724,1024,1024,1464,N,False,False,False,False,False,0,False,False,False,False,55,7.458,1233,2265,7.458,False,3.731,3.727,0.006,False,False,4.96,101.1,100.4,101.1,,,,,,,,,Idle,,,True,,False,8,Go Home,True,True,True,False,False,False,False,False,False,False,False,False,43.0666047727683,-77.6229698903817,25.6,313.7,1640.4,True,1,1,False,False,False,False,,True,False,False,,328,,16.4,Calm,41,, 1.8.0,DJI Mini 3 Pro,1581F4XF3229R006,53HFK5R0M30ACD,5HAZK6H0018AUR,52XPK6ACA001NV,180.6,0.7,59,13.23575,6.487126,0,8942,DJI Mini 3 Pro,1581F4XF3229R006,53HFK5R0M30ACD,5HAZK6H0018AUR,52XPK6ACA001NV,DJI Fly,, 1.8.0,61EABE4C-BCDC-32F4-D0CC-A1B5A0612123,1581F4XF3229R006W0A6,,,,,,,,,,
6/20/2023,8:51:49.29 AM,0m 28.8s,28.8,43.0665430421811,-77.6230246636314,39,39,34.7,573,39.4,5.7031,6.109754,-1.11847,0.223694,-5.59235,0.447388,,,-3.3,-5.6,-7.1,352.9,ActiveTrack,Other,,25,5,True,,Mini 3 Pro,False,False,,Smart,RC,False,True,False,,,True,,False,False,False,False,False,False,False,False,False,False,0,Follow Yaw,-23.9,0,24.5,24.5,False,False,False,False,False,True,,True,Normal,100,100,723,1024,1024,1479,N,False,False,False,False,False,0,False,False,False,False,55,7.458,1233,2265,7.458,False,3.731,3.727,0.006,False,False,4.96,101.1,100.4,101.1,,,,,,,,,Idle,,,True,,False,8,Go Home,True,True,True,False,False,False,False,False,False,False,False,False,43.0666047727683,-77.6229698903817,26.8,313.7,1640.4,True,1,1,False,False,False,False,,True,False,False,,328,,16.4,Calm,41,, 1.8.0,DJI Mini 3 Pro,1581F4XF3229R006,53HFK5R0M30ACD,5HAZK6H0018AUR,52XPK6ACA001NV,180.6,0.7,59,13.23575,6.487126,0,8942,DJI Mini 3 Pro,1581F4XF3229R006,53HFK5R0M30ACD,5HAZK6H0018AUR,52XPK6ACA001NV,DJI Fly,, 1.8.0,61EABE4C-BCDC-32F4-D0CC-A1B5A0612123,1581F4XF3229R006W0A6,,,,,,,,,,
6/20/2023,8:51:49.50 AM,0m 29.0s,29,43.0665420023354,-77.6230308606346,39,39,34.7,573,41.1,5.663479,6.109754,-0.894776,0.223694,-5.59235,0.447388,,,-2,-6,-5.8,354.2,ActiveTrack,Other,,25,5,True,,Mini 3 Pro,False,False,,Smart,RC,False,True,False,,,True,,False,False,False,False,False,False,False,False,False,False,0,Follow Yaw,-23.9,0,25.9,25.9,False,False,False,False,False,True,,True,Normal,100,100,724,1024,1024,1480,N,False,False,False,False,False,0,False,False,False,False,55,7.458,1233,2265,7.458,False,3.731,3.727,0.006,False,False,4.96,101.1,100.4,101.1,,,,,,,,,Idle,,,True,,False,8,Go Home,True,True,True,False,False,False,False,False,False,False,False,False,43.0666047727683,-77.6229698903817,28,313.7,1640.4,True,1,1,False,False,False,False,,True,False,False,,328,,16.4,Calm,41,, 1.8.0,DJI Mini 3 Pro,1581F4XF3229R006,53HFK5R0M30ACD,5HAZK6H0018AUR,52XPK6ACA001NV,180.6,0.7,59,13.23575,6.487126,0,8942,DJI Mini 3 Pro,1581F4XF3229R006,53HFK5R0M30ACD,5HAZK6H0018AUR,52XPK6ACA001NV,DJI Fly,, 1.8.0,61EABE4C-BCDC-32F4-D0CC-A1B5A0612123,1581F4XF3229R006W0A6,,,,,,,,,,
6/20/2023,8:51:49.70 AM,0m 29.2s,29.2,43.0665410109565,-77.6230372324135,39,39,34.7,573,42.8,5.88447,6.109754,-0.894776,0.223694,-5.816044,0.447388,,,-1.3,-5.9,-4.3,355.7,ActiveTrack,Other,,25,5,True,,Mini 3 Pro,False,False,,Smart,RC,False,True,False,,,True,,False,False,False,False,False,False,False,False,False,False,0,Follow Yaw,-23.9,0,27.2,27.2,False,False,False,False,False,True,,True,Normal,100,100,723,1024,1024,1488,N,False,False,False,False,False,0,False,False,False,False,55,7.458,1233,2265,7.458,False,3.731,3.727,0.006,False,False,4.96,101.1,100.4,101.1,,,,,,,,,Idle,,,True,,False,8,Go Home,True,True,True,False,False,False,False,False,False,False,False,False,43.0666047727683,-77.6229698903817,29.3,313.7,1640.4,True,1,1,False,False,False,False,,True,False,False,,328,,16.4,Calm,41,, 1.8.0,DJI Mini 3 Pro,1581F4XF3229R006,53HFK5R0M30ACD,5HAZK6H0018AUR,52XPK6ACA001NV,180.6,0.7,59,13.23575,6.487126,0,8942,DJI Mini 3 Pro,1581F4XF3229R006,53HFK5R0M30ACD,5HAZK6H0018AUR,52XPK6ACA001NV,DJI Fly,, 1.8.0,61EABE4C-BCDC-32F4-D0CC-A1B5A0612123,1581F4XF3229R006W0A6,,,,,,,,,,
6/20/2023,8:51:49.90 AM,0m 29.4s,29.4,43.0665400534722,-77.6230437528828,39,39,34.7,573,44.6,6.105657,6.109754,-0.894776,0.223694,-6.039738,0.447388,,,-1.9,-6,-3,357,ActiveTrack,Other,,25,5,True,,Mini 3 Pro,False,False,,Smart,RC,False,True,False,,,True,,False,False,False,False,False,False,False,False,False,False,0,Follow Yaw,-23.9,0,28.5,28.5,False,False,False,False,False,True,,True,Normal,100,100,723,1024,1024,1497,N,False,False,False,False,False,0,False,False,False,False,55,7.458,1233,2265,7.458,False,3.731,3.727,0.006,False,False,4.96,101.1,100.4,101.1,,,,,,,,,Idle,,,True,,False,8,Go Home,True,True,True,False,False,False,False,False,False,False,False,False,43.0666047727683,-77.6229698903817,30.7,313.7,1640.4,True,1,1,False,False,False,False,,True,False,False,,328,,16.4,Calm,41,, 1.8.0,DJI Mini 3 Pro,1581F4XF3229R006,53HFK5R0M30ACD,5HAZK6H0018AUR,52XPK6ACA001NV,180.6,0.7,59,13.23575,6.487126,0,8942,DJI Mini 3 Pro,1581F4XF3229R006,53HFK5R0M30ACD,5HAZK6H0018AUR,52XPK6ACA001NV,DJI Fly,, 1.8.0,61EABE4C-BCDC-32F4-D0CC-A1B5A0612123,1581F4XF3229R006W0A6,,,,,,,,,,
6/20/2023,8:51:50.10 AM,0m 29.6s,29.6,43.0665391133829,-77.6230504308022,39,39,34.7,573,46.4,6.076905,6.109754,-0.671082,0.223694,-6.039738,0.447388,,,-2.5,-5.9,-1.6,358.4,ActiveTrack,Other,,25,5,True,,Mini 3 Pro,False,False,,Smart,RC,False,True,False,,,True,,False,False,False,False,False,False,False,False,False,False,0,Follow Yaw,-23.8,0,29.9,29.9,False,False,False,False,False,True,,True,Normal,100,100,724,1024,1024,1502,N,False,False,False,False,False,0,False,False,False,False,55,7.455,1232,2265,7.455,False,3.729,3.726,0.006,False,False,4.968,101.1,100.4,101.1,,,,,,,,,Idle,,,True,,False,8,Go Home,True,True,True,False,False,False,False,False,False,False,False,False,43.0666047727683,-77.6229698903817,32.1,313.7,1640.4,True,1,1,False,False,False,False,,True,False,False,,328,,16.4,Calm,41,, 1.8.0,DJI Mini 3 Pro,1581F4XF3229R006,53HFK5R0M30ACD,5HAZK6H0018AUR,52XPK6ACA001NV,180.6,0.7,59,13.23575,6.487126,0,8942,DJI Mini 3 Pro,1581F4XF3229R006,53HFK5R0M30ACD,5HAZK6H0018AUR,52XPK6ACA001NV,DJI Fly,, 1.8.0,61EABE4C-BCDC-32F4-D0CC-A1B5A0612123,1581F4XF3229R006W0A6,,,,,,,,,,
6/20/2023,8:51:50.31 AM,0m 29.8s,29.8,43.0665382509776,-77.6230572423144,39,39,34.7,573,48.3,6.29928,6.29928,-0.671082,0.223694,-6.263432,0.447388,,,-3,-5.5,-0.1,359.9,ActiveTrack,Other,,25,5,True,,Mini 3 Pro,False,False,,Smart,RC,False,True,False,,,True,,False,False,False,False,False,False,False,False,False,False,0,Follow Yaw,-23.8,0,31.3,31.3,False,False,False,False,False,True,,True,Normal,100,100,724,1024,1024,1498,N,False,False,False,False,False,0,False,False,False,False,55,7.455,1232,2265,7.455,False,3.729,3.726,0.006,False,False,4.968,101.1,100.4,101.1,,,,,,,,,Idle,,,True,,False,8,Go Home,True,True,True,False,False,False,False,False,False,False,False,False,43.0666047727683,-77.6229698903817,33.6,313.7,1640.4,True,1,1,False,False,False,False,,True,False,False,,328,,16.4,Calm,41,, 1.8.0,DJI Mini 3 Pro,1581F4XF3229R006,53HFK5R0M30ACD,5HAZK6H0018AUR,52XPK6ACA001NV,180.6,0.7,59,13.23575,6.487126,0,8942,DJI Mini 3 Pro,1581F4XF3229R006,53HFK5R0M30ACD,5HAZK6H0018AUR,52XPK6ACA001NV,DJI Fly,, 1.8.0,61EABE4C-BCDC-32F4-D0CC-A1B5A0612123,1581F4XF3229R006W0A6,,,,,,,,,,
6/20/2023,8:51:50.51 AM,0m 30.0s,30,43.0665375212339,-77.623064146846,39,39,34.7,573,50.1,6.279389,6.29928,-0.447388,0.223694,-6.263432,0.447388,,,-2.2,-5.8,1.1,1.1,ActiveTrack,Other,,25,5,True,,Mini 3 Pro,False,False,,Smart,RC,False,True,False,,,True,,False,False,False,False,False,False,False,False,False,False,0,Follow Yaw,-23.7,0,32.7,32.7,False,False,False,False,False,True,,True,Normal,100,100,724,1024,1024,1496,N,False,False,False,False,False,0,False,False,False,False,55,7.455,1232,2265,7.455,False,3.729,3.726,0.006,False,False,4.968,101.1,100.4,101.1,,,,,,,,,Idle,,,True,,False,8,Go Home,True,True,True,False,False,False,False,False,False,False,False,False,43.0666047727683,-77.6229698903817,35.1,313.7,1640.4,True,1,1,False,False,False,False,,True,False,False,,328,,16.4,Calm,41,, 1.8.0,DJI Mini 3 Pro,1581F4XF3229R006,53HFK5R0M30ACD,5HAZK6H0018AUR,52XPK6ACA001NV,180.6,0.7,59,13.23575,6.487126,0,8942,DJI Mini 3 Pro,1581F4XF3229R006,53HFK5R0M30ACD,5HAZK6H0018AUR,52XPK6ACA001NV,DJI Fly,, 1.8.0,61EABE4C-BCDC-32F4-D0CC-A1B5A0612123,1581F4XF3229R006W0A6,,,,,,,,,,
6/20/2023,8:51:50.71 AM,0m 30.2s,30.2,43.0665369154307,-77.6230711486128,39,39,34.7,573,52,6.502534,6.502534,-0.447388,0.223694,-6.487126,0.447388,,,-1.7,-5.8,2.4,2.4,ActiveTrack,Other,,25,5,True,,Mini 3 Pro,False,False,,Smart,RC,False,True,False,,,True,,False,False,False,False,False,False,False,False,False,False,0,Follow Yaw,-23.6,0,34.1,34.1,False,False,False,False,False,True,,True,Normal,100,100,724,1024,1024,1496,N,False,False,False,False,False,0,False,False,False,False,55,7.455,1232,2265,7.455,False,3.729,3.726,0.006,False,False,4.968,101.1,100.4,101.1,,,,,,,,,Idle,,,True,,False,8,Go Home,True,True,True,False,False,False,False,False,False,False,False,False,43.0666047727683,-77.6229698903817,36.6,313.7,1640.4,True,1,1,False,False,False,False,,True,False,False,,328,,16.4,Calm,41,, 1.8.0,DJI Mini 3 Pro,1581F4XF3229R006,53HFK5R0M30ACD,5HAZK6H0018AUR,52XPK6ACA001NV,180.6,0.7,59,13.23575,6.487126,0,8942,DJI Mini 3 Pro,1581F4XF3229R006,53HFK5R0M30ACD,5HAZK6H0018AUR,52XPK6ACA001NV,DJI Fly,, 1.8.0,61EABE4C-BCDC-32F4-D0CC-A1B5A0612123,1581F4XF3229R006W0A6,,,,,,,,,,
6/20/2023,8:51:50.91 AM,0m 30.4s,30.4,43.0665364480247,-77.6230782503176,39,39,34.7,573,53.9,6.490981,6.502534,-0.223694,0.223694,-6.487126,0.447388,,,-1.2,-5.9,3.8,3.8,ActiveTrack,Other,,25,5,True,,Mini 3 Pro,False,False,,Smart,RC,False,True,False,,,True,,False,False,False,False,False,False,False,False,False,False,0,Follow Yaw,-23.6,0,35.5,35.5,False,False,False,False,False,True,,True,Normal,100,100,723,1024,1024,1499,N,False,False,False,False,False,0,False,False,False,False,55,7.455,1232,2265,7.455,False,3.729,3.726,0.006,False,False,4.968,101.1,100.4,101.1,,,,,,,,,Idle,,,True,,False,8,Go Home,True,True,True,False,False,False,False,False,False,False,False,False,43.0666047727683,-77.6229698903817,38.1,313.7,1640.4,True,1,1,False,False,False,False,,True,False,False,,328,,16.4,Calm,41,, 1.8.0,DJI Mini 3 Pro,1581F4XF3229R006,53HFK5R0M30ACD,5HAZK6H0018AUR,52XPK6ACA001NV,180.6,0.7,59,13.23575,6.487126,0,8942,DJI Mini 3 Pro,1581F4XF3229R006,53HFK5R0M30ACD,5HAZK6H0018AUR,52XPK6ACA001NV,DJI Fly,, 1.8.0,61EABE4C-BCDC-32F4-D0CC-A1B5A0612123,1581F4XF3229R006W0A6,,,,,,,,,,
6/20/2023,8:51:51.12 AM,0m 30.6s,30.6,43.0665360621748,-77.6230854164236,39,39,34.7,573,55.8,6.490981,6.502534,-0.223694,0.223694,-6.487126,0.447388,,,-1,-5.9,5.2,5.2,ActiveTrack,Other,,25,5,True,,Mini 3 Pro,False,False,,Smart,RC,False,True,False,,,True,,False,False,False,False,False,False,False,False,False,False,0,Follow Yaw,-23.5,0,36.9,36.9,False,False,False,False,False,True,,True,Normal,100,100,723,1024,1024,1499,N,False,False,False,False,False,0,False,False,False,False,55,7.455,1232,2265,7.455,False,3.729,3.726,0.006,False,False,4.968,101.1,100.4,101.1,,,,,,,,,Idle,,,True,,False,8,Go Home,True,True,True,False,False,False,False,False,False,False,False,False,43.0666047727683,-77.6229698903817,39.7,313.7,1640.4,True,1,1,False,False,False,False,,True,False,False,,328,,16.4,Calm,41,, 1.8.0,DJI Mini 3 Pro,1581F4XF3229R006,53HFK5R0M30ACD,5HAZK6H0018AUR,52XPK6ACA001NV,180.6,0.7,59,13.23575,6.487126,0,8942,DJI Mini 3 Pro,1581F4XF3229R006,53HFK5R0M30ACD,5HAZK6H0018AUR,52XPK6ACA001NV,DJI Fly,, 1.8.0,61EABE4C-BCDC-32F4-D0CC-A1B5A0612123,1581F4XF3229R006W0A6,,,,,,,,,,
6/20/2023,8:51:51.32 AM,0m 30.8s,30.8,43.0665357562877,-77.623092651387,39,39,34.7,573,57.7,6.487126,6.502534,,0.223694,-6.487126,0.447388,,,-1.3,-6.2,6.5,6.5,ActiveTrack,Other,,25,5,True,,Mini 3 Pro,False,False,,Smart,RC,False,True,False,,,True,,False,False,False,False,False,False,False,False,False,False,0,Follow Yaw,-23.4,0,38.3,38.3,False,False,False,False,False,True,,True,Normal,100,100,724,1024,1024,1499,N,False,False,False,False,False,0,False,False,False,False,55,7.454,1231,2265,7.454,False,3.729,3.725,0.006,False,False,4.904,101.3,100.4,101.3,,,,,,,,,Idle,,,True,,False,8,Go Home,True,True,True,False,False,False,False,False,False,False,False,False,43.0666047727683,-77.6229698903817,41.2,313.7,1640.4,True,1,1,False,False,False,False,,True,False,False,,328,,16.4,Calm,41,, 1.8.0,DJI Mini 3 Pro,1581F4XF3229R006,53HFK5R0M30ACD,5HAZK6H0018AUR,52XPK6ACA001NV,180.6,0.7,59,13.23575,6.487126,0,8942,DJI Mini 3 Pro,1581F4XF3229R006,53HFK5R0M30ACD,5HAZK6H0018AUR,52XPK6ACA001NV,DJI Fly,, 1.8.0,61EABE4C-BCDC-32F4-D0CC-A1B5A0612123,1581F4XF3229R006W0A6,,,,,,,,,,
6/20/2023,8:51:51.52 AM,0m 31.0s,31,43.0665355785646,-77.6230999822017,39,39,34.7,573,59.7,6.71082,6.71082,,0.223694,-6.71082,0.447388,,,-1,-6.1,8,8,ActiveTrack,Other,,25,5,True,,Mini 3 Pro,False,False,,Smart,RC,False,True,False,,,True,,False,False,False,False,False,False,False,False,False,False,0,Follow Yaw,-23.3,0,39.7,39.7,False,False,False,False,False,True,,True,Normal,100,100,724,1024,1024,1499,N,False,False,False,False,False,0,False,False,False,False,55,7.454,1231,2265,7.454,False,3.729,3.725,0.006,False,False,4.904,101.3,100.4,101.3,,,,,,,,,Idle,,,True,,False,8,Go Home,True,True,True,False,False,False,False,False,False,False,False,False,43.0666047727683,-77.6229698903817,42.8,313.7,1640.4,True,1,1,False,False,False,False,,True,False,False,,328,,16.4,Calm,41,, 1.8.0,DJI Mini 3 Pro,1581F4XF3229R006,53HFK5R0M30ACD,5HAZK6H0018AUR,52XPK6ACA001NV,180.6,0.7,59,13.23575,6.487126,0,8942,DJI Mini 3 Pro,1581F4XF3229R006,53HFK5R0M30ACD,5HAZK6H0018AUR,52XPK6ACA001NV,DJI Fly,, 1.8.0,61EABE4C-BCDC-32F4-D0CC-A1B5A0612123,1581F4XF3229R006W0A6,,,,,,,,,,
6/20/2023,8:51:51.72 AM,0m 31.2s,31.2,43.0665355450768,-77.6231073798216,39,39,34.7,573,61.7,6.71082,6.71082,,0.223694,-6.71082,0.447388,,,-0.9,-6,9.4,9.4,ActiveTrack,Other,,25,5,True,,Mini 3 Pro,False,False,,Smart,RC,False,True,False,,,True,,False,False,False,False,False,False,False,False,False,False,0,Follow Yaw,-23.3,0,41.2,41.2,False,False,False,False,False,True,,True,Normal,100,100,724,1024,1024,1499,N,False,False,False,False,False,0,False,False,False,False,55,7.454,1231,2265,7.454,False,3.729,3.725,0.006,False,False,4.904,101.3,100.4,101.3,,,,,,,,,Idle,,,True,,False,8,Go Home,True,True,True,False,False,False,False,False,False,False,False,False,43.0666047727683,-77.6229698903817,44.5,313.7,1640.4,True,1,1,False,False,False,False,,True,False,False,,328,,16.4,Calm,41,, 1.8.0,DJI Mini 3 Pro,1581F4XF3229R006,53HFK5R0M30ACD,5HAZK6H0018AUR,52XPK6ACA001NV,180.6,0.7,59,13.23575,6.487126,0,8942,DJI Mini 3 Pro,1581F4XF3229R006,53HFK5R0M30ACD,5HAZK6H0018AUR,52XPK6ACA001NV,DJI Fly,, 1.8.0,61EABE4C-BCDC-32F4-D0CC-A1B5A0612123,1581F4XF3229R006W0A6,,,,,,,,,,
6/20/2023,8:51:51.92 AM,0m 31.4s,31.4,43.0665356198995,-77.6231148224357,39,39,34.7,573,63.7,6.714547,6.714547,0.223694,0.223694,-6.71082,0.447388,,,-0.5,-5.8,10.7,10.7,ActiveTrack,Other,,25,5,True,,Mini 3 Pro,False,False,,Smart,RC,False,True,False,,,True,,False,False,False,False,False,False,False,False,False,False,0,Follow Yaw,-23.2,0,42.6,42.6,False,False,False,False,False,True,,True,Normal,100,100,723,1024,1024,1499,N,False,False,False,False,False,0,False,False,False,False,55,7.454,1231,2265,7.454,False,3.729,3.725,0.006,False,False,4.904,101.3,100.4,101.3,,,,,,,,,Idle,,,True,,False,8,Go Home,True,True,True,False,False,False,False,False,False,False,False,False,43.0666047727683,-77.6229698903817,46.1,313.7,1640.4,True,1,1,False,False,False,False,,True,False,False,,328,,16.4,Calm,41,, 1.8.0,DJI Mini 3 Pro,1581F4XF3229R006,53HFK5R0M30ACD,5HAZK6H0018AUR,52XPK6ACA001NV,180.6,0.7,59,13.23575,6.487126,0,8942,DJI Mini 3 Pro,1581F4XF3229R006,53HFK5R0M30ACD,5HAZK6H0018AUR,52XPK6ACA001NV,DJI Fly,, 1.8.0,61EABE4C-BCDC-32F4-D0CC-A1B5A0612123,1581F4XF3229R006W0A6,,,,,,,,,,
6/20/2023,8:51:52.13 AM,0m 31.6s,31.6,43.0665357909362,-77.6231223020816,39,39,34.7,573,65.7,6.714547,6.714547,0.223694,0.223694,-6.71082,0.447388,,,-0.4,-5.6,12.3,12.3,ActiveTrack,Other,,25,5,True,,Mini 3 Pro,False,False,,Smart,RC,False,True,False,,,True,,False,False,False,False,False,False,False,False,False,False,0,Follow Yaw,-23.1,0,44.1,44.1,False,False,False,False,False,True,,True,Normal,100,100,723,1024,1024,1500,N,False,False,False,False,False,0,False,False,False,False,55,7.454,1231,2265,7.454,False,3.729,3.725,0.006,False,False,4.904,101.3,100.4,101.3,,,,,,,,,Idle,,,True,,False,8,Go Home,True,True,True,False,False,False,False,False,False,False,False,False,43.0666047727683,-77.6229698903817,47.7,313.7,1640.4,True,1,1,False,False,False,False,,True,False,False,,328,,16.4,Calm,41,, 1.8.0,DJI Mini 3 Pro,1581F4XF3229R006,53HFK5R0M30ACD,5HAZK6H0018AUR,52XPK6ACA001NV,180.6,0.7,59,13.23575,6.487126,0,8942,DJI Mini 3 Pro,1581F4XF3229R006,53HFK5R0M30ACD,5HAZK6H0018AUR,52XPK6ACA001NV,DJI Fly,, 1.8.0,61EABE4C-BCDC-32F4-D0CC-A1B5A0612123,1581F4XF3229R006W0A6,,,,,,,,,,
6/20/2023,8:51:52.33 AM,0m 31.8s,31.8,43.0665360825981,-77.623129768465,39,39,34.7,573,67.6,6.725716,6.725716,0.447388,0.447388,-6.71082,0.447388,,,-0.5,-5.9,13.8,13.8,ActiveTrack,Other,,25,5,True,,Mini 3 Pro,False,False,,Smart,RC,False,True,False,,,True,,False,False,False,False,False,False,False,False,False,False,0,Follow Yaw,-23,0,45.5,45.5,False,False,False,False,False,True,,True,Normal,100,100,723,1024,1024,1499,N,False,False,False,False,False,0,False,False,False,False,55,7.452,1229,2265,7.452,False,3.728,3.724,0.006,False,False,4.937,101.3,100.4,101.3,,,,,,,,,Idle,,,True,,False,8,Go Home,True,True,True,False,False,False,False,False,False,False,False,False,43.0666047727683,-77.6229698903817,49.4,313.7,1640.4,True,1,1,False,False,False,False,,True,False,False,,328,,16.4,Calm,41,, 1.8.0,DJI Mini 3 Pro,1581F4XF3229R006,53HFK5R0M30ACD,5HAZK6H0018AUR,52XPK6ACA001NV,180.6,0.7,59,13.23575,6.487126,0,8942,DJI Mini 3 Pro,1581F4XF3229R006,53HFK5R0M30ACD,5HAZK6H0018AUR,52XPK6ACA001NV,DJI Fly,, 1.8.0,61EABE4C-BCDC-32F4-D0CC-A1B5A0612123,1581F4XF3229R006W0A6,,,,,,,,,,
6/20/2023,8:51:52.53 AM,0m 32.0s,32,43.0665364927306,-77.6231372431975,39,39,34.7,573,69.6,6.725716,6.725716,0.447388,0.447388,-6.71082,0.447388,,,-0.5,-5.8,15.2,15.2,ActiveTrack,Other,,25,5,True,,Mini 3 Pro,False,False,,Smart,RC,False,True,False,,,True,,False,False,False,False,False,False,False,False,False,False,0,Follow Yaw,-22.9,0,47,47,False,False,False,False,False,True,,True,Normal,100,100,724,1024,1024,1499,N,False,False,False,False,False,0,False,False,False,False,55,7.452,1229,2265,7.452,False,3.728,3.724,0.006,False,False,4.937,101.3,100.4,101.3,,,,,,,,,Idle,,,True,,False,8,Go Home,True,True,True,False,False,False,False,False,False,False,False,False,43.0666047727683,-77.6229698903817,51,313.7,1640.4,True,1,1,False,False,False,False,,True,False,False,,328,,16.4,Calm,41,, 1.8.0,DJI Mini 3 Pro,1581F4XF3229R006,53HFK5R0M30ACD,5HAZK6H0018AUR,52XPK6ACA001NV,180.6,0.7,59,13.23575,6.487126,0,8942,DJI Mini 3 Pro,1581F4XF3229R006,53HFK5R0M30ACD,5HAZK6H0018AUR,52XPK6ACA001NV,DJI Fly,, 1.8.0,61EABE4C-BCDC-32F4-D0CC-A1B5A0612123,1581F4XF3229R006W0A6,,,,,,,,,,
6/20/2023,8:51:52.73 AM,0m 32.2s,32.2,43.0665369941213,-77.6231447464838,39,39,34.7,573,71.7,6.74429,6.74429,0.671082,0.671082,-6.71082,0.447388,,,-0.4,-5.6,16.6,16.6,ActiveTrack,Other,,25,5,True,,Mini 3 Pro,False,False,,Smart,RC,False,True,False,,,True,,False,False,False,False,False,False,False,False,False,False,0,Follow Yaw,-22.8,0,48.5,48.5,False,False,False,False,False,True,,True,Normal,100,100,723,1024,1024,1499,N,False,False,False,False,False,0,False,False,False,False,55,7.452,1229,2265,7.452,False,3.728,3.724,0.006,False,False,4.937,101.3,100.4,101.3,,,,,,,,,Idle,,,True,,False,8,Go Home,True,True,True,False,False,False,False,False,False,False,False,False,43.0666047727683,-77.6229698903817,52.7,313.7,1640.4,True,1,1,False,False,False,False,,True,False,False,,328,,16.4,Calm,41,, 1.8.0,DJI Mini 3 Pro,1581F4XF3229R006,53HFK5R0M30ACD,5HAZK6H0018AUR,52XPK6ACA001NV,180.6,0.7,59,13.23575,6.487126,0,8942,DJI Mini 3 Pro,1581F4XF3229R006,53HFK5R0M30ACD,5HAZK6H0018AUR,52XPK6ACA001NV,DJI Fly,, 1.8.0,61EABE4C-BCDC-32F4-D0CC-A1B5A0612123,1581F4XF3229R006W0A6,,,,,,,,,,
6/20/2023,8:51:52.93 AM,0m 32.4s,32.4,43.0665376023146,-77.6231522488672,39,39,34.7,573,73.7,6.74429,6.74429,0.671082,0.671082,-6.71082,0.447388,,,-0.5,-5.6,18.1,18.1,ActiveTrack,Other,,25,5,True,,Mini 3 Pro,False,False,,Smart,RC,False,True,False,,,True,,False,False,False,False,False,False,False,False,False,False,0,Follow Yaw,-22.7,0,49.9,49.9,False,False,False,False,False,True,,True,Normal,100,100,723,1024,1024,1499,N,False,False,False,False,False,0,False,False,False,False,55,7.452,1229,2265,7.452,False,3.728,3.724,0.006,False,False,4.937,101.3,100.4,101.3,,,,,,,,,Idle,,,True,,False,8,Go Home,True,True,True,False,False,False,False,False,False,False,False,False,43.0666047727683,-77.6229698903817,54.4,313.7,1640.4,True,1,1,False,False,False,False,,True,False,False,,328,,16.4,Calm,41,, 1.8.0,DJI Mini 3 Pro,1581F4XF3229R006,53HFK5R0M30ACD,5HAZK6H0018AUR,52XPK6ACA001NV,180.6,0.7,59,13.23575,6.487126,0,8942,DJI Mini 3 Pro,1581F4XF3229R006,53HFK5R0M30ACD,5HAZK6H0018AUR,52XPK6ACA001NV,DJI Fly,, 1.8.0,61EABE4C-BCDC-32F4-D0CC-A1B5A0612123,1581F4XF3229R006W0A6,,,,,,,,,,
6/20/2023,8:51:53.14 AM,0m 32.6s,32.6,43.0665382821052,-77.6231597272349,39,39,34.7,573,75.7,6.770208,6.770208,0.894776,0.894776,-6.71082,0.447388,,,-1.2,-6.2,19.6,19.6,ActiveTrack,Other,,25,5,True,,Mini 3 Pro,False,False,,Smart,RC,False,True,False,,,True,,False,False,False,False,False,False,False,False,False,False,0,Follow Yaw,-22.6,0,51.4,51.4,False,False,False,False,False,True,,True,Normal,100,100,723,1024,1024,1499,N,False,False,False,False,False,0,False,False,False,False,55,7.452,1229,2265,7.452,False,3.728,3.724,0.006,False,False,4.937,101.3,100.4,101.3,,,,,,,,,Idle,,,True,,False,8,Go Home,True,True,True,False,False,False,False,False,False,False,False,False,43.0666047727683,-77.6229698903817,56.1,313.7,1640.4,True,1,1,False,False,False,False,,True,False,False,,328,,16.4,Calm,41,, 1.8.0,DJI Mini 3 Pro,1581F4XF3229R006,53HFK5R0M30ACD,5HAZK6H0018AUR,52XPK6ACA001NV,180.6,0.7,59,13.23575,6.487126,0,8942,DJI Mini 3 Pro,1581F4XF3229R006,53HFK5R0M30ACD,5HAZK6H0018AUR,52XPK6ACA001NV,DJI Fly,, 1.8.0,61EABE4C-BCDC-32F4-D0CC-A1B5A0612123,1581F4XF3229R006W0A6,,,,,,,,,,
6/20/2023,8:51:53.34 AM,0m 32.8s,32.8,43.0665391094593,-77.6231672027415,39,39,34.7,573,77.7,6.803387,6.803387,1.11847,1.11847,-6.71082,0.447388,,,-1,-6.7,21,21,ActiveTrack,Other,,25,5,True,,Mini 3 Pro,False,False,,Smart,RC,False,True,False,,,True,,False,False,False,False,False,False,False,False,False,False,0,Follow Yaw,-22.5,0,52.8,52.8,False,False,False,False,False,True,,True,Normal,100,100,723,1026,1024,1499,N,False,False,False,False,False,0,False,False,False,False,55,7.45,1228,2265,7.45,False,3.728,3.722,0.006,False,False,4.932,101.3,100.4,101.3,,,,,,,,,Idle,,,True,,False,8,Go Home,True,True,True,False,False,False,False,False,False,False,False,False,43.0666047727683,-77.6229698903817,57.7,313.7,1640.4,True,1,1,False,False,False,False,,True,False,False,,328,,16.4,Calm,41,, 1.8.0,DJI Mini 3 Pro,1581F4XF3229R006,53HFK5R0M30ACD,5HAZK6H0018AUR,52XPK6ACA001NV,180.6,0.7,59,13.23575,6.487126,0,8942,DJI Mini 3 Pro,1581F4XF3229R006,53HFK5R0M30ACD,5HAZK6H0018AUR,52XPK6ACA001NV,DJI Fly,, 1.8.0,61EABE4C-BCDC-32F4-D0CC-A1B5A0612123,1581F4XF3229R006W0A6,,,,,,,,,,
6/20/2023,8:51:53.54 AM,0m 33.0s,33,43.0665401103688,-77.6231746683861,39,39,34.7,573,79.7,6.84372,6.84372,1.342164,1.342164,-6.71082,0.447388,,,-1.1,-6.5,22.4,22.4,ActiveTrack,Other,,25,5,True,,Mini 3 Pro,False,False,,Smart,RC,False,True,False,,,True,,False,False,False,False,False,False,False,False,False,False,0,Follow Yaw,-22.4,0,54.3,54.3,False,False,False,False,False,True,,True,Normal,100,100,724,1030,1024,1499,N,False,False,False,False,False,0,False,False,False,False,55,7.45,1228,2265,7.45,False,3.728,3.722,0.006,False,False,4.932,101.3,100.4,101.3,,,,,,,,,Idle,,,True,,False,8,Go Home,True,True,True,False,False,False,False,False,False,False,False,False,43.0666047727683,-77.6229698903817,59.4,313.7,1640.4,True,1,1,False,False,False,False,,True,False,False,,328,,16.4,Calm,41,, 1.8.0,DJI Mini 3 Pro,1581F4XF3229R006,53HFK5R0M30ACD,5HAZK6H0018AUR,52XPK6ACA001NV,180.6,0.7,59,13.23575,6.487126,0,8942,DJI Mini 3 Pro,1581F4XF3229R006,53HFK5R0M30ACD,5HAZK6H0018AUR,52XPK6ACA001NV,DJI Fly,, 1.8.0,61EABE4C-BCDC-32F4-D0CC-A1B5A0612123,1581F4XF3229R006W0A6,,,,,,,,,,
6/20/2023,8:51:53.74 AM,0m 33.2s,33.2,43.0665412724546,-77.6231821310288,39,39,34.7,573,81.7,6.84372,6.84372,1.342164,1.342164,-6.71082,0.447388,,,-0.5,-6.3,23.9,23.9,ActiveTrack,Other,,25,5,True,,Mini 3 Pro,False,False,,Smart,RC,False,True,False,,,True,,False,False,False,False,False,False,False,False,False,False,0,Follow Yaw,-22.3,0,55.8,55.8,False,False,False,False,False,True,,True,Normal,100,100,723,1029,1024,1499,N,False,False,False,False,False,0,False,False,False,False,55,7.45,1228,2265,7.45,False,3.728,3.722,0.006,False,False,4.932,101.3,100.4,101.3,,,,,,,,,Idle,,,True,,False,8,Go Home,True,True,True,False,False,False,False,False,False,False,False,False,43.0666047727683,-77.6229698903817,61.1,313.7,1640.4,True,1,1,False,False,False,False,,True,False,False,,328,,16.4,Calm,41,, 1.8.0,DJI Mini 3 Pro,1581F4XF3229R006,53HFK5R0M30ACD,5HAZK6H0018AUR,52XPK6ACA001NV,180.6,0.7,59,13.23575,6.487126,0,8942,DJI Mini 3 Pro,1581F4XF3229R006,53HFK5R0M30ACD,5HAZK6H0018AUR,52XPK6ACA001NV,DJI Fly,, 1.8.0,61EABE4C-BCDC-32F4-D0CC-A1B5A0612123,1581F4XF3229R006W0A6,,,,,,,,,,
6/20/2023,8:51:53.94 AM,0m 33.4s,33.4,43.0665425493358,-77.6231895907868,39,39,34.7,573,83.8,6.891082,6.891082,1.565858,1.565858,-6.71082,0.447388,,,-0.7,-6.2,25.4,25.4,ActiveTrack,Other,,25,5,True,,Mini 3 Pro,False,False,,Smart,RC,False,True,False,,,True,,False,False,False,False,False,False,False,False,False,False,0,Follow Yaw,-22.1,0,57.2,57.2,False,False,False,False,False,True,,True,Normal,100,100,723,1028,1024,1499,N,False,False,False,False,False,0,False,False,False,False,55,7.45,1228,2265,7.45,False,3.728,3.722,0.006,False,False,4.932,101.3,100.4,101.3,,,,,,,,,Idle,,,True,,False,8,Go Home,True,True,True,False,False,False,False,False,False,False,False,False,43.0666047727683,-77.6229698903817,62.8,313.7,1640.4,True,1,1,False,False,False,False,,True,False,False,,328,,16.4,Calm,41,, 1.8.0,DJI Mini 3 Pro,1581F4XF3229R006,53HFK5R0M30ACD,5HAZK6H0018AUR,52XPK6ACA001NV,180.6,0.7,59,13.23575,6.487126,0,8942,DJI Mini 3 Pro,1581F4XF3229R006,53HFK5R0M30ACD,5HAZK6H0018AUR,52XPK6ACA001NV,DJI Fly,, 1.8.0,61EABE4C-BCDC-32F4-D0CC-A1B5A0612123,1581F4XF3229R006W0A6,,,,,,,,,,
6/20/2023,8:51:54.05 AM,0m 33.6s,33.6,43.0665439257037,-77.6231970233161,39,39,34.7,573,85.8,6.891082,6.891082,1.565858,1.565858,-6.71082,0.447388,,,-0.5,-6.3,26.8,26.8,ActiveTrack,Other,,25,5,True,,Mini 3 Pro,False,False,,Smart,RC,False,True,False,,,True,,False,False,False,False,False,False,False,False,False,False,0,Follow Yaw,-22,0,58.7,58.7,False,False,False,False,False,True,,True,Normal,100,100,724,1027,1024,1510,N,False,False,False,False,False,0,False,False,False,False,55,7.45,1228,2265,7.45,False,3.728,3.722,0.006,False,False,4.932,101.3,100.4,101.3,,,,,,,,,Idle,,,True,,False,8,Go Home,True,True,True,False,False,False,False,False,False,False,False,False,43.0666047727683,-77.6229698903817,64.4,313.7,1640.4,True,1,1,False,False,False,False,,True,False,False,,328,,16.4,Calm,41,, 1.8.0,DJI Mini 3 Pro,1581F4XF3229R006,53HFK5R0M30ACD,5HAZK6H0018AUR,52XPK6ACA001NV,180.6,0.7,59,13.23575,6.487126,0,8942,DJI Mini 3 Pro,1581F4XF3229R006,53HFK5R0M30ACD,5HAZK6H0018AUR,52XPK6ACA001NV,DJI Fly,, 1.8.0,61EABE4C-BCDC-32F4-D0CC-A1B5A0612123,1581F4XF3229R006W0A6,,,,,,,,,,
6/20/2023,8:51:54.35 AM,0m 33.8s,33.8,43.0665454242901,-77.6232044489738,39,39,34.7,573,87.9,6.945329,6.945329,1.789552,1.789552,-6.71082,0.447388,,,-0.9,-6.1,28.4,28.4,ActiveTrack,Other,,25,5,True,,Mini 3 Pro,False,False,,Smart,RC,False,True,False,,,True,,False,False,False,False,False,False,False,False,False,False,0,Follow Yaw,-21.9,0,60.1,60.1,False,False,False,False,False,True,,True,Normal,100,100,723,1024,1024,1523,N,False,False,False,False,False,0,False,False,False,False,55,7.448,1227,2265,7.448,False,3.727,3.721,0.006,False,False,4.964,101.3,100.4,101.3,,,,,,,,,Idle,,,True,,False,8,Go Home,True,True,True,False,False,False,False,False,False,False,False,False,43.0666047727683,-77.6229698903817,66.1,313.7,1640.4,True,1,1,False,False,False,False,,True,False,False,,328,,16.4,Calm,41,, 1.8.0,DJI Mini 3 Pro,1581F4XF3229R006,53HFK5R0M30ACD,5HAZK6H0018AUR,52XPK6ACA001NV,180.6,0.7,59,13.23575,6.487126,0,8942,DJI Mini 3 Pro,1581F4XF3229R006,53HFK5R0M30ACD,5HAZK6H0018AUR,52XPK6ACA001NV,DJI Fly,, 1.8.0,61EABE4C-BCDC-32F4-D0CC-A1B5A0612123,1581F4XF3229R006W0A6,,,,,,,,,,
6/20/2023,8:51:54.55 AM,0m 34.0s,34,43.0665470266465,-77.6232118653911,39,39,34.7,573,89.9,7.006301,7.006301,2.013246,2.013246,-6.71082,0.447388,,,-0.9,-6.1,29.8,29.8,ActiveTrack,Other,,25,5,True,,Mini 3 Pro,False,False,,Smart,RC,False,True,False,,,True,,False,False,False,False,False,False,False,False,False,False,0,Follow Yaw,-21.8,0,61.6,61.6,False,False,False,False,False,True,,True,Normal,100,100,724,1024,1024,1526,N,False,False,False,False,False,0,False,False,False,False,55,7.448,1227,2265,7.448,False,3.727,3.721,0.006,False,False,4.964,101.3,100.4,101.3,,,,,,,,,Idle,,,True,,False,8,Go Home,True,True,True,False,False,False,False,False,False,False,False,False,43.0666047727683,-77.6229698903817,67.8,313.7,1640.4,True,1,1,False,False,False,False,,True,False,False,,328,,16.4,Calm,41,, 1.8.0,DJI Mini 3 Pro,1581F4XF3229R006,53HFK5R0M30ACD,5HAZK6H0018AUR,52XPK6ACA001NV,180.6,0.7,59,13.23575,6.487126,0,8942,DJI Mini 3 Pro,1581F4XF3229R006,53HFK5R0M30ACD,5HAZK6H0018AUR,52XPK6ACA001NV,DJI Fly,, 1.8.0,61EABE4C-BCDC-32F4-D0CC-A1B5A0612123,1581F4XF3229R006W0A6,,,,,,,,,,
6/20/2023,8:51:54.65 AM,0m 34.2s,34.2,43.066548773868,-77.6232192609823,39,39,34.7,573,92,7.006301,7.006301,2.013246,2.013246,-6.71082,0.447388,,,-0.8,-6.1,31.3,31.3,ActiveTrack,Other,,25,5,True,,Mini 3 Pro,False,False,,Smart,RC,False,True,False,,,True,,False,False,False,False,False,False,False,False,False,False,0,Follow Yaw,-21.7,0,63,63,False,False,False,False,False,True,,True,Normal,100,100,724,1024,1024,1525,N,False,False,False,False,False,0,False,False,False,False,55,7.448,1227,2265,7.448,False,3.727,3.721,0.006,False,False,4.964,101.3,100.4,101.3,,,,,,,,,Idle,,,True,,False,8,Go Home,True,True,True,False,False,False,False,False,False,False,False,False,43.0666047727683,-77.6229698903817,69.5,313.7,1640.4,True,1,1,False,False,False,False,,True,False,False,,328,,16.4,Calm,41,, 1.8.0,DJI Mini 3 Pro,1581F4XF3229R006,53HFK5R0M30ACD,5HAZK6H0018AUR,52XPK6ACA001NV,180.6,0.7,59,13.23575,6.487126,0,8942,DJI Mini 3 Pro,1581F4XF3229R006,53HFK5R0M30ACD,5HAZK6H0018AUR,52XPK6ACA001NV,DJI Fly,, 1.8.0,61EABE4C-BCDC-32F4-D0CC-A1B5A0612123,1581F4XF3229R006W0A6,,,,,,,,,,
6/20/2023,8:51:54.96 AM,0m 34.4s,34.4,43.0665506633245,-77.6232266331443,39,39,34.7,573,94.1,7.073825,7.073825,2.23694,2.23694,-6.71082,0.447388,,,-0.4,-5.8,32.7,32.7,ActiveTrack,Other,,25,5,True,,Mini 3 Pro,False,False,,Smart,RC,False,True,False,,,True,,False,False,False,False,False,False,False,False,False,False,0,Follow Yaw,-21.5,0,64.5,64.5,False,False,False,False,False,True,,True,Normal,100,100,723,1024,1024,1525,N,False,False,False,False,False,0,False,False,False,False,55,7.448,1227,2265,7.448,False,3.727,3.721,0.006,False,False,4.964,101.3,100.4,101.3,,,,,,,,,Idle,,,True,,False,8,Go Home,True,True,True,False,False,False,False,False,False,False,False,False,43.0666047727683,-77.6229698903817,71.2,313.7,1640.4,True,1,1,False,False,False,False,,True,False,False,,328,,16.4,Calm,41,, 1.8.0,DJI Mini 3 Pro,1581F4XF3229R006,53HFK5R0M30ACD,5HAZK6H0018AUR,52XPK6ACA001NV,180.6,0.7,59,13.23575,6.487126,0,8942,DJI Mini 3 Pro,1581F4XF3229R006,53HFK5R0M30ACD,5HAZK6H0018AUR,52XPK6ACA001NV,DJI Fly,, 1.8.0,61EABE4C-BCDC-32F4-D0CC-A1B5A0612123,1581F4XF3229R006W0A6,,,,,,,,,,
6/20/2023,8:51:55.16 AM,0m 34.6s,34.6,43.0665526769657,-77.623233971159,39,39,34.7,573,96.2,6.938121,7.073825,2.460634,2.460634,-6.487126,0.447388,,,-0.4,-5.8,34.1,34.1,ActiveTrack,Other,,25,5,True,,Mini 3 Pro,False,False,,Smart,RC,False,True,False,,,True,,False,False,False,False,False,False,False,False,False,False,0,Follow Yaw,-21.4,0,65.9,65.9,False,False,False,False,False,True,,True,Normal,100,100,724,1048,1024,1523,N,False,False,False,False,False,0,False,False,False,False,55,7.448,1227,2265,7.448,False,3.727,3.721,0.006,False,False,4.964,101.3,100.4,101.3,,,,,,,,,Idle,,,True,,False,8,Go Home,True,True,True,False,False,False,False,False,False,False,False,False,43.0666047727683,-77.6229698903817,72.9,313.7,1640.4,True,1,1,False,False,False,False,,True,False,False,,328,,16.4,Calm,41,, 1.8.0,DJI Mini 3 Pro,1581F4XF3229R006,53HFK5R0M30ACD,5HAZK6H0018AUR,52XPK6ACA001NV,180.6,0.7,59,13.23575,6.487126,0,8942,DJI Mini 3 Pro,1581F4XF3229R006,53HFK5R0M30ACD,5HAZK6H0018AUR,52XPK6ACA001NV,DJI Fly,, 1.8.0,61EABE4C-BCDC-32F4-D0CC-A1B5A0612123,1581F4XF3229R006W0A6,,,,,,,,,,
6/20/2023,8:51:55.26 AM,0m 34.8s,34.8,43.066554789331,-77.6232412290826,39,39,34.7,573,98.3,7.020571,7.073825,2.684328,2.684328,-6.487126,0.447388,,,-0.3,-6,35.6,35.6,ActiveTrack,Other,,25,5,True,,Mini 3 Pro,False,False,,Smart,RC,False,True,False,,,True,,False,False,False,False,False,False,False,False,False,False,0,Follow Yaw,-21.3,0,67.3,67.3,False,False,False,False,False,True,,True,Normal,100,100,724,1058,1024,1523,N,False,False,False,False,False,0,False,False,False,False,55,7.446,1225,2265,7.446,False,3.727,3.721,0.006,False,False,4.937,101.5,100.4,101.4,,,,,,,,,Idle,,,True,,False,8,Go Home,True,True,True,False,False,False,False,False,False,False,False,False,43.0666047727683,-77.6229698903817,74.5,313.7,1640.4,True,1,1,False,False,False,False,,True,False,False,,328,,16.4,Calm,41,, 1.8.0,DJI Mini 3 Pro,1581F4XF3229R006,53HFK5R0M30ACD,5HAZK6H0018AUR,52XPK6ACA001NV,180.6,0.7,59,13.23575,6.487126,0,8942,DJI Mini 3 Pro,1581F4XF3229R006,53HFK5R0M30ACD,5HAZK6H0018AUR,52XPK6ACA001NV,DJI Fly,, 1.8.0,61EABE4C-BCDC-32F4-D0CC-A1B5A0612123,1581F4XF3229R006W0A6,,,,,,,,,,
6/20/2023,8:51:55.56 AM,0m 35.0s,35,43.0665570170358,-77.6232484552746,39,39,34.7,573,100.4,7.020571,7.073825,2.684328,2.684328,-6.487126,0.447388,,,-0.3,-5.9,36.9,36.9,ActiveTrack,Other,,25,5,True,,Mini 3 Pro,False,False,,Smart,RC,False,True,False,,,True,,False,False,False,False,False,False,False,False,False,False,0,Follow Yaw,-21.2,0,68.7,68.7,False,False,False,False,False,True,,True,Normal,100,100,724,1064,1024,1524,N,False,False,False,False,False,0,False,False,False,False,55,7.446,1225,2265,7.446,False,3.725,3.721,0.006,False,False,4.937,101.5,100.4,101.4,,,,,,,,,Idle,,,True,,False,8,Go Home,True,True,True,False,False,False,False,False,False,False,False,False,43.0666047727683,-77.6229698903817,76.2,313.7,1640.4,True,1,1,False,False,False,False,,True,False,False,,328,,16.4,Calm,41,, 1.8.0,DJI Mini 3 Pro,1581F4XF3229R006,53HFK5R0M30ACD,5HAZK6H0018AUR,52XPK6ACA001NV,180.6,0.7,59,13.23575,6.487126,0,8942,DJI Mini 3 Pro,1581F4XF3229R006,53HFK5R0M30ACD,5HAZK6H0018AUR,52XPK6ACA001NV,DJI Fly,, 1.8.0,61EABE4C-BCDC-32F4-D0CC-A1B5A0612123,1581F4XF3229R006W0A6,,,,,,,,,,
6/20/2023,8:51:55.66 AM,0m 35.2s,35.2,43.0665593299163,-77.6232556325911,39,39,34.7,573,102.4,7.109106,7.109106,2.908022,2.908022,-6.487126,0.447388,,,-0.9,-5.9,38.4,38.4,ActiveTrack,Other,,25,5,True,,Mini 3 Pro,False,False,,Smart,RC,False,True,False,,,True,,False,False,False,False,False,False,False,False,False,False,0,Follow Yaw,-21.1,0,70.1,70.1,False,False,False,False,False,True,,True,Normal,100,100,724,1067,1024,1525,N,False,False,False,False,False,0,False,False,False,False,55,7.446,1225,2265,7.446,False,3.725,3.721,0.006,False,False,4.937,101.5,100.4,101.4,,,,,,,,,Idle,,,True,,False,8,Go Home,True,True,True,False,False,False,False,False,False,False,False,False,43.0666047727683,-77.6229698903817,77.9,313.7,1640.4,True,1,1,False,False,False,False,,True,False,False,,328,,16.4,Calm,41,, 1.8.0,DJI Mini 3 Pro,1581F4XF3229R006,53HFK5R0M30ACD,5HAZK6H0018AUR,52XPK6ACA001NV,180.6,0.7,59,13.23575,6.487126,0,8942,DJI Mini 3 Pro,1581F4XF3229R006,53HFK5R0M30ACD,5HAZK6H0018AUR,52XPK6ACA001NV,DJI Fly,, 1.8.0,61EABE4C-BCDC-32F4-D0CC-A1B5A0612123,1581F4XF3229R006W0A6,,,,,,,,,,
6/20/2023,8:51:55.97 AM,0m 35.4s,35.4,43.066561767654,-77.6232627463975,39,39,34.7,573,104.5,6.905589,7.109106,2.908022,2.908022,-6.263432,0.447388,,,-0.5,-5.7,39.8,39.8,ActiveTrack,Other,,25,5,True,,Mini 3 Pro,False,False,,Smart,RC,False,True,False,,,True,,False,False,False,False,False,False,False,False,False,False,0,Follow Yaw,-20.9,0,71.6,71.6,False,False,False,False,False,True,,True,Normal,100,100,724,1075,1024,1525,N,False,False,False,False,False,0,False,False,False,False,55,7.446,1225,2265,7.446,False,3.725,3.721,0.006,False,False,4.937,101.5,100.4,101.4,,,,,,,,,Idle,,,True,,False,8,Go Home,True,True,True,False,False,False,False,False,False,False,False,False,43.0666047727683,-77.6229698903817,79.6,313.7,1640.4,True,1,1,False,False,False,False,,True,False,False,,328,,16.4,Calm,41,, 1.8.0,DJI Mini 3 Pro,1581F4XF3229R006,53HFK5R0M30ACD,5HAZK6H0018AUR,52XPK6ACA001NV,180.6,0.7,59,13.23575,6.487126,0,8942,DJI Mini 3 Pro,1581F4XF3229R006,53HFK5R0M30ACD,5HAZK6H0018AUR,52XPK6ACA001NV,DJI Fly,, 1.8.0,61EABE4C-BCDC-32F4-D0CC-A1B5A0612123,1581F4XF3229R006W0A6,,,,,,,,,,
6/20/2023,8:51:56.07 AM,0m 35.6s,35.6,43.066564301897,-77.6232697829037,39,39,34.7,573,106.6,7.002729,7.109106,3.131716,3.131716,-6.263432,0.447388,,,-0.9,-6,41.2,41.2,ActiveTrack,Other,,25,5,True,,Mini 3 Pro,False,False,,Smart,RC,False,True,False,,,True,,False,False,False,False,False,False,False,False,False,False,0,Follow Yaw,-20.8,0,73,73,False,False,False,False,False,True,,True,Normal,100,100,724,1077,1024,1525,N,False,False,False,False,False,0,False,False,False,False,55,7.446,1225,2265,7.446,False,3.725,3.721,0.006,False,False,4.937,101.5,100.4,101.4,,,,,,,,,Idle,,,True,,False,8,Go Home,True,True,True,False,False,False,False,False,False,False,False,False,43.0666047727683,-77.6229698903817,81.2,313.7,1640.4,True,1,1,False,False,False,False,,True,False,False,,328,,16.4,Calm,41,, 1.8.0,DJI Mini 3 Pro,1581F4XF3229R006,53HFK5R0M30ACD,5HAZK6H0018AUR,52XPK6ACA001NV,180.6,0.7,59,13.23575,6.487126,0,8942,DJI Mini 3 Pro,1581F4XF3229R006,53HFK5R0M30ACD,5HAZK6H0018AUR,52XPK6ACA001NV,DJI Fly,, 1.8.0,61EABE4C-BCDC-32F4-D0CC-A1B5A0612123,1581F4XF3229R006W0A6,,,,,,,,,,
6/20/2023,8:51:56.27 AM,0m 35.8s,35.8,43.0665669532078,-77.623276730477,39,39,34.7,573,108.7,7.105586,7.109106,3.35541,3.35541,-6.263432,0.447388,,,-1.5,-6.3,42.6,42.6,ActiveTrack,Other,,25,5,True,,Mini 3 Pro,False,False,,Smart,RC,False,True,False,,,True,,False,False,False,False,False,False,False,False,False,False,0,Follow Yaw,-20.7,0,74.4,74.4,False,False,False,False,False,True,,True,Normal,100,100,724,1086,1024,1525,N,False,False,False,False,False,0,False,False,False,False,55,7.443,1224,2265,7.443,False,3.725,3.721,0.006,False,False,5.016,101.5,100.4,101.4,,,,,,,,,Idle,,,True,,False,8,Go Home,True,True,True,False,False,False,False,False,False,False,False,False,43.0666047727683,-77.6229698903817,82.9,313.7,1640.4,True,1,1,False,False,False,False,,True,False,False,,328,,16.4,Calm,41,, 1.8.0,DJI Mini 3 Pro,1581F4XF3229R006,53HFK5R0M30ACD,5HAZK6H0018AUR,52XPK6ACA001NV,180.6,0.7,59,13.23575,6.487126,0,8942,DJI Mini 3 Pro,1581F4XF3229R006,53HFK5R0M30ACD,5HAZK6H0018AUR,52XPK6ACA001NV,DJI Fly,, 1.8.0,61EABE4C-BCDC-32F4-D0CC-A1B5A0612123,1581F4XF3229R006W0A6,,,,,,,,,,
6/20/2023,8:51:56.57 AM,0m 36.0s,36,43.0665697133987,-77.6232835938314,39,39,34.7,573,110.8,6.909212,7.109106,3.35541,3.35541,-6.039738,0.447388,,,-1.6,-6.1,44,44,ActiveTrack,Other,,25,5,True,,Mini 3 Pro,False,False,,Smart,RC,False,True,False,,,True,,False,False,False,False,False,False,False,False,False,False,0,Follow Yaw,-20.6,0,75.8,75.8,False,False,False,False,False,True,,True,Normal,100,100,724,1096,1024,1525,N,False,False,False,False,False,0,False,False,False,False,55,7.443,1224,2265,7.443,False,3.724,3.719,0.006,False,False,5.016,101.5,100.4,101.4,,,,,,,,,Idle,,,True,,False,8,Go Home,True,True,True,False,False,False,False,False,False,False,False,False,43.0666047727683,-77.6229698903817,84.5,313.7,1640.4,True,1,1,False,False,False,False,,True,False,False,,328,,16.4,Calm,41,, 1.8.0,DJI Mini 3 Pro,1581F4XF3229R006,53HFK5R0M30ACD,5HAZK6H0018AUR,52XPK6ACA001NV,180.6,0.7,59,13.23575,6.487126,0,8942,DJI Mini 3 Pro,1581F4XF3229R006,53HFK5R0M30ACD,5HAZK6H0018AUR,52XPK6ACA001NV,DJI Fly,, 1.8.0,61EABE4C-BCDC-32F4-D0CC-A1B5A0612123,1581F4XF3229R006W0A6,,,,,,,,,,
6/20/2023,8:51:56.68 AM,0m 36.2s,36.2,43.06657257664,-77.6232903797449,39,39,34.7,573,112.9,7.020571,7.109106,3.579104,3.579104,-6.039738,0.447388,,,-1.9,-6.1,45.5,45.5,ActiveTrack,Other,,25,5,True,,Mini 3 Pro,False,False,,Smart,RC,False,True,False,,,True,,False,False,False,False,False,False,False,False,False,False,0,Follow Yaw,-20.5,0,77.2,77.2,False,False,False,False,False,True,,True,Normal,100,100,724,1096,1024,1524,N,False,False,False,False,False,0,False,False,False,False,55,7.443,1224,2265,7.443,False,3.724,3.719,0.006,False,False,5.016,101.5,100.4,101.4,,,,,,,,,Idle,,,True,,False,8,Go Home,True,True,True,False,False,False,False,False,False,False,False,False,43.0666047727683,-77.6229698903817,86.2,313.7,1640.4,True,1,1,False,False,False,False,,True,False,False,,328,,16.4,Calm,41,, 1.8.0,DJI Mini 3 Pro,1581F4XF3229R006,53HFK5R0M30ACD,5HAZK6H0018AUR,52XPK6ACA001NV,180.6,0.7,59,13.23575,6.487126,0,8942,DJI Mini 3 Pro,1581F4XF3229R006,53HFK5R0M30ACD,5HAZK6H0018AUR,52XPK6ACA001NV,DJI Fly,, 1.8.0,61EABE4C-BCDC-32F4-D0CC-A1B5A0612123,1581F4XF3229R006W0A6,,,,,,,,,,
6/20/2023,8:51:56.88 AM,0m 36.4s,36.4,43.0665755845129,-77.6232970315321,39,39,34.7,573,115,6.94893,7.109106,3.802798,3.802798,-5.816044,0.447388,,,-2,-6.2,46.9,46.9,ActiveTrack,Other,,25,5,True,,Mini 3 Pro,False,False,,Smart,RC,False,True,False,,,True,,False,False,False,False,False,False,False,False,False,False,0,Follow Yaw,-20.3,0,78.6,78.6,False,False,False,False,False,True,,True,Normal,100,100,726,1098,1024,1522,N,False,False,False,False,False,0,False,False,False,False,55,7.443,1224,2265,7.443,False,3.724,3.719,0.006,False,False,5.016,101.5,100.4,101.4,,,,,,,,,Idle,,,True,,False,8,Go Home,True,True,True,False,False,False,False,False,False,False,False,False,43.0666047727683,-77.6229698903817,87.8,313.7,1640.4,True,1,1,False,False,False,False,,True,False,False,,328,,16.4,Calm,41,, 1.8.0,DJI Mini 3 Pro,1581F4XF3229R006,53HFK5R0M30ACD,5HAZK6H0018AUR,52XPK6ACA001NV,180.6,0.7,59,13.23575,6.487126,0,8942,DJI Mini 3 Pro,1581F4XF3229R006,53HFK5R0M30ACD,5HAZK6H0018AUR,52XPK6ACA001NV,DJI Fly,, 1.8.0,61EABE4C-BCDC-32F4-D0CC-A1B5A0612123,1581F4XF3229R006W0A6,,,,,,,,,,
6/20/2023,8:51:57.18 AM,0m 36.6s,36.6,43.0665787278187,-77.6233035130054,39,39,34.7,573,117.1,6.94893,7.109106,3.802798,3.802798,-5.816044,0.447388,,,-1.6,-6.5,48.2,48.2,ActiveTrack,Other,,25,5,True,,Mini 3 Pro,False,False,,Smart,RC,False,True,False,,,True,,False,False,False,False,False,False,False,False,False,False,0,Follow Yaw,-20.2,0,79.9,79.9,False,False,False,False,False,True,,True,Normal,100,100,726,1102,1024,1522,N,False,False,False,False,False,0,False,False,False,False,55,7.443,1224,2265,7.443,False,3.724,3.719,0.006,False,False,5.016,101.5,100.4,101.4,,,,,,,,,Idle,,,True,,False,8,Go Home,True,True,True,False,False,False,False,False,False,False,False,False,43.0666047727683,-77.6229698903817,89.4,313.7,1640.4,True,1,1,False,False,False,False,,True,False,False,,328,,16.4,Calm,41,, 1.8.0,DJI Mini 3 Pro,1581F4XF3229R006,53HFK5R0M30ACD,5HAZK6H0018AUR,52XPK6ACA001NV,180.6,0.7,59,13.23575,6.487126,0,8942,DJI Mini 3 Pro,1581F4XF3229R006,53HFK5R0M30ACD,5HAZK6H0018AUR,52XPK6ACA001NV,DJI Fly,, 1.8.0,61EABE4C-BCDC-32F4-D0CC-A1B5A0612123,1581F4XF3229R006W0A6,,,,,,,,,,
6/20/2023,8:51:57.28 AM,0m 36.8s,36.8,43.0665819870487,-77.6233098285739,39,39,34.7,573,119.1,6.891082,7.109106,4.026492,4.026492,-5.59235,0.447388,,,-1,-6.7,49.6,49.6,ActiveTrack,Other,,25,5,True,,Mini 3 Pro,False,False,,Smart,RC,False,True,False,,,True,,False,False,False,False,False,False,False,False,False,False,0,Follow Yaw,-20.1,0,81.3,81.3,False,False,False,False,False,True,,True,Normal,100,100,727,1107,1024,1521,N,False,False,False,False,False,0,False,False,False,False,55,7.443,1224,2265,7.443,False,3.724,3.719,0.006,False,False,5.016,101.5,100.4,101.4,,,,,,,,,Idle,,,True,,False,8,Go Home,True,True,True,False,False,False,False,False,False,False,False,False,43.0666047727683,-77.6229698903817,90.9,313.7,1640.4,True,1,1,False,False,False,False,,True,False,False,,328,,16.4,Calm,41,, 1.8.0,DJI Mini 3 Pro,1581F4XF3229R006,53HFK5R0M30ACD,5HAZK6H0018AUR,52XPK6ACA001NV,180.6,0.7,59,13.23575,6.487126,0,8942,DJI Mini 3 Pro,1581F4XF3229R006,53HFK5R0M30ACD,5HAZK6H0018AUR,52XPK6ACA001NV,DJI Fly,, 1.8.0,61EABE4C-BCDC-32F4-D0CC-A1B5A0612123,1581F4XF3229R006W0A6,,,,,,,,,,
6/20/2023,8:51:57.48 AM,0m 37.0s,37,43.0665853414154,-77.6233160349933,39,39,34.7,573,121.2,7.024134,7.109106,4.250186,4.250186,-5.59235,0.447388,,,-1.5,-6.9,51,51,ActiveTrack,Other,,25,5,True,,Mini 3 Pro,False,False,,Smart,RC,False,True,False,,,True,,False,False,False,False,False,False,False,False,False,False,0,Follow Yaw,-20,0,82.6,82.6,False,False,False,False,False,True,,True,Normal,100,100,729,1108,1024,1521,N,False,False,False,False,False,0,False,False,False,False,54,7.444,1222,2265,7.444,False,3.725,3.719,0.006,False,False,4.977,101.5,100.4,101.4,,,,,,,,,Idle,,,True,,False,8,Go Home,True,True,True,False,False,False,False,False,False,False,False,False,43.0666047727683,-77.6229698903817,92.5,313.7,1640.4,True,1,1,False,False,False,False,,True,False,False,,328,,16.4,Calm,41,, 1.8.0,DJI Mini 3 Pro,1581F4XF3229R006,53HFK5R0M30ACD,5HAZK6H0018AUR,52XPK6ACA001NV,180.6,0.7,59,13.23575,6.487126,0,8942,DJI Mini 3 Pro,1581F4XF3229R006,53HFK5R0M30ACD,5HAZK6H0018AUR,52XPK6ACA001NV,DJI Fly,, 1.8.0,61EABE4C-BCDC-32F4-D0CC-A1B5A0612123,1581F4XF3229R006W0A6,,,,,,,,,,
6/20/2023,8:51:57.69 AM,0m 37.2s,37.2,43.0665887980497,-77.6233221282063,39,39,34.7,573,123.2,6.847375,7.109106,4.250186,4.250186,-5.368656,0.447388,,,-1.4,-6.6,52.3,52.3,ActiveTrack,Other,,25,5,True,,Mini 3 Pro,False,False,,Smart,RC,False,True,False,,,True,,False,False,False,False,False,False,False,False,False,False,0,Follow Yaw,-19.9,0,84,84,False,False,False,False,False,True,,True,Normal,100,100,729,1108,1024,1519,N,False,False,False,False,False,0,False,False,False,False,54,7.444,1222,2265,7.444,False,3.725,3.719,0.006,False,False,4.977,101.5,100.4,101.4,,,,,,,,,Idle,,,True,,False,8,Go Home,True,True,True,False,False,False,False,False,False,False,False,False,43.0666047727683,-77.6229698903817,94,313.7,1640.4,True,1,1,False,False,False,False,,True,False,False,,328,,16.4,Calm,41,, 1.8.0,DJI Mini 3 Pro,1581F4XF3229R006,53HFK5R0M30ACD,5HAZK6H0018AUR,52XPK6ACA001NV,180.6,0.7,59,13.23575,6.487126,0,8942,DJI Mini 3 Pro,1581F4XF3229R006,53HFK5R0M30ACD,5HAZK6H0018AUR,52XPK6ACA001NV,DJI Fly,, 1.8.0,61EABE4C-BCDC-32F4-D0CC-A1B5A0612123,1581F4XF3229R006W0A6,,,,,,,,,,
6/20/2023,8:51:57.89 AM,0m 37.4s,37.4,43.0665923679353,-77.6233281325802,39,39,34.7,573,125.3,6.988423,7.109106,4.47388,4.47388,-5.368656,0.447388,,,-1.9,-6.6,53.7,53.7,ActiveTrack,Other,,25,5,True,,Mini 3 Pro,False,False,,Smart,RC,False,True,False,,,True,,False,False,False,False,False,False,False,False,False,False,0,Follow Yaw,-19.8,0,85.3,85.3,False,False,False,False,False,True,,True,Normal,100,100,732,1110,1024,1519,N,False,False,False,False,False,0,False,False,False,False,54,7.444,1222,2265,7.444,False,3.725,3.719,0.006,False,False,4.977,101.5,100.4,101.4,,,,,,,,,Idle,,,True,,False,8,Go Home,True,True,True,False,False,False,False,False,False,False,False,False,43.0666047727683,-77.6229698903817,95.5,313.7,1640.4,True,1,1,False,False,False,False,,True,False,False,,328,,16.4,Calm,41,, 1.8.0,DJI Mini 3 Pro,1581F4XF3229R006,53HFK5R0M30ACD,5HAZK6H0018AUR,52XPK6ACA001NV,180.6,0.7,59,13.23575,6.487126,0,8942,DJI Mini 3 Pro,1581F4XF3229R006,53HFK5R0M30ACD,5HAZK6H0018AUR,52XPK6ACA001NV,DJI Fly,, 1.8.0,61EABE4C-BCDC-32F4-D0CC-A1B5A0612123,1581F4XF3229R006W0A6,,,,,,,,,,
6/20/2023,8:51:58.09 AM,0m 37.6s,37.6,43.0665960629057,-77.6233340321203,39,39,34.7,573,127.4,6.818081,7.109106,4.47388,4.47388,-5.144962,0.447388,,,-1.8,-6.2,55,55,ActiveTrack,Other,,25,5,True,,Mini 3 Pro,False,False,,Smart,RC,False,True,False,,,True,,False,False,False,False,False,False,False,False,False,False,0,Follow Yaw,-19.7,0,86.6,86.6,False,False,False,False,False,True,,True,Normal,100,100,736,1115,1024,1517,N,False,False,False,False,False,0,False,False,False,False,54,7.444,1222,2265,7.444,False,3.725,3.719,0.006,False,False,4.977,101.5,100.4,101.4,,,,,,,,,Idle,,,True,,False,8,Go Home,True,True,True,False,False,False,False,False,False,False,False,False,43.0666047727683,-77.6229698903817,97.1,313.7,1640.4,True,1,1,False,False,False,False,,True,False,False,,328,,16.4,Calm,41,, 1.8.0,DJI Mini 3 Pro,1581F4XF3229R006,53HFK5R0M30ACD,5HAZK6H0018AUR,52XPK6ACA001NV,180.6,0.7,59,13.23575,6.487126,0,8942,DJI Mini 3 Pro,1581F4XF3229R006,53HFK5R0M30ACD,5HAZK6H0018AUR,52XPK6ACA001NV,DJI Fly,, 1.8.0,61EABE4C-BCDC-32F4-D0CC-A1B5A0612123,1581F4XF3229R006W0A6,,,,,,,,,,
6/20/2023,8:51:58.29 AM,0m 37.8s,37.8,43.0665998126728,-77.6233397934533,39,39,34.7,573,129.4,6.96691,7.109106,4.697574,4.697574,-5.144962,0.447388,,,-2.1,-6.2,56.4,56.4,ActiveTrack,Other,,25,5,True,,Mini 3 Pro,False,False,,Smart,RC,False,True,False,,,True,,False,False,False,False,False,False,False,False,False,False,0,Follow Yaw,-19.6,0,88,88,False,False,False,False,False,True,,True,Normal,100,100,735,1134,1024,1516,N,False,False,False,False,False,0,False,False,False,False,54,7.444,1222,2265,7.444,False,3.725,3.719,0.006,False,False,4.977,101.5,100.4,101.4,,,,,,,,,Idle,,,True,,False,8,Go Home,True,True,True,False,False,False,False,False,False,False,False,False,43.0666047727683,-77.6229698903817,98.6,313.7,1640.4,True,1,1,False,False,False,False,,True,False,False,,328,,16.4,Calm,41,, 1.8.0,DJI Mini 3 Pro,1581F4XF3229R006,53HFK5R0M30ACD,5HAZK6H0018AUR,52XPK6ACA001NV,180.6,0.7,59,13.23575,6.487126,0,8942,DJI Mini 3 Pro,1581F4XF3229R006,53HFK5R0M30ACD,5HAZK6H0018AUR,52XPK6ACA001NV,DJI Fly,, 1.8.0,61EABE4C-BCDC-32F4-D0CC-A1B5A0612123,1581F4XF3229R006W0A6,,,,,,,,,,
6/20/2023,8:51:58.49 AM,0m 38.0s,38,43.0666036276977,-77.6233454394926,39,39,34.7,573,131.5,6.803387,7.109106,4.697574,4.697574,-4.921268,0.447388,,,-3,-6.3,57.7,57.7,ActiveTrack,Other,,25,5,True,,Mini 3 Pro,False,False,,Smart,RC,False,True,False,,,True,,False,False,False,False,False,False,False,False,False,False,0,Follow Yaw,-19.4,0,89.3,89.3,False,False,False,False,False,True,,True,Normal,100,100,735,1142,1024,1517,N,False,False,False,False,False,0,False,False,False,False,54,7.444,1220,2265,7.444,False,3.724,3.72,0.006,False,False,4.963,101.3,100.4,101.4,,,,,,,,,Idle,,,True,,False,8,Go Home,True,True,True,False,False,False,False,False,False,False,False,False,43.0666047727683,-77.6229698903817,100,313.7,1640.4,True,1,1,False,False,False,False,,True,False,False,,328,,16.4,Calm,41,, 1.8.0,DJI Mini 3 Pro,1581F4XF3229R006,53HFK5R0M30ACD,5HAZK6H0018AUR,52XPK6ACA001NV,180.6,0.7,59,13.23575,6.487126,0,8942,DJI Mini 3 Pro,1581F4XF3229R006,53HFK5R0M30ACD,5HAZK6H0018AUR,52XPK6ACA001NV,DJI Fly,, 1.8.0,61EABE4C-BCDC-32F4-D0CC-A1B5A0612123,1581F4XF3229R006W0A6,,,,,,,,,,
6/20/2023,8:51:58.70 AM,0m 38.2s,38.2,43.0666075033172,-77.6233508879659,39,39,34.7,573,133.5,6.803387,7.109106,4.697574,4.697574,-4.921268,0.447388,,,-3.2,-6.5,59,59,ActiveTrack,Other,,25,5,True,,Mini 3 Pro,False,False,,Smart,RC,False,True,False,,,True,,False,False,False,False,False,False,False,False,False,False,0,Follow Yaw,-19.3,0,90.5,90.5,False,False,False,False,False,True,,True,Normal,100,100,736,1143,1024,1516,N,False,False,False,False,False,0,False,False,False,False,54,7.444,1220,2265,7.444,False,3.724,3.72,0.006,False,False,4.963,101.3,100.4,101.4,,,,,,,,,Idle,,,True,,False,8,Go Home,True,True,True,False,False,False,False,False,False,False,False,False,43.0666047727683,-77.6229698903817,101.5,313.7,1640.4,True,1,1,False,False,False,False,,True,False,False,,328,,16.4,Calm,41,, 1.8.0,DJI Mini 3 Pro,1581F4XF3229R006,53HFK5R0M30ACD,5HAZK6H0018AUR,52XPK6ACA001NV,180.6,0.7,59,13.23575,6.487126,0,8942,DJI Mini 3 Pro,1581F4XF3229R006,53HFK5R0M30ACD,5HAZK6H0018AUR,52XPK6ACA001NV,DJI Fly,, 1.8.0,61EABE4C-BCDC-32F4-D0CC-A1B5A0612123,1581F4XF3229R006W0A6,,,,,,,,,,
6/20/2023,8:51:58.90 AM,0m 38.4s,38.4,43.0666115339937,-77.6233561486296,39,39,34.7,573,135.5,6.803387,7.109106,4.921268,4.921268,-4.697574,0.447388,,,-3.4,-6.1,60.2,60.2,ActiveTrack,Other,,25,5,True,,Mini 3 Pro,False,False,,Smart,RC,False,True,False,,,True,,False,False,False,False,False,False,False,False,False,False,0,Follow Yaw,-19.2,0,91.8,91.8,False,False,False,False,False,True,,True,Normal,100,100,735,1147,1024,1517,N,False,False,False,False,False,0,False,False,False,False,54,7.444,1220,2265,7.444,False,3.724,3.72,0.006,False,False,4.963,101.3,100.4,101.4,,,,,,,,,Idle,,,True,,False,8,Go Home,True,True,True,False,False,False,False,False,False,False,False,False,43.0666047727683,-77.6229698903817,102.9,313.7,1640.4,True,1,1,False,False,False,False,,True,False,False,,328,,16.4,Calm,41,, 1.8.0,DJI Mini 3 Pro,1581F4XF3229R006,53HFK5R0M30ACD,5HAZK6H0018AUR,52XPK6ACA001NV,180.6,0.7,59,13.23575,6.487126,0,8942,DJI Mini 3 Pro,1581F4XF3229R006,53HFK5R0M30ACD,5HAZK6H0018AUR,52XPK6ACA001NV,DJI Fly,, 1.8.0,61EABE4C-BCDC-32F4-D0CC-A1B5A0612123,1581F4XF3229R006W0A6,,,,,,,,,,
6/20/2023,8:51:59.10 AM,0m 38.6s,38.6,43.0666156507256,-77.6233612005403,39,39,34.7,573,137.5,6.818081,7.109106,5.144962,5.144962,-4.47388,0.447388,,,-2.8,-6.3,61.6,61.6,ActiveTrack,Other,,25,5,True,,Mini 3 Pro,False,False,,Smart,RC,False,True,False,,,True,,False,False,False,False,False,False,False,False,False,False,0,Follow Yaw,-19.1,0,93.1,93.1,False,False,False,False,False,True,,True,Normal,100,100,739,1144,1024,1517,N,False,False,False,False,False,0,False,False,False,False,54,7.444,1220,2265,7.444,False,3.724,3.72,0.006,False,False,4.963,101.3,100.4,101.4,,,,,,,,,Idle,,,True,,False,8,Go Home,True,True,True,False,False,False,False,False,False,False,False,False,43.0666047727683,-77.6229698903817,104.3,313.7,1640.4,True,1,1,False,False,False,False,,True,False,False,,328,,16.4,Calm,41,, 1.8.0,DJI Mini 3 Pro,1581F4XF3229R006,53HFK5R0M30ACD,5HAZK6H0018AUR,52XPK6ACA001NV,180.6,0.7,59,13.23575,6.487126,0,8942,DJI Mini 3 Pro,1581F4XF3229R006,53HFK5R0M30ACD,5HAZK6H0018AUR,52XPK6ACA001NV,DJI Fly,, 1.8.0,61EABE4C-BCDC-32F4-D0CC-A1B5A0612123,1581F4XF3229R006W0A6,,,,,,,,,,
6/20/2023,8:51:59.30 AM,0m 38.8s,38.8,43.0666198606217,-77.6233661054022,39,39,34.7,573,139.6,6.673433,7.109106,5.144962,5.144962,-4.250186,0.447388,,,-3.5,-6.2,62.8,62.8,ActiveTrack,Other,,25,5,True,,Mini 3 Pro,False,False,,Smart,RC,False,True,False,,,True,,False,False,False,False,False,False,False,False,False,False,0,Follow Yaw,-19.1,0,94.3,94.3,False,False,False,False,False,True,,True,Normal,100,100,759,1144,1024,1516,N,False,False,False,False,False,0,False,False,False,False,54,7.444,1220,2265,7.444,False,3.724,3.72,0.006,False,False,4.963,101.3,100.4,101.4,,,,,,,,,Idle,,,True,,False,8,Go Home,True,True,True,False,False,False,False,False,False,False,False,False,43.0666047727683,-77.6229698903817,105.7,313.7,1640.4,True,1,1,False,False,False,False,,True,False,False,,328,,16.4,Calm,41,, 1.8.0,DJI Mini 3 Pro,1581F4XF3229R006,53HFK5R0M30ACD,5HAZK6H0018AUR,52XPK6ACA001NV,180.6,0.7,59,13.23575,6.487126,0,8942,DJI Mini 3 Pro,1581F4XF3229R006,53HFK5R0M30ACD,5HAZK6H0018AUR,52XPK6ACA001NV,DJI Fly,, 1.8.0,61EABE4C-BCDC-32F4-D0CC-A1B5A0612123,1581F4XF3229R006W0A6,,,,,,,,,,
6/20/2023,8:51:59.51 AM,0m 39.0s,39,43.0666241651823,-77.6233708069288,39,39,34.7,573,141.6,6.673433,7.109106,5.144962,5.144962,-4.250186,0.447388,,,-2.8,-5.6,64.2,64.2,ActiveTrack,Other,,25,5,True,,Mini 3 Pro,False,False,,Smart,RC,False,True,False,,,True,,False,False,False,False,False,False,False,False,False,False,0,Follow Yaw,-19,0,95.6,95.6,False,False,False,False,False,True,,True,Normal,100,100,759,1144,1024,1516,N,False,False,False,False,False,0,False,False,False,False,54,7.444,1218,2265,7.444,False,3.724,3.72,0.006,False,False,4.93,101.5,100.4,101.4,,,,,,,,,Idle,,,True,,False,8,Go Home,True,True,True,False,False,False,False,False,False,False,False,False,43.0666047727683,-77.6229698903817,107,313.7,1640.4,True,1,1,False,False,False,False,,True,False,False,,328,,16.4,Calm,41,, 1.8.0,DJI Mini 3 Pro,1581F4XF3229R006,53HFK5R0M30ACD,5HAZK6H0018AUR,52XPK6ACA001NV,180.6,0.7,59,13.23575,6.487126,0,8942,DJI Mini 3 Pro,1581F4XF3229R006,53HFK5R0M30ACD,5HAZK6H0018AUR,52XPK6ACA001NV,DJI Fly,, 1.8.0,61EABE4C-BCDC-32F4-D0CC-A1B5A0612123,1581F4XF3229R006W0A6,,,,,,,,,,
6/20/2023,8:51:59.71 AM,0m 39.2s,39.2,43.0666285042351,-77.6233752829806,39,39,34.7,573,143.6,6.71082,7.109106,5.368656,5.368656,-4.026492,0.447388,,,-2.4,-5.2,65.3,65.3,ActiveTrack,Other,,25,5,True,,Mini 3 Pro,False,False,,Smart,RC,False,True,False,,,True,,False,False,False,False,False,False,False,False,False,False,0,Follow Yaw,-18.9,0,96.8,96.8,False,False,False,False,False,True,,True,Normal,100,100,760,1145,1024,1516,N,False,False,False,False,False,0,False,False,False,False,54,7.444,1218,2265,7.444,False,3.724,3.72,0.006,False,False,4.93,101.5,100.4,101.4,,,,,,,,,Idle,,,True,,False,8,Go Home,True,True,True,False,False,False,False,False,False,False,False,False,43.0666047727683,-77.6229698903817,108.3,313.7,1640.4,True,1,1,False,False,False,False,,True,False,False,,328,,16.4,Calm,41,, 1.8.0,DJI Mini 3 Pro,1581F4XF3229R006,53HFK5R0M30ACD,5HAZK6H0018AUR,52XPK6ACA001NV,180.6,0.7,59,13.23575,6.487126,0,8942,DJI Mini 3 Pro,1581F4XF3229R006,53HFK5R0M30ACD,5HAZK6H0018AUR,52XPK6ACA001NV,DJI Fly,, 1.8.0,61EABE4C-BCDC-32F4-D0CC-A1B5A0612123,1581F4XF3229R006W0A6,,,,,,,,,,
6/20/2023,8:51:59.91 AM,0m 39.4s,39.4,43.0666328848777,-77.6233795843563,39,39,34.7,573,145.5,6.579037,7.109106,5.368656,5.368656,-3.802798,0.447388,,,-2.8,-4.7,66.5,66.5,ActiveTrack,Other,,25,5,True,,Mini 3 Pro,False,False,,Smart,RC,False,True,False,,,True,,False,False,False,False,False,False,False,False,False,False,0,Follow Yaw,-18.8,0,98,98,False,False,False,False,False,True,,True,Normal,100,100,760,1146,1024,1515,N,False,False,False,False,False,0,False,False,False,False,54,7.444,1218,2265,7.444,False,3.724,3.72,0.006,False,False,4.93,101.5,100.4,101.4,,,,,,,,,Idle,,,True,,False,8,Go Home,True,True,True,False,False,False,False,False,False,False,False,False,43.0666047727683,-77.6229698903817,109.6,313.7,1640.4,True,1,1,False,False,False,False,,True,False,False,,328,,16.4,Calm,41,, 1.8.0,DJI Mini 3 Pro,1581F4XF3229R006,53HFK5R0M30ACD,5HAZK6H0018AUR,52XPK6ACA001NV,180.6,0.7,59,13.23575,6.487126,0,8942,DJI Mini 3 Pro,1581F4XF3229R006,53HFK5R0M30ACD,5HAZK6H0018AUR,52XPK6ACA001NV,DJI Fly,, 1.8.0,61EABE4C-BCDC-32F4-D0CC-A1B5A0612123,1581F4XF3229R006W0A6,,,,,,,,,,
6/20/2023,8:52:00.11 AM,0m 39.6s,39.6,43.0666372554093,-77.6233836855862,39,39,34.7,573,147.5,6.452321,7.109106,5.368656,5.368656,-3.579104,0.447388,,,-3.2,-4.5,67.7,67.7,ActiveTrack,Other,,25,5,True,,Mini 3 Pro,False,False,,Smart,RC,False,True,False,,,True,,False,False,False,False,False,False,False,False,False,False,0,Follow Yaw,-18.7,0,99.2,99.2,False,False,False,False,False,True,,True,Normal,100,100,760,1144,1024,1515,N,False,False,False,False,False,0,False,False,False,False,54,7.444,1218,2265,7.444,False,3.724,3.72,0.006,False,False,4.93,101.5,100.4,101.4,,,,,,,,,Idle,,,True,,False,8,Go Home,True,True,True,False,False,False,False,False,False,False,False,False,43.0666047727683,-77.6229698903817,110.9,313.7,1640.4,True,1,1,False,False,False,False,,True,False,False,,328,,16.4,Calm,41,, 1.8.0,DJI Mini 3 Pro,1581F4XF3229R006,53HFK5R0M30ACD,5HAZK6H0018AUR,52XPK6ACA001NV,180.6,0.7,59,13.23575,6.487126,0,8942,DJI Mini 3 Pro,1581F4XF3229R006,53HFK5R0M30ACD,5HAZK6H0018AUR,52XPK6ACA001NV,DJI Fly,, 1.8.0,61EABE4C-BCDC-32F4-D0CC-A1B5A0612123,1581F4XF3229R006W0A6,,,,,,,,,,
6/20/2023,8:52:00.32 AM,0m 39.8s,39.8,43.0666416009066,-77.6233875583863,39,39,34.7,573,149.3,6.330974,7.109106,5.368656,5.368656,-3.35541,0.447388,,,-3.1,-4.9,68.9,68.9,ActiveTrack,Other,,25,5,True,,Mini 3 Pro,False,False,,Smart,RC,False,True,False,,,True,,False,False,False,False,False,False,False,False,False,False,0,Follow Yaw,-18.7,0,100.3,100.3,False,False,False,False,False,True,,True,Normal,100,100,762,1145,1024,1515,N,False,False,False,False,False,0,False,False,False,False,54,7.444,1218,2265,7.444,False,3.724,3.72,0.006,False,False,4.93,101.5,100.4,101.4,,,,,,,,,Idle,,,True,,False,8,Go Home,True,True,True,False,False,False,False,False,False,False,False,False,43.0666047727683,-77.6229698903817,112.1,313.7,1640.4,True,1,1,False,False,False,False,,True,False,False,,328,,16.4,Calm,41,, 1.8.0,DJI Mini 3 Pro,1581F4XF3229R006,53HFK5R0M30ACD,5HAZK6H0018AUR,52XPK6ACA001NV,180.6,0.7,59,13.23575,6.487126,0,8942,DJI Mini 3 Pro,1581F4XF3229R006,53HFK5R0M30ACD,5HAZK6H0018AUR,52XPK6ACA001NV,DJI Fly,, 1.8.0,61EABE4C-BCDC-32F4-D0CC-A1B5A0612123,1581F4XF3229R006W0A6,,,,,,,,,,
6/20/2023,8:52:00.52 AM,0m 40.0s,40,43.0666459603677,-77.6233912443617,39,39,34.7,573,151.2,6.215312,7.109106,5.368656,5.368656,-3.131716,0.447388,,,-3,-4.9,70,70,ActiveTrack,Other,,25,5,True,,Mini 3 Pro,False,False,,Smart,RC,False,True,False,,,True,,False,False,False,False,False,False,False,False,False,False,0,Follow Yaw,-18.6,0,101.4,101.4,False,False,False,False,False,True,,True,Normal,100,100,762,1146,1024,1515,N,False,False,False,False,False,0,False,False,False,False,54,7.44,1217,2265,7.44,False,3.723,3.717,0.006,False,False,4.899,101.5,100.4,101.4,,,,,,,,,Idle,,,True,,False,8,Go Home,True,True,True,False,False,False,False,False,False,False,False,False,43.0666047727683,-77.6229698903817,113.2,313.7,1640.4,True,1,1,False,False,False,False,,True,False,False,,328,,16.4,Calm,41,, 1.8.0,DJI Mini 3 Pro,1581F4XF3229R006,53HFK5R0M30ACD,5HAZK6H0018AUR,52XPK6ACA001NV,180.6,0.7,59,13.23575,6.487126,0,8942,DJI Mini 3 Pro,1581F4XF3229R006,53HFK5R0M30ACD,5HAZK6H0018AUR,52XPK6ACA001NV,DJI Fly,, 1.8.0,61EABE4C-BCDC-32F4-D0CC-A1B5A0612123,1581F4XF3229R006W0A6,,,,,,,,,,
6/20/2023,8:52:00.72 AM,0m 40.2s,40.2,43.0666503248361,-77.6233947414487,39,39,34.7,573,153.1,6.215312,7.109106,5.368656,5.368656,-3.131716,0.447388,,,-3.2,-5,71.2,71.2,ActiveTrack,Other,,25,5,True,,Mini 3 Pro,False,False,,Smart,RC,False,True,False,,,True,,False,False,False,False,False,False,False,False,False,False,0,Follow Yaw,-18.5,0,102.5,102.5,False,False,False,False,False,True,,True,Normal,100,100,762,1149,1024,1516,N,False,False,False,False,False,0,False,False,False,False,54,7.44,1217,2265,7.44,False,3.723,3.717,0.006,False,False,4.899,101.5,100.4,101.4,,,,,,,,,Idle,,,True,,False,8,Go Home,True,True,True,False,False,False,False,False,False,False,False,False,43.0666047727683,-77.6229698903817,114.4,313.7,1640.4,True,1,1,False,False,False,False,,True,False,False,,328,,16.4,Calm,41,, 1.8.0,DJI Mini 3 Pro,1581F4XF3229R006,53HFK5R0M30ACD,5HAZK6H0018AUR,52XPK6ACA001NV,180.6,0.7,59,13.23575,6.487126,0,8942,DJI Mini 3 Pro,1581F4XF3229R006,53HFK5R0M30ACD,5HAZK6H0018AUR,52XPK6ACA001NV,DJI Fly,, 1.8.0,61EABE4C-BCDC-32F4-D0CC-A1B5A0612123,1581F4XF3229R006W0A6,,,,,,,,,,
6/20/2023,8:52:00.92 AM,0m 40.4s,40.4,43.0666547054916,-77.6233980563077,39,39,34.7,573,154.9,6.105657,7.109106,5.368656,5.368656,-2.908022,0.447388,,,-3,-5.1,72.3,72.3,ActiveTrack,Other,,25,5,True,,Mini 3 Pro,False,False,,Smart,RC,False,True,False,,,True,,False,False,False,False,False,False,False,False,False,False,0,Follow Yaw,-18.5,0,103.6,103.6,False,False,False,False,False,True,,True,Normal,100,100,762,1149,1024,1519,N,False,False,False,False,False,0,False,False,False,False,54,7.44,1217,2265,7.44,False,3.723,3.717,0.006,False,False,4.899,101.5,100.4,101.4,,,,,,,,,Idle,,,True,,False,8,Go Home,True,True,True,False,False,False,False,False,False,False,False,False,43.0666047727683,-77.6229698903817,115.5,313.7,1640.4,True,1,1,False,False,False,False,,True,False,False,,328,,16.4,Calm,41,, 1.8.0,DJI Mini 3 Pro,1581F4XF3229R006,53HFK5R0M30ACD,5HAZK6H0018AUR,52XPK6ACA001NV,180.6,0.7,59,13.23575,6.487126,0,8942,DJI Mini 3 Pro,1581F4XF3229R006,53HFK5R0M30ACD,5HAZK6H0018AUR,52XPK6ACA001NV,DJI Fly,, 1.8.0,61EABE4C-BCDC-32F4-D0CC-A1B5A0612123,1581F4XF3229R006W0A6,,,,,,,,,,
6/20/2023,8:52:01.13 AM,0m 40.6s,40.6,43.0666590768906,-77.6234012040425,39,39,34.7,573,156.7,6.002339,7.109106,5.368656,5.368656,-2.684328,0.447388,,,-2.9,-5.2,73.4,73.4,ActiveTrack,Other,,25,5,True,,Mini 3 Pro,False,False,,Smart,RC,False,True,False,,,True,,False,False,False,False,False,False,False,False,False,False,0,Follow Yaw,-18.4,0,104.7,104.7,False,False,False,False,False,True,,True,Normal,100,100,761,1149,1024,1520,N,False,False,False,False,False,0,False,False,False,False,54,7.44,1217,2265,7.44,False,3.723,3.717,0.006,False,False,4.899,101.5,100.4,101.4,,,,,,,,,Idle,,,True,,False,8,Go Home,True,True,True,False,False,False,False,False,False,False,False,False,43.0666047727683,-77.6229698903817,116.6,313.7,1640.4,True,1,1,False,False,False,False,,True,False,False,,328,,16.4,Calm,41,, 1.8.0,DJI Mini 3 Pro,1581F4XF3229R006,53HFK5R0M30ACD,5HAZK6H0018AUR,52XPK6ACA001NV,180.6,0.7,59,13.23575,6.487126,0,8942,DJI Mini 3 Pro,1581F4XF3229R006,53HFK5R0M30ACD,5HAZK6H0018AUR,52XPK6ACA001NV,DJI Fly,, 1.8.0,61EABE4C-BCDC-32F4-D0CC-A1B5A0612123,1581F4XF3229R006W0A6,,,,,,,,,,
6/20/2023,8:52:01.33 AM,0m 40.8s,40.8,43.0666634636071,-77.6234041824014,39,39,34.7,573,158.5,6.002339,7.109106,5.368656,5.368656,-2.684328,0.447388,,,-3.2,-5.3,74.4,74.4,ActiveTrack,Other,,25,5,True,,Mini 3 Pro,False,False,,Smart,RC,False,True,False,,,True,,False,False,False,False,False,False,False,False,False,False,0,Follow Yaw,-18.4,0,105.8,105.8,False,False,False,False,False,True,,True,Normal,100,100,761,1153,1024,1520,N,False,False,False,False,False,0,False,False,False,False,54,7.44,1217,2265,7.44,False,3.723,3.717,0.006,False,False,4.899,101.5,100.4,101.4,,,,,,,,,Idle,,,True,,False,8,Go Home,True,True,True,False,False,False,False,False,False,False,False,False,43.0666047727683,-77.6229698903817,117.7,313.7,1640.4,True,1,1,False,False,False,False,,True,False,False,,328,,16.4,Calm,41,, 1.8.0,DJI Mini 3 Pro,1581F4XF3229R006,53HFK5R0M30ACD,5HAZK6H0018AUR,52XPK6ACA001NV,180.6,0.7,59,13.23575,6.487126,0,8942,DJI Mini 3 Pro,1581F4XF3229R006,53HFK5R0M30ACD,5HAZK6H0018AUR,52XPK6ACA001NV,DJI Fly,, 1.8.0,61EABE4C-BCDC-32F4-D0CC-A1B5A0612123,1581F4XF3229R006W0A6,,,,,,,,,,
6/20/2023,8:52:01.53 AM,0m 41.0s,41,43.0666678607237,-77.6234070112256,39,39,34.7,573,160.2,5.905691,7.109106,5.368656,5.368656,-2.460634,0.447388,,,-3.5,-5.1,75.5,75.5,ActiveTrack,Other,,25,5,True,,Mini 3 Pro,False,False,,Smart,RC,False,True,False,,,True,,False,False,False,False,False,False,False,False,False,False,0,Follow Yaw,-18.4,0,106.8,106.8,False,False,False,False,False,True,,True,Normal,100,100,761,1159,1024,1520,N,False,False,False,False,False,0,False,False,False,False,54,7.44,1216,2265,7.44,False,3.724,3.716,0.008,False,False,4.911,101.5,100.4,101.4,,,,,,,,,Idle,,,True,,False,8,Go Home,True,True,True,False,False,False,False,False,False,False,False,False,43.0666047727683,-77.6229698903817,118.7,313.7,1640.4,True,1,1,False,False,False,False,,True,False,False,,328,,16.4,Calm,41,, 1.8.0,DJI Mini 3 Pro,1581F4XF3229R006,53HFK5R0M30ACD,5HAZK6H0018AUR,52XPK6ACA001NV,180.6,0.7,59,13.23575,6.487126,0,8942,DJI Mini 3 Pro,1581F4XF3229R006,53HFK5R0M30ACD,5HAZK6H0018AUR,52XPK6ACA001NV,DJI Fly,, 1.8.0,61EABE4C-BCDC-32F4-D0CC-A1B5A0612123,1581F4XF3229R006W0A6,,,,,,,,,,
6/20/2023,8:52:01.73 AM,0m 41.2s,41.2,43.0666723072152,-77.6234096516304,39,39,34.7,573,162,5.816044,7.109106,5.368656,5.368656,-2.23694,0.447388,,,-3.6,-4.4,76.5,76.5,ActiveTrack,Other,,25,5,True,,Mini 3 Pro,False,False,,Smart,RC,False,True,False,,,True,,False,False,False,False,False,False,False,False,False,False,0,Follow Yaw,-18.4,0,107.9,107.9,False,False,False,False,False,True,,True,Normal,100,100,761,1165,1024,1520,N,False,False,False,False,False,0,False,False,False,False,54,7.44,1216,2265,7.44,False,3.724,3.716,0.008,False,False,4.911,101.5,100.4,101.4,,,,,,,,,Idle,,,True,,False,8,Go Home,True,True,True,False,False,False,False,False,False,False,False,False,43.0666047727683,-77.6229698903817,119.7,313.7,1640.4,True,1,1,False,False,False,False,,True,False,False,,328,,16.4,Calm,41,, 1.8.0,DJI Mini 3 Pro,1581F4XF3229R006,53HFK5R0M30ACD,5HAZK6H0018AUR,52XPK6ACA001NV,180.6,0.7,59,13.23575,6.487126,0,8942,DJI Mini 3 Pro,1581F4XF3229R006,53HFK5R0M30ACD,5HAZK6H0018AUR,52XPK6ACA001NV,DJI Fly,, 1.8.0,61EABE4C-BCDC-32F4-D0CC-A1B5A0612123,1581F4XF3229R006W0A6,,,,,,,,,,
6/20/2023,8:52:01.93 AM,0m 41.4s,41.4,43.0666767537924,-77.6234120819455,39,39,34.7,573,163.8,5.733727,7.109106,5.368656,5.368656,-2.013246,0.447388,,,-3.6,-4.7,77.6,77.6,ActiveTrack,Other,,25,5,True,,Mini 3 Pro,False,False,,Smart,RC,False,True,False,,,True,,False,False,False,False,False,False,False,False,False,False,0,Follow Yaw,-18.3,0,108.9,108.9,False,False,False,False,False,True,,True,Normal,100,100,762,1164,1024,1520,N,False,False,False,False,False,0,False,False,False,False,54,7.44,1216,2265,7.44,False,3.724,3.716,0.008,False,False,4.911,101.5,100.4,101.4,,,,,,,,,Idle,,,True,,False,8,Go Home,True,True,True,False,False,False,False,False,False,False,False,False,43.0666047727683,-77.6229698903817,120.7,313.7,1640.4,True,1,1,False,False,False,False,,True,False,False,,328,,16.4,Calm,41,, 1.8.0,DJI Mini 3 Pro,1581F4XF3229R006,53HFK5R0M30ACD,5HAZK6H0018AUR,52XPK6ACA001NV,180.6,0.7,59,13.23575,6.487126,0,8942,DJI Mini 3 Pro,1581F4XF3229R006,53HFK5R0M30ACD,5HAZK6H0018AUR,52XPK6ACA001NV,DJI Fly,, 1.8.0,61EABE4C-BCDC-32F4-D0CC-A1B5A0612123,1581F4XF3229R006W0A6,,,,,,,,,,
6/20/2023,8:52:02.14 AM,0m 41.6s,41.6,43.0666812190624,-77.6234143611778,39,39,34.7,573,165.5,5.733727,7.109106,5.368656,5.368656,-2.013246,0.447388,,,-3.9,-4.7,78.6,78.6,ActiveTrack,Other,,25,5,True,,Mini 3 Pro,False,False,,Smart,RC,False,True,False,,,True,,False,False,False,False,False,False,False,False,False,False,0,Follow Yaw,-18.3,0,109.9,109.9,False,False,False,False,False,True,,True,Normal,100,100,763,1165,1024,1520,N,False,False,False,False,False,0,False,False,False,False,54,7.44,1216,2265,7.44,False,3.724,3.716,0.008,False,False,4.911,101.5,100.4,101.4,,,,,,,,,Idle,,,True,,False,8,Go Home,True,True,True,False,False,False,False,False,False,False,False,False,43.0666047727683,-77.6229698903817,121.6,313.7,1640.4,True,1,1,False,False,False,False,,True,False,False,,328,,16.4,Calm,41,, 1.8.0,DJI Mini 3 Pro,1581F4XF3229R006,53HFK5R0M30ACD,5HAZK6H0018AUR,52XPK6ACA001NV,180.6,0.7,59,13.23575,6.487126,0,8942,DJI Mini 3 Pro,1581F4XF3229R006,53HFK5R0M30ACD,5HAZK6H0018AUR,52XPK6ACA001NV,DJI Fly,, 1.8.0,61EABE4C-BCDC-32F4-D0CC-A1B5A0612123,1581F4XF3229R006W0A6,,,,,,,,,,
6/20/2023,8:52:02.34 AM,0m 41.8s,41.8,43.0666856917256,-77.623416432056,39,39,34.7,573,167.2,5.65906,7.109106,5.368656,5.368656,-1.789552,0.447388,,,-4,-4.7,79.7,79.7,ActiveTrack,Other,,25,5,True,,Mini 3 Pro,False,False,,Smart,RC,False,True,False,,,True,,False,False,False,False,False,False,False,False,False,False,0,Follow Yaw,-18.3,0,110.9,110.9,False,False,False,False,False,True,,True,Normal,100,100,763,1165,1024,1520,N,False,False,False,False,False,0,False,False,False,False,54,7.44,1216,2265,7.44,False,3.724,3.716,0.008,False,False,4.911,101.5,100.4,101.4,,,,,,,,,Idle,,,True,,False,8,Go Home,True,True,True,False,False,False,False,False,False,False,False,False,43.0666047727683,-77.6229698903817,122.6,313.7,1640.4,True,1,1,False,False,False,False,,True,False,False,,328,,16.4,Calm,41,, 1.8.0,DJI Mini 3 Pro,1581F4XF3229R006,53HFK5R0M30ACD,5HAZK6H0018AUR,52XPK6ACA001NV,180.6,0.7,59,13.23575,6.487126,0,8942,DJI Mini 3 Pro,1581F4XF3229R006,53HFK5R0M30ACD,5HAZK6H0018AUR,52XPK6ACA001NV,DJI Fly,, 1.8.0,61EABE4C-BCDC-32F4-D0CC-A1B5A0612123,1581F4XF3229R006W0A6,,,,,,,,,,
6/20/2023,8:52:02.54 AM,0m 42.0s,42,43.0666901856003,-77.6234182812118,39,39,34.7,573,168.9,5.59235,7.109106,5.368656,5.368656,-1.565858,0.447388,,,-3.5,-4.7,80.7,80.7,ActiveTrack,Other,,25,5,True,,Mini 3 Pro,False,False,,Smart,RC,False,True,False,,,True,,False,False,False,False,False,False,False,False,False,False,0,Follow Yaw,-18.3,0,111.9,111.9,False,False,False,False,False,True,,True,Normal,100,100,763,1167,1024,1520,N,False,False,False,False,False,0,False,False,False,False,54,7.436,1214,2265,7.436,False,3.72,3.716,0.008,False,False,4.96,101.7,100.4,101.6,,,,,,,,,Idle,,,True,,False,8,Go Home,True,True,True,False,False,False,False,False,False,False,False,False,43.0666047727683,-77.6229698903817,123.4,313.7,1640.4,True,1,1,False,False,False,False,,True,False,False,,328,,16.4,Calm,41,, 1.8.0,DJI Mini 3 Pro,1581F4XF3229R006,53HFK5R0M30ACD,5HAZK6H0018AUR,52XPK6ACA001NV,180.6,0.7,59,13.23575,6.487126,0,8942,DJI Mini 3 Pro,1581F4XF3229R006,53HFK5R0M30ACD,5HAZK6H0018AUR,52XPK6ACA001NV,DJI Fly,, 1.8.0,61EABE4C-BCDC-32F4-D0CC-A1B5A0612123,1581F4XF3229R006W0A6,,,,,,,,,,
6/20/2023,8:52:02.74 AM,0m 42.2s,42.2,43.0666946936787,-77.6234199482335,39,39,34.7,573,170.6,5.533883,7.109106,5.368656,5.368656,-1.342164,0.447388,,,-3.4,-4.7,81.7,81.7,ActiveTrack,Other,,25,5,True,,Mini 3 Pro,False,False,,Smart,RC,False,True,False,,,True,,False,False,False,False,False,False,False,False,False,False,0,Follow Yaw,-18.3,0,112.9,112.9,False,False,False,False,False,True,,True,Normal,100,100,763,1176,1024,1519,N,False,False,False,False,False,0,False,False,False,False,54,7.436,1214,2265,7.436,False,3.72,3.716,0.008,False,False,4.96,101.7,100.4,101.6,,,,,,,,,Idle,,,True,,False,8,Go Home,True,True,True,False,False,False,False,False,False,False,False,False,43.0666047727683,-77.6229698903817,124.3,313.7,1640.4,True,1,1,False,False,False,False,,True,False,False,,328,,16.4,Calm,41,, 1.8.0,DJI Mini 3 Pro,1581F4XF3229R006,53HFK5R0M30ACD,5HAZK6H0018AUR,52XPK6ACA001NV,180.6,0.7,59,13.23575,6.487126,0,8942,DJI Mini 3 Pro,1581F4XF3229R006,53HFK5R0M30ACD,5HAZK6H0018AUR,52XPK6ACA001NV,DJI Fly,, 1.8.0,61EABE4C-BCDC-32F4-D0CC-A1B5A0612123,1581F4XF3229R006W0A6,,,,,,,,,,
6/20/2023,8:52:02.95 AM,0m 42.4s,42.4,43.0666992035305,-77.6234214210664,39,39,34.7,573,172.3,5.533883,7.109106,5.368656,5.368656,-1.342164,0.447388,,,-3.7,-4.8,82.7,82.7,ActiveTrack,Other,,25,5,True,,Mini 3 Pro,False,False,,Smart,RC,False,True,False,,,True,,False,False,False,False,False,False,False,False,False,False,0,Follow Yaw,-18.3,0,113.9,113.9,False,False,False,False,False,True,,True,Normal,100,100,770,1197,1024,1519,N,False,False,False,False,False,0,False,False,False,False,54,7.436,1214,2265,7.436,False,3.72,3.716,0.008,False,False,4.96,101.7,100.4,101.6,,,,,,,,,Idle,,,True,,False,8,Go Home,True,True,True,False,False,False,False,False,False,False,False,False,43.0666047727683,-77.6229698903817,125.1,313.7,1640.4,True,1,1,False,False,False,False,,True,False,False,,328,,16.4,Calm,41,, 1.8.0,DJI Mini 3 Pro,1581F4XF3229R006,53HFK5R0M30ACD,5HAZK6H0018AUR,52XPK6ACA001NV,180.6,0.7,59,13.23575,6.487126,0,8942,DJI Mini 3 Pro,1581F4XF3229R006,53HFK5R0M30ACD,5HAZK6H0018AUR,52XPK6ACA001NV,DJI Fly,, 1.8.0,61EABE4C-BCDC-32F4-D0CC-A1B5A0612123,1581F4XF3229R006W0A6,,,,,,,,,,
6/20/2023,8:52:03.05 AM,0m 42.6s,42.6,43.0667037099041,-77.6234226826369,39,39,34.7,573,174,5.483925,7.109106,5.368656,5.368656,-1.11847,0.447388,,,-3.8,-5.2,83.7,83.7,ActiveTrack,Other,,25,5,True,,Mini 3 Pro,False,False,,Smart,RC,False,True,False,,,True,,False,False,False,False,False,False,False,False,False,False,0,Follow Yaw,-18.3,0,114.9,114.9,False,False,False,False,False,True,,True,Normal,100,100,810,1263,1024,1519,N,False,False,False,False,False,0,False,False,False,False,54,7.436,1214,2265,7.436,False,3.72,3.716,0.008,False,False,4.96,101.7,100.4,101.6,,,,,,,,,Idle,,,True,,False,8,Go Home,True,True,True,False,False,False,False,False,False,False,False,False,43.0666047727683,-77.6229698903817,125.9,313.7,1640.4,True,1,1,False,False,False,False,,True,False,False,,328,,16.4,Calm,41,, 1.8.0,DJI Mini 3 Pro,1581F4XF3229R006,53HFK5R0M30ACD,5HAZK6H0018AUR,52XPK6ACA001NV,180.6,0.7,59,13.23575,6.487126,0,8942,DJI Mini 3 Pro,1581F4XF3229R006,53HFK5R0M30ACD,5HAZK6H0018AUR,52XPK6ACA001NV,DJI Fly,, 1.8.0,61EABE4C-BCDC-32F4-D0CC-A1B5A0612123,1581F4XF3229R006W0A6,,,,,,,,,,
6/20/2023,8:52:03.36 AM,0m 42.8s,42.8,43.0667082246219,-77.6234237818674,39,39,34.7,573,175.7,5.442709,7.109106,5.368656,5.368656,-0.894776,0.447388,,,-4.7,-3.8,84.6,84.6,ActiveTrack,Other,,25,5,True,,Mini 3 Pro,False,False,,Smart,RC,False,True,False,,,True,,False,False,False,False,False,False,False,False,False,False,0,Follow Yaw,-18.3,0,115.9,115.9,False,False,False,False,False,True,,True,Normal,100,100,828,1311,1024,1519,N,False,False,False,False,False,0,False,False,False,False,54,7.436,1214,2265,7.436,False,3.72,3.716,0.008,False,False,4.96,101.7,100.4,101.6,,,,,,,,,Idle,,,True,,False,8,Go Home,True,True,True,False,False,False,False,False,False,False,False,False,43.0666047727683,-77.6229698903817,126.7,313.7,1640.4,True,1,1,False,False,False,False,,True,False,False,,328,,16.4,Calm,41,, 1.8.0,DJI Mini 3 Pro,1581F4XF3229R006,53HFK5R0M30ACD,5HAZK6H0018AUR,52XPK6ACA001NV,180.6,0.7,59,13.23575,6.487126,0,8942,DJI Mini 3 Pro,1581F4XF3229R006,53HFK5R0M30ACD,5HAZK6H0018AUR,52XPK6ACA001NV,DJI Fly,, 1.8.0,61EABE4C-BCDC-32F4-D0CC-A1B5A0612123,1581F4XF3229R006W0A6,,,,,,,,,,
6/20/2023,8:52:03.56 AM,0m 43.0s,43,43.0667126944409,-77.6234246009314,39,39,34.7,573,177.3,5.410436,7.109106,5.368656,5.368656,-0.671082,0.447388,,,-7.3,-3.1,85.7,85.7,ActiveTrack,Other,,25,5,True,,Mini 3 Pro,False,False,,Smart,RC,False,True,False,,,True,,False,False,False,False,False,False,False,False,False,False,0,Follow Yaw,-18.3,0,116.8,116.8,False,False,False,False,False,True,,True,Normal,100,100,828,1315,1024,1519,N,False,False,False,False,False,0,False,False,False,False,54,7.434,1213,2265,7.434,False,3.719,3.715,0.008,False,False,4.921,101.7,100.4,101.6,,,,,,,,,Idle,,,True,,False,8,Go Home,True,True,True,False,False,False,False,False,False,False,False,False,43.0666047727683,-77.6229698903817,127.4,313.7,1640.4,True,1,1,False,False,False,False,,True,False,False,,328,,16.4,Calm,41,, 1.8.0,DJI Mini 3 Pro,1581F4XF3229R006,53HFK5R0M30ACD,5HAZK6H0018AUR,52XPK6ACA001NV,180.6,0.7,59,13.23575,6.487126,0,8942,DJI Mini 3 Pro,1581F4XF3229R006,53HFK5R0M30ACD,5HAZK6H0018AUR,52XPK6ACA001NV,DJI Fly,, 1.8.0,61EABE4C-BCDC-32F4-D0CC-A1B5A0612123,1581F4XF3229R006W0A6,,,,,,,,,,
6/20/2023,8:52:03.76 AM,0m 43.2s,43.2,43.0667170670949,-77.623424981382,39,39,34.7,573,178.9,5.368656,7.109106,5.368656,5.368656,,0.447388,,,-8.8,-2.7,86.6,86.6,ActiveTrack,Other,,25,5,True,,Mini 3 Pro,False,False,,Smart,RC,False,True,False,,,True,,False,False,False,False,False,False,False,False,False,False,0,Follow Yaw,-18.3,0,117.7,117.7,False,False,False,False,False,True,,True,Normal,100,100,828,1322,1024,1519,N,False,False,False,False,False,0,False,False,False,False,54,7.434,1213,2265,7.434,False,3.719,3.715,0.008,False,False,4.921,101.7,100.4,101.6,,,,,,,,,Idle,,,True,,False,8,Go Home,True,True,True,False,False,False,False,False,False,False,False,False,43.0666047727683,-77.6229698903817,128,313.7,1640.4,True,1,1,False,False,False,False,,True,False,False,,328,,16.4,Calm,41,, 1.8.0,DJI Mini 3 Pro,1581F4XF3229R006,53HFK5R0M30ACD,5HAZK6H0018AUR,52XPK6ACA001NV,180.6,0.7,59,13.23575,6.487126,0,8942,DJI Mini 3 Pro,1581F4XF3229R006,53HFK5R0M30ACD,5HAZK6H0018AUR,52XPK6ACA001NV,DJI Fly,, 1.8.0,61EABE4C-BCDC-32F4-D0CC-A1B5A0612123,1581F4XF3229R006W0A6,,,,,,,,,,
6/20/2023,8:52:03.86 AM,0m 43.4s,43.4,43.0667213457023,-77.6234247682434,39,39,34.7,573,180.5,5.149822,7.109106,5.144962,5.368656,0.223694,0.447388,,,-9.5,-2.7,87.5,87.5,ActiveTrack,Other,,25,5,True,,Mini 3 Pro,False,False,,Smart,RC,False,True,False,,,True,,False,False,False,False,False,False,False,False,False,False,0,Follow Yaw,-18.4,0,118.6,118.6,False,False,False,False,False,True,,True,Normal,100,100,828,1322,1024,1519,N,False,False,False,False,False,0,False,False,False,False,54,7.434,1213,2265,7.434,False,3.719,3.715,0.008,False,False,4.921,101.7,100.4,101.6,,,,,,,,,Idle,,,True,,False,8,Go Home,True,True,True,False,False,False,False,False,False,False,False,False,43.0666047727683,-77.6229698903817,128.4,313.7,1640.4,True,1,1,False,False,False,False,,True,False,False,,328,,16.4,Calm,41,, 1.8.0,DJI Mini 3 Pro,1581F4XF3229R006,53HFK5R0M30ACD,5HAZK6H0018AUR,52XPK6ACA001NV,180.6,0.7,59,13.23575,6.487126,0,8942,DJI Mini 3 Pro,1581F4XF3229R006,53HFK5R0M30ACD,5HAZK6H0018AUR,52XPK6ACA001NV,DJI Fly,, 1.8.0,61EABE4C-BCDC-32F4-D0CC-A1B5A0612123,1581F4XF3229R006W0A6,,,,,,,,,,
6/20/2023,8:52:04.17 AM,0m 43.6s,43.6,43.0667255505237,-77.6234239168146,39,39,34.7,573,182,5.222189,7.109106,5.144962,5.368656,0.894776,0.894776,,,-9.5,-2.4,88.4,88.4,ActiveTrack,Other,,25,5,True,,Mini 3 Pro,False,False,,Smart,RC,False,True,False,,,True,,False,False,False,False,False,False,False,False,False,False,0,Follow Yaw,-18.5,0,119.4,119.4,False,False,False,False,False,True,,True,Normal,100,100,828,1321,1024,1521,N,False,False,False,False,False,0,False,False,False,False,54,7.434,1213,2265,7.434,False,3.719,3.715,0.008,False,False,4.921,101.7,100.4,101.6,,,,,,,,,Idle,,,True,,False,8,Go Home,True,True,True,False,False,False,False,False,False,False,False,False,43.0666047727683,-77.6229698903817,128.7,313.7,1640.4,True,1,1,False,False,False,False,,True,False,False,,328,,16.4,Calm,41,, 1.8.0,DJI Mini 3 Pro,1581F4XF3229R006,53HFK5R0M30ACD,5HAZK6H0018AUR,52XPK6ACA001NV,180.6,0.7,59,13.23575,6.487126,0,8942,DJI Mini 3 Pro,1581F4XF3229R006,53HFK5R0M30ACD,5HAZK6H0018AUR,52XPK6ACA001NV,DJI Fly,, 1.8.0,61EABE4C-BCDC-32F4-D0CC-A1B5A0612123,1581F4XF3229R006W0A6,,,,,,,,,,
6/20/2023,8:52:04.37 AM,0m 43.8s,43.8,43.0667296387419,-77.6234224459517,39,39,34.7,573,183.6,5.101008,7.109106,4.921268,5.368656,1.342164,1.342164,,,-9.1,-2.6,89.1,89.1,ActiveTrack,Other,,25,5,True,,Mini 3 Pro,False,False,,Smart,RC,False,True,False,,,True,,False,False,False,False,False,False,False,False,False,False,0,Follow Yaw,-18.6,0,120.2,120.2,False,False,False,False,False,True,,True,Normal,100,100,828,1325,1024,1521,N,False,False,False,False,False,0,False,False,False,False,54,7.434,1213,2265,7.434,False,3.719,3.715,0.008,False,False,4.921,101.7,100.4,101.6,,,,,,,,,Idle,,,True,,False,8,Go Home,True,True,True,False,False,False,False,False,False,False,False,False,43.0666047727683,-77.6229698903817,128.9,313.7,1640.4,True,1,1,False,False,False,False,,True,False,False,,328,,16.4,Calm,41,, 1.8.0,DJI Mini 3 Pro,1581F4XF3229R006,53HFK5R0M30ACD,5HAZK6H0018AUR,52XPK6ACA001NV,180.6,0.7,59,13.23575,6.487126,0,8942,DJI Mini 3 Pro,1581F4XF3229R006,53HFK5R0M30ACD,5HAZK6H0018AUR,52XPK6ACA001NV,DJI Fly,, 1.8.0,61EABE4C-BCDC-32F4-D0CC-A1B5A0612123,1581F4XF3229R006W0A6,,,,,,,,,,
6/20/2023,8:52:04.47 AM,0m 44.0s,44,43.0667336178531,-77.6234203742762,39,39,34.7,573,185.1,5.110808,7.109106,4.697574,5.368656,2.013246,2.013246,,,-8.7,-2.6,89.9,89.9,ActiveTrack,Other,,25,5,True,,Mini 3 Pro,False,False,,Smart,RC,False,True,False,,,True,,False,False,False,False,False,False,False,False,False,False,0,Follow Yaw,-18.7,0,121,121,False,False,False,False,False,True,,True,Normal,100,100,828,1328,1024,1521,N,False,False,False,False,False,0,False,False,False,False,54,7.434,1213,2265,7.434,False,3.719,3.715,0.008,False,False,4.921,101.7,100.4,101.6,,,,,,,,,Idle,,,True,,False,8,Go Home,True,True,True,False,False,False,False,False,False,False,False,False,43.0666047727683,-77.6229698903817,128.9,313.7,1640.4,True,1,1,False,False,False,False,,True,False,False,,328,,16.4,Calm,41,, 1.8.0,DJI Mini 3 Pro,1581F4XF3229R006,53HFK5R0M30ACD,5HAZK6H0018AUR,52XPK6ACA001NV,180.6,0.7,59,13.23575,6.487126,0,8942,DJI Mini 3 Pro,1581F4XF3229R006,53HFK5R0M30ACD,5HAZK6H0018AUR,52XPK6ACA001NV,DJI Fly,, 1.8.0,61EABE4C-BCDC-32F4-D0CC-A1B5A0612123,1581F4XF3229R006W0A6,,,,,,,,,,
6/20/2023,8:52:04.67 AM,0m 44.2s,44.2,43.0667374954559,-77.6234177654388,39,39,34.7,573,186.7,5.30301,7.109106,4.697574,5.368656,2.460634,2.460634,,,-8.5,-2.4,90.8,90.8,ActiveTrack,Other,,25,5,True,,Mini 3 Pro,False,False,,Smart,RC,False,True,False,,,True,,False,False,False,False,False,False,False,False,False,False,0,Follow Yaw,-18.9,0,121.8,121.8,False,False,False,False,False,True,,True,Normal,100,100,828,1337,1024,1521,N,False,False,False,False,False,0,False,False,False,False,54,7.432,1211,2265,7.432,False,3.718,3.714,0.008,False,False,4.975,101.7,100.4,101.6,,,,,,,,,Idle,,,True,,False,8,Go Home,True,True,True,False,False,False,False,False,False,False,False,False,43.0666047727683,-77.6229698903817,128.8,313.7,1640.4,True,1,1,False,False,False,False,,True,False,False,,328,,16.4,Calm,41,, 1.8.0,DJI Mini 3 Pro,1581F4XF3229R006,53HFK5R0M30ACD,5HAZK6H0018AUR,52XPK6ACA001NV,180.6,0.7,59,13.23575,6.487126,0,8942,DJI Mini 3 Pro,1581F4XF3229R006,53HFK5R0M30ACD,5HAZK6H0018AUR,52XPK6ACA001NV,DJI Fly,, 1.8.0,61EABE4C-BCDC-32F4-D0CC-A1B5A0612123,1581F4XF3229R006W0A6,,,,,,,,,,
6/20/2023,8:52:04.98 AM,0m 44.4s,44.4,43.0667412971652,-77.6234146376389,39,39,34.7,573,188.3,5.335934,7.109106,4.47388,5.368656,2.908022,2.908022,,,-8.1,-2.3,91.5,91.5,ActiveTrack,Other,,25,5,True,,Mini 3 Pro,False,False,,Smart,RC,False,True,False,,,True,,False,False,False,False,False,False,False,False,False,False,0,Follow Yaw,-19.1,0,122.5,122.5,False,False,False,False,False,True,,True,Normal,100,100,835,1349,1024,1518,N,False,False,False,False,False,0,False,False,False,False,54,7.432,1211,2265,7.432,False,3.718,3.714,0.008,False,False,4.975,101.7,100.4,101.6,,,,,,,,,Idle,,,True,,False,8,Go Home,True,True,True,False,False,False,False,False,False,False,False,False,43.0666047727683,-77.6229698903817,128.5,313.7,1640.4,True,1,1,False,False,False,False,,True,False,False,,328,,16.4,Calm,41,, 1.8.0,DJI Mini 3 Pro,1581F4XF3229R006,53HFK5R0M30ACD,5HAZK6H0018AUR,52XPK6ACA001NV,180.6,0.7,59,13.23575,6.487126,0,8942,DJI Mini 3 Pro,1581F4XF3229R006,53HFK5R0M30ACD,5HAZK6H0018AUR,52XPK6ACA001NV,DJI Fly,, 1.8.0,61EABE4C-BCDC-32F4-D0CC-A1B5A0612123,1581F4XF3229R006W0A6,,,,,,,,,,
6/20/2023,8:52:05.08 AM,0m 44.6s,44.6,43.0667449774226,-77.6234110137664,39,39,34.7,573,190,5.59235,7.109106,4.47388,5.368656,3.35541,3.35541,,,-8,-2.9,92.3,92.3,ActiveTrack,Other,,25,5,True,,Mini 3 Pro,False,False,,Smart,RC,False,True,False,,,True,,False,False,False,False,False,False,False,False,False,False,0,Follow Yaw,-19.4,0,123.3,123.3,False,False,False,False,False,True,,True,Normal,100,100,835,1348,1024,1518,N,False,False,False,False,False,0,False,False,False,False,54,7.432,1211,2265,7.432,False,3.718,3.714,0.008,False,False,4.975,101.7,100.4,101.6,,,,,,,,,Idle,,,True,,False,8,Go Home,True,True,True,False,False,False,False,False,False,False,False,False,43.0666047727683,-77.6229698903817,128.2,313.7,1640.4,True,1,1,False,False,False,False,,True,False,False,,328,,16.4,Calm,41,, 1.8.0,DJI Mini 3 Pro,1581F4XF3229R006,53HFK5R0M30ACD,5HAZK6H0018AUR,52XPK6ACA001NV,180.6,0.7,59,13.23575,6.487126,0,8942,DJI Mini 3 Pro,1581F4XF3229R006,53HFK5R0M30ACD,5HAZK6H0018AUR,52XPK6ACA001NV,DJI Fly,, 1.8.0,61EABE4C-BCDC-32F4-D0CC-A1B5A0612123,1581F4XF3229R006W0A6,,,,,,,,,,
6/20/2023,8:52:05.38 AM,0m 44.8s,44.8,43.066748552882,-77.6234069032961,39,39,34.7,573,191.7,5.7031,7.109106,4.250186,5.368656,3.802798,3.802798,,,-8.2,-2.8,93.1,93.1,ActiveTrack,Other,,25,5,True,,Mini 3 Pro,False,False,,Smart,RC,False,True,False,,,True,,False,False,False,False,False,False,False,False,False,False,0,Follow Yaw,-19.6,0,124,124,False,False,False,False,False,True,,True,Normal,100,100,834,1341,1024,1517,N,False,False,False,False,False,0,False,False,False,False,54,7.432,1211,2265,7.432,False,3.718,3.714,0.008,False,False,4.975,101.7,100.4,101.6,,,,,,,,,Idle,,,True,,False,8,Go Home,True,True,True,False,False,False,False,False,False,False,False,False,43.0666047727683,-77.6229698903817,127.7,313.7,1640.4,True,1,1,False,False,False,False,,True,False,False,,328,,16.4,Calm,41,, 1.8.0,DJI Mini 3 Pro,1581F4XF3229R006,53HFK5R0M30ACD,5HAZK6H0018AUR,52XPK6ACA001NV,180.6,0.7,59,13.23575,6.487126,0,8942,DJI Mini 3 Pro,1581F4XF3229R006,53HFK5R0M30ACD,5HAZK6H0018AUR,52XPK6ACA001NV,DJI Fly,, 1.8.0,61EABE4C-BCDC-32F4-D0CC-A1B5A0612123,1581F4XF3229R006W0A6,,,,,,,,,,
6/20/2023,8:52:05.58 AM,0m 45.0s,45,43.0667520320075,-77.6234023171571,39,39,34.7,573,193.4,6.01067,7.109106,4.250186,5.368656,4.250186,4.250186,,,-8.1,-2.7,93.7,93.7,ActiveTrack,Other,,25,5,True,,Mini 3 Pro,False,False,,Smart,RC,False,True,False,,,True,,False,False,False,False,False,False,False,False,False,False,0,Follow Yaw,-19.9,0,124.8,124.8,False,False,False,False,False,True,,True,Normal,100,100,703,1024,1024,1542,N,False,False,False,False,False,0,False,False,False,False,54,7.432,1211,2265,7.432,False,3.718,3.714,0.008,False,False,4.975,101.7,100.4,101.6,,,,,,,,,Idle,,,True,,False,8,Go Home,True,True,True,False,False,False,False,False,False,False,False,False,43.0666047727683,-77.6229698903817,127.1,313.7,1640.4,True,1,1,False,False,False,False,,True,False,False,,328,,16.4,Calm,41,, 1.8.0,DJI Mini 3 Pro,1581F4XF3229R006,53HFK5R0M30ACD,5HAZK6H0018AUR,52XPK6ACA001NV,180.6,0.7,59,13.23575,6.487126,0,8942,DJI Mini 3 Pro,1581F4XF3229R006,53HFK5R0M30ACD,5HAZK6H0018AUR,52XPK6ACA001NV,DJI Fly,, 1.8.0,61EABE4C-BCDC-32F4-D0CC-A1B5A0612123,1581F4XF3229R006W0A6,,,,,,,,,,
6/20/2023,8:52:05.68 AM,0m 45.2s,45.2,43.0667554533068,-77.6233973355577,39,39,34.7,573,195.3,6.170873,7.109106,4.250186,5.368656,4.47388,4.47388,,,-5.6,-2.6,94.4,94.4,ActiveTrack,Other,,25,5,True,,Mini 3 Pro,False,False,,Smart,RC,False,True,False,,,True,,False,False,False,False,False,False,False,False,False,False,0,Follow Yaw,-20.2,0,125.5,125.5,False,False,False,False,False,True,,True,Normal,100,100,767,1024,1024,1595,N,False,False,False,False,False,0,False,False,False,False,54,7.439,1210,2265,7.439,False,3.722,3.717,0.008,False,False,4.843,101.7,100.4,101.6,,,,,,,,,Idle,,,True,,False,8,Go Home,True,True,True,False,False,False,False,False,False,False,False,False,43.0666047727683,-77.6229698903817,126.4,313.7,1640.4,True,1,1,False,False,False,False,,True,False,False,,328,,16.4,Calm,41,, 1.8.0,DJI Mini 3 Pro,1581F4XF3229R006,53HFK5R0M30ACD,5HAZK6H0018AUR,52XPK6ACA001NV,180.6,0.7,59,13.23575,6.487126,0,8942,DJI Mini 3 Pro,1581F4XF3229R006,53HFK5R0M30ACD,5HAZK6H0018AUR,52XPK6ACA001NV,DJI Fly,, 1.8.0,61EABE4C-BCDC-32F4-D0CC-A1B5A0612123,1581F4XF3229R006W0A6,,,,,,,,,,
6/20/2023,8:52:05.89 AM,0m 45.4s,45.4,43.0667588526066,-77.6233921576119,39,39,34.7,573,197.1,6.170873,7.109106,4.250186,5.368656,4.47388,4.47388,,,0,-6.6,95.1,95.1,ActiveTrack,Other,,25,5,True,,Mini 3 Pro,False,False,,Smart,RC,False,True,False,,,True,,False,False,False,False,False,False,False,False,False,False,0,Follow Yaw,-20.5,0,126.2,126.2,False,False,False,False,False,True,,True,Normal,100,100,801,1024,1024,1593,N,False,False,False,False,False,0,False,False,False,False,54,7.439,1210,2265,7.439,False,3.722,3.717,0.008,False,False,4.843,101.7,100.4,101.6,,,,,,,,,Idle,,,True,,False,8,Go Home,True,True,True,False,False,False,False,False,False,False,False,False,43.0666047727683,-77.6229698903817,125.7,313.7,1640.4,True,1,1,False,False,False,False,,True,False,False,,328,,16.4,Calm,41,, 1.8.0,DJI Mini 3 Pro,1581F4XF3229R006,53HFK5R0M30ACD,5HAZK6H0018AUR,52XPK6ACA001NV,180.6,0.7,59,13.23575,6.487126,0,8942,DJI Mini 3 Pro,1581F4XF3229R006,53HFK5R0M30ACD,5HAZK6H0018AUR,52XPK6ACA001NV,DJI Fly,, 1.8.0,61EABE4C-BCDC-32F4-D0CC-A1B5A0612123,1581F4XF3229R006W0A6,,,,,,,,,,
6/20/2023,8:52:06.19 AM,0m 45.6s,45.6,43.0667624259671,-77.6233871836582,39,39,34.7,573,199,6.170873,7.109106,4.47388,5.368656,4.250186,4.47388,,,1.2,-4.5,95.7,95.7,ActiveTrack,Other,,25,5,True,,Mini 3 Pro,False,False,,Smart,RC,False,True,False,,,True,,False,False,False,False,False,False,False,False,False,False,0,Follow Yaw,-20.8,0,126.7,126.7,False,False,False,False,False,True,,True,Normal,100,100,801,1024,1024,1590,N,False,False,False,False,False,0,False,False,False,False,54,7.439,1210,2265,7.439,False,3.722,3.717,0.008,False,False,4.843,101.7,100.4,101.6,,,,,,,,,Idle,,,True,,False,8,Go Home,True,True,True,False,False,False,False,False,False,False,False,False,43.0666047727683,-77.6229698903817,125.2,313.7,1640.4,True,1,1,False,False,False,False,,True,False,False,,328,,16.4,Calm,41,, 1.8.0,DJI Mini 3 Pro,1581F4XF3229R006,53HFK5R0M30ACD,5HAZK6H0018AUR,52XPK6ACA001NV,180.6,0.7,59,13.23575,6.487126,0,8942,DJI Mini 3 Pro,1581F4XF3229R006,53HFK5R0M30ACD,5HAZK6H0018AUR,52XPK6ACA001NV,DJI Fly,, 1.8.0,61EABE4C-BCDC-32F4-D0CC-A1B5A0612123,1581F4XF3229R006W0A6,,,,,,,,,,
6/20/2023,8:52:06.29 AM,0m 45.8s,45.8,43.0667660711177,-77.6233825541784,39,39,34.7,573,200.8,6.018989,7.109106,4.47388,5.368656,4.026492,4.47388,,,2.5,-2.4,96.2,96.2,ActiveTrack,Other,,25,5,True,,Mini 3 Pro,False,False,,Smart,RC,False,True,False,,,True,,False,False,False,False,False,False,False,False,False,False,0,Follow Yaw,-21.1,0,127.3,127.3,False,False,False,False,False,True,,True,Normal,100,100,798,1024,1024,1591,N,False,False,False,False,False,0,False,False,False,False,54,7.439,1210,2265,7.439,False,3.722,3.717,0.008,False,False,4.843,101.7,100.4,101.6,,,,,,,,,Idle,,,True,,False,8,Go Home,True,True,True,False,False,False,False,False,False,False,False,False,43.0666047727683,-77.6229698903817,124.7,313.7,1640.4,True,1,1,False,False,False,False,,True,False,False,,328,,16.4,Calm,41,, 1.8.0,DJI Mini 3 Pro,1581F4XF3229R006,53HFK5R0M30ACD,5HAZK6H0018AUR,52XPK6ACA001NV,180.6,0.7,59,13.23575,6.487126,0,8942,DJI Mini 3 Pro,1581F4XF3229R006,53HFK5R0M30ACD,5HAZK6H0018AUR,52XPK6ACA001NV,DJI Fly,, 1.8.0,61EABE4C-BCDC-32F4-D0CC-A1B5A0612123,1581F4XF3229R006W0A6,,,,,,,,,,
6/20/2023,8:52:06.49 AM,0m 46.0s,46,43.0667696628626,-77.6233783736314,39,39,34.7,573,202.5,5.556443,7.109106,4.250186,5.368656,3.579104,4.47388,,,1.9,-2.4,96.8,96.8,ActiveTrack,Other,,25,5,True,,Mini 3 Pro,False,False,,Smart,RC,False,True,False,,,True,,False,False,False,False,False,False,False,False,False,False,0,Follow Yaw,-21.3,0,127.9,127.9,False,False,False,False,False,True,,True,Normal,100,100,792,1029,1024,1597,N,False,False,False,False,False,0,False,False,False,False,54,7.439,1210,2265,7.439,False,3.722,3.717,0.008,False,False,4.843,101.7,100.4,101.6,,,,,,,,,Idle,,,True,,False,8,Go Home,True,True,True,False,False,False,False,False,False,False,False,False,43.0666047727683,-77.6229698903817,124.3,313.7,1640.4,True,1,1,False,False,False,False,,True,False,False,,328,,16.4,Calm,41,, 1.8.0,DJI Mini 3 Pro,1581F4XF3229R006,53HFK5R0M30ACD,5HAZK6H0018AUR,52XPK6ACA001NV,180.6,0.7,59,13.23575,6.487126,0,8942,DJI Mini 3 Pro,1581F4XF3229R006,53HFK5R0M30ACD,5HAZK6H0018AUR,52XPK6ACA001NV,DJI Fly,, 1.8.0,61EABE4C-BCDC-32F4-D0CC-A1B5A0612123,1581F4XF3229R006W0A6,,,,,,,,,,
6/20/2023,8:52:06.80 AM,0m 46.2s,46.2,43.0667731994029,-77.6233745980664,39,39,34.7,573,204.2,5.279367,7.109106,4.250186,5.368656,3.131716,4.47388,,,1.6,-2.9,97.5,97.5,ActiveTrack,Other,,25,5,True,,Mini 3 Pro,False,False,,Smart,RC,False,True,False,,,True,,False,False,False,False,False,False,False,False,False,False,0,Follow Yaw,-21.5,0,128.6,128.6,False,False,False,False,False,True,,True,Normal,100,100,791,1032,1024,1635,N,False,False,False,False,False,0,False,False,False,False,54,7.437,1209,2265,7.437,False,3.721,3.716,0.008,False,False,4.582,101.8,100.4,101.8,,,,,,,,,Idle,,,True,,False,8,Go Home,True,True,True,False,False,False,False,False,False,False,False,False,43.0666047727683,-77.6229698903817,124.1,313.7,1640.4,True,1,1,False,False,False,False,,True,False,False,,328,,16.4,Calm,41,, 1.8.0,DJI Mini 3 Pro,1581F4XF3229R006,53HFK5R0M30ACD,5HAZK6H0018AUR,52XPK6ACA001NV,180.6,0.7,59,13.23575,6.487126,0,8942,DJI Mini 3 Pro,1581F4XF3229R006,53HFK5R0M30ACD,5HAZK6H0018AUR,52XPK6ACA001NV,DJI Fly,, 1.8.0,61EABE4C-BCDC-32F4-D0CC-A1B5A0612123,1581F4XF3229R006W0A6,,,,,,,,,,
6/20/2023,8:52:06.90 AM,0m 46.4s,46.4,43.0667767027554,-77.6233711605025,39,39,34.7,573,205.7,5.149822,7.109106,4.250186,5.368656,2.908022,4.47388,,,1.3,-3.3,98.1,98.1,ActiveTrack,Other,,25,5,True,,Mini 3 Pro,False,False,,Smart,RC,False,True,False,,,True,,False,False,False,False,False,False,False,False,False,False,0,Follow Yaw,-21.6,0,129.3,129.3,False,False,False,False,False,True,,True,Normal,100,100,790,1032,1024,1647,N,False,False,False,False,False,0,False,False,False,False,54,7.437,1209,2265,7.437,False,3.721,3.716,0.008,False,False,4.582,101.8,100.4,101.8,,,,,,,,,Idle,,,True,,False,8,Go Home,True,True,True,False,False,False,False,False,False,False,False,False,43.0666047727683,-77.6229698903817,123.9,313.7,1640.4,True,1,1,False,False,False,False,,True,False,False,,328,,16.4,Calm,41,, 1.8.0,DJI Mini 3 Pro,1581F4XF3229R006,53HFK5R0M30ACD,5HAZK6H0018AUR,52XPK6ACA001NV,180.6,0.7,59,13.23575,6.487126,0,8942,DJI Mini 3 Pro,1581F4XF3229R006,53HFK5R0M30ACD,5HAZK6H0018AUR,52XPK6ACA001NV,DJI Fly,, 1.8.0,61EABE4C-BCDC-32F4-D0CC-A1B5A0612123,1581F4XF3229R006W0A6,,,,,,,,,,
6/20/2023,8:52:07.10 AM,0m 46.6s,46.6,43.0667801837313,-77.6233680235091,39,39,34.7,573,207.2,5.026897,7.109106,4.250186,5.368656,2.684328,4.47388,,,0.9,-3.6,98.8,98.8,ActiveTrack,Other,,25,5,True,,Mini 3 Pro,False,False,,Smart,RC,False,True,False,,,True,,False,False,False,False,False,False,False,False,False,False,0,Follow Yaw,-21.8,0,130,130,False,False,False,False,False,True,,True,Normal,100,100,790,1034,1024,1646,N,False,False,False,False,False,0,False,False,False,False,54,7.437,1209,2265,7.437,False,3.721,3.716,0.008,False,False,4.582,101.8,100.4,101.8,,,,,,,,,Idle,,,True,,False,8,Go Home,True,True,True,False,False,False,False,False,False,False,False,False,43.0666047727683,-77.6229698903817,123.9,313.7,1640.4,True,1,1,False,False,False,False,,True,False,False,,328,,16.4,Calm,41,, 1.8.0,DJI Mini 3 Pro,1581F4XF3229R006,53HFK5R0M30ACD,5HAZK6H0018AUR,52XPK6ACA001NV,180.6,0.7,59,13.23575,6.487126,0,8942,DJI Mini 3 Pro,1581F4XF3229R006,53HFK5R0M30ACD,5HAZK6H0018AUR,52XPK6ACA001NV,DJI Fly,, 1.8.0,61EABE4C-BCDC-32F4-D0CC-A1B5A0612123,1581F4XF3229R006W0A6,,,,,,,,,,
6/20/2023,8:52:07.30 AM,0m 46.8s,46.8,43.0667836497837,-77.6233651632113,39,39,34.7,573,208.7,4.911089,7.109106,4.250186,5.368656,2.460634,4.47388,,,0.5,-3.6,99.6,99.6,ActiveTrack,Other,,25,5,True,,Mini 3 Pro,False,False,,Smart,RC,False,True,False,,,True,,False,False,False,False,False,False,False,False,False,False,0,Follow Yaw,-21.9,0,130.7,130.7,False,False,False,False,False,True,,True,Normal,100,100,790,1034,1024,1647,N,False,False,False,False,False,0,False,False,False,False,54,7.437,1209,2265,7.437,False,3.721,3.716,0.008,False,False,4.582,101.8,100.4,101.8,,,,,,,,,Idle,,,True,,False,8,Go Home,True,True,True,False,False,False,False,False,False,False,False,False,43.0666047727683,-77.6229698903817,123.9,313.7,1640.4,True,1,1,False,False,False,False,,True,False,False,,328,,16.4,Calm,41,, 1.8.0,DJI Mini 3 Pro,1581F4XF3229R006,53HFK5R0M30ACD,5HAZK6H0018AUR,52XPK6ACA001NV,180.6,0.7,59,13.23575,6.487126,0,8942,DJI Mini 3 Pro,1581F4XF3229R006,53HFK5R0M30ACD,5HAZK6H0018AUR,52XPK6ACA001NV,DJI Fly,, 1.8.0,61EABE4C-BCDC-32F4-D0CC-A1B5A0612123,1581F4XF3229R006W0A6,,,,,,,,,,
6/20/2023,8:52:07.50 AM,0m 47.0s,47,43.0667870839333,-77.6233625402085,39,39,34.7,573,210.2,4.802913,7.109106,4.250186,5.368656,2.23694,4.47388,,,0.4,-4,100.4,100.4,ActiveTrack,Other,,25,5,True,,Mini 3 Pro,False,False,,Smart,RC,False,True,False,,,True,,False,False,False,False,False,False,False,False,False,False,0,Follow Yaw,-22,0,131.5,131.5,False,False,False,False,False,True,,True,Normal,100,100,790,1033,1024,1648,N,False,False,False,False,False,0,False,False,False,False,54,7.437,1209,2265,7.437,False,3.721,3.716,0.008,False,False,4.582,101.8,100.4,101.8,,,,,,,,,Idle,,,True,,False,8,Go Home,True,True,True,False,False,False,False,False,False,False,False,False,43.0666047727683,-77.6229698903817,123.9,313.7,1640.4,True,1,1,False,False,False,False,,True,False,False,,328,,16.4,Calm,41,, 1.8.0,DJI Mini 3 Pro,1581F4XF3229R006,53HFK5R0M30ACD,5HAZK6H0018AUR,52XPK6ACA001NV,180.6,0.7,59,13.23575,6.487126,0,8942,DJI Mini 3 Pro,1581F4XF3229R006,53HFK5R0M30ACD,5HAZK6H0018AUR,52XPK6ACA001NV,DJI Fly,, 1.8.0,61EABE4C-BCDC-32F4-D0CC-A1B5A0612123,1581F4XF3229R006W0A6,,,,,,,,,,
6/20/2023,8:52:07.71 AM,0m 47.2s,47.2,43.0667905216125,-77.6233601332759,39,39,34.7,573,211.6,4.702897,7.109106,4.250186,5.368656,2.013246,4.47388,,,0.1,-3.8,101,101,ActiveTrack,Other,,25,5,True,,Mini 3 Pro,False,False,,Smart,RC,False,True,False,,,True,,False,False,False,False,False,False,False,False,False,False,0,Follow Yaw,-22.2,0,132.2,132.2,False,False,False,False,False,True,,True,Normal,100,100,791,1035,1024,1647,N,False,False,False,False,False,0,False,False,False,False,54,7.434,1208,2265,7.434,False,3.719,3.715,0.008,False,False,4.741,101.8,100.4,101.8,,,,,,,,,Idle,,,True,,False,8,Go Home,True,True,True,False,False,False,False,False,False,False,False,False,43.0666047727683,-77.6229698903817,124.1,313.7,1640.4,True,1,1,False,False,False,False,,True,False,False,,328,,16.4,Calm,41,, 1.8.0,DJI Mini 3 Pro,1581F4XF3229R006,53HFK5R0M30ACD,5HAZK6H0018AUR,52XPK6ACA001NV,180.6,0.7,59,13.23575,6.487126,0,8942,DJI Mini 3 Pro,1581F4XF3229R006,53HFK5R0M30ACD,5HAZK6H0018AUR,52XPK6ACA001NV,DJI Fly,, 1.8.0,61EABE4C-BCDC-32F4-D0CC-A1B5A0612123,1581F4XF3229R006W0A6,,,,,,,,,,
6/20/2023,8:52:07.91 AM,0m 47.4s,47.4,43.0667939619644,-77.6233579073047,39,39,34.7,573,213,4.611569,7.109106,4.250186,5.368656,1.789552,4.47388,,,-0.3,-3.6,101.7,101.7,ActiveTrack,Other,,25,5,True,,Mini 3 Pro,False,False,,Smart,RC,False,True,False,,,True,,False,False,False,False,False,False,False,False,False,False,0,Follow Yaw,-22.3,0,133,133,False,False,False,False,False,True,,True,Normal,100,100,791,1036,1024,1644,N,False,False,False,False,False,0,False,False,False,False,54,7.434,1208,2265,7.434,False,3.719,3.715,0.008,False,False,4.741,101.8,100.4,101.8,,,,,,,,,Idle,,,True,,False,8,Go Home,True,True,True,False,False,False,False,False,False,False,False,False,43.0666047727683,-77.6229698903817,124.3,313.7,1640.4,True,1,1,False,False,False,False,,True,False,False,,328,,16.4,Calm,41,, 1.8.0,DJI Mini 3 Pro,1581F4XF3229R006,53HFK5R0M30ACD,5HAZK6H0018AUR,52XPK6ACA001NV,180.6,0.7,59,13.23575,6.487126,0,8942,DJI Mini 3 Pro,1581F4XF3229R006,53HFK5R0M30ACD,5HAZK6H0018AUR,52XPK6ACA001NV,DJI Fly,, 1.8.0,61EABE4C-BCDC-32F4-D0CC-A1B5A0612123,1581F4XF3229R006W0A6,,,,,,,,,,
6/20/2023,8:52:08.11 AM,0m 47.6s,47.6,43.0667974214547,-77.6233558641243,39,39,34.7,573,214.3,4.611569,7.109106,4.250186,5.368656,1.789552,4.47388,,,-0.5,-3.5,102.6,102.6,ActiveTrack,Other,,25,5,True,,Mini 3 Pro,False,False,,Smart,RC,False,True,False,,,True,,False,False,False,False,False,False,False,False,False,False,0,Follow Yaw,-22.3,0,133.8,133.8,False,False,False,False,False,True,,True,Normal,100,100,791,1036,1024,1643,N,False,False,False,False,False,0,False,False,False,False,54,7.434,1208,2265,7.434,False,3.719,3.715,0.008,False,False,4.741,101.8,100.4,101.8,,,,,,,,,Idle,,,True,,False,8,Go Home,True,True,True,False,False,False,False,False,False,False,False,False,43.0666047727683,-77.6229698903817,124.5,313.7,1640.4,True,1,1,False,False,False,False,,True,False,False,,328,,16.4,Calm,41,, 1.8.0,DJI Mini 3 Pro,1581F4XF3229R006,53HFK5R0M30ACD,5HAZK6H0018AUR,52XPK6ACA001NV,180.6,0.7,59,13.23575,6.487126,0,8942,DJI Mini 3 Pro,1581F4XF3229R006,53HFK5R0M30ACD,5HAZK6H0018AUR,52XPK6ACA001NV,DJI Fly,, 1.8.0,61EABE4C-BCDC-32F4-D0CC-A1B5A0612123,1581F4XF3229R006W0A6,,,,,,,,,,
6/20/2023,8:52:08.31 AM,0m 47.8s,47.8,43.0668008616011,-77.6233539284043,39,39,34.7,573,215.7,4.529458,7.109106,4.250186,5.368656,1.565858,4.47388,,,-0.7,-3.5,103.5,103.5,ActiveTrack,Other,,25,5,True,,Mini 3 Pro,False,False,,Smart,RC,False,True,False,,,True,,False,False,False,False,False,False,False,False,False,False,0,Follow Yaw,-22.4,0,134.7,134.7,False,False,False,False,False,True,,True,Normal,100,100,791,1037,1024,1643,N,False,False,False,False,False,0,False,False,False,False,54,7.434,1208,2265,7.434,False,3.719,3.715,0.008,False,False,4.741,101.8,100.4,101.8,,,,,,,,,Idle,,,True,,False,8,Go Home,True,True,True,False,False,False,False,False,False,False,False,False,43.0666047727683,-77.6229698903817,124.8,313.7,1640.4,True,1,1,False,False,False,False,,True,False,False,,328,,16.4,Calm,41,, 1.8.0,DJI Mini 3 Pro,1581F4XF3229R006,53HFK5R0M30ACD,5HAZK6H0018AUR,52XPK6ACA001NV,180.6,0.7,59,13.23575,6.487126,0,8942,DJI Mini 3 Pro,1581F4XF3229R006,53HFK5R0M30ACD,5HAZK6H0018AUR,52XPK6ACA001NV,DJI Fly,, 1.8.0,61EABE4C-BCDC-32F4-D0CC-A1B5A0612123,1581F4XF3229R006W0A6,,,,,,,,,,
6/20/2023,8:52:08.51 AM,0m 48.0s,48,43.0668043050714,-77.6233521130674,39,39,34.7,573,217,4.320248,7.109106,4.026492,5.368656,1.565858,4.47388,,,-0.5,-3.2,104.3,104.3,ActiveTrack,Other,,25,5,True,,Mini 3 Pro,False,False,,Smart,RC,False,True,False,,,True,,False,False,False,False,False,False,False,False,False,False,0,Follow Yaw,-22.4,0,135.5,135.5,False,False,False,False,False,True,,True,Normal,100,100,791,1036,1024,1643,N,False,False,False,False,False,0,False,False,False,False,54,7.434,1208,2265,7.434,False,3.719,3.715,0.008,False,False,4.741,101.8,100.4,101.8,,,,,,,,,Idle,,,True,,False,8,Go Home,True,True,True,False,False,False,False,False,False,False,False,False,43.0666047727683,-77.6229698903817,125.2,313.7,1640.4,True,1,1,False,False,False,False,,True,False,False,,328,,16.4,Calm,41,, 1.8.0,DJI Mini 3 Pro,1581F4XF3229R006,53HFK5R0M30ACD,5HAZK6H0018AUR,52XPK6ACA001NV,180.6,0.7,59,13.23575,6.487126,0,8942,DJI Mini 3 Pro,1581F4XF3229R006,53HFK5R0M30ACD,5HAZK6H0018AUR,52XPK6ACA001NV,DJI Fly,, 1.8.0,61EABE4C-BCDC-32F4-D0CC-A1B5A0612123,1581F4XF3229R006W0A6,,,,,,,,,,
6/20/2023,8:52:08.72 AM,0m 48.2s,48.2,43.0668077078493,-77.6233504113356,39,39,34.7,573,218.4,4.320248,7.109106,4.026492,5.368656,1.565858,4.47388,,,-0.9,-3.2,105.2,105.2,ActiveTrack,Other,,25,5,True,,Mini 3 Pro,False,False,,Smart,RC,False,True,False,,,True,,False,False,False,False,False,False,False,False,False,False,0,Follow Yaw,-22.4,0,136.3,136.3,False,False,False,False,False,True,,True,Normal,100,100,791,1036,1024,1643,N,False,False,False,False,False,0,False,False,False,False,54,7.431,1206,2265,7.431,False,3.717,3.714,0.008,False,False,4.9,101.8,100.4,101.8,,,,,,,,,Idle,,,True,,False,8,Go Home,True,True,True,False,False,False,False,False,False,False,False,False,43.0666047727683,-77.6229698903817,125.5,313.7,1640.4,True,1,1,False,False,False,False,,True,False,False,,328,,16.4,Calm,41,, 1.8.0,DJI Mini 3 Pro,1581F4XF3229R006,53HFK5R0M30ACD,5HAZK6H0018AUR,52XPK6ACA001NV,180.6,0.7,59,13.23575,6.487126,0,8942,DJI Mini 3 Pro,1581F4XF3229R006,53HFK5R0M30ACD,5HAZK6H0018AUR,52XPK6ACA001NV,DJI Fly,, 1.8.0,61EABE4C-BCDC-32F4-D0CC-A1B5A0612123,1581F4XF3229R006W0A6,,,,,,,,,,
6/20/2023,8:52:08.92 AM,0m 48.4s,48.4,43.0668110820311,-77.623348772809,39,39,34.7,573,219.7,4.244295,7.109106,4.026492,5.368656,1.342164,4.47388,,,-0.6,-3.8,106,106,ActiveTrack,Other,,25,5,True,,Mini 3 Pro,False,False,,Smart,RC,False,True,False,,,True,,False,False,False,False,False,False,False,False,False,False,0,Follow Yaw,-22.5,0,137.1,137.1,False,False,False,False,False,True,,True,Normal,100,100,791,1037,1024,1643,N,False,False,False,False,False,0,False,False,False,False,54,7.431,1206,2265,7.431,False,3.717,3.714,0.008,False,False,4.9,101.8,100.4,101.8,,,,,,,,,Idle,,,True,,False,8,Go Home,True,True,True,False,False,False,False,False,False,False,False,False,43.0666047727683,-77.6229698903817,125.9,313.7,1640.4,True,1,1,False,False,False,False,,True,False,False,,328,,16.4,Calm,41,, 1.8.0,DJI Mini 3 Pro,1581F4XF3229R006,53HFK5R0M30ACD,5HAZK6H0018AUR,52XPK6ACA001NV,180.6,0.7,59,13.23575,6.487126,0,8942,DJI Mini 3 Pro,1581F4XF3229R006,53HFK5R0M30ACD,5HAZK6H0018AUR,52XPK6ACA001NV,DJI Fly,, 1.8.0,61EABE4C-BCDC-32F4-D0CC-A1B5A0612123,1581F4XF3229R006W0A6,,,,,,,,,,
6/20/2023,8:52:09.12 AM,0m 48.6s,48.6,43.0668144242586,-77.6233472278354,39,39,34.7,573,220.9,4.244295,7.109106,4.026492,5.368656,1.342164,4.47388,,,-0.3,-3.8,106.7,106.7,ActiveTrack,Other,,25,5,True,,Mini 3 Pro,False,False,,Smart,RC,False,True,False,,,True,,False,False,False,False,False,False,False,False,False,False,0,Follow Yaw,-22.5,0,137.9,137.9,False,False,False,False,False,True,,True,Normal,100,100,791,1036,1024,1643,N,False,False,False,False,False,0,False,False,False,False,54,7.431,1206,2265,7.431,False,3.717,3.714,0.008,False,False,4.9,101.8,100.4,101.8,,,,,,,,,Idle,,,True,,False,8,Go Home,True,True,True,False,False,False,False,False,False,False,False,False,43.0666047727683,-77.6229698903817,126.3,313.7,1640.4,True,1,1,False,False,False,False,,True,False,False,,328,,16.4,Calm,41,, 1.8.0,DJI Mini 3 Pro,1581F4XF3229R006,53HFK5R0M30ACD,5HAZK6H0018AUR,52XPK6ACA001NV,180.6,0.7,59,13.23575,6.487126,0,8942,DJI Mini 3 Pro,1581F4XF3229R006,53HFK5R0M30ACD,5HAZK6H0018AUR,52XPK6ACA001NV,DJI Fly,, 1.8.0,61EABE4C-BCDC-32F4-D0CC-A1B5A0612123,1581F4XF3229R006W0A6,,,,,,,,,,
6/20/2023,8:52:09.33 AM,0m 48.8s,48.8,43.0668177438012,-77.6233458141269,39,39,34.7,573,222.2,4.178948,7.109106,4.026492,5.368656,1.11847,4.47388,,,-1.4,-4.2,107.5,107.5,ActiveTrack,Other,,25,5,True,,Mini 3 Pro,False,False,,Smart,RC,False,True,False,,,True,,False,False,False,False,False,False,False,False,False,False,0,Follow Yaw,-22.5,0,138.8,138.8,False,False,False,False,False,True,,True,Normal,100,100,791,1037,1024,1648,N,False,False,False,False,False,0,False,False,False,False,54,7.431,1206,2265,7.431,False,3.717,3.714,0.008,False,False,4.9,101.8,100.4,101.8,,,,,,,,,Idle,,,True,,False,8,Go Home,True,True,True,False,False,False,False,False,False,False,False,False,43.0666047727683,-77.6229698903817,126.7,313.7,1640.4,True,1,1,False,False,False,False,,True,False,False,,328,,16.4,Calm,41,, 1.8.0,DJI Mini 3 Pro,1581F4XF3229R006,53HFK5R0M30ACD,5HAZK6H0018AUR,52XPK6ACA001NV,180.6,0.7,59,13.23575,6.487126,0,8942,DJI Mini 3 Pro,1581F4XF3229R006,53HFK5R0M30ACD,5HAZK6H0018AUR,52XPK6ACA001NV,DJI Fly,, 1.8.0,61EABE4C-BCDC-32F4-D0CC-A1B5A0612123,1581F4XF3229R006W0A6,,,,,,,,,,
6/20/2023,8:52:09.53 AM,0m 49.0s,49,43.0668210848123,-77.6233444356679,39,39,34.7,573,223.5,4.178948,7.109106,4.026492,5.368656,1.11847,4.47388,,,-1.5,-4.5,108.3,108.3,ActiveTrack,Other,,25,5,True,,Mini 3 Pro,False,False,,Smart,RC,False,True,False,,,True,,False,False,False,False,False,False,False,False,False,False,0,Follow Yaw,-22.5,0,139.6,139.6,False,False,False,False,False,True,,True,Normal,100,100,791,1039,1024,1652,N,False,False,False,False,False,0,False,False,False,False,54,7.431,1206,2265,7.431,False,3.717,3.714,0.008,False,False,4.9,101.8,100.4,101.8,,,,,,,,,Idle,,,True,,False,8,Go Home,True,True,True,False,False,False,False,False,False,False,False,False,43.0666047727683,-77.6229698903817,127.2,313.7,1640.4,True,1,1,False,False,False,False,,True,False,False,,328,,16.4,Calm,41,, 1.8.0,DJI Mini 3 Pro,1581F4XF3229R006,53HFK5R0M30ACD,5HAZK6H0018AUR,52XPK6ACA001NV,180.6,0.7,59,13.23575,6.487126,0,8942,DJI Mini 3 Pro,1581F4XF3229R006,53HFK5R0M30ACD,5HAZK6H0018AUR,52XPK6ACA001NV,DJI Fly,, 1.8.0,61EABE4C-BCDC-32F4-D0CC-A1B5A0612123,1581F4XF3229R006W0A6,,,,,,,,,,
6/20/2023,8:52:09.73 AM,0m 49.2s,49.2,43.0668244426486,-77.6233430865717,39,39,34.7,573,224.8,4.178948,7.109106,4.026492,5.368656,1.11847,4.47388,,,-2.3,-3.6,109.3,109.3,ActiveTrack,Other,,25,5,True,,Mini 3 Pro,False,False,,Smart,RC,False,True,False,,,True,,False,False,False,False,False,False,False,False,False,False,0,Follow Yaw,-22.5,0,140.5,140.5,False,False,False,False,False,True,,True,Normal,100,100,790,1038,1024,1658,N,False,False,False,False,False,0,False,False,False,False,54,7.43,1205,2265,7.43,False,3.717,3.713,0.008,False,False,4.929,101.8,100.4,101.8,,,,,,,,,Idle,,,True,,False,8,Go Home,True,True,True,False,False,False,False,False,False,False,False,False,43.0666047727683,-77.6229698903817,127.7,313.7,1640.4,True,1,1,False,False,False,False,,True,False,False,,328,,16.4,Calm,41,, 1.8.0,DJI Mini 3 Pro,1581F4XF3229R006,53HFK5R0M30ACD,5HAZK6H0018AUR,52XPK6ACA001NV,180.6,0.7,59,13.23575,6.487126,0,8942,DJI Mini 3 Pro,1581F4XF3229R006,53HFK5R0M30ACD,5HAZK6H0018AUR,52XPK6ACA001NV,DJI Fly,, 1.8.0,61EABE4C-BCDC-32F4-D0CC-A1B5A0612123,1581F4XF3229R006W0A6,,,,,,,,,,
6/20/2023,8:52:09.93 AM,0m 49.4s,49.4,43.0668278152027,-77.6233417620305,39,39,34.7,573,226,4.178948,7.109106,4.026492,5.368656,1.11847,4.47388,,,-1.2,-3,109.9,109.9,ActiveTrack,Other,,25,5,True,,Mini 3 Pro,False,False,,Smart,RC,False,True,False,,,True,,False,False,False,False,False,False,False,False,False,False,0,Follow Yaw,-22.5,0,141.3,141.3,False,False,False,False,False,True,,True,Normal,100,100,790,1039,1024,1658,N,False,False,False,False,False,0,False,False,False,False,54,7.43,1205,2265,7.43,False,3.717,3.713,0.008,False,False,4.929,101.8,100.4,101.8,,,,,,,,,Idle,,,True,,False,8,Go Home,True,True,True,False,False,False,False,False,False,False,False,False,43.0666047727683,-77.6229698903817,128.2,313.7,1640.4,True,1,1,False,False,False,False,,True,False,False,,328,,16.4,Calm,41,, 1.8.0,DJI Mini 3 Pro,1581F4XF3229R006,53HFK5R0M30ACD,5HAZK6H0018AUR,52XPK6ACA001NV,180.6,0.7,59,13.23575,6.487126,0,8942,DJI Mini 3 Pro,1581F4XF3229R006,53HFK5R0M30ACD,5HAZK6H0018AUR,52XPK6ACA001NV,DJI Fly,, 1.8.0,61EABE4C-BCDC-32F4-D0CC-A1B5A0612123,1581F4XF3229R006W0A6,,,,,,,,,,
6/20/2023,8:52:10.13 AM,0m 49.6s,49.6,43.0668311559739,-77.6233404690568,39,39,34.7,573,227.3,4.178948,7.109106,4.026492,5.368656,1.11847,4.47388,,,-1.3,-3,110.9,110.9,ActiveTrack,Other,,25,5,True,,Mini 3 Pro,False,False,,Smart,RC,False,True,False,,,True,,False,False,False,False,False,False,False,False,False,False,0,Follow Yaw,-22.5,0,142.2,142.2,False,False,False,False,False,True,,True,Normal,100,100,791,1039,1024,1657,N,False,False,False,False,False,0,False,False,False,False,54,7.43,1205,2265,7.43,False,3.717,3.713,0.008,False,False,4.929,101.8,100.4,101.8,,,,,,,,,Idle,,,True,,False,8,Go Home,True,True,True,False,False,False,False,False,False,False,False,False,43.0666047727683,-77.6229698903817,128.7,313.7,1640.4,True,1,1,False,False,False,False,,True,False,False,,328,,16.4,Calm,41,, 1.8.0,DJI Mini 3 Pro,1581F4XF3229R006,53HFK5R0M30ACD,5HAZK6H0018AUR,52XPK6ACA001NV,180.6,0.7,59,13.23575,6.487126,0,8942,DJI Mini 3 Pro,1581F4XF3229R006,53HFK5R0M30ACD,5HAZK6H0018AUR,52XPK6ACA001NV,DJI Fly,, 1.8.0,61EABE4C-BCDC-32F4-D0CC-A1B5A0612123,1581F4XF3229R006W0A6,,,,,,,,,,
6/20/2023,8:52:10.34 AM,0m 49.8s,49.8,43.066834391356,-77.6233392250289,39,39,34.7,573,228.5,3.963867,7.109106,3.802798,5.368656,1.11847,4.47388,,,-1.9,-3.8,111.8,111.8,ActiveTrack,Other,,25,5,True,,Mini 3 Pro,False,False,,Smart,RC,False,True,False,,,True,,False,False,False,False,False,False,False,False,False,False,0,Follow Yaw,-22.4,0,143,143,False,False,False,False,False,True,,True,Normal,100,100,790,1039,1024,1656,N,False,False,False,False,False,0,False,False,False,False,54,7.43,1205,2265,7.43,False,3.717,3.713,0.008,False,False,4.929,101.8,100.4,101.8,,,,,,,,,Idle,,,True,,False,8,Go Home,True,True,True,False,False,False,False,False,False,False,False,False,43.0666047727683,-77.6229698903817,129.2,313.7,1640.4,True,1,1,False,False,False,False,,True,False,False,,328,,16.4,Calm,41,, 1.8.0,DJI Mini 3 Pro,1581F4XF3229R006,53HFK5R0M30ACD,5HAZK6H0018AUR,52XPK6ACA001NV,180.6,0.7,59,13.23575,6.487126,0,8942,DJI Mini 3 Pro,1581F4XF3229R006,53HFK5R0M30ACD,5HAZK6H0018AUR,52XPK6ACA001NV,DJI Fly,, 1.8.0,61EABE4C-BCDC-32F4-D0CC-A1B5A0612123,1581F4XF3229R006W0A6,,,,,,,,,,
6/20/2023,8:52:10.54 AM,0m 50.0s,50,43.0668375754571,-77.6233379203523,39,39,34.7,573,229.8,3.963867,7.109106,3.802798,5.368656,1.11847,4.47388,,,-1.3,-4.5,112.7,112.7,ActiveTrack,Other,,25,5,True,,Mini 3 Pro,False,False,,Smart,RC,False,True,False,,,True,,False,False,False,False,False,False,False,False,False,False,0,Follow Yaw,-22.4,0,143.8,143.8,False,False,False,False,False,True,,True,Normal,100,100,791,1042,1024,1656,N,False,False,False,False,False,0,False,False,False,False,54,7.43,1205,2265,7.43,False,3.717,3.713,0.008,False,False,4.929,101.8,100.4,101.8,,,,,,,,,Idle,,,True,,False,8,Go Home,True,True,True,False,False,False,False,False,False,False,False,False,43.0666047727683,-77.6229698903817,129.7,313.7,1640.4,True,1,1,False,False,False,False,,True,False,False,,328,,16.4,Calm,41,, 1.8.0,DJI Mini 3 Pro,1581F4XF3229R006,53HFK5R0M30ACD,5HAZK6H0018AUR,52XPK6ACA001NV,180.6,0.7,59,13.23575,6.487126,0,8942,DJI Mini 3 Pro,1581F4XF3229R006,53HFK5R0M30ACD,5HAZK6H0018AUR,52XPK6ACA001NV,DJI Fly,, 1.8.0,61EABE4C-BCDC-32F4-D0CC-A1B5A0612123,1581F4XF3229R006W0A6,,,,,,,,,,
6/20/2023,8:52:10.74 AM,0m 50.2s,50.2,43.0668407259933,-77.6233365428079,39,39,34.7,573,231,4.0327,7.109106,3.802798,5.368656,1.342164,4.47388,,,-2.7,-5.5,113.5,113.5,ActiveTrack,Other,,25,5,True,,Mini 3 Pro,False,False,,Smart,RC,False,True,False,,,True,,False,False,False,False,False,False,False,False,False,False,0,Follow Yaw,-22.4,0,144.6,144.6,False,False,False,False,False,True,,True,Normal,100,100,791,1043,1024,1656,N,False,False,False,False,False,0,False,False,False,False,54,7.424,1203,2265,7.424,False,3.715,3.709,0.008,False,False,4.936,101.8,100.4,101.8,,,,,,,,,Idle,,,True,,False,8,Go Home,True,True,True,False,False,False,False,False,False,False,False,False,43.0666047727683,-77.6229698903817,130.2,313.7,1640.4,True,1,1,False,False,False,False,,True,False,False,,328,,16.4,Calm,41,, 1.8.0,DJI Mini 3 Pro,1581F4XF3229R006,53HFK5R0M30ACD,5HAZK6H0018AUR,52XPK6ACA001NV,180.6,0.7,59,13.23575,6.487126,0,8942,DJI Mini 3 Pro,1581F4XF3229R006,53HFK5R0M30ACD,5HAZK6H0018AUR,52XPK6ACA001NV,DJI Fly,, 1.8.0,61EABE4C-BCDC-32F4-D0CC-A1B5A0612123,1581F4XF3229R006W0A6,,,,,,,,,,
6/20/2023,8:52:10.94 AM,0m 50.4s,50.4,43.0668438814126,-77.6233350209822,39,39,34.7,573,232.2,4.0327,7.109106,3.802798,5.368656,1.342164,4.47388,,,0.2,-5.6,114.2,114.2,ActiveTrack,Other,,25,5,True,,Mini 3 Pro,False,False,,Smart,RC,False,True,False,,,True,,False,False,False,False,False,False,False,False,False,False,0,Follow Yaw,-22.4,0,145.5,145.5,False,False,False,False,False,True,,True,Normal,100,100,791,1044,1024,1656,N,False,False,False,False,False,0,False,False,False,False,54,7.424,1203,2265,7.424,False,3.715,3.709,0.008,False,False,4.936,101.8,100.4,101.8,,,,,,,,,Idle,,,True,,False,8,Go Home,True,True,True,False,False,False,False,False,False,False,False,False,43.0666047727683,-77.6229698903817,130.6,313.7,1640.4,True,1,1,False,False,False,False,,True,False,False,,328,,16.4,Calm,41,, 1.8.0,DJI Mini 3 Pro,1581F4XF3229R006,53HFK5R0M30ACD,5HAZK6H0018AUR,52XPK6ACA001NV,180.6,0.7,59,13.23575,6.487126,0,8942,DJI Mini 3 Pro,1581F4XF3229R006,53HFK5R0M30ACD,5HAZK6H0018AUR,52XPK6ACA001NV,DJI Fly,, 1.8.0,61EABE4C-BCDC-32F4-D0CC-A1B5A0612123,1581F4XF3229R006W0A6,,,,,,,,,,
6/20/2023,8:52:11.04 AM,0m 50.6s,50.6,43.0668470972109,-77.6233334730301,39,39,34.7,573,233.4,4.0327,7.109106,3.802798,5.368656,1.342164,4.47388,,,-1.8,-3.9,115.2,115.2,ActiveTrack,Other,,25,5,True,,Mini 3 Pro,False,False,,Smart,RC,False,True,False,,,True,,False,False,False,False,False,False,False,False,False,False,0,Follow Yaw,-22.4,0,146.3,146.3,False,False,False,False,False,True,,True,Normal,100,100,792,1046,1024,1661,N,False,False,False,False,False,0,False,False,False,False,54,7.424,1203,2265,7.424,False,3.715,3.709,0.008,False,False,4.936,101.8,100.4,101.8,,,,,,,,,Idle,,,True,,False,8,Go Home,True,True,True,False,False,False,False,False,False,False,False,False,43.0666047727683,-77.6229698903817,131.1,313.7,1640.4,True,1,1,False,False,False,False,,True,False,False,,328,,16.4,Calm,41,, 1.8.0,DJI Mini 3 Pro,1581F4XF3229R006,53HFK5R0M30ACD,5HAZK6H0018AUR,52XPK6ACA001NV,180.6,0.7,59,13.23575,6.487126,0,8942,DJI Mini 3 Pro,1581F4XF3229R006,53HFK5R0M30ACD,5HAZK6H0018AUR,52XPK6ACA001NV,DJI Fly,, 1.8.0,61EABE4C-BCDC-32F4-D0CC-A1B5A0612123,1581F4XF3229R006W0A6,,,,,,,,,,
6/20/2023,8:52:11.35 AM,0m 50.8s,50.8,43.0668502821173,-77.6233319173621,39,39,34.7,573,234.7,4.0327,7.109106,3.802798,5.368656,1.342164,4.47388,,,-1.3,-4.9,116,116,ActiveTrack,Other,,25,5,True,,Mini 3 Pro,False,False,,Smart,RC,False,True,False,,,True,,False,False,False,False,False,False,False,False,False,False,0,Follow Yaw,-22.3,0,147.1,147.1,False,False,False,False,False,True,,True,Normal,100,100,792,1047,1024,1664,N,False,False,False,False,False,0,False,False,False,False,54,7.424,1203,2265,7.424,False,3.715,3.709,0.008,False,False,4.936,101.8,100.4,101.8,,,,,,,,,Idle,,,True,,False,8,Go Home,True,True,True,False,False,False,False,False,False,False,False,False,43.0666047727683,-77.6229698903817,131.6,313.7,1640.4,True,1,1,False,False,False,False,,True,False,False,,328,,16.4,Calm,41,, 1.8.0,DJI Mini 3 Pro,1581F4XF3229R006,53HFK5R0M30ACD,5HAZK6H0018AUR,52XPK6ACA001NV,180.6,0.7,59,13.23575,6.487126,0,8942,DJI Mini 3 Pro,1581F4XF3229R006,53HFK5R0M30ACD,5HAZK6H0018AUR,52XPK6ACA001NV,DJI Fly,, 1.8.0,61EABE4C-BCDC-32F4-D0CC-A1B5A0612123,1581F4XF3229R006W0A6,,,,,,,,,,
6/20/2023,8:52:11.56 AM,0m 51.0s,51,43.0668534267081,-77.6233303687533,39,39,34.7,573,235.9,4.0327,7.109106,3.802798,5.368656,1.342164,4.47388,,,-1.7,-4.9,116.8,116.8,ActiveTrack,Other,,25,5,True,,Mini 3 Pro,False,False,,Smart,RC,False,True,False,,,True,,False,False,False,False,False,False,False,False,False,False,0,Follow Yaw,-22.3,0,147.9,147.9,False,False,False,False,False,True,,True,Normal,100,100,791,1047,1024,1664,N,False,False,False,False,False,0,False,False,False,False,54,7.424,1203,2265,7.424,False,3.715,3.709,0.008,False,False,4.936,101.8,100.4,101.8,,,,,,,,,Idle,,,True,,False,8,Go Home,True,True,True,False,False,False,False,False,False,False,False,False,43.0666047727683,-77.6229698903817,132.1,313.7,1640.4,True,1,1,False,False,False,False,,True,False,False,,328,,16.4,Calm,41,, 1.8.0,DJI Mini 3 Pro,1581F4XF3229R006,53HFK5R0M30ACD,5HAZK6H0018AUR,52XPK6ACA001NV,180.6,0.7,59,13.23575,6.487126,0,8942,DJI Mini 3 Pro,1581F4XF3229R006,53HFK5R0M30ACD,5HAZK6H0018AUR,52XPK6ACA001NV,DJI Fly,, 1.8.0,61EABE4C-BCDC-32F4-D0CC-A1B5A0612123,1581F4XF3229R006W0A6,,,,,,,,,,
6/20/2023,8:52:11.66 AM,0m 51.2s,51.2,43.0668565020962,-77.6233288039387,39,39,34.7,573,237.1,3.822484,7.109106,3.579104,5.368656,1.342164,4.47388,,,-1.9,-5.2,117.6,117.6,ActiveTrack,Other,,25,5,True,,Mini 3 Pro,False,False,,Smart,RC,False,True,False,,,True,,False,False,False,False,False,False,False,False,False,False,0,Follow Yaw,-22.3,0,148.7,148.7,False,False,False,False,False,True,,True,Normal,100,100,792,1048,1024,1665,N,False,False,False,False,False,0,False,False,False,False,54,7.425,1202,2265,7.425,False,3.715,3.71,0.008,False,False,4.78,101.8,100.4,101.8,,,,,,,,,Idle,,,True,,False,8,Go Home,True,True,True,False,False,False,False,False,False,False,False,False,43.0666047727683,-77.6229698903817,132.6,313.7,1640.4,True,1,1,False,False,False,False,,True,False,False,,328,,16.4,Calm,41,, 1.8.0,DJI Mini 3 Pro,1581F4XF3229R006,53HFK5R0M30ACD,5HAZK6H0018AUR,52XPK6ACA001NV,180.6,0.7,59,13.23575,6.487126,0,8942,DJI Mini 3 Pro,1581F4XF3229R006,53HFK5R0M30ACD,5HAZK6H0018AUR,52XPK6ACA001NV,DJI Fly,, 1.8.0,61EABE4C-BCDC-32F4-D0CC-A1B5A0612123,1581F4XF3229R006W0A6,,,,,,,,,,
6/20/2023,8:52:11.96 AM,0m 51.4s,51.4,43.0668594966647,-77.6233272176883,39,39,34.7,573,238.2,3.822484,7.109106,3.579104,5.368656,1.342164,4.47388,,,0,-6.2,118.3,118.3,ActiveTrack,Other,,25,5,True,,Mini 3 Pro,False,False,,Smart,RC,False,True,False,,,True,,False,False,False,False,False,False,False,False,False,False,0,Follow Yaw,-22.2,0,149.5,149.5,False,False,False,False,False,True,,True,Normal,100,100,792,1048,1024,1665,N,False,False,False,False,False,0,False,False,False,False,54,7.425,1202,2265,7.425,False,3.715,3.71,0.008,False,False,4.78,101.8,100.4,101.8,,,,,,,,,Idle,,,True,,False,8,Go Home,True,True,True,False,False,False,False,False,False,False,False,False,43.0666047727683,-77.6229698903817,133,313.7,1640.4,True,1,1,False,False,False,False,,True,False,False,,328,,16.4,Calm,41,, 1.8.0,DJI Mini 3 Pro,1581F4XF3229R006,53HFK5R0M30ACD,5HAZK6H0018AUR,52XPK6ACA001NV,180.6,0.7,59,13.23575,6.487126,0,8942,DJI Mini 3 Pro,1581F4XF3229R006,53HFK5R0M30ACD,5HAZK6H0018AUR,52XPK6ACA001NV,DJI Fly,, 1.8.0,61EABE4C-BCDC-32F4-D0CC-A1B5A0612123,1581F4XF3229R006W0A6,,,,,,,,,,
6/20/2023,8:52:12.16 AM,0m 51.6s,51.6,43.0668625393618,-77.6233256960502,39,39,34.7,573,239.4,3.822484,7.109106,3.579104,5.368656,1.342164,4.47388,,,-1.9,-6.2,119.2,119.2,ActiveTrack,Other,,25,5,True,,Mini 3 Pro,False,False,,Smart,RC,False,True,False,,,True,,False,False,False,False,False,False,False,False,False,False,0,Follow Yaw,-22.2,0,150.3,150.3,False,False,False,False,False,True,,True,Normal,100,100,791,1047,1024,1678,N,False,False,False,False,False,0,False,False,False,False,54,7.425,1202,2265,7.425,False,3.715,3.71,0.008,False,False,4.78,101.8,100.4,101.8,,,,,,,,,Idle,,,True,,False,8,Go Home,True,True,True,False,False,False,False,False,False,False,False,False,43.0666047727683,-77.6229698903817,133.5,313.7,1640.4,True,1,1,False,False,False,False,,True,False,False,,328,,16.4,Calm,41,, 1.8.0,DJI Mini 3 Pro,1581F4XF3229R006,53HFK5R0M30ACD,5HAZK6H0018AUR,52XPK6ACA001NV,180.6,0.7,59,13.23575,6.487126,0,8942,DJI Mini 3 Pro,1581F4XF3229R006,53HFK5R0M30ACD,5HAZK6H0018AUR,52XPK6ACA001NV,DJI Fly,, 1.8.0,61EABE4C-BCDC-32F4-D0CC-A1B5A0612123,1581F4XF3229R006W0A6,,,,,,,,,,
6/20/2023,8:52:12.36 AM,0m 51.8s,51.8,43.0668656297075,-77.6233241983339,39,39,34.7,573,240.6,4.0327,7.109106,3.802798,5.368656,1.342164,4.47388,,,-2.6,-5.7,120,120,ActiveTrack,Other,,25,5,True,,Mini 3 Pro,False,False,,Smart,RC,False,True,False,,,True,,False,False,False,False,False,False,False,False,False,False,0,Follow Yaw,-22.1,0,151.1,151.1,False,False,False,False,False,True,,True,Normal,100,100,791,1048,1024,1684,N,False,False,False,False,False,0,False,False,False,False,54,7.425,1202,2265,7.425,False,3.715,3.71,0.008,False,False,4.78,101.8,100.4,101.8,,,,,,,,,Idle,,,True,,False,8,Go Home,True,True,True,False,False,False,False,False,False,False,False,False,43.0666047727683,-77.6229698903817,134,313.7,1640.4,True,1,1,False,False,False,False,,True,False,False,,328,,16.4,Calm,41,, 1.8.0,DJI Mini 3 Pro,1581F4XF3229R006,53HFK5R0M30ACD,5HAZK6H0018AUR,52XPK6ACA001NV,180.6,0.7,59,13.23575,6.487126,0,8942,DJI Mini 3 Pro,1581F4XF3229R006,53HFK5R0M30ACD,5HAZK6H0018AUR,52XPK6ACA001NV,DJI Fly,, 1.8.0,61EABE4C-BCDC-32F4-D0CC-A1B5A0612123,1581F4XF3229R006W0A6,,,,,,,,,,
6/20/2023,8:52:12.57 AM,0m 52.0s,52,43.0668686991158,-77.6233226945668,39,39,34.7,573,241.8,3.822484,7.109106,3.579104,5.368656,1.342164,4.47388,,,-2.8,-5.7,120.8,120.8,ActiveTrack,Other,,25,5,True,,Mini 3 Pro,False,False,,Smart,RC,False,True,False,,,True,,False,False,False,False,False,False,False,False,False,False,0,Follow Yaw,-22,0,151.9,151.9,False,False,False,False,False,True,,True,Normal,100,100,790,1047,1024,1684,N,False,False,False,False,False,0,False,False,False,False,54,7.425,1202,2265,7.425,False,3.715,3.71,0.008,False,False,4.78,101.8,100.4,101.8,,,,,,,,,Idle,,,True,,False,8,Go Home,True,True,True,False,False,False,False,False,False,False,False,False,43.0666047727683,-77.6229698903817,134.5,313.7,1640.4,True,1,1,False,False,False,False,,True,False,False,,328,,16.4,Calm,41,, 1.8.0,DJI Mini 3 Pro,1581F4XF3229R006,53HFK5R0M30ACD,5HAZK6H0018AUR,52XPK6ACA001NV,180.6,0.7,59,13.23575,6.487126,0,8942,DJI Mini 3 Pro,1581F4XF3229R006,53HFK5R0M30ACD,5HAZK6H0018AUR,52XPK6ACA001NV,DJI Fly,, 1.8.0,61EABE4C-BCDC-32F4-D0CC-A1B5A0612123,1581F4XF3229R006W0A6,,,,,,,,,,
6/20/2023,8:52:12.77 AM,0m 52.2s,52.2,43.0668717496943,-77.6233211682381,39,39,34.7,573,243,3.822484,7.109106,3.579104,5.368656,1.342164,4.47388,,,-3,-5.8,121.6,121.6,ActiveTrack,Other,,25,5,True,,Mini 3 Pro,False,False,,Smart,RC,False,True,False,,,True,,False,False,False,False,False,False,False,False,False,False,0,Follow Yaw,-22,0,152.6,152.6,False,False,False,False,False,True,,True,Normal,100,100,790,1048,1024,1684,N,False,False,False,False,False,0,False,False,False,False,54,7.422,1201,2265,7.422,False,3.715,3.71,0.008,False,False,4.941,101.8,100.4,101.8,,,,,,,,,Idle,,,True,,False,8,Go Home,True,True,True,False,False,False,False,False,False,False,False,False,43.0666047727683,-77.6229698903817,135,313.7,1640.4,True,1,1,False,False,False,False,,True,False,False,,328,,16.4,Calm,41,, 1.8.0,DJI Mini 3 Pro,1581F4XF3229R006,53HFK5R0M30ACD,5HAZK6H0018AUR,52XPK6ACA001NV,180.6,0.7,59,13.23575,6.487126,0,8942,DJI Mini 3 Pro,1581F4XF3229R006,53HFK5R0M30ACD,5HAZK6H0018AUR,52XPK6ACA001NV,DJI Fly,, 1.8.0,61EABE4C-BCDC-32F4-D0CC-A1B5A0612123,1581F4XF3229R006W0A6,,,,,,,,,,
6/20/2023,8:52:12.97 AM,0m 52.4s,52.4,43.0668748016778,-77.6233196073402,39,39,34.7,573,244.2,3.822484,7.109106,3.579104,5.368656,1.342164,4.47388,,,-3.1,-5.9,122.4,122.4,ActiveTrack,Other,,25,5,True,,Mini 3 Pro,False,False,,Smart,RC,False,True,False,,,True,,False,False,False,False,False,False,False,False,False,False,0,Follow Yaw,-21.9,0,153.4,153.4,False,False,False,False,False,True,,True,Normal,100,100,790,1082,1024,1684,N,False,False,False,False,False,0,False,False,False,False,54,7.425,1201,2265,7.425,False,3.715,3.71,0.008,False,False,4.941,101.8,100.4,101.8,,,,,,,,,Idle,,,True,,False,8,Go Home,True,True,True,False,False,False,False,False,False,False,False,False,43.0666047727683,-77.6229698903817,135.6,313.7,1640.4,True,1,1,False,False,False,False,,True,False,False,,328,,16.4,Calm,41,, 1.8.0,DJI Mini 3 Pro,1581F4XF3229R006,53HFK5R0M30ACD,5HAZK6H0018AUR,52XPK6ACA001NV,180.6,0.7,59,13.23575,6.487126,0,8942,DJI Mini 3 Pro,1581F4XF3229R006,53HFK5R0M30ACD,5HAZK6H0018AUR,52XPK6ACA001NV,DJI Fly,, 1.8.0,61EABE4C-BCDC-32F4-D0CC-A1B5A0612123,1581F4XF3229R006W0A6,,,,,,,,,,
6/20/2023,8:52:13.07 AM,0m 52.6s,52.6,43.0668778259561,-77.6233180134207,39,39,34.7,573,245.4,3.822484,7.109106,3.579104,5.368656,1.342164,4.47388,,,-3.1,-6.1,123.1,123.1,ActiveTrack,Other,,25,5,True,,Mini 3 Pro,False,False,,Smart,RC,False,True,False,,,True,,False,False,False,False,False,False,False,False,False,False,0,Follow Yaw,-21.9,0,154.2,154.2,False,False,False,False,False,True,,True,Normal,100,100,789,1100,1024,1684,N,False,False,False,False,False,0,False,False,False,False,54,7.425,1201,2265,7.425,False,3.715,3.71,0.008,False,False,4.941,101.8,100.4,101.8,,,,,,,,,Idle,,,True,,False,8,Go Home,True,True,True,False,False,False,False,False,False,False,False,False,43.0666047727683,-77.6229698903817,136.1,313.7,1640.4,True,1,1,False,False,False,False,,True,False,False,,328,,16.4,Calm,41,, 1.8.0,DJI Mini 3 Pro,1581F4XF3229R006,53HFK5R0M30ACD,5HAZK6H0018AUR,52XPK6ACA001NV,180.6,0.7,59,13.23575,6.487126,0,8942,DJI Mini 3 Pro,1581F4XF3229R006,53HFK5R0M30ACD,5HAZK6H0018AUR,52XPK6ACA001NV,DJI Fly,, 1.8.0,61EABE4C-BCDC-32F4-D0CC-A1B5A0612123,1581F4XF3229R006W0A6,,,,,,,,,,
6/20/2023,8:52:13.27 AM,0m 52.8s,52.8,43.0668808120607,-77.6233163456485,39,39,34.7,573,246.5,3.906647,7.109106,3.579104,5.368656,1.565858,4.47388,,,-3.4,-6.3,123.9,123.9,ActiveTrack,Other,,25,5,True,,Mini 3 Pro,False,False,,Smart,RC,False,True,False,,,True,,False,False,False,False,False,False,False,False,False,False,0,Follow Yaw,-21.8,0,154.9,154.9,False,False,False,False,False,True,,True,Normal,100,100,790,1121,1024,1684,N,False,False,False,False,False,0,False,False,False,False,54,7.425,1201,2265,7.425,False,3.715,3.71,0.008,False,False,4.941,101.8,100.4,101.8,,,,,,,,,Idle,,,True,,False,8,Go Home,True,True,True,False,False,False,False,False,False,False,False,False,43.0666047727683,-77.6229698903817,136.6,313.7,1640.4,True,1,1,False,False,False,False,,True,False,False,,328,,16.4,Calm,41,, 1.8.0,DJI Mini 3 Pro,1581F4XF3229R006,53HFK5R0M30ACD,5HAZK6H0018AUR,52XPK6ACA001NV,180.6,0.7,59,13.23575,6.487126,0,8942,DJI Mini 3 Pro,1581F4XF3229R006,53HFK5R0M30ACD,5HAZK6H0018AUR,52XPK6ACA001NV,DJI Fly,, 1.8.0,61EABE4C-BCDC-32F4-D0CC-A1B5A0612123,1581F4XF3229R006W0A6,,,,,,,,,,
6/20/2023,8:52:13.58 AM,0m 53.0s,53,43.0668838016776,-77.6233145822594,39,39,34.7,573,247.7,3.906647,7.109106,3.579104,5.368656,1.565858,4.47388,,,-3.8,-5.9,124.7,124.7,ActiveTrack,Other,,25,5,True,,Mini 3 Pro,False,False,,Smart,RC,False,True,False,,,True,,False,False,False,False,False,False,False,False,False,False,0,Follow Yaw,-21.7,0,155.7,155.7,False,False,False,False,False,True,,True,Normal,100,100,791,1131,1024,1684,N,False,False,False,False,False,0,False,False,False,False,54,7.425,1201,2265,7.425,False,3.715,3.71,0.008,False,False,4.941,101.8,100.4,101.8,,,,,,,,,Idle,,,True,,False,8,Go Home,True,True,True,False,False,False,False,False,False,False,False,False,43.0666047727683,-77.6229698903817,137.1,313.7,1640.4,True,1,1,False,False,False,False,,True,False,False,,328,,16.4,Calm,41,, 1.8.0,DJI Mini 3 Pro,1581F4XF3229R006,53HFK5R0M30ACD,5HAZK6H0018AUR,52XPK6ACA001NV,180.6,0.7,59,13.23575,6.487126,0,8942,DJI Mini 3 Pro,1581F4XF3229R006,53HFK5R0M30ACD,5HAZK6H0018AUR,52XPK6ACA001NV,DJI Fly,, 1.8.0,61EABE4C-BCDC-32F4-D0CC-A1B5A0612123,1581F4XF3229R006W0A6,,,,,,,,,,
6/20/2023,8:52:13.68 AM,0m 53.2s,53.2,43.0668867461988,-77.6233127077746,39,39,34.7,573,248.9,3.906647,7.109106,3.579104,5.368656,1.565858,4.47388,,,-3.8,-5.7,125.5,125.5,ActiveTrack,Other,,25,5,True,,Mini 3 Pro,False,False,,Smart,RC,False,True,False,,,True,,False,False,False,False,False,False,False,False,False,False,0,Follow Yaw,-21.7,0,156.5,156.5,False,False,False,False,False,True,,True,Normal,100,100,791,1134,1024,1684,N,False,False,False,False,False,0,False,False,False,False,54,7.425,1201,2265,7.425,False,3.715,3.71,0.008,False,False,4.941,101.8,100.4,101.8,,,,,,,,,Idle,,,True,,False,8,Go Home,True,True,True,False,False,False,False,False,False,False,False,False,43.0666047727683,-77.6229698903817,137.5,313.7,1640.4,True,1,1,False,False,False,False,,True,False,False,,328,,16.4,Calm,41,, 1.8.0,DJI Mini 3 Pro,1581F4XF3229R006,53HFK5R0M30ACD,5HAZK6H0018AUR,52XPK6ACA001NV,180.6,0.7,59,13.23575,6.487126,0,8942,DJI Mini 3 Pro,1581F4XF3229R006,53HFK5R0M30ACD,5HAZK6H0018AUR,52XPK6ACA001NV,DJI Fly,, 1.8.0,61EABE4C-BCDC-32F4-D0CC-A1B5A0612123,1581F4XF3229R006W0A6,,,,,,,,,,
6/20/2023,8:52:13.88 AM,0m 53.4s,53.4,43.0668896664074,-77.6233107173629,39,39,34.7,573,250.1,4.001559,7.109106,3.579104,5.368656,1.789552,4.47388,,,-4.1,-5.7,126.2,126.2,ActiveTrack,Other,,25,5,True,,Mini 3 Pro,False,False,,Smart,RC,False,True,False,,,True,,False,False,False,False,False,False,False,False,False,False,0,Follow Yaw,-21.7,0,157.3,157.3,False,False,False,False,False,True,,True,Normal,100,100,797,1135,1024,1684,N,False,False,False,False,False,0,False,False,False,False,53,7.417,1199,2265,7.417,False,3.711,3.706,0.008,False,False,5.02,102,100.4,102,,,,,,,,,Idle,,,True,,False,8,Go Home,True,True,True,False,False,False,False,False,False,False,False,False,43.0666047727683,-77.6229698903817,138,313.7,1640.4,True,1,1,False,False,False,False,,True,False,False,,328,,16.4,Calm,41,, 1.8.0,DJI Mini 3 Pro,1581F4XF3229R006,53HFK5R0M30ACD,5HAZK6H0018AUR,52XPK6ACA001NV,180.6,0.7,59,13.23575,6.487126,0,8942,DJI Mini 3 Pro,1581F4XF3229R006,53HFK5R0M30ACD,5HAZK6H0018AUR,52XPK6ACA001NV,DJI Fly,, 1.8.0,61EABE4C-BCDC-32F4-D0CC-A1B5A0612123,1581F4XF3229R006W0A6,,,,,,,,,,
6/20/2023,8:52:14.08 AM,0m 53.6s,53.6,43.0668925360887,-77.6233086202411,39,39,34.7,573,251.3,3.802798,7.109106,3.35541,5.368656,1.789552,4.47388,,,-3.8,-5.1,127,127,ActiveTrack,Other,,25,5,True,,Mini 3 Pro,False,False,,Smart,RC,False,True,False,,,True,,False,False,False,False,False,False,False,False,False,False,0,Follow Yaw,-21.6,0,158.1,158.1,False,False,False,False,False,True,,True,Normal,100,100,797,1135,1024,1684,N,False,False,False,False,False,0,False,False,False,False,53,7.417,1199,2265,7.417,False,3.711,3.706,0.008,False,False,5.02,102,100.4,102,,,,,,,,,Idle,,,True,,False,8,Go Home,True,True,True,False,False,False,False,False,False,False,False,False,43.0666047727683,-77.6229698903817,138.4,313.7,1640.4,True,1,1,False,False,False,False,,True,False,False,,328,,16.4,Calm,41,, 1.8.0,DJI Mini 3 Pro,1581F4XF3229R006,53HFK5R0M30ACD,5HAZK6H0018AUR,52XPK6ACA001NV,180.6,0.7,59,13.23575,6.487126,0,8942,DJI Mini 3 Pro,1581F4XF3229R006,53HFK5R0M30ACD,5HAZK6H0018AUR,52XPK6ACA001NV,DJI Fly,, 1.8.0,61EABE4C-BCDC-32F4-D0CC-A1B5A0612123,1581F4XF3229R006W0A6,,,,,,,,,,
6/20/2023,8:52:14.29 AM,0m 53.8s,53.8,43.0668953459394,-77.6233064521279,39,39,34.7,573,252.5,3.913046,7.109106,3.35541,5.368656,2.013246,4.47388,,,-3.8,-5.1,127.8,127.8,ActiveTrack,Other,,25,5,True,,Mini 3 Pro,False,False,,Smart,RC,False,True,False,,,True,,False,False,False,False,False,False,False,False,False,False,0,Follow Yaw,-21.6,0,158.9,158.9,False,False,False,False,False,True,,True,Normal,100,100,796,1139,1024,1684,N,False,False,False,False,False,0,False,False,False,False,53,7.417,1199,2265,7.417,False,3.711,3.706,0.008,False,False,5.02,102,100.4,102,,,,,,,,,Idle,,,True,,False,8,Go Home,True,True,True,False,False,False,False,False,False,False,False,False,43.0666047727683,-77.6229698903817,138.8,313.7,1640.4,True,1,1,False,False,False,False,,True,False,False,,328,,16.4,Calm,41,, 1.8.0,DJI Mini 3 Pro,1581F4XF3229R006,53HFK5R0M30ACD,5HAZK6H0018AUR,52XPK6ACA001NV,180.6,0.7,59,13.23575,6.487126,0,8942,DJI Mini 3 Pro,1581F4XF3229R006,53HFK5R0M30ACD,5HAZK6H0018AUR,52XPK6ACA001NV,DJI Fly,, 1.8.0,61EABE4C-BCDC-32F4-D0CC-A1B5A0612123,1581F4XF3229R006W0A6,,,,,,,,,,
6/20/2023,8:52:14.49 AM,0m 54.0s,54,43.0668980974671,-77.6233042083326,39,39,34.7,573,253.6,3.72301,7.109106,3.131716,5.368656,2.013246,4.47388,,,-3.7,-5.4,128.7,128.7,ActiveTrack,Other,,25,5,True,,Mini 3 Pro,False,False,,Smart,RC,False,True,False,,,True,,False,False,False,False,False,False,False,False,False,False,0,Follow Yaw,-21.6,0,159.7,159.7,False,False,False,False,False,True,,True,Normal,100,100,799,1141,1024,1684,N,False,False,False,False,False,0,False,False,False,False,53,7.417,1199,2265,7.417,False,3.711,3.706,0.008,False,False,5.02,102,100.4,102,,,,,,,,,Idle,,,True,,False,8,Go Home,True,True,True,False,False,False,False,False,False,False,False,False,43.0666047727683,-77.6229698903817,139.2,313.7,1640.4,True,1,1,False,False,False,False,,True,False,False,,328,,16.4,Calm,41,, 1.8.0,DJI Mini 3 Pro,1581F4XF3229R006,53HFK5R0M30ACD,5HAZK6H0018AUR,52XPK6ACA001NV,180.6,0.7,59,13.23575,6.487126,0,8942,DJI Mini 3 Pro,1581F4XF3229R006,53HFK5R0M30ACD,5HAZK6H0018AUR,52XPK6ACA001NV,DJI Fly,, 1.8.0,61EABE4C-BCDC-32F4-D0CC-A1B5A0612123,1581F4XF3229R006W0A6,,,,,,,,,,
6/20/2023,8:52:14.79 AM,0m 54.2s,54.2,43.0669007891984,-77.623301894742,39,39,34.7,573,254.8,3.72301,7.109106,3.131716,5.368656,2.013246,4.47388,,,-3.7,-5.6,129.5,129.5,ActiveTrack,Other,,25,5,True,,Mini 3 Pro,False,False,,Smart,RC,False,True,False,,,True,,False,False,False,False,False,False,False,False,False,False,0,Follow Yaw,-21.6,0,160.9,160.9,False,False,False,False,False,True,,True,Normal,100,100,800,1141,1024,1684,N,False,False,False,False,False,0,False,False,False,False,53,7.416,1198,2265,7.416,False,3.713,3.706,0.008,False,False,5.203,102,100.4,102,,,,,,,,,Idle,,,True,,False,8,Go Home,True,True,True,False,False,False,False,False,False,False,False,False,43.0666047727683,-77.6229698903817,139.6,313.7,1640.4,True,1,1,False,False,False,False,,True,False,False,,328,,16.4,Calm,41,, 1.8.0,DJI Mini 3 Pro,1581F4XF3229R006,53HFK5R0M30ACD,5HAZK6H0018AUR,52XPK6ACA001NV,180.6,0.7,59,13.23575,6.487126,0,8942,DJI Mini 3 Pro,1581F4XF3229R006,53HFK5R0M30ACD,5HAZK6H0018AUR,52XPK6ACA001NV,DJI Fly,, 1.8.0,61EABE4C-BCDC-32F4-D0CC-A1B5A0612123,1581F4XF3229R006W0A6,,,,,,,,,,
6/20/2023,8:52:14.90 AM,0m 54.4s,54.4,43.0669034120866,-77.6232994723305,39,39,34.7,573,256,3.848577,7.109106,3.131716,5.368656,2.23694,4.47388,,,-3.9,-5.5,130.3,130.3,ActiveTrack,Other,,25,5,True,,Mini 3 Pro,False,False,,Smart,RC,False,True,False,,,True,,False,False,False,False,False,False,False,False,False,False,0,Follow Yaw,-21.5,0,161.3,161.3,False,False,False,False,False,True,,True,Normal,100,100,801,1140,1024,1684,N,False,False,False,False,False,0,False,False,False,False,53,7.419,1198,2265,7.419,False,3.713,3.706,0.008,False,False,5.203,102,100.4,102,,,,,,,,,Idle,,,True,,False,8,Go Home,True,True,True,False,False,False,False,False,False,False,False,False,43.0666047727683,-77.6229698903817,139.9,313.7,1640.4,True,1,1,False,False,False,False,,True,False,False,,328,,16.4,Calm,41,, 1.8.0,DJI Mini 3 Pro,1581F4XF3229R006,53HFK5R0M30ACD,5HAZK6H0018AUR,52XPK6ACA001NV,180.6,0.7,59,13.23575,6.487126,0,8942,DJI Mini 3 Pro,1581F4XF3229R006,53HFK5R0M30ACD,5HAZK6H0018AUR,52XPK6ACA001NV,DJI Fly,, 1.8.0,61EABE4C-BCDC-32F4-D0CC-A1B5A0612123,1581F4XF3229R006W0A6,,,,,,,,,,
6/20/2023,8:52:15.10 AM,0m 54.6s,54.6,43.0669059522193,-77.623296956624,39,39,34.7,573,257.1,3.668854,7.109106,2.908022,5.368656,2.23694,4.47388,,,-3.8,-5.6,131.1,131.1,ActiveTrack,Other,,25,5,True,,Mini 3 Pro,False,False,,Smart,RC,False,True,False,,,True,,False,False,False,False,False,False,False,False,False,False,0,Follow Yaw,-21.5,0,162.2,162.2,False,False,False,False,False,True,,True,Normal,100,100,801,1142,1024,1684,N,False,False,False,False,False,0,False,False,False,False,53,7.419,1198,2265,7.419,False,3.713,3.706,0.008,False,False,5.203,102,100.4,102,,,,,,,,,Idle,,,True,,False,8,Go Home,True,True,True,False,False,False,False,False,False,False,False,False,43.0666047727683,-77.6229698903817,140.2,313.7,1640.4,True,1,1,False,False,False,False,,True,False,False,,328,,16.4,Calm,41,, 1.8.0,DJI Mini 3 Pro,1581F4XF3229R006,53HFK5R0M30ACD,5HAZK6H0018AUR,52XPK6ACA001NV,180.6,0.7,59,13.23575,6.487126,0,8942,DJI Mini 3 Pro,1581F4XF3229R006,53HFK5R0M30ACD,5HAZK6H0018AUR,52XPK6ACA001NV,DJI Fly,, 1.8.0,61EABE4C-BCDC-32F4-D0CC-A1B5A0612123,1581F4XF3229R006W0A6,,,,,,,,,,
6/20/2023,8:52:15.30 AM,0m 54.8s,54.8,43.0669084625394,-77.6232943463326,39,39,34.7,573,258.2,3.668854,7.109106,2.908022,5.368656,2.23694,4.47388,,,-3.9,-5.5,132,132,ActiveTrack,Other,,25,5,True,,Mini 3 Pro,False,False,,Smart,RC,False,True,False,,,True,,False,False,False,False,False,False,False,False,False,False,0,Follow Yaw,-21.5,0,163,163,False,False,False,False,False,True,,True,Normal,100,100,801,1142,1024,1684,N,False,False,False,False,False,0,False,False,False,False,53,7.419,1198,2265,7.419,False,3.713,3.706,0.008,False,False,5.203,102,100.4,102,,,,,,,,,Idle,,,True,,False,8,Go Home,True,True,True,False,False,False,False,False,False,False,False,False,43.0666047727683,-77.6229698903817,140.5,313.7,1640.4,True,1,1,False,False,False,False,,True,False,False,,328,,16.4,Calm,41,, 1.8.0,DJI Mini 3 Pro,1581F4XF3229R006,53HFK5R0M30ACD,5HAZK6H0018AUR,52XPK6ACA001NV,180.6,0.7,59,13.23575,6.487126,0,8942,DJI Mini 3 Pro,1581F4XF3229R006,53HFK5R0M30ACD,5HAZK6H0018AUR,52XPK6ACA001NV,DJI Fly,, 1.8.0,61EABE4C-BCDC-32F4-D0CC-A1B5A0612123,1581F4XF3229R006W0A6,,,,,,,,,,
6/20/2023,8:52:15.50 AM,0m 55.0s,55,43.0669108890417,-77.6232916681923,39,39,34.7,573,259.4,3.809371,7.109106,2.908022,5.368656,2.460634,4.47388,,,-3.3,-5.6,132.7,132.7,ActiveTrack,Other,,25,5,True,,Mini 3 Pro,False,False,,Smart,RC,False,True,False,,,True,,False,False,False,False,False,False,False,False,False,False,0,Follow Yaw,-21.5,0,163.7,163.7,False,False,False,False,False,True,,True,Normal,100,100,801,1142,1024,1684,N,False,False,False,False,False,0,False,False,False,False,53,7.419,1198,2265,7.419,False,3.713,3.706,0.008,False,False,5.203,102,100.4,102,,,,,,,,,Idle,,,True,,False,8,Go Home,True,True,True,False,False,False,False,False,False,False,False,False,43.0666047727683,-77.6229698903817,140.8,313.7,1640.4,True,1,1,False,False,False,False,,True,False,False,,328,,16.4,Calm,41,, 1.8.0,DJI Mini 3 Pro,1581F4XF3229R006,53HFK5R0M30ACD,5HAZK6H0018AUR,52XPK6ACA001NV,180.6,0.7,59,13.23575,6.487126,0,8942,DJI Mini 3 Pro,1581F4XF3229R006,53HFK5R0M30ACD,5HAZK6H0018AUR,52XPK6ACA001NV,DJI Fly,, 1.8.0,61EABE4C-BCDC-32F4-D0CC-A1B5A0612123,1581F4XF3229R006W0A6,,,,,,,,,,
6/20/2023,8:52:15.70 AM,0m 55.2s,55.2,43.066913249134,-77.6232889062554,39,39,34.7,573,260.5,3.641474,7.109106,2.684328,5.368656,2.460634,4.47388,,,-3.4,-5.7,133.5,133.5,ActiveTrack,Other,,25,5,True,,Mini 3 Pro,False,False,,Smart,RC,False,True,False,,,True,,False,False,False,False,False,False,False,False,False,False,0,Follow Yaw,-21.5,0,164.5,164.5,False,False,False,False,False,True,,True,Normal,100,100,801,1144,1024,1684,N,False,False,False,False,False,0,False,False,False,False,53,7.419,1198,2265,7.419,False,3.713,3.706,0.008,False,False,5.203,102,100.4,102,,,,,,,,,Idle,,,True,,False,8,Go Home,True,True,True,False,False,False,False,False,False,False,False,False,43.0666047727683,-77.6229698903817,141,313.7,1640.4,True,1,1,False,False,False,False,,True,False,False,,328,,16.4,Calm,41,, 1.8.0,DJI Mini 3 Pro,1581F4XF3229R006,53HFK5R0M30ACD,5HAZK6H0018AUR,52XPK6ACA001NV,180.6,0.7,59,13.23575,6.487126,0,8942,DJI Mini 3 Pro,1581F4XF3229R006,53HFK5R0M30ACD,5HAZK6H0018AUR,52XPK6ACA001NV,DJI Fly,, 1.8.0,61EABE4C-BCDC-32F4-D0CC-A1B5A0612123,1581F4XF3229R006W0A6,,,,,,,,,,
6/20/2023,8:52:15.91 AM,0m 55.4s,55.4,43.0669155381216,-77.6232860564409,39,39,34.7,573,261.6,3.641474,7.109106,2.684328,5.368656,2.460634,4.47388,,,-3,-5.5,134.2,134.2,ActiveTrack,Other,,25,5,True,,Mini 3 Pro,False,False,,Smart,RC,False,True,False,,,True,,False,False,False,False,False,False,False,False,False,False,0,Follow Yaw,-21.5,0,165.3,165.3,False,False,False,False,False,True,,True,Normal,100,100,801,1147,1024,1684,N,False,False,False,False,False,0,False,False,False,False,53,7.417,1196,2265,7.417,False,3.711,3.706,0.008,False,False,5.003,102.2,100.4,102.2,,,,,,,,,Idle,,,True,,False,8,Go Home,True,True,True,False,False,False,False,False,False,False,False,False,43.0666047727683,-77.6229698903817,141.2,313.7,1640.4,True,1,1,False,False,False,False,,True,False,False,,328,,16.4,Calm,41,, 1.8.0,DJI Mini 3 Pro,1581F4XF3229R006,53HFK5R0M30ACD,5HAZK6H0018AUR,52XPK6ACA001NV,180.6,0.7,59,13.23575,6.487126,0,8942,DJI Mini 3 Pro,1581F4XF3229R006,53HFK5R0M30ACD,5HAZK6H0018AUR,52XPK6ACA001NV,DJI Fly,, 1.8.0,61EABE4C-BCDC-32F4-D0CC-A1B5A0612123,1581F4XF3229R006W0A6,,,,,,,,,,
6/20/2023,8:52:16.11 AM,0m 55.6s,55.6,43.0669177903403,-77.623283137136,39,39,34.7,573,262.8,3.796213,7.109106,2.684328,5.368656,2.684328,4.47388,,,-2.8,-5.5,134.9,134.9,ActiveTrack,Other,,25,5,True,,Mini 3 Pro,False,False,,Smart,RC,False,True,False,,,True,,False,False,False,False,False,False,False,False,False,False,0,Follow Yaw,-21.5,0,166,166,False,False,False,False,False,True,,True,Normal,100,100,801,1165,1024,1684,N,False,False,False,False,False,0,False,False,False,False,53,7.417,1196,2265,7.417,False,3.711,3.706,0.008,False,False,5.003,102.2,100.4,102.2,,,,,,,,,Idle,,,True,,False,8,Go Home,True,True,True,False,False,False,False,False,False,False,False,False,43.0666047727683,-77.6229698903817,141.4,313.7,1640.4,True,1,1,False,False,False,False,,True,False,False,,328,,16.4,Calm,41,, 1.8.0,DJI Mini 3 Pro,1581F4XF3229R006,53HFK5R0M30ACD,5HAZK6H0018AUR,52XPK6ACA001NV,180.6,0.7,59,13.23575,6.487126,0,8942,DJI Mini 3 Pro,1581F4XF3229R006,53HFK5R0M30ACD,5HAZK6H0018AUR,52XPK6ACA001NV,DJI Fly,, 1.8.0,61EABE4C-BCDC-32F4-D0CC-A1B5A0612123,1581F4XF3229R006W0A6,,,,,,,,,,
6/20/2023,8:52:16.31 AM,0m 55.8s,55.8,43.0669200104849,-77.623280192549,39,39,34.7,573,263.9,3.796213,7.109106,2.684328,5.368656,2.684328,4.47388,,,-3.3,-5.6,135.7,135.7,ActiveTrack,Other,,25,5,True,,Mini 3 Pro,False,False,,Smart,RC,False,True,False,,,True,,False,False,False,False,False,False,False,False,False,False,0,Follow Yaw,-21.5,0,166.8,166.8,False,False,False,False,False,True,,True,Normal,100,100,802,1176,1024,1684,N,False,False,False,False,False,0,False,False,False,False,53,7.417,1196,2265,7.417,False,3.711,3.706,0.008,False,False,5.003,102.2,100.4,102.2,,,,,,,,,Idle,,,True,,False,8,Go Home,True,True,True,False,False,False,False,False,False,False,False,False,43.0666047727683,-77.6229698903817,141.6,313.7,1640.4,True,1,1,False,False,False,False,,True,False,False,,328,,16.4,Calm,41,, 1.8.0,DJI Mini 3 Pro,1581F4XF3229R006,53HFK5R0M30ACD,5HAZK6H0018AUR,52XPK6ACA001NV,180.6,0.7,59,13.23575,6.487126,0,8942,DJI Mini 3 Pro,1581F4XF3229R006,53HFK5R0M30ACD,5HAZK6H0018AUR,52XPK6ACA001NV,DJI Fly,, 1.8.0,61EABE4C-BCDC-32F4-D0CC-A1B5A0612123,1581F4XF3229R006W0A6,,,,,,,,,,
6/20/2023,8:52:16.51 AM,0m 56.0s,56,43.0669222000288,-77.6232771921913,39,39,34.7,573,265,3.641474,7.109106,2.460634,5.368656,2.684328,4.47388,,,-4.1,-5.4,136.5,136.5,ActiveTrack,Other,,25,5,True,,Mini 3 Pro,False,False,,Smart,RC,False,True,False,,,True,,False,False,False,False,False,False,False,False,False,False,0,Follow Yaw,-21.5,0,167.6,167.6,False,False,False,False,False,True,,True,Normal,100,100,807,1175,1024,1684,N,False,False,False,False,False,0,False,False,False,False,53,7.417,1196,2265,7.417,False,3.711,3.706,0.008,False,False,5.003,102.2,100.4,102.2,,,,,,,,,Idle,,,True,,False,8,Go Home,True,True,True,False,False,False,False,False,False,False,False,False,43.0666047727683,-77.6229698903817,141.8,313.7,1640.4,True,1,1,False,False,False,False,,True,False,False,,328,,16.4,Calm,41,, 1.8.0,DJI Mini 3 Pro,1581F4XF3229R006,53HFK5R0M30ACD,5HAZK6H0018AUR,52XPK6ACA001NV,180.6,0.7,59,13.23575,6.487126,0,8942,DJI Mini 3 Pro,1581F4XF3229R006,53HFK5R0M30ACD,5HAZK6H0018AUR,52XPK6ACA001NV,DJI Fly,, 1.8.0,61EABE4C-BCDC-32F4-D0CC-A1B5A0612123,1581F4XF3229R006W0A6,,,,,,,,,,
6/20/2023,8:52:16.71 AM,0m 56.2s,56.2,43.0669243391997,-77.6232740816292,39,39,34.7,573,266.2,3.809371,7.109106,2.460634,5.368656,2.908022,4.47388,,,-4.8,-5.2,137.3,137.3,ActiveTrack,Other,,25,5,True,,Mini 3 Pro,False,False,,Smart,RC,False,True,False,,,True,,False,False,False,False,False,False,False,False,False,False,0,Follow Yaw,-21.5,0,168.3,168.3,False,False,False,False,False,True,,True,Normal,100,100,810,1176,1024,1684,N,False,False,False,False,False,0,False,False,False,False,53,7.417,1196,2265,7.417,False,3.711,3.706,0.008,False,False,5.003,102.2,100.4,102.2,,,,,,,,,Idle,,,True,,False,8,Go Home,True,True,True,False,False,False,False,False,False,False,False,False,43.0666047727683,-77.6229698903817,142,313.7,1640.4,True,1,1,False,False,False,False,,True,False,False,,328,,16.4,Calm,41,, 1.8.0,DJI Mini 3 Pro,1581F4XF3229R006,53HFK5R0M30ACD,5HAZK6H0018AUR,52XPK6ACA001NV,180.6,0.7,59,13.23575,6.487126,0,8942,DJI Mini 3 Pro,1581F4XF3229R006,53HFK5R0M30ACD,5HAZK6H0018AUR,52XPK6ACA001NV,DJI Fly,, 1.8.0,61EABE4C-BCDC-32F4-D0CC-A1B5A0612123,1581F4XF3229R006W0A6,,,,,,,,,,
6/20/2023,8:52:16.92 AM,0m 56.4s,56.4,43.0669263645689,-77.6232708135115,39,39,34.7,573,267.3,3.668854,7.109106,2.23694,5.368656,2.908022,4.47388,,,-4.2,-5.2,138.1,138.1,ActiveTrack,Other,,25,5,True,,Mini 3 Pro,False,False,,Smart,RC,False,True,False,,,True,,False,False,False,False,False,False,False,False,False,False,0,Follow Yaw,-21.6,0,169.1,169.1,False,False,False,False,False,True,,True,Normal,100,100,811,1177,1024,1684,N,False,False,False,False,False,0,False,False,False,False,53,7.415,1195,2265,7.415,False,3.71,3.705,0.008,False,False,5.004,102.2,100.4,102.2,,,,,,,,,Idle,,,True,,False,8,Go Home,True,True,True,False,False,False,False,False,False,False,False,False,43.0666047727683,-77.6229698903817,142.1,313.7,1640.4,True,1,1,False,False,False,False,,True,False,False,,328,,16.4,Calm,41,, 1.8.0,DJI Mini 3 Pro,1581F4XF3229R006,53HFK5R0M30ACD,5HAZK6H0018AUR,52XPK6ACA001NV,180.6,0.7,59,13.23575,6.487126,0,8942,DJI Mini 3 Pro,1581F4XF3229R006,53HFK5R0M30ACD,5HAZK6H0018AUR,52XPK6ACA001NV,DJI Fly,, 1.8.0,61EABE4C-BCDC-32F4-D0CC-A1B5A0612123,1581F4XF3229R006W0A6,,,,,,,,,,
6/20/2023,8:52:17.12 AM,0m 56.6s,56.6,43.0669282909056,-77.6232674634498,39,39,34.7,573,268.5,3.668854,7.109106,2.23694,5.368656,2.908022,4.47388,,,-4.2,-4.9,138.8,138.8,ActiveTrack,Other,,25,5,True,,Mini 3 Pro,False,False,,Smart,RC,False,True,False,,,True,,False,False,False,False,False,False,False,False,False,False,0,Follow Yaw,-21.6,0,169.9,169.9,False,False,False,False,False,True,,True,Normal,100,100,815,1177,1024,1684,N,False,False,False,False,False,0,False,False,False,False,53,7.415,1195,2265,7.415,False,3.71,3.705,0.008,False,False,5.004,102.2,100.4,102.2,,,,,,,,,Idle,,,True,,False,8,Go Home,True,True,True,False,False,False,False,False,False,False,False,False,43.0666047727683,-77.6229698903817,142.1,313.7,1640.4,True,1,1,False,False,False,False,,True,False,False,,328,,16.4,Calm,41,, 1.8.0,DJI Mini 3 Pro,1581F4XF3229R006,53HFK5R0M30ACD,5HAZK6H0018AUR,52XPK6ACA001NV,180.6,0.7,59,13.23575,6.487126,0,8942,DJI Mini 3 Pro,1581F4XF3229R006,53HFK5R0M30ACD,5HAZK6H0018AUR,52XPK6ACA001NV,DJI Fly,, 1.8.0,61EABE4C-BCDC-32F4-D0CC-A1B5A0612123,1581F4XF3229R006W0A6,,,,,,,,,,
6/20/2023,8:52:17.32 AM,0m 56.8s,56.8,43.0669301027552,-77.6232640379641,39,39,34.7,573,269.6,3.72301,7.109106,2.013246,5.368656,3.131716,4.47388,,,-3.7,-5.2,139.6,139.6,ActiveTrack,Other,,25,5,True,,Mini 3 Pro,False,False,,Smart,RC,False,True,False,,,True,,False,False,False,False,False,False,False,False,False,False,0,Follow Yaw,-21.6,0,170.6,170.6,False,False,False,False,False,True,,True,Normal,100,100,818,1179,1024,1684,N,False,False,False,False,False,0,False,False,False,False,53,7.415,1195,2265,7.415,False,3.71,3.705,0.008,False,False,5.004,102.2,100.4,102.2,,,,,,,,,Idle,,,True,,False,8,Go Home,True,True,True,False,False,False,False,False,False,False,False,False,43.0666047727683,-77.6229698903817,142.2,313.7,1640.4,True,1,1,False,False,False,False,,True,False,False,,328,,16.4,Calm,41,, 1.8.0,DJI Mini 3 Pro,1581F4XF3229R006,53HFK5R0M30ACD,5HAZK6H0018AUR,52XPK6ACA001NV,180.6,0.7,59,13.23575,6.487126,0,8942,DJI Mini 3 Pro,1581F4XF3229R006,53HFK5R0M30ACD,5HAZK6H0018AUR,52XPK6ACA001NV,DJI Fly,, 1.8.0,61EABE4C-BCDC-32F4-D0CC-A1B5A0612123,1581F4XF3229R006W0A6,,,,,,,,,,
6/20/2023,8:52:17.53 AM,0m 57.0s,57,43.0669318316779,-77.623260545685,39,39,34.7,573,270.7,3.72301,7.109106,2.013246,5.368656,3.131716,4.47388,,,-3.7,-4.9,140.3,140.3,ActiveTrack,Other,,25,5,True,,Mini 3 Pro,False,False,,Smart,RC,False,True,False,,,True,,False,False,False,False,False,False,False,False,False,False,0,Follow Yaw,-21.7,0,171.3,171.3,False,False,False,False,False,True,,True,Normal,100,100,828,1180,1024,1684,N,False,False,False,False,False,0,False,False,False,False,53,7.415,1195,2265,7.415,False,3.71,3.705,0.008,False,False,5.004,102.2,100.4,102.2,,,,,,,,,Idle,,,True,,False,8,Go Home,True,True,True,False,False,False,False,False,False,False,False,False,43.0666047727683,-77.6229698903817,142.2,313.7,1640.4,True,1,1,False,False,False,False,,True,False,False,,328,,16.4,Calm,41,, 1.8.0,DJI Mini 3 Pro,1581F4XF3229R006,53HFK5R0M30ACD,5HAZK6H0018AUR,52XPK6ACA001NV,180.6,0.7,59,13.23575,6.487126,0,8942,DJI Mini 3 Pro,1581F4XF3229R006,53HFK5R0M30ACD,5HAZK6H0018AUR,52XPK6ACA001NV,DJI Fly,, 1.8.0,61EABE4C-BCDC-32F4-D0CC-A1B5A0612123,1581F4XF3229R006W0A6,,,,,,,,,,
6/20/2023,8:52:17.73 AM,0m 57.2s,57.2,43.0669334784962,-77.6232570150137,39,39,34.7,573,271.8,3.606957,7.109106,1.789552,5.368656,3.131716,4.47388,,,-3.8,-4.6,141.1,141.1,ActiveTrack,Other,,25,5,True,,Mini 3 Pro,False,False,,Smart,RC,False,True,False,,,True,,False,False,False,False,False,False,False,False,False,False,0,Follow Yaw,-21.7,0,172.1,172.1,False,False,False,False,False,True,,True,Normal,100,100,827,1183,1024,1684,N,False,False,False,False,False,0,False,False,False,False,53,7.415,1195,2265,7.415,False,3.71,3.705,0.008,False,False,5.004,102.2,100.4,102.2,,,,,,,,,Idle,,,True,,False,8,Go Home,True,True,True,False,False,False,False,False,False,False,False,False,43.0666047727683,-77.6229698903817,142.2,313.7,1640.4,True,1,1,False,False,False,False,,True,False,False,,328,,16.4,Calm,41,, 1.8.0,DJI Mini 3 Pro,1581F4XF3229R006,53HFK5R0M30ACD,5HAZK6H0018AUR,52XPK6ACA001NV,180.6,0.7,59,13.23575,6.487126,0,8942,DJI Mini 3 Pro,1581F4XF3229R006,53HFK5R0M30ACD,5HAZK6H0018AUR,52XPK6ACA001NV,DJI Fly,, 1.8.0,61EABE4C-BCDC-32F4-D0CC-A1B5A0612123,1581F4XF3229R006W0A6,,,,,,,,,,
6/20/2023,8:52:17.93 AM,0m 57.4s,57.4,43.0669350311478,-77.623253430659,39,39,34.7,573,272.9,3.606957,7.109106,1.789552,5.368656,3.131716,4.47388,,,-4,-4.6,141.8,141.8,ActiveTrack,Other,,25,5,True,,Mini 3 Pro,False,False,,Smart,RC,False,True,False,,,True,,False,False,False,False,False,False,False,False,False,False,0,Follow Yaw,-21.8,0,172.8,172.8,False,False,False,False,False,True,,True,Normal,100,100,828,1193,1024,1684,N,False,False,False,False,False,0,False,False,False,False,53,7.411,1194,2265,7.411,False,3.708,3.703,0.008,False,False,5.064,102.2,100.4,102.2,,,,,,,,,Idle,,,True,,False,8,Go Home,True,True,True,False,False,False,False,False,False,False,False,False,43.0666047727683,-77.6229698903817,142.2,313.7,1640.4,True,1,1,False,False,False,False,,True,False,False,,328,,16.4,Calm,41,, 1.8.0,DJI Mini 3 Pro,1581F4XF3229R006,53HFK5R0M30ACD,5HAZK6H0018AUR,52XPK6ACA001NV,180.6,0.7,59,13.23575,6.487126,0,8942,DJI Mini 3 Pro,1581F4XF3229R006,53HFK5R0M30ACD,5HAZK6H0018AUR,52XPK6ACA001NV,DJI Fly,, 1.8.0,61EABE4C-BCDC-32F4-D0CC-A1B5A0612123,1581F4XF3229R006W0A6,,,,,,,,,,
6/20/2023,8:52:18.13 AM,0m 57.6s,57.6,43.066936469895,-77.623249826135,39,39,34.7,573,274,3.501364,7.109106,1.565858,5.368656,3.131716,4.47388,,,-4.5,-4.5,142.6,142.6,ActiveTrack,Other,,25,5,True,,Mini 3 Pro,False,False,,Smart,RC,False,True,False,,,True,,False,False,False,False,False,False,False,False,False,False,0,Follow Yaw,-21.8,0,173.5,173.5,False,False,False,False,False,True,,True,Normal,100,100,828,1194,1024,1684,N,False,False,False,False,False,0,False,False,False,False,53,7.411,1194,2265,7.411,False,3.708,3.703,0.008,False,False,5.064,102.2,100.4,102.2,,,,,,,,,Idle,,,True,,False,8,Go Home,True,True,True,False,False,False,False,False,False,False,False,False,43.0666047727683,-77.6229698903817,142.1,313.7,1640.4,True,1,1,False,False,False,False,,True,False,False,,328,,16.4,Calm,41,, 1.8.0,DJI Mini 3 Pro,1581F4XF3229R006,53HFK5R0M30ACD,5HAZK6H0018AUR,52XPK6ACA001NV,180.6,0.7,59,13.23575,6.487126,0,8942,DJI Mini 3 Pro,1581F4XF3229R006,53HFK5R0M30ACD,5HAZK6H0018AUR,52XPK6ACA001NV,DJI Fly,, 1.8.0,61EABE4C-BCDC-32F4-D0CC-A1B5A0612123,1581F4XF3229R006W0A6,,,,,,,,,,
6/20/2023,8:52:18.33 AM,0m 57.8s,57.8,43.0669377859995,-77.6232461645504,39,39,34.7,573,275.1,3.407205,7.109106,1.342164,5.368656,3.131716,4.47388,,,-4.1,-4.6,143.2,143.2,ActiveTrack,Other,,25,5,True,,Mini 3 Pro,False,False,,Smart,RC,False,True,False,,,True,,False,False,False,False,False,False,False,False,False,False,0,Follow Yaw,-21.9,0,174.2,174.2,False,False,False,False,False,True,,True,Normal,100,100,828,1193,1024,1684,N,False,False,False,False,False,0,False,False,False,False,53,7.411,1194,2265,7.411,False,3.708,3.703,0.008,False,False,5.064,102.2,100.4,102.2,,,,,,,,,Idle,,,True,,False,8,Go Home,True,True,True,False,False,False,False,False,False,False,False,False,43.0666047727683,-77.6229698903817,142,313.7,1640.4,True,1,1,False,False,False,False,,True,False,False,,328,,16.4,Calm,41,, 1.8.0,DJI Mini 3 Pro,1581F4XF3229R006,53HFK5R0M30ACD,5HAZK6H0018AUR,52XPK6ACA001NV,180.6,0.7,59,13.23575,6.487126,0,8942,DJI Mini 3 Pro,1581F4XF3229R006,53HFK5R0M30ACD,5HAZK6H0018AUR,52XPK6ACA001NV,DJI Fly,, 1.8.0,61EABE4C-BCDC-32F4-D0CC-A1B5A0612123,1581F4XF3229R006W0A6,,,,,,,,,,
6/20/2023,8:52:18.53 AM,0m 58.0s,58,43.0669389230573,-77.6232424948981,39,39,34.7,573,276.2,3.32545,7.109106,1.11847,5.368656,3.131716,4.47388,,,-3.7,-4.9,144,144,ActiveTrack,Other,,25,5,True,,Mini 3 Pro,False,False,,Smart,RC,False,True,False,,,True,,False,False,False,False,False,False,False,False,False,False,0,Follow Yaw,-22,0,174.9,174.9,False,False,False,False,False,True,,True,Normal,100,100,828,1194,1024,1684,N,False,False,False,False,False,0,False,False,False,False,53,7.411,1194,2265,7.411,False,3.708,3.703,0.008,False,False,5.064,102.2,100.4,102.2,,,,,,,,,Idle,,,True,,False,8,Go Home,True,True,True,False,False,False,False,False,False,False,False,False,43.0666047727683,-77.6229698903817,141.9,313.7,1640.4,True,1,1,False,False,False,False,,True,False,False,,328,,16.4,Calm,41,, 1.8.0,DJI Mini 3 Pro,1581F4XF3229R006,53HFK5R0M30ACD,5HAZK6H0018AUR,52XPK6ACA001NV,180.6,0.7,59,13.23575,6.487126,0,8942,DJI Mini 3 Pro,1581F4XF3229R006,53HFK5R0M30ACD,5HAZK6H0018AUR,52XPK6ACA001NV,DJI Fly,, 1.8.0,61EABE4C-BCDC-32F4-D0CC-A1B5A0612123,1581F4XF3229R006W0A6,,,,,,,,,,
6/20/2023,8:52:18.74 AM,0m 58.2s,58.2,43.0669399350737,-77.6232388382855,39,39,34.7,573,277.2,3.536912,7.109106,1.11847,5.368656,3.35541,4.47388,,,-3.9,-5.7,144.6,144.6,ActiveTrack,Other,,25,5,True,,Mini 3 Pro,False,False,,Smart,RC,False,True,False,,,True,,False,False,False,False,False,False,False,False,False,False,0,Follow Yaw,-22,0,175.5,175.5,False,False,False,False,False,True,,True,Normal,100,100,828,1193,1024,1684,N,False,False,False,False,False,0,False,False,False,False,53,7.411,1194,2265,7.411,False,3.708,3.703,0.008,False,False,5.064,102.2,100.4,102.2,,,,,,,,,Idle,,,True,,False,8,Go Home,True,True,True,False,False,False,False,False,False,False,False,False,43.0666047727683,-77.6229698903817,141.7,313.7,1640.4,True,1,1,False,False,False,False,,True,False,False,,328,,16.4,Calm,41,, 1.8.0,DJI Mini 3 Pro,1581F4XF3229R006,53HFK5R0M30ACD,5HAZK6H0018AUR,52XPK6ACA001NV,180.6,0.7,59,13.23575,6.487126,0,8942,DJI Mini 3 Pro,1581F4XF3229R006,53HFK5R0M30ACD,5HAZK6H0018AUR,52XPK6ACA001NV,DJI Fly,, 1.8.0,61EABE4C-BCDC-32F4-D0CC-A1B5A0612123,1581F4XF3229R006W0A6,,,,,,,,,,
6/20/2023,8:52:18.84 AM,0m 58.4s,58.4,43.0669408324316,-77.623235111127,39,39,34.7,573,278.3,3.472664,7.109106,0.894776,5.368656,3.35541,4.47388,,,-4,-5.1,145.4,145.4,ActiveTrack,Other,,25,5,True,,Mini 3 Pro,False,False,,Smart,RC,False,True,False,,,True,,False,False,False,False,False,False,False,False,False,False,0,Follow Yaw,-22.1,0,176.2,176.2,False,False,False,False,False,True,,True,Normal,100,100,827,1193,1024,1684,N,False,False,False,False,False,0,False,False,False,False,53,7.41,1192,2265,7.41,False,3.708,3.702,0.008,False,False,5.061,102.2,100.4,102.2,,,,,,,,,Idle,,,True,,False,8,Go Home,True,True,True,False,False,False,False,False,False,False,False,False,43.0666047727683,-77.6229698903817,141.5,313.7,1640.4,True,1,1,False,False,False,False,,True,False,False,,328,,16.4,Calm,41,, 1.8.0,DJI Mini 3 Pro,1581F4XF3229R006,53HFK5R0M30ACD,5HAZK6H0018AUR,52XPK6ACA001NV,180.6,0.7,59,13.23575,6.487126,0,8942,DJI Mini 3 Pro,1581F4XF3229R006,53HFK5R0M30ACD,5HAZK6H0018AUR,52XPK6ACA001NV,DJI Fly,, 1.8.0,61EABE4C-BCDC-32F4-D0CC-A1B5A0612123,1581F4XF3229R006W0A6,,,,,,,,,,
6/20/2023,8:52:19.14 AM,0m 58.6s,58.6,43.0669416095456,-77.6232312997966,39,39,34.7,573,279.3,3.472664,7.109106,0.894776,5.368656,3.35541,4.47388,,,-3.5,-5,146,146,ActiveTrack,Other,,25,5,True,,Mini 3 Pro,False,False,,Smart,RC,False,True,False,,,True,,False,False,False,False,False,False,False,False,False,False,0,Follow Yaw,-22.2,0,176.9,176.9,False,False,False,False,False,True,,True,Normal,100,100,828,1194,1024,1684,N,False,False,False,False,False,0,False,False,False,False,53,7.41,1192,2265,7.41,False,3.708,3.702,0.008,False,False,5.061,102.2,100.4,102.2,,,,,,,,,Idle,,,True,,False,8,Go Home,True,True,True,False,False,False,False,False,False,False,False,False,43.0666047727683,-77.6229698903817,141.2,313.7,1640.4,True,1,1,False,False,False,False,,True,False,False,,328,,16.4,Calm,41,, 1.8.0,DJI Mini 3 Pro,1581F4XF3229R006,53HFK5R0M30ACD,5HAZK6H0018AUR,52XPK6ACA001NV,180.6,0.7,59,13.23575,6.487126,0,8942,DJI Mini 3 Pro,1581F4XF3229R006,53HFK5R0M30ACD,5HAZK6H0018AUR,52XPK6ACA001NV,DJI Fly,, 1.8.0,61EABE4C-BCDC-32F4-D0CC-A1B5A0612123,1581F4XF3229R006W0A6,,,,,,,,,,
6/20/2023,8:52:19.34 AM,0m 58.8s,58.8,43.0669422837892,-77.6232274462747,39,39,34.7,573,280.4,3.42186,7.109106,0.671082,5.368656,3.35541,4.47388,,,-3.7,-5,146.6,146.6,ActiveTrack,Other,,25,5,True,,Mini 3 Pro,False,False,,Smart,RC,False,True,False,,,True,,False,False,False,False,False,False,False,False,False,False,0,Follow Yaw,-22.3,0,177.6,177.6,False,False,False,False,False,True,,True,Normal,100,100,828,1194,1024,1684,N,False,False,False,False,False,0,False,False,False,False,53,7.41,1192,2265,7.41,False,3.708,3.702,0.008,False,False,5.061,102.2,100.4,102.2,,,,,,,,,Idle,,,True,,False,8,Go Home,True,True,True,False,False,False,False,False,False,False,False,False,43.0666047727683,-77.6229698903817,140.9,313.7,1640.4,True,1,1,False,False,False,False,,True,False,False,,328,,16.4,Calm,41,, 1.8.0,DJI Mini 3 Pro,1581F4XF3229R006,53HFK5R0M30ACD,5HAZK6H0018AUR,52XPK6ACA001NV,180.6,0.7,59,13.23575,6.487126,0,8942,DJI Mini 3 Pro,1581F4XF3229R006,53HFK5R0M30ACD,5HAZK6H0018AUR,52XPK6ACA001NV,DJI Fly,, 1.8.0,61EABE4C-BCDC-32F4-D0CC-A1B5A0612123,1581F4XF3229R006W0A6,,,,,,,,,,
6/20/2023,8:52:19.44 AM,0m 59.0s,59,43.0669428926164,-77.6232235245287,39,39,34.7,573,281.4,3.42186,7.109106,0.671082,5.368656,3.35541,4.47388,,,-3.3,-5.1,147.2,147.2,ActiveTrack,Other,,25,5,True,,Mini 3 Pro,False,False,,Smart,RC,False,True,False,,,True,,False,False,False,False,False,False,False,False,False,False,0,Follow Yaw,-22.4,0,178.2,178.2,False,False,False,False,False,True,,True,Normal,100,100,828,1193,1024,1684,N,False,False,False,False,False,0,False,False,False,False,53,7.41,1192,2265,7.41,False,3.708,3.702,0.008,False,False,5.061,102.2,100.4,102.2,,,,,,,,,Idle,,,True,,False,8,Go Home,True,True,True,False,False,False,False,False,False,False,False,False,43.0666047727683,-77.6229698903817,140.6,313.7,1640.4,True,1,1,False,False,False,False,,True,False,False,,328,,16.4,Calm,41,, 1.8.0,DJI Mini 3 Pro,1581F4XF3229R006,53HFK5R0M30ACD,5HAZK6H0018AUR,52XPK6ACA001NV,180.6,0.7,59,13.23575,6.487126,0,8942,DJI Mini 3 Pro,1581F4XF3229R006,53HFK5R0M30ACD,5HAZK6H0018AUR,52XPK6ACA001NV,DJI Fly,, 1.8.0,61EABE4C-BCDC-32F4-D0CC-A1B5A0612123,1581F4XF3229R006W0A6,,,,,,,,,,
6/20/2023,8:52:19.75 AM,0m 59.2s,59.2,43.066943434314,-77.6232195744284,39,39,34.7,573,282.5,3.606957,7.109106,0.447388,5.368656,3.579104,4.47388,,,-2.8,-4.5,147.9,147.9,ActiveTrack,Other,,25,5,True,,Mini 3 Pro,False,False,,Smart,RC,False,True,False,,,True,,False,False,False,False,False,False,False,False,False,False,0,Follow Yaw,-22.5,0,178.9,178.9,False,False,False,False,False,True,,True,Normal,100,100,830,1194,1024,1684,N,False,False,False,False,False,0,False,False,False,False,53,7.41,1192,2265,7.41,False,3.708,3.702,0.008,False,False,5.061,102.2,100.4,102.2,,,,,,,,,Idle,,,True,,False,8,Go Home,True,True,True,False,False,False,False,False,False,False,False,False,43.0666047727683,-77.6229698903817,140.3,313.7,1640.4,True,1,1,False,False,False,False,,True,False,False,,328,,16.4,Calm,41,, 1.8.0,DJI Mini 3 Pro,1581F4XF3229R006,53HFK5R0M30ACD,5HAZK6H0018AUR,52XPK6ACA001NV,180.6,0.7,59,13.23575,6.487126,0,8942,DJI Mini 3 Pro,1581F4XF3229R006,53HFK5R0M30ACD,5HAZK6H0018AUR,52XPK6ACA001NV,DJI Fly,, 1.8.0,61EABE4C-BCDC-32F4-D0CC-A1B5A0612123,1581F4XF3229R006W0A6,,,,,,,,,,
6/20/2023,8:52:19.95 AM,0m 59.4s,59.4,43.0669439494544,-77.6232156363593,39,39,34.7,573,283.6,3.385104,7.109106,0.447388,5.368656,3.35541,4.47388,,,-3.2,-4.6,148.7,148.7,ActiveTrack,Other,,25,5,True,,Mini 3 Pro,False,False,,Smart,RC,False,True,False,,,True,,False,False,False,False,False,False,False,False,False,False,0,Follow Yaw,-22.6,0,179.6,179.6,False,False,False,False,False,True,,True,Normal,100,100,834,1193,1024,1684,N,False,False,False,False,False,0,False,False,False,False,53,7.409,1191,2265,7.409,False,3.707,3.702,0.008,False,False,5.149,102.2,100.4,102.2,,,,,,,,,Idle,,,True,,False,8,Go Home,True,True,True,False,False,False,False,False,False,False,False,False,43.0666047727683,-77.6229698903817,140,313.7,1640.4,True,1,1,False,False,False,False,,True,False,False,,328,,16.4,Calm,41,, 1.8.0,DJI Mini 3 Pro,1581F4XF3229R006,53HFK5R0M30ACD,5HAZK6H0018AUR,52XPK6ACA001NV,180.6,0.7,59,13.23575,6.487126,0,8942,DJI Mini 3 Pro,1581F4XF3229R006,53HFK5R0M30ACD,5HAZK6H0018AUR,52XPK6ACA001NV,DJI Fly,, 1.8.0,61EABE4C-BCDC-32F4-D0CC-A1B5A0612123,1581F4XF3229R006W0A6,,,,,,,,,,
6/20/2023,8:52:20.05 AM,0m 59.6s,59.6,43.0669443854374,-77.6232117149886,39,39,34.7,573,284.6,3.385104,7.109106,0.447388,5.368656,3.35541,4.47388,,,-4,-4.7,149.4,149.4,ActiveTrack,Other,,25,5,True,,Mini 3 Pro,False,False,,Smart,RC,False,True,False,,,True,,False,False,False,False,False,False,False,False,False,False,0,Follow Yaw,-22.8,0,-179.7,180.3,False,False,False,False,False,True,,True,Normal,100,100,834,1193,1024,1684,N,False,False,False,False,False,0,False,False,False,False,53,7.409,1191,2265,7.409,False,3.707,3.702,0.008,False,False,5.149,102.2,100.4,102.2,,,,,,,,,Idle,,,True,,False,8,Go Home,True,True,True,False,False,False,False,False,False,False,False,False,43.0666047727683,-77.6229698903817,139.6,313.7,1640.4,True,1,1,False,False,False,False,,True,False,False,,328,,16.4,Calm,41,, 1.8.0,DJI Mini 3 Pro,1581F4XF3229R006,53HFK5R0M30ACD,5HAZK6H0018AUR,52XPK6ACA001NV,180.6,0.7,59,13.23575,6.487126,0,8942,DJI Mini 3 Pro,1581F4XF3229R006,53HFK5R0M30ACD,5HAZK6H0018AUR,52XPK6ACA001NV,DJI Fly,, 1.8.0,61EABE4C-BCDC-32F4-D0CC-A1B5A0612123,1581F4XF3229R006W0A6,,,,,,,,,,
6/20/2023,8:52:20.25 AM,0m 59.8s,59.8,43.066944726123,-77.6232077866524,39,39,34.7,573,285.7,3.362858,7.109106,0.223694,5.368656,3.35541,4.47388,,,-2.9,-5,149.9,149.9,ActiveTrack,Other,,25,5,True,,Mini 3 Pro,False,False,,Smart,RC,False,True,False,,,True,,False,False,False,False,False,False,False,False,False,False,0,Follow Yaw,-22.9,0,-179,181,False,False,False,False,False,True,,True,Normal,100,100,835,1194,1024,1684,N,False,False,False,False,False,0,False,False,False,False,53,7.409,1191,2265,7.409,False,3.707,3.702,0.008,False,False,5.149,102.2,100.4,102.2,,,,,,,,,Idle,,,True,,False,8,Go Home,True,True,True,False,False,False,False,False,False,False,False,False,43.0666047727683,-77.6229698903817,139.2,313.7,1640.4,True,1,1,False,False,False,False,,True,False,False,,328,,16.4,Calm,41,, 1.8.0,DJI Mini 3 Pro,1581F4XF3229R006,53HFK5R0M30ACD,5HAZK6H0018AUR,52XPK6ACA001NV,180.6,0.7,59,13.23575,6.487126,0,8942,DJI Mini 3 Pro,1581F4XF3229R006,53HFK5R0M30ACD,5HAZK6H0018AUR,52XPK6ACA001NV,DJI Fly,, 1.8.0,61EABE4C-BCDC-32F4-D0CC-A1B5A0612123,1581F4XF3229R006W0A6,,,,,,,,,,
6/20/2023,8:52:20.56 AM,1m 0.0s,60,43.0669450230149,-77.6232038664778,39,39,34.7,573,286.7,3.362858,7.109106,0.223694,5.368656,3.35541,4.47388,,,-3.2,-5.1,150.5,150.5,ActiveTrack,Other,,25,5,True,,Mini 3 Pro,False,False,,Smart,RC,False,True,False,,,True,,False,False,False,False,False,False,False,False,False,False,0,Follow Yaw,-23,0,-178.3,181.7,False,False,False,False,False,True,,True,Normal,100,100,836,1193,1024,1684,N,False,False,False,False,False,0,False,False,False,False,53,7.409,1191,2265,7.409,False,3.707,3.702,0.008,False,False,5.149,102.2,100.4,102.2,,,,,,,,,Idle,,,True,,False,8,Go Home,True,True,True,False,False,False,False,False,False,False,False,False,43.0666047727683,-77.6229698903817,138.9,313.7,1640.4,True,1,1,False,False,False,False,,True,False,False,,328,,16.4,Calm,41,, 1.8.0,DJI Mini 3 Pro,1581F4XF3229R006,53HFK5R0M30ACD,5HAZK6H0018AUR,52XPK6ACA001NV,180.6,0.7,59,13.23575,6.487126,0,8942,DJI Mini 3 Pro,1581F4XF3229R006,53HFK5R0M30ACD,5HAZK6H0018AUR,52XPK6ACA001NV,DJI Fly,, 1.8.0,61EABE4C-BCDC-32F4-D0CC-A1B5A0612123,1581F4XF3229R006W0A6,,,,,,,,,,
6/20/2023,8:52:20.66 AM,1m 0.2s,60.2,43.0669452457524,-77.623199901954,39,39,34.7,573,287.8,3.35541,7.109106,,5.368656,3.35541,4.47388,,,-3.6,-4.8,151.3,151.3,ActiveTrack,Other,,25,5,True,,Mini 3 Pro,False,False,,Smart,RC,False,True,False,,,True,,False,False,False,False,False,False,False,False,False,False,0,Follow Yaw,-23.1,0,-177.7,182.3,False,False,False,False,False,True,,True,Normal,100,100,836,1193,1024,1684,N,False,False,False,False,False,0,False,False,False,False,53,7.409,1191,2265,7.409,False,3.707,3.702,0.008,False,False,5.149,102.2,100.4,102.2,,,,,,,,,Idle,,,True,,False,8,Go Home,True,True,True,False,False,False,False,False,False,False,False,False,43.0666047727683,-77.6229698903817,138.5,313.7,1640.4,True,1,1,False,False,False,False,,True,False,False,,328,,16.4,Calm,41,, 1.8.0,DJI Mini 3 Pro,1581F4XF3229R006,53HFK5R0M30ACD,5HAZK6H0018AUR,52XPK6ACA001NV,180.6,0.7,59,13.23575,6.487126,0,8942,DJI Mini 3 Pro,1581F4XF3229R006,53HFK5R0M30ACD,5HAZK6H0018AUR,52XPK6ACA001NV,DJI Fly,, 1.8.0,61EABE4C-BCDC-32F4-D0CC-A1B5A0612123,1581F4XF3229R006W0A6,,,,,,,,,,
6/20/2023,8:52:20.86 AM,1m 0.4s,60.4,43.0669453713421,-77.6231959653858,39,39,34.7,573,288.8,3.35541,7.109106,,5.368656,3.35541,4.47388,,,-3,-5.2,152,152,ActiveTrack,Other,,25,5,True,,Mini 3 Pro,False,False,,Smart,RC,False,True,False,,,True,,False,False,False,False,False,False,False,False,False,False,0,Follow Yaw,-23.3,0,-177,183,False,False,False,False,False,True,,True,Normal,100,100,836,1194,1024,1684,N,False,False,False,False,False,0,False,False,False,False,53,7.414,1189,2265,7.414,False,3.709,3.705,0.008,False,False,4.968,102.2,100.4,102.2,,,,,,,,,Idle,,,True,,False,8,Go Home,True,True,True,False,False,False,False,False,False,False,False,False,43.0666047727683,-77.6229698903817,138,313.7,1640.4,True,1,1,False,False,False,False,,True,False,False,,328,,16.4,Calm,41,, 1.8.0,DJI Mini 3 Pro,1581F4XF3229R006,53HFK5R0M30ACD,5HAZK6H0018AUR,52XPK6ACA001NV,180.6,0.7,59,13.23575,6.487126,0,8942,DJI Mini 3 Pro,1581F4XF3229R006,53HFK5R0M30ACD,5HAZK6H0018AUR,52XPK6ACA001NV,DJI Fly,, 1.8.0,61EABE4C-BCDC-32F4-D0CC-A1B5A0612123,1581F4XF3229R006W0A6,,,,,,,,,,
6/20/2023,8:52:21.16 AM,1m 0.6s,60.6,43.0669453942669,-77.6231920137376,39,39,34.7,573,289.9,3.35541,7.109106,,5.368656,3.35541,4.47388,,,-2.4,-6.1,152.7,152.7,ActiveTrack,Other,,25,5,True,,Mini 3 Pro,False,False,,Smart,RC,False,True,False,,,True,,False,False,False,False,False,False,False,False,False,False,0,Follow Yaw,-23.4,0,-176.4,183.6,False,False,False,False,False,True,,True,Normal,100,100,840,1195,1024,1684,N,False,False,False,False,False,0,False,False,False,False,53,7.414,1189,2265,7.414,False,3.709,3.705,0.008,False,False,4.968,102.2,100.4,102.2,,,,,,,,,Idle,,,True,,False,8,Go Home,True,True,True,False,False,False,False,False,False,False,False,False,43.0666047727683,-77.6229698903817,137.6,313.7,1640.4,True,1,1,False,False,False,False,,True,False,False,,328,,16.4,Calm,41,, 1.8.0,DJI Mini 3 Pro,1581F4XF3229R006,53HFK5R0M30ACD,5HAZK6H0018AUR,52XPK6ACA001NV,180.6,0.7,59,13.23575,6.487126,0,8942,DJI Mini 3 Pro,1581F4XF3229R006,53HFK5R0M30ACD,5HAZK6H0018AUR,52XPK6ACA001NV,DJI Fly,, 1.8.0,61EABE4C-BCDC-32F4-D0CC-A1B5A0612123,1581F4XF3229R006W0A6,,,,,,,,,,
6/20/2023,8:52:21.26 AM,1m 0.8s,60.8,43.0669453731925,-77.6231880451799,39,39,34.7,573,291,3.35541,7.109106,,5.368656,3.35541,4.47388,,,-2.7,-5.5,153.3,153.3,ActiveTrack,Other,,25,5,True,,Mini 3 Pro,False,False,,Smart,RC,False,True,False,,,True,,False,False,False,False,False,False,False,False,False,False,0,Follow Yaw,-23.6,0,-175.7,184.3,False,False,False,False,False,True,,True,Normal,100,100,853,1195,1024,1684,N,False,False,False,False,False,0,False,False,False,False,53,7.414,1189,2265,7.414,False,3.709,3.705,0.008,False,False,4.968,102.2,100.4,102.2,,,,,,,,,Idle,,,True,,False,8,Go Home,True,True,True,False,False,False,False,False,False,False,False,False,43.0666047727683,-77.6229698903817,137.1,313.7,1640.4,True,1,1,False,False,False,False,,True,False,False,,328,,16.4,Calm,41,, 1.8.0,DJI Mini 3 Pro,1581F4XF3229R006,53HFK5R0M30ACD,5HAZK6H0018AUR,52XPK6ACA001NV,180.6,0.7,59,13.23575,6.487126,0,8942,DJI Mini 3 Pro,1581F4XF3229R006,53HFK5R0M30ACD,5HAZK6H0018AUR,52XPK6ACA001NV,DJI Fly,, 1.8.0,61EABE4C-BCDC-32F4-D0CC-A1B5A0612123,1581F4XF3229R006W0A6,,,,,,,,,,
6/20/2023,8:52:21.57 AM,1m 1.0s,61,43.0669453079133,-77.6231841057975,39,39,34.7,573,292,3.35541,7.109106,,5.368656,3.35541,4.47388,,,-2.8,-5.5,153.9,153.9,ActiveTrack,Other,,25,5,True,,Mini 3 Pro,False,False,,Smart,RC,False,True,False,,,True,,False,False,False,False,False,False,False,False,False,False,0,Follow Yaw,-23.7,0,-175.1,184.9,False,False,False,False,False,True,,True,Normal,100,100,858,1196,1024,1684,N,False,False,False,False,False,0,False,False,False,False,53,7.414,1189,2265,7.414,False,3.709,3.705,0.008,False,False,4.968,102.2,100.4,102.2,,,,,,,,,Idle,,,True,,False,8,Go Home,True,True,True,False,False,False,False,False,False,False,False,False,43.0666047727683,-77.6229698903817,136.7,313.7,1640.4,True,1,1,False,False,False,False,,True,False,False,,328,,16.4,Calm,41,, 1.8.0,DJI Mini 3 Pro,1581F4XF3229R006,53HFK5R0M30ACD,5HAZK6H0018AUR,52XPK6ACA001NV,180.6,0.7,59,13.23575,6.487126,0,8942,DJI Mini 3 Pro,1581F4XF3229R006,53HFK5R0M30ACD,5HAZK6H0018AUR,52XPK6ACA001NV,DJI Fly,, 1.8.0,61EABE4C-BCDC-32F4-D0CC-A1B5A0612123,1581F4XF3229R006W0A6,,,,,,,,,,
6/20/2023,8:52:21.77 AM,1m 1.2s,61.2,43.0669452169679,-77.6231801882496,39,39,34.7,573,293.1,3.35541,7.109106,,5.368656,3.35541,4.47388,,,-3.1,-4.5,154.6,154.6,ActiveTrack,Other,,25,5,True,,Mini 3 Pro,False,False,,Smart,RC,False,True,False,,,True,,False,False,False,False,False,False,False,False,False,False,0,Follow Yaw,-23.9,0,-174.5,185.5,False,False,False,False,False,True,,True,Normal,100,100,860,1195,1024,1684,N,False,False,False,False,False,0,False,False,False,False,53,7.414,1189,2265,7.414,False,3.709,3.705,0.008,False,False,4.968,102.2,100.4,102.2,,,,,,,,,Idle,,,True,,False,8,Go Home,True,True,True,False,False,False,False,False,False,False,False,False,43.0666047727683,-77.6229698903817,136.2,313.7,1640.4,True,1,1,False,False,False,False,,True,False,False,,328,,16.4,Calm,41,, 1.8.0,DJI Mini 3 Pro,1581F4XF3229R006,53HFK5R0M30ACD,5HAZK6H0018AUR,52XPK6ACA001NV,180.6,0.7,59,13.23575,6.487126,0,8942,DJI Mini 3 Pro,1581F4XF3229R006,53HFK5R0M30ACD,5HAZK6H0018AUR,52XPK6ACA001NV,DJI Fly,, 1.8.0,61EABE4C-BCDC-32F4-D0CC-A1B5A0612123,1581F4XF3229R006W0A6,,,,,,,,,,
6/20/2023,8:52:21.87 AM,1m 1.4s,61.4,43.0669450046476,-77.6231763254638,39,39,34.7,573,294.1,3.362858,7.109106,-0.223694,5.368656,3.35541,4.47388,,,-2.5,-4.9,155.2,155.2,ActiveTrack,Other,,25,5,True,,Mini 3 Pro,False,False,,Smart,RC,False,True,False,,,True,,False,False,False,False,False,False,False,False,False,False,0,Follow Yaw,-24,0,-173.8,186.2,False,False,False,False,False,True,,True,Normal,100,100,861,1196,1024,1684,N,False,False,False,False,False,0,False,False,False,False,53,7.414,1189,2265,7.414,False,3.709,3.705,0.008,False,False,4.968,102.2,100.4,102.2,,,,,,,,,Idle,,,True,,False,8,Go Home,True,True,True,False,False,False,False,False,False,False,False,False,43.0666047727683,-77.6229698903817,135.7,313.7,1640.4,True,1,1,False,False,False,False,,True,False,False,,328,,16.4,Calm,41,, 1.8.0,DJI Mini 3 Pro,1581F4XF3229R006,53HFK5R0M30ACD,5HAZK6H0018AUR,52XPK6ACA001NV,180.6,0.7,59,13.23575,6.487126,0,8942,DJI Mini 3 Pro,1581F4XF3229R006,53HFK5R0M30ACD,5HAZK6H0018AUR,52XPK6ACA001NV,DJI Fly,, 1.8.0,61EABE4C-BCDC-32F4-D0CC-A1B5A0612123,1581F4XF3229R006W0A6,,,,,,,,,,
6/20/2023,8:52:22.07 AM,1m 1.6s,61.6,43.0669447117307,-77.6231724812527,39,39,34.7,573,295.1,3.362858,7.109106,-0.223694,5.368656,3.35541,4.47388,,,-2.4,-4.7,155.8,155.8,ActiveTrack,Other,,25,5,True,,Mini 3 Pro,False,False,,Smart,RC,False,True,False,,,True,,False,False,False,False,False,False,False,False,False,False,0,Follow Yaw,-24.2,0,-173.2,186.8,False,False,False,False,False,True,,True,Normal,100,100,860,1197,1024,1684,N,False,False,False,False,False,0,False,False,False,False,53,7.412,1188,2265,7.412,False,3.709,3.703,0.008,False,False,4.882,102.4,100.4,102.3,,,,,,,,,Idle,,,True,,False,8,Go Home,True,True,True,False,False,False,False,False,False,False,False,False,43.0666047727683,-77.6229698903817,135.2,313.7,1640.4,True,1,1,False,False,False,False,,True,False,False,,328,,16.4,Calm,41,, 1.8.0,DJI Mini 3 Pro,1581F4XF3229R006,53HFK5R0M30ACD,5HAZK6H0018AUR,52XPK6ACA001NV,180.6,0.7,59,13.23575,6.487126,0,8942,DJI Mini 3 Pro,1581F4XF3229R006,53HFK5R0M30ACD,5HAZK6H0018AUR,52XPK6ACA001NV,DJI Fly,, 1.8.0,61EABE4C-BCDC-32F4-D0CC-A1B5A0612123,1581F4XF3229R006W0A6,,,,,,,,,,
6/20/2023,8:52:22.38 AM,1m 1.8s,61.8,43.0669443342763,-77.623168673792,39,39,34.7,573,296.1,3.16351,7.109106,-0.447388,5.368656,3.131716,4.47388,,,-2.7,-5,156.4,156.4,ActiveTrack,Other,,25,5,True,,Mini 3 Pro,False,False,,Smart,RC,False,True,False,,,True,,False,False,False,False,False,False,False,False,False,False,0,Follow Yaw,-24.3,0,-172.6,187.4,False,False,False,False,False,True,,True,Normal,100,100,860,1197,1024,1684,N,False,False,False,False,False,0,False,False,False,False,53,7.412,1188,2265,7.412,False,3.709,3.703,0.008,False,False,4.882,102.4,100.4,102.3,,,,,,,,,Idle,,,True,,False,8,Go Home,True,True,True,False,False,False,False,False,False,False,False,False,43.0666047727683,-77.6229698903817,134.7,313.7,1640.4,True,1,1,False,False,False,False,,True,False,False,,328,,16.4,Calm,41,, 1.8.0,DJI Mini 3 Pro,1581F4XF3229R006,53HFK5R0M30ACD,5HAZK6H0018AUR,52XPK6ACA001NV,180.6,0.7,59,13.23575,6.487126,0,8942,DJI Mini 3 Pro,1581F4XF3229R006,53HFK5R0M30ACD,5HAZK6H0018AUR,52XPK6ACA001NV,DJI Fly,, 1.8.0,61EABE4C-BCDC-32F4-D0CC-A1B5A0612123,1581F4XF3229R006W0A6,,,,,,,,,,
6/20/2023,8:52:22.48 AM,1m 2.0s,62,43.0669438957918,-77.6231649138348,39,39,34.7,573,297.2,3.16351,7.109106,-0.447388,5.368656,3.131716,4.47388,,,-2.6,-4.8,157,157,ActiveTrack,Other,,25,5,True,,Mini 3 Pro,False,False,,Smart,RC,False,True,False,,,True,,False,False,False,False,False,False,False,False,False,False,0,Follow Yaw,-24.5,0,-172,188,False,False,False,False,False,True,,True,Normal,100,100,861,1198,1024,1684,N,False,False,False,False,False,0,False,False,False,False,53,7.412,1188,2265,7.412,False,3.709,3.703,0.008,False,False,4.882,102.4,100.4,102.3,,,,,,,,,Idle,,,True,,False,8,Go Home,True,True,True,False,False,False,False,False,False,False,False,False,43.0666047727683,-77.6229698903817,134.1,313.7,1640.4,True,1,1,False,False,False,False,,True,False,False,,328,,16.4,Calm,41,, 1.8.0,DJI Mini 3 Pro,1581F4XF3229R006,53HFK5R0M30ACD,5HAZK6H0018AUR,52XPK6ACA001NV,180.6,0.7,59,13.23575,6.487126,0,8942,DJI Mini 3 Pro,1581F4XF3229R006,53HFK5R0M30ACD,5HAZK6H0018AUR,52XPK6ACA001NV,DJI Fly,, 1.8.0,61EABE4C-BCDC-32F4-D0CC-A1B5A0612123,1581F4XF3229R006W0A6,,,,,,,,,,
6/20/2023,8:52:22.68 AM,1m 2.2s,62.2,43.0669434411332,-77.6231611453878,39,39,34.7,573,298.2,3.16351,7.109106,-0.447388,5.368656,3.131716,4.47388,,,-2.6,-4.1,157.6,157.6,ActiveTrack,Other,,25,5,True,,Mini 3 Pro,False,False,,Smart,RC,False,True,False,,,True,,False,False,False,False,False,False,False,False,False,False,0,Follow Yaw,-24.7,0,-171.3,188.7,False,False,False,False,False,True,,True,Normal,100,100,861,1197,1024,1684,N,False,False,False,False,False,0,False,False,False,False,53,7.412,1188,2265,7.412,False,3.709,3.703,0.008,False,False,4.882,102.4,100.4,102.3,,,,,,,,,Idle,,,True,,False,8,Go Home,True,True,True,False,False,False,False,False,False,False,False,False,43.0666047727683,-77.6229698903817,133.6,313.7,1640.4,True,1,1,False,False,False,False,,True,False,False,,328,,16.4,Calm,41,, 1.8.0,DJI Mini 3 Pro,1581F4XF3229R006,53HFK5R0M30ACD,5HAZK6H0018AUR,52XPK6ACA001NV,180.6,0.7,59,13.23575,6.487126,0,8942,DJI Mini 3 Pro,1581F4XF3229R006,53HFK5R0M30ACD,5HAZK6H0018AUR,52XPK6ACA001NV,DJI Fly,, 1.8.0,61EABE4C-BCDC-32F4-D0CC-A1B5A0612123,1581F4XF3229R006W0A6,,,,,,,,,,
6/20/2023,8:52:22.88 AM,1m 2.4s,62.4,43.0669429158154,-77.6231574498671,39,39,34.7,573,299.2,3.20281,7.109106,-0.671082,5.368656,3.131716,4.47388,,,-2.9,-4.4,158.3,158.3,ActiveTrack,Other,,25,5,True,,Mini 3 Pro,False,False,,Smart,RC,False,True,False,,,True,,False,False,False,False,False,False,False,False,False,False,0,Follow Yaw,-24.9,0,-170.7,189.3,False,False,False,False,False,True,,True,Normal,100,100,861,1197,1024,1684,N,False,False,False,False,False,0,False,False,False,False,53,7.412,1188,2265,7.412,False,3.709,3.703,0.008,False,False,4.882,102.4,100.4,102.3,,,,,,,,,Idle,,,True,,False,8,Go Home,True,True,True,False,False,False,False,False,False,False,False,False,43.0666047727683,-77.6229698903817,133.1,313.7,1640.4,True,1,1,False,False,False,False,,True,False,False,,328,,16.4,Calm,41,, 1.8.0,DJI Mini 3 Pro,1581F4XF3229R006,53HFK5R0M30ACD,5HAZK6H0018AUR,52XPK6ACA001NV,180.6,0.7,59,13.23575,6.487126,0,8942,DJI Mini 3 Pro,1581F4XF3229R006,53HFK5R0M30ACD,5HAZK6H0018AUR,52XPK6ACA001NV,DJI Fly,, 1.8.0,61EABE4C-BCDC-32F4-D0CC-A1B5A0612123,1581F4XF3229R006W0A6,,,,,,,,,,
6/20/2023,8:52:23.09 AM,1m 2.6s,62.6,43.0669423168914,-77.6231538283163,39,39,34.7,573,300.2,3.20281,7.109106,-0.671082,5.368656,3.131716,4.47388,,,-2.5,-4.9,158.8,158.8,ActiveTrack,Other,,25,5,True,,Mini 3 Pro,False,False,,Smart,RC,False,True,False,,,True,,False,False,False,False,False,False,False,False,False,False,0,Follow Yaw,-25.1,0,-170.2,189.8,False,False,False,False,False,True,,True,Normal,100,100,864,1198,1024,1684,N,False,False,False,False,False,0,False,False,False,False,53,7.41,1187,2265,7.41,False,3.707,3.703,0.008,False,False,4.952,102.4,100.4,102.3,,,,,,,,,Idle,,,True,,False,8,Go Home,True,True,True,False,False,False,False,False,False,False,False,False,43.0666047727683,-77.6229698903817,132.5,313.7,1640.4,True,1,1,False,False,False,False,,True,False,False,,328,,16.4,Calm,41,, 1.8.0,DJI Mini 3 Pro,1581F4XF3229R006,53HFK5R0M30ACD,5HAZK6H0018AUR,52XPK6ACA001NV,180.6,0.7,59,13.23575,6.487126,0,8942,DJI Mini 3 Pro,1581F4XF3229R006,53HFK5R0M30ACD,5HAZK6H0018AUR,52XPK6ACA001NV,DJI Fly,, 1.8.0,61EABE4C-BCDC-32F4-D0CC-A1B5A0612123,1581F4XF3229R006W0A6,,,,,,,,,,
6/20/2023,8:52:23.29 AM,1m 2.8s,62.8,43.0669416885318,-77.6231502317897,39,39,34.7,573,301.2,3.20281,7.109106,-0.671082,5.368656,3.131716,4.47388,,,-2.2,-4.5,159.3,159.3,ActiveTrack,Other,,25,5,True,,Mini 3 Pro,False,False,,Smart,RC,False,True,False,,,True,,False,False,False,False,False,False,False,False,False,False,0,Follow Yaw,-25.3,0,-169.6,190.4,False,False,False,False,False,True,,True,Normal,100,100,863,1198,1024,1684,N,False,False,False,False,False,0,False,False,False,False,53,7.41,1187,2265,7.41,False,3.707,3.703,0.008,False,False,4.952,102.4,100.4,102.3,,,,,,,,,Idle,,,True,,False,8,Go Home,True,True,True,False,False,False,False,False,False,False,False,False,43.0666047727683,-77.6229698903817,131.9,313.7,1640.4,True,1,1,False,False,False,False,,True,False,False,,328,,16.4,Calm,41,, 1.8.0,DJI Mini 3 Pro,1581F4XF3229R006,53HFK5R0M30ACD,5HAZK6H0018AUR,52XPK6ACA001NV,180.6,0.7,59,13.23575,6.487126,0,8942,DJI Mini 3 Pro,1581F4XF3229R006,53HFK5R0M30ACD,5HAZK6H0018AUR,52XPK6ACA001NV,DJI Fly,, 1.8.0,61EABE4C-BCDC-32F4-D0CC-A1B5A0612123,1581F4XF3229R006W0A6,,,,,,,,,,
6/20/2023,8:52:23.49 AM,1m 3.0s,63,43.0669410077432,-77.6231466810428,39,39,34.7,573,302.1,3.042567,7.109106,-0.894776,5.368656,2.908022,4.47388,,,-2.6,-4.6,160,160,ActiveTrack,Other,,25,5,True,,Mini 3 Pro,False,False,,Smart,RC,False,True,False,,,True,,False,False,False,False,False,False,False,False,False,False,0,Follow Yaw,-25.5,0,-169,191,False,False,False,False,False,True,,True,Normal,100,100,863,1201,1024,1684,N,False,False,False,False,False,0,False,False,False,False,53,7.41,1187,2265,7.41,False,3.707,3.703,0.008,False,False,4.952,102.4,100.4,102.3,,,,,,,,,Idle,,,True,,False,8,Go Home,True,True,True,False,False,False,False,False,False,False,False,False,43.0666047727683,-77.6229698903817,131.4,313.7,1640.4,True,1,1,False,False,False,False,,True,False,False,,328,,16.4,Calm,41,, 1.8.0,DJI Mini 3 Pro,1581F4XF3229R006,53HFK5R0M30ACD,5HAZK6H0018AUR,52XPK6ACA001NV,180.6,0.7,59,13.23575,6.487126,0,8942,DJI Mini 3 Pro,1581F4XF3229R006,53HFK5R0M30ACD,5HAZK6H0018AUR,52XPK6ACA001NV,DJI Fly,, 1.8.0,61EABE4C-BCDC-32F4-D0CC-A1B5A0612123,1581F4XF3229R006W0A6,,,,,,,,,,
6/20/2023,8:52:23.69 AM,1m 3.2s,63.2,43.0669402468033,-77.6231431818803,39,39,34.7,573,303.1,3.042567,7.109106,-0.894776,5.368656,2.908022,4.47388,,,-3,-4.9,160.6,160.6,ActiveTrack,Other,,25,5,True,,Mini 3 Pro,False,False,,Smart,RC,False,True,False,,,True,,False,False,False,False,False,False,False,False,False,False,0,Follow Yaw,-25.7,0,-168.4,191.6,False,False,False,False,False,True,,True,Normal,100,100,864,1201,1024,1684,N,False,False,False,False,False,0,False,False,False,False,53,7.41,1187,2265,7.41,False,3.707,3.703,0.008,False,False,4.952,102.4,100.4,102.3,,,,,,,,,Idle,,,True,,False,8,Go Home,True,True,True,False,False,False,False,False,False,False,False,False,43.0666047727683,-77.6229698903817,130.8,313.7,1640.4,True,1,1,False,False,False,False,,True,False,False,,328,,16.4,Calm,41,, 1.8.0,DJI Mini 3 Pro,1581F4XF3229R006,53HFK5R0M30ACD,5HAZK6H0018AUR,52XPK6ACA001NV,180.6,0.7,59,13.23575,6.487126,0,8942,DJI Mini 3 Pro,1581F4XF3229R006,53HFK5R0M30ACD,5HAZK6H0018AUR,52XPK6ACA001NV,DJI Fly,, 1.8.0,61EABE4C-BCDC-32F4-D0CC-A1B5A0612123,1581F4XF3229R006W0A6,,,,,,,,,,
6/20/2023,8:52:23.90 AM,1m 3.4s,63.4,43.0669394402195,-77.6231397261523,39,39,34.7,573,304.1,3.042567,7.109106,-0.894776,5.368656,2.908022,4.47388,,,-2.8,-4.9,161.2,161.2,ActiveTrack,Other,,25,5,True,,Mini 3 Pro,False,False,,Smart,RC,False,True,False,,,True,,False,False,False,False,False,False,False,False,False,False,0,Follow Yaw,-25.9,0,-167.8,192.2,False,False,False,False,False,True,,True,Normal,100,100,863,1201,1024,1684,N,False,False,False,False,False,0,False,False,False,False,53,7.41,1187,2265,7.41,False,3.707,3.703,0.008,False,False,4.952,102.4,100.4,102.3,,,,,,,,,Idle,,,True,,False,8,Go Home,True,True,True,False,False,False,False,False,False,False,False,False,43.0666047727683,-77.6229698903817,130.2,313.7,1640.4,True,1,1,False,False,False,False,,True,False,False,,328,,16.4,Calm,41,, 1.8.0,DJI Mini 3 Pro,1581F4XF3229R006,53HFK5R0M30ACD,5HAZK6H0018AUR,52XPK6ACA001NV,180.6,0.7,59,13.23575,6.487126,0,8942,DJI Mini 3 Pro,1581F4XF3229R006,53HFK5R0M30ACD,5HAZK6H0018AUR,52XPK6ACA001NV,DJI Fly,, 1.8.0,61EABE4C-BCDC-32F4-D0CC-A1B5A0612123,1581F4XF3229R006W0A6,,,,,,,,,,
6/20/2023,8:52:24.10 AM,1m 3.6s,63.6,43.0669385987515,-77.6231362817754,39,39,34.7,573,305,3.115696,7.109106,-1.11847,5.368656,2.908022,4.47388,,,-2.5,-4.7,161.7,161.7,ActiveTrack,Other,,25,5,True,,Mini 3 Pro,False,False,,Smart,RC,False,True,False,,,True,,False,False,False,False,False,False,False,False,False,False,0,Follow Yaw,-26.1,0,-167.3,192.7,False,False,False,False,False,True,,True,Normal,100,100,863,1201,1024,1684,N,False,False,False,False,False,0,False,False,False,False,53,7.408,1185,2265,7.408,False,3.705,3.703,0.008,False,False,4.932,102.4,100.4,102.3,,,,,,,,,Idle,,,True,,False,8,Go Home,True,True,True,False,False,False,False,False,False,False,False,False,43.0666047727683,-77.6229698903817,129.6,313.7,1640.4,True,1,1,False,False,False,False,,True,False,False,,328,,16.4,Calm,41,, 1.8.0,DJI Mini 3 Pro,1581F4XF3229R006,53HFK5R0M30ACD,5HAZK6H0018AUR,52XPK6ACA001NV,180.6,0.7,59,13.23575,6.487126,0,8942,DJI Mini 3 Pro,1581F4XF3229R006,53HFK5R0M30ACD,5HAZK6H0018AUR,52XPK6ACA001NV,DJI Fly,, 1.8.0,61EABE4C-BCDC-32F4-D0CC-A1B5A0612123,1581F4XF3229R006W0A6,,,,,,,,,,
6/20/2023,8:52:24.30 AM,1m 3.8s,63.8,43.0669376794967,-77.6231328609568,39,39,34.7,573,306,3.115696,7.109106,-1.11847,5.368656,2.908022,4.47388,,,-2.2,-4.5,162.2,162.2,ActiveTrack,Other,,25,5,True,,Mini 3 Pro,False,False,,Smart,RC,False,True,False,,,True,,False,False,False,False,False,False,False,False,False,False,0,Follow Yaw,-26.3,0,-166.7,193.3,False,False,False,False,False,True,,True,Normal,100,100,862,1222,1024,1684,N,False,False,False,False,False,0,False,False,False,False,53,7.408,1185,2265,7.408,False,3.705,3.703,0.008,False,False,4.932,102.4,100.4,102.3,,,,,,,,,Idle,,,True,,False,8,Go Home,True,True,True,False,False,False,False,False,False,False,False,False,43.0666047727683,-77.6229698903817,128.9,313.7,1640.4,True,1,1,False,False,False,False,,True,False,False,,328,,16.4,Calm,41,, 1.8.0,DJI Mini 3 Pro,1581F4XF3229R006,53HFK5R0M30ACD,5HAZK6H0018AUR,52XPK6ACA001NV,180.6,0.7,59,13.23575,6.487126,0,8942,DJI Mini 3 Pro,1581F4XF3229R006,53HFK5R0M30ACD,5HAZK6H0018AUR,52XPK6ACA001NV,DJI Fly,, 1.8.0,61EABE4C-BCDC-32F4-D0CC-A1B5A0612123,1581F4XF3229R006W0A6,,,,,,,,,,
6/20/2023,8:52:24.50 AM,1m 4.0s,64,43.0669367130558,-77.6231294867271,39,39,34.7,573,307,3.115696,7.109106,-1.11847,5.368656,2.908022,4.47388,,,-2.7,-4.9,162.9,162.9,ActiveTrack,Other,,25,5,True,,Mini 3 Pro,False,False,,Smart,RC,False,True,False,,,True,,False,False,False,False,False,False,False,False,False,False,0,Follow Yaw,-26.5,0,-166.1,193.9,False,False,False,False,False,True,,True,Normal,100,100,868,1320,1024,1683,N,False,False,False,False,False,0,False,False,False,False,53,7.408,1185,2265,7.408,False,3.705,3.703,0.008,False,False,4.932,102.4,100.4,102.3,,,,,,,,,Idle,,,True,,False,8,Go Home,True,True,True,False,False,False,False,False,False,False,False,False,43.0666047727683,-77.6229698903817,128.3,313.7,1640.4,True,1,1,False,False,False,False,,True,False,False,,328,,16.4,Calm,41,, 1.8.0,DJI Mini 3 Pro,1581F4XF3229R006,53HFK5R0M30ACD,5HAZK6H0018AUR,52XPK6ACA001NV,180.6,0.7,59,13.23575,6.487126,0,8942,DJI Mini 3 Pro,1581F4XF3229R006,53HFK5R0M30ACD,5HAZK6H0018AUR,52XPK6ACA001NV,DJI Fly,, 1.8.0,61EABE4C-BCDC-32F4-D0CC-A1B5A0612123,1581F4XF3229R006W0A6,,,,,,,,,,
6/20/2023,8:52:24.70 AM,1m 4.2s,64.2,43.0669356800336,-77.6231261089677,39,39,34.7,573,308,3.20281,7.109106,-1.342164,5.368656,2.908022,4.47388,,,-2.9,-4.5,163.5,163.5,ActiveTrack,Other,,25,5,True,,Mini 3 Pro,False,False,,Smart,RC,False,True,False,,,True,,False,False,False,False,False,False,False,False,False,False,0,Follow Yaw,-26.7,0,-165.5,194.5,False,False,False,False,False,True,,True,Normal,100,100,895,1360,1065,1587,N,False,False,False,False,False,0,False,False,False,False,53,7.408,1185,2265,7.408,False,3.705,3.703,0.008,False,False,4.932,102.4,100.4,102.3,,,,,,,,,Idle,,,True,,False,8,Go Home,True,True,True,False,False,False,False,False,False,False,False,False,43.0666047727683,-77.6229698903817,127.6,313.7,1640.4,True,1,1,False,False,False,False,,True,False,False,,328,,16.4,Calm,41,, 1.8.0,DJI Mini 3 Pro,1581F4XF3229R006,53HFK5R0M30ACD,5HAZK6H0018AUR,52XPK6ACA001NV,180.6,0.7,59,13.23575,6.487126,0,8942,DJI Mini 3 Pro,1581F4XF3229R006,53HFK5R0M30ACD,5HAZK6H0018AUR,52XPK6ACA001NV,DJI Fly,, 1.8.0,61EABE4C-BCDC-32F4-D0CC-A1B5A0612123,1581F4XF3229R006W0A6,,,,,,,,,,
6/20/2023,8:52:24.91 AM,1m 4.4s,64.4,43.0669345430786,-77.6231227394402,39,39,34.7,573,308.9,3.302802,7.109106,-1.565858,5.368656,2.908022,4.47388,,,-6.1,-4.3,164.2,164.2,ActiveTrack,Other,,25,5,True,,Mini 3 Pro,False,False,,Smart,RC,False,True,False,,,True,,False,False,False,False,False,False,False,False,False,False,0,Follow Yaw,-27,0,-165,195,False,False,False,False,False,True,,True,Normal,100,100,896,1363,1095,1587,N,False,False,False,False,False,0,False,False,False,False,53,7.408,1185,2265,7.408,False,3.705,3.703,0.008,False,False,4.932,102.4,100.4,102.3,,,,,,,,,Idle,,,True,,False,8,Go Home,True,True,True,False,False,False,False,False,False,False,False,False,43.0666047727683,-77.6229698903817,127,313.7,1640.4,True,1,1,False,False,False,False,,True,False,False,,328,,16.4,Calm,41,, 1.8.0,DJI Mini 3 Pro,1581F4XF3229R006,53HFK5R0M30ACD,5HAZK6H0018AUR,52XPK6ACA001NV,180.6,0.7,59,13.23575,6.487126,0,8942,DJI Mini 3 Pro,1581F4XF3229R006,53HFK5R0M30ACD,5HAZK6H0018AUR,52XPK6ACA001NV,DJI Fly,, 1.8.0,61EABE4C-BCDC-32F4-D0CC-A1B5A0612123,1581F4XF3229R006W0A6,,,,,,,,,,
6/20/2023,8:52:25.11 AM,1m 4.6s,64.6,43.0669331204713,-77.6231193404327,39,39,34.7,573,310,3.536912,7.109106,-2.013246,5.368656,2.908022,4.47388,,,-8.7,-3.8,164.8,164.8,ActiveTrack,Other,,25,5,True,,Mini 3 Pro,False,False,,Smart,RC,False,True,False,,,True,,False,False,False,False,False,False,False,False,False,False,0,Follow Yaw,-27.3,0,-164.4,195.6,False,False,False,False,False,True,,True,Normal,100,100,896,1358,1112,1592,N,False,False,False,False,False,0,False,False,False,False,53,7.406,1184,2265,7.406,False,3.705,3.701,0.008,False,False,4.93,102.4,100.4,102.3,,,,,,,,,Idle,,,True,,False,8,Go Home,True,True,True,False,False,False,False,False,False,False,False,False,43.0666047727683,-77.6229698903817,126.2,313.7,1640.4,True,1,1,False,False,False,False,,True,False,False,,328,,16.4,Calm,41,, 1.8.0,DJI Mini 3 Pro,1581F4XF3229R006,53HFK5R0M30ACD,5HAZK6H0018AUR,52XPK6ACA001NV,180.6,0.7,59,13.23575,6.487126,0,8942,DJI Mini 3 Pro,1581F4XF3229R006,53HFK5R0M30ACD,5HAZK6H0018AUR,52XPK6ACA001NV,DJI Fly,, 1.8.0,61EABE4C-BCDC-32F4-D0CC-A1B5A0612123,1581F4XF3229R006W0A6,,,,,,,,,,
6/20/2023,8:52:25.31 AM,1m 4.8s,64.8,43.0669312847031,-77.6231159037131,39,39,34.7,573,311.1,3.809371,7.109106,-2.460634,5.368656,2.908022,4.47388,,,-8.5,-4,165.4,165.4,ActiveTrack,Other,,25,5,True,,Mini 3 Pro,False,False,,Smart,RC,False,True,False,,,True,,False,False,False,False,False,False,False,False,False,False,0,Follow Yaw,-27.8,0,-163.8,196.2,False,False,False,False,False,True,,True,Normal,100,100,896,1358,1100,1624,N,False,False,False,False,False,0,False,False,False,False,53,7.406,1184,2265,7.406,False,3.705,3.701,0.008,False,False,4.93,102.4,100.4,102.3,,,,,,,,,Idle,,,True,,False,8,Go Home,True,True,True,False,False,False,False,False,False,False,False,False,43.0666047727683,-77.6229698903817,125.3,313.7,1640.4,True,1,1,False,False,False,False,,True,False,False,,328,,16.4,Calm,41,, 1.8.0,DJI Mini 3 Pro,1581F4XF3229R006,53HFK5R0M30ACD,5HAZK6H0018AUR,52XPK6ACA001NV,180.6,0.7,59,13.23575,6.487126,0,8942,DJI Mini 3 Pro,1581F4XF3229R006,53HFK5R0M30ACD,5HAZK6H0018AUR,52XPK6ACA001NV,DJI Fly,, 1.8.0,61EABE4C-BCDC-32F4-D0CC-A1B5A0612123,1581F4XF3229R006W0A6,,,,,,,,,,
6/20/2023,8:52:25.51 AM,1m 5.0s,65,43.0669290425247,-77.623112413275,39,39,34.7,573,312.4,4.112564,7.109106,-2.908022,5.368656,2.908022,4.47388,,,-8.1,-3.9,165.8,165.8,ActiveTrack,Other,,25,5,True,,Mini 3 Pro,False,False,,Smart,RC,False,True,False,,,True,,False,False,False,False,False,False,False,False,False,False,0,Follow Yaw,-28.2,0,-163.3,196.7,False,False,False,False,False,True,,True,Normal,100,100,895,1359,1071,1660,N,False,False,False,False,False,0,False,False,False,False,53,7.406,1184,2265,7.406,False,3.705,3.701,0.008,False,False,4.93,102.4,100.4,102.3,,,,,,,,,Idle,,,True,,False,8,Go Home,True,True,True,False,False,False,False,False,False,False,False,False,43.0666047727683,-77.6229698903817,124.2,313.7,1640.4,True,1,1,False,False,False,False,,True,False,False,,328,,16.4,Calm,41,, 1.8.0,DJI Mini 3 Pro,1581F4XF3229R006,53HFK5R0M30ACD,5HAZK6H0018AUR,52XPK6ACA001NV,180.6,0.7,59,13.23575,6.487126,0,8942,DJI Mini 3 Pro,1581F4XF3229R006,53HFK5R0M30ACD,5HAZK6H0018AUR,52XPK6ACA001NV,DJI Fly,, 1.8.0,61EABE4C-BCDC-32F4-D0CC-A1B5A0612123,1581F4XF3229R006W0A6,,,,,,,,,,
6/20/2023,8:52:25.72 AM,1m 5.2s,65.2,43.0669264327266,-77.6231088675119,39.3,39.3,34.7,573,313.7,4.589817,7.109106,-3.35541,5.368656,3.131716,4.47388,,,-9.1,-2.6,166.5,166.5,ActiveTrack,Other,,25,5,True,,Mini 3 Pro,False,False,,Smart,RC,False,True,False,,,True,,False,False,False,False,False,False,False,False,False,False,0,Follow Yaw,-28.8,0,-162.7,197.3,False,False,False,False,False,True,,True,Normal,100,100,895,1357,1065,1670,N,False,False,False,False,False,0,False,False,False,False,53,7.406,1184,2265,7.406,False,3.705,3.701,0.008,False,False,4.93,102.4,100.4,102.3,,,,,,,,,Idle,,,True,,False,8,Go Home,True,True,True,False,False,False,False,False,False,False,False,False,43.0666047727683,-77.6229698903817,123,313.7,1640.4,True,1,1,False,False,False,False,,True,False,False,,328,,16.4,Calm,41,, 1.8.0,DJI Mini 3 Pro,1581F4XF3229R006,53HFK5R0M30ACD,5HAZK6H0018AUR,52XPK6ACA001NV,180.6,0.7,59,13.23575,6.487126,0,8942,DJI Mini 3 Pro,1581F4XF3229R006,53HFK5R0M30ACD,5HAZK6H0018AUR,52XPK6ACA001NV,DJI Fly,, 1.8.0,61EABE4C-BCDC-32F4-D0CC-A1B5A0612123,1581F4XF3229R006W0A6,,,,,,,,,,
6/20/2023,8:52:25.92 AM,1m 5.4s,65.4,43.0669234104871,-77.6231053220419,39.3,39.3,34.7,573,315.2,4.78726,7.109106,-3.802798,5.368656,2.908022,4.47388,,,-8.4,-3.3,167,167,ActiveTrack,Other,,25,5,True,,Mini 3 Pro,False,False,,Smart,RC,False,True,False,,,True,,False,False,False,False,False,False,False,False,False,False,0,Follow Yaw,-29.4,0,-162.1,197.9,False,False,False,False,False,True,,True,Normal,100,100,895,1354,1059,1681,N,False,False,False,False,False,0,False,False,False,False,53,7.406,1184,2265,7.406,False,3.705,3.701,0.008,False,False,4.93,102.4,100.4,102.3,,,,,,,,,Idle,,,True,,False,8,Go Home,True,True,True,False,False,False,False,False,False,False,False,False,43.0666047727683,-77.6229698903817,121.7,313.7,1640.4,True,1,1,False,False,False,False,,True,False,False,,328,,16.4,Calm,41,, 1.8.0,DJI Mini 3 Pro,1581F4XF3229R006,53HFK5R0M30ACD,5HAZK6H0018AUR,52XPK6ACA001NV,180.6,0.7,59,13.23575,6.487126,0,8942,DJI Mini 3 Pro,1581F4XF3229R006,53HFK5R0M30ACD,5HAZK6H0018AUR,52XPK6ACA001NV,DJI Fly,, 1.8.0,61EABE4C-BCDC-32F4-D0CC-A1B5A0612123,1581F4XF3229R006W0A6,,,,,,,,,,
6/20/2023,8:52:26.12 AM,1m 5.6s,65.6,43.0669200254254,-77.6231017906084,39.3,39.3,34.7,573,316.7,5.149822,7.109106,-4.250186,5.368656,2.908022,4.47388,,,-6.6,-3.2,167.5,167.5,ActiveTrack,Other,,25,5,True,,Mini 3 Pro,False,False,,Smart,RC,False,True,False,,,True,,False,False,False,False,False,False,False,False,False,False,0,Follow Yaw,-30.2,0,-161.6,198.4,False,False,False,False,False,True,,True,Normal,100,100,896,1346,1050,1684,N,False,False,False,False,False,0,False,False,False,False,53,7.403,1183,2265,7.403,False,3.705,3.698,0.008,False,False,4.936,102.2,100.4,102.3,,,,,,,,,Idle,,,True,,False,8,Go Home,True,True,True,False,False,False,False,False,False,False,False,False,43.0666047727683,-77.6229698903817,120.2,313.7,1640.4,True,1,1,False,False,False,False,,True,False,False,,328,,16.4,Calm,41,, 1.8.0,DJI Mini 3 Pro,1581F4XF3229R006,53HFK5R0M30ACD,5HAZK6H0018AUR,52XPK6ACA001NV,180.6,0.7,59,13.23575,6.487126,0,8942,DJI Mini 3 Pro,1581F4XF3229R006,53HFK5R0M30ACD,5HAZK6H0018AUR,52XPK6ACA001NV,DJI Fly,, 1.8.0,61EABE4C-BCDC-32F4-D0CC-A1B5A0612123,1581F4XF3229R006W0A6,,,,,,,,,,
6/20/2023,8:52:26.32 AM,1m 5.8s,65.8,43.0669163249332,-77.6230983237168,39.3,39.3,34.7,573,318.3,5.524834,7.109106,-4.697574,5.368656,2.908022,4.47388,,,-6.2,-4.1,168.1,168.1,ActiveTrack,Other,,25,5,True,,Mini 3 Pro,False,False,,Smart,RC,False,True,False,,,True,,False,False,False,False,False,False,False,False,False,False,0,Follow Yaw,-30.9,0,-161,199,False,False,False,False,False,True,,True,Normal,100,100,895,1356,1059,1493,N,False,False,False,False,False,0,False,False,False,False,53,7.403,1183,2265,7.403,False,3.705,3.698,0.008,False,False,4.936,102.2,100.4,102.3,,,,,,,,,Idle,,,True,,False,8,Go Home,True,True,True,False,False,False,False,False,False,False,False,False,43.0666047727683,-77.6229698903817,118.7,313.7,1640.4,True,1,1,False,False,False,False,,True,False,False,,328,,16.4,Calm,41,, 1.8.0,DJI Mini 3 Pro,1581F4XF3229R006,53HFK5R0M30ACD,5HAZK6H0018AUR,52XPK6ACA001NV,180.6,0.7,59,13.23575,6.487126,0,8942,DJI Mini 3 Pro,1581F4XF3229R006,53HFK5R0M30ACD,5HAZK6H0018AUR,52XPK6ACA001NV,DJI Fly,, 1.8.0,61EABE4C-BCDC-32F4-D0CC-A1B5A0612123,1581F4XF3229R006W0A6,,,,,,,,,,
6/20/2023,8:52:26.53 AM,1m 6.0s,66,43.0669124210987,-77.6230948369608,39.3,39.3,34.7,573,320,5.716246,7.109106,-4.921268,5.368656,2.908022,4.47388,,,-5.9,-3.9,168.6,168.6,ActiveTrack,Other,,25,5,True,,Mini 3 Pro,False,False,,Smart,RC,False,True,False,,,True,,False,False,False,False,False,False,False,False,False,False,0,Follow Yaw,-31.7,0,-160.4,199.6,False,False,False,False,False,True,,True,Normal,100,100,914,1410,1024,1484,N,False,False,False,False,False,0,False,False,False,False,53,7.403,1183,2265,7.403,False,3.705,3.698,0.008,False,False,4.936,102.2,100.4,102.3,,,,,,,,,Idle,,,True,,False,8,Go Home,True,True,True,False,False,False,False,False,False,False,False,False,43.0666047727683,-77.6229698903817,117,313.7,1640.4,True,1,1,False,False,False,False,,True,False,False,,328,,16.4,Calm,41,, 1.8.0,DJI Mini 3 Pro,1581F4XF3229R006,53HFK5R0M30ACD,5HAZK6H0018AUR,52XPK6ACA001NV,180.6,0.7,59,13.23575,6.487126,0,8942,DJI Mini 3 Pro,1581F4XF3229R006,53HFK5R0M30ACD,5HAZK6H0018AUR,52XPK6ACA001NV,DJI Fly,, 1.8.0,61EABE4C-BCDC-32F4-D0CC-A1B5A0612123,1581F4XF3229R006W0A6,,,,,,,,,,
6/20/2023,8:52:26.73 AM,1m 6.2s,66.2,43.0669083133738,-77.6230913793917,39.3,39.3,34.7,573,321.8,5.909926,7.109106,-5.144962,5.368656,2.908022,4.47388,,,-6.9,-2.6,169.3,169.3,ActiveTrack,Other,,25,5,True,,Mini 3 Pro,False,False,,Smart,RC,False,True,False,,,True,,False,False,False,False,False,False,False,False,False,False,0,Follow Yaw,-32.6,0,-159.8,200.2,False,False,False,False,False,True,,True,Normal,100,100,922,1417,1024,1490,N,False,False,False,False,False,0,False,False,False,False,53,7.403,1183,2265,7.403,False,3.705,3.698,0.008,False,False,4.936,102.2,100.4,102.3,,,,,,,,,Idle,,,True,,False,8,Go Home,True,True,True,False,False,False,False,False,False,False,False,False,43.0666047727683,-77.6229698903817,115.3,313.7,1640.4,True,1,1,False,False,False,False,,True,False,False,,328,,16.4,Calm,41,, 1.8.0,DJI Mini 3 Pro,1581F4XF3229R006,53HFK5R0M30ACD,5HAZK6H0018AUR,52XPK6ACA001NV,180.6,0.7,59,13.23575,6.487126,0,8942,DJI Mini 3 Pro,1581F4XF3229R006,53HFK5R0M30ACD,5HAZK6H0018AUR,52XPK6ACA001NV,DJI Fly,, 1.8.0,61EABE4C-BCDC-32F4-D0CC-A1B5A0612123,1581F4XF3229R006W0A6,,,,,,,,,,
6/20/2023,8:52:26.93 AM,1m 6.4s,66.4,43.0669039171867,-77.6230879707685,39.3,39.3,34.7,573,323.6,6.30325,7.109106,-5.59235,5.368656,2.908022,4.47388,,,-8.7,-3.5,169.9,169.9,ActiveTrack,Other,,25,5,True,,Mini 3 Pro,False,False,,Smart,RC,False,True,False,,,True,,False,False,False,False,False,False,False,False,False,False,0,Follow Yaw,-33.7,0,-159.2,200.8,False,False,False,False,False,True,,True,Normal,100,100,929,1434,1024,1379,N,False,False,False,False,False,0,False,False,False,False,53,7.403,1183,2265,7.403,False,3.705,3.698,0.008,False,False,4.936,102.2,100.4,102.3,,,,,,,,,Idle,,,True,,False,8,Go Home,True,True,True,False,False,False,False,False,False,False,False,False,43.0666047727683,-77.6229698903817,113.5,313.7,1640.4,True,1,1,False,False,False,False,,True,False,False,,328,,16.4,Calm,41,, 1.8.0,DJI Mini 3 Pro,1581F4XF3229R006,53HFK5R0M30ACD,5HAZK6H0018AUR,52XPK6ACA001NV,180.6,0.7,59,13.23575,6.487126,0,8942,DJI Mini 3 Pro,1581F4XF3229R006,53HFK5R0M30ACD,5HAZK6H0018AUR,52XPK6ACA001NV,DJI Fly,, 1.8.0,61EABE4C-BCDC-32F4-D0CC-A1B5A0612123,1581F4XF3229R006W0A6,,,,,,,,,,
6/20/2023,8:52:27.13 AM,1m 6.6s,66.6,43.0668991960084,-77.623084552518,39.3,39.3,34.7,573,325.6,6.703359,7.109106,-6.039738,5.368656,2.908022,4.47388,,,-8.9,-3.4,170.5,170.5,ActiveTrack,Other,,25,5,True,,Mini 3 Pro,False,False,,Smart,RC,False,True,False,,,True,,False,False,False,False,False,False,False,False,False,False,0,Follow Yaw,-34.8,0,-158.6,201.4,False,False,False,False,False,True,,True,Normal,100,100,929,1445,1024,1419,N,False,False,False,False,False,0,False,False,False,False,53,7.404,1181,2265,7.404,False,3.705,3.699,0.008,False,False,4.955,102.4,100.4,102.3,,,,,,,,,Idle,,,True,,False,8,Go Home,True,True,True,False,False,False,False,False,False,False,False,False,43.0666047727683,-77.6229698903817,111.6,313.7,1640.4,True,1,1,False,False,False,False,,True,False,False,,328,,16.4,Calm,41,, 1.8.0,DJI Mini 3 Pro,1581F4XF3229R006,53HFK5R0M30ACD,5HAZK6H0018AUR,52XPK6ACA001NV,180.6,0.7,59,13.23575,6.487126,0,8942,DJI Mini 3 Pro,1581F4XF3229R006,53HFK5R0M30ACD,5HAZK6H0018AUR,52XPK6ACA001NV,DJI Fly,, 1.8.0,61EABE4C-BCDC-32F4-D0CC-A1B5A0612123,1581F4XF3229R006W0A6,,,,,,,,,,
6/20/2023,8:52:27.33 AM,1m 6.8s,66.8,43.0668941021732,-77.6230810717307,39.3,39.3,34.7,573,327.7,7.109106,7.109106,-6.487126,5.368656,2.908022,4.47388,,,-9.6,-2,170.9,170.9,ActiveTrack,Other,,25,5,True,,Mini 3 Pro,False,False,,Smart,RC,False,True,False,,,True,,False,False,False,False,False,False,False,False,False,False,0,Follow Yaw,-36.1,0,-158,202,False,False,False,False,False,True,,True,Normal,100,100,918,1348,1024,1468,N,False,False,False,False,False,0,False,False,False,False,53,7.404,1181,2265,7.404,False,3.705,3.699,0.008,False,False,4.955,102.4,100.4,102.3,,,,,,,,,Idle,,,True,,False,8,Go Home,True,True,True,False,False,False,False,False,False,False,False,False,43.0666047727683,-77.6229698903817,109.6,313.7,1640.4,True,1,1,False,False,False,False,,True,False,False,,328,,16.4,Calm,41,, 1.8.0,DJI Mini 3 Pro,1581F4XF3229R006,53HFK5R0M30ACD,5HAZK6H0018AUR,52XPK6ACA001NV,180.6,0.7,59,13.23575,6.487126,0,8942,DJI Mini 3 Pro,1581F4XF3229R006,53HFK5R0M30ACD,5HAZK6H0018AUR,52XPK6ACA001NV,DJI Fly,, 1.8.0,61EABE4C-BCDC-32F4-D0CC-A1B5A0612123,1581F4XF3229R006W0A6,,,,,,,,,,
6/20/2023,8:52:27.54 AM,1m 7.0s,67,43.0668886079416,-77.6230776230854,39.3,39.3,34.7,573,329.9,7.519579,7.519579,-6.934514,5.368656,2.908022,4.47388,,,-9.5,-2.3,171.6,171.6,ActiveTrack,Other,,25,5,True,,Mini 3 Pro,False,False,,Smart,RC,False,True,False,,,True,,False,False,False,False,False,False,False,False,False,False,0,Follow Yaw,-37.6,0,-157.3,202.7,False,False,False,False,False,True,,True,Normal,100,100,751,1024,1024,1476,N,False,False,False,False,False,0,False,False,False,False,53,7.404,1181,2265,7.404,False,3.705,3.699,0.008,False,False,4.955,102.4,100.4,102.3,,,,,,,,,Idle,,,True,,False,8,Go Home,True,True,True,False,False,False,False,False,False,False,False,False,43.0666047727683,-77.6229698903817,107.4,313.7,1640.4,True,1,1,False,False,False,False,,True,False,False,,328,,16.4,Calm,41,, 1.8.0,DJI Mini 3 Pro,1581F4XF3229R006,53HFK5R0M30ACD,5HAZK6H0018AUR,52XPK6ACA001NV,180.6,0.7,59,13.23575,6.487126,0,8942,DJI Mini 3 Pro,1581F4XF3229R006,53HFK5R0M30ACD,5HAZK6H0018AUR,52XPK6ACA001NV,DJI Fly,, 1.8.0,61EABE4C-BCDC-32F4-D0CC-A1B5A0612123,1581F4XF3229R006W0A6,,,,,,,,,,
6/20/2023,8:52:27.64 AM,1m 7.2s,67.2,43.0668828078572,-77.6230742122577,39.3,39.3,34.7,573,332.2,7.726353,7.726353,-7.158208,5.368656,2.908022,4.47388,,,-0.2,-2.7,172.2,172.2,ActiveTrack,Other,,25,5,True,,Mini 3 Pro,False,False,,Smart,RC,False,True,False,,,True,,False,False,False,False,False,False,False,False,False,False,0,Follow Yaw,-39.2,0,-156.6,203.4,False,False,False,False,False,True,,True,Normal,100,100,729,1024,1024,1557,N,False,False,False,False,False,0,False,False,False,False,53,7.404,1181,2265,7.404,False,3.705,3.699,0.008,False,False,4.955,102.4,100.4,102.3,,,,,,,,,Idle,,,True,,False,8,Go Home,True,True,True,False,False,False,False,False,False,False,False,False,43.0666047727683,-77.6229698903817,105.1,313.7,1640.4,True,1,1,False,False,False,False,,True,False,False,,328,,16.4,Calm,41,, 1.8.0,DJI Mini 3 Pro,1581F4XF3229R006,53HFK5R0M30ACD,5HAZK6H0018AUR,52XPK6ACA001NV,180.6,0.7,59,13.23575,6.487126,0,8942,DJI Mini 3 Pro,1581F4XF3229R006,53HFK5R0M30ACD,5HAZK6H0018AUR,52XPK6ACA001NV,DJI Fly,, 1.8.0,61EABE4C-BCDC-32F4-D0CC-A1B5A0612123,1581F4XF3229R006W0A6,,,,,,,,,,
6/20/2023,8:52:27.94 AM,1m 7.4s,67.4,43.0668771601081,-77.6230708657139,39.3,39.3,34.7,573,334.4,7.313801,7.726353,-6.71082,5.368656,2.908022,4.47388,,,3.4,-9.4,172.6,172.6,ActiveTrack,Other,,25,5,True,,Mini 3 Pro,False,False,,Smart,RC,False,True,False,,,True,,False,False,False,False,False,False,False,False,False,False,0,Follow Yaw,-40.8,0,-155.8,204.2,False,False,False,False,False,True,,True,Normal,100,100,1024,1024,1024,1611,N,False,False,False,False,False,0,False,False,False,False,53,7.404,1181,2265,7.404,False,3.705,3.699,0.008,False,False,4.955,102.4,100.4,102.3,,,,,,,,,Idle,,,True,,False,8,Go Home,True,True,True,False,False,False,False,False,False,False,False,False,43.0666047727683,-77.6229698903817,102.9,313.7,1640.4,True,1,1,False,False,False,False,,True,False,False,,328,,16.4,Calm,41,, 1.8.0,DJI Mini 3 Pro,1581F4XF3229R006,53HFK5R0M30ACD,5HAZK6H0018AUR,52XPK6ACA001NV,180.6,0.7,59,13.23575,6.487126,0,8942,DJI Mini 3 Pro,1581F4XF3229R006,53HFK5R0M30ACD,5HAZK6H0018AUR,52XPK6ACA001NV,DJI Fly,, 1.8.0,61EABE4C-BCDC-32F4-D0CC-A1B5A0612123,1581F4XF3229R006W0A6,,,,,,,,,,
6/20/2023,8:52:28.14 AM,1m 7.6s,67.6,43.0668719460974,-77.623067229816,39.3,39.3,34.7,573,336.6,7.002729,7.726353,-6.263432,5.368656,3.131716,4.47388,,,2.2,-8.1,173.6,173.6,ActiveTrack,Other,,25,5,True,,Mini 3 Pro,False,False,,Smart,RC,False,True,False,,,True,,False,False,False,False,False,False,False,False,False,False,0,Follow Yaw,-42.3,0,-154.7,205.3,False,False,False,False,False,True,,True,Normal,100,100,1024,1024,1024,1509,N,False,False,False,False,False,0,False,False,False,False,53,7.407,1180,2265,7.407,False,3.707,3.7,0.008,False,False,4.762,102.6,100.4,102.5,,,,,,,,,Idle,,,True,,False,8,Go Home,True,True,True,False,False,False,False,False,False,False,False,False,43.0666047727683,-77.6229698903817,100.8,313.7,1640.4,True,1,1,False,False,False,False,,True,False,False,,328,,16.4,Calm,41,, 1.8.0,DJI Mini 3 Pro,1581F4XF3229R006,53HFK5R0M30ACD,5HAZK6H0018AUR,52XPK6ACA001NV,180.6,0.7,59,13.23575,6.487126,0,8942,DJI Mini 3 Pro,1581F4XF3229R006,53HFK5R0M30ACD,5HAZK6H0018AUR,52XPK6ACA001NV,DJI Fly,, 1.8.0,61EABE4C-BCDC-32F4-D0CC-A1B5A0612123,1581F4XF3229R006W0A6,,,,,,,,,,
6/20/2023,8:52:28.35 AM,1m 7.8s,67.8,43.0668671611134,-77.6230633506485,39.3,39.3,34.7,573,338.6,6.714547,7.726353,-5.816044,5.368656,3.35541,4.47388,,,3.9,-2,174.6,174.6,ActiveTrack,Other,,25,5,True,,Mini 3 Pro,False,False,,Smart,RC,False,True,False,,,True,,False,False,False,False,False,False,False,False,False,False,0,Follow Yaw,-43.9,0,-153.5,206.5,False,False,False,False,False,True,,True,Normal,100,100,1024,1024,1024,1434,N,False,False,False,False,False,0,False,False,False,False,53,7.407,1180,2265,7.407,False,3.707,3.7,0.008,False,False,4.762,102.6,100.4,102.5,,,,,,,,,Idle,,,True,,False,8,Go Home,True,True,True,False,False,False,False,False,False,False,False,False,43.0666047727683,-77.6229698903817,98.9,313.7,1640.4,True,1,1,False,False,False,False,,True,False,False,,328,,16.4,Calm,41,, 1.8.0,DJI Mini 3 Pro,1581F4XF3229R006,53HFK5R0M30ACD,5HAZK6H0018AUR,52XPK6ACA001NV,180.6,0.7,59,13.23575,6.487126,0,8942,DJI Mini 3 Pro,1581F4XF3229R006,53HFK5R0M30ACD,5HAZK6H0018AUR,52XPK6ACA001NV,DJI Fly,, 1.8.0,61EABE4C-BCDC-32F4-D0CC-A1B5A0612123,1581F4XF3229R006W0A6,,,,,,,,,,
6/20/2023,8:52:28.55 AM,1m 8.0s,68,43.0668628812638,-77.6230598376488,39.3,39.3,34.7,573,340.4,5.605755,7.726353,-4.921268,5.368656,2.684328,4.47388,,,17.1,7.6,177.2,177.2,ActiveTrack,Other,,25,5,True,,Mini 3 Pro,False,False,,Smart,RC,False,True,False,,,True,,False,False,False,False,False,False,False,False,False,False,0,Follow Yaw,-45.3,0,-152.4,207.6,False,False,False,False,False,True,,True,Normal,100,100,1024,831,1024,1355,N,False,False,False,False,False,0,False,False,False,False,53,7.407,1180,2265,7.407,False,3.707,3.7,0.008,False,False,4.762,102.6,100.4,102.5,,,,,,,,,Idle,,,True,,False,8,Go Home,True,True,True,False,False,False,False,False,False,False,False,False,43.0666047727683,-77.6229698903817,97.1,313.7,1640.4,True,1,1,False,False,False,False,,True,False,False,,328,,16.4,Calm,41,, 1.8.0,DJI Mini 3 Pro,1581F4XF3229R006,53HFK5R0M30ACD,5HAZK6H0018AUR,52XPK6ACA001NV,180.6,0.7,59,13.23575,6.487126,0,8942,DJI Mini 3 Pro,1581F4XF3229R006,53HFK5R0M30ACD,5HAZK6H0018AUR,52XPK6ACA001NV,DJI Fly,, 1.8.0,61EABE4C-BCDC-32F4-D0CC-A1B5A0612123,1581F4XF3229R006W0A6,,,,,,,,,,
6/20/2023,8:52:28.75 AM,1m 8.2s,68.2,43.0668596166689,-77.6230573851592,39.3,39.3,34.7,573,341.8,3.702794,7.726353,-3.35541,5.368656,1.565858,4.47388,,,18.4,6.6,177.5,177.5,ActiveTrack,Other,,25,5,True,,Mini 3 Pro,False,False,,Smart,RC,False,True,False,,,True,,False,False,False,False,False,False,False,False,False,False,0,Follow Yaw,-46.2,0,-151.8,208.2,False,False,False,False,False,True,,True,Normal,100,100,1024,850,1024,1493,N,False,False,False,False,False,0,False,False,False,False,53,7.407,1180,2265,7.407,False,3.707,3.7,0.008,False,False,4.762,102.6,100.4,102.5,,,,,,,,,Idle,,,True,,False,8,Go Home,True,True,True,False,False,False,False,False,False,False,False,False,43.0666047727683,-77.6229698903817,95.8,313.7,1640.4,True,1,1,False,False,False,False,,True,False,False,,328,,16.4,Calm,41,, 1.8.0,DJI Mini 3 Pro,1581F4XF3229R006,53HFK5R0M30ACD,5HAZK6H0018AUR,52XPK6ACA001NV,180.6,0.7,59,13.23575,6.487126,0,8942,DJI Mini 3 Pro,1581F4XF3229R006,53HFK5R0M30ACD,5HAZK6H0018AUR,52XPK6ACA001NV,DJI Fly,, 1.8.0,61EABE4C-BCDC-32F4-D0CC-A1B5A0612123,1581F4XF3229R006W0A6,,,,,,,,,,
6/20/2023,8:52:28.95 AM,1m 8.4s,68.4,43.066857521994,-77.6230560024611,39.3,39.3,34.7,573,342.6,2.335433,7.726353,-2.23694,5.368656,0.671082,4.47388,,,9.5,-0.2,177.4,177.4,ActiveTrack,Other,,25,5,True,,Mini 3 Pro,False,False,,Smart,RC,False,True,False,,,True,,False,False,False,False,False,False,False,False,False,False,0,Follow Yaw,-46.6,0,-151.4,208.6,False,False,False,False,False,True,,True,Normal,100,100,1024,953,1024,1548,N,False,False,False,False,False,0,False,False,False,False,53,7.407,1180,2265,7.407,False,3.707,3.7,0.008,False,False,4.762,102.6,100.4,102.5,,,,,,,,,Idle,,,True,,False,8,Go Home,True,True,True,False,False,False,False,False,False,False,False,False,43.0666047727683,-77.6229698903817,95,313.7,1640.4,True,1,1,False,False,False,False,,True,False,False,,328,,16.4,Calm,41,, 1.8.0,DJI Mini 3 Pro,1581F4XF3229R006,53HFK5R0M30ACD,5HAZK6H0018AUR,52XPK6ACA001NV,180.6,0.7,59,13.23575,6.487126,0,8942,DJI Mini 3 Pro,1581F4XF3229R006,53HFK5R0M30ACD,5HAZK6H0018AUR,52XPK6ACA001NV,DJI Fly,, 1.8.0,61EABE4C-BCDC-32F4-D0CC-A1B5A0612123,1581F4XF3229R006W0A6,,,,,,,,,,
6/20/2023,8:52:29.15 AM,1m 8.6s,68.6,43.0668561654027,-77.6230551650161,39.3,39.3,34.7,573,343.2,1.628516,7.726353,-1.565858,5.368656,0.447388,4.47388,,,4.4,-4.2,177.8,177.8,ActiveTrack,Other,,25,5,True,,Mini 3 Pro,False,False,,Smart,RC,False,True,False,,,True,,False,False,False,False,False,False,False,False,False,False,0,Follow Yaw,-46.7,0,-151.1,208.9,False,False,False,False,False,True,,True,Normal,100,100,1024,947,1024,1554,N,False,False,False,False,False,0,False,False,False,False,53,7.403,1179,2265,7.403,False,3.707,3.7,0.008,False,False,5.037,102.6,100.4,102.5,,,,,,,,,Idle,,,True,,False,8,Go Home,True,True,True,False,False,False,False,False,False,False,False,False,43.0666047727683,-77.6229698903817,94.4,313.7,1640.4,True,1,1,False,False,False,False,,True,False,False,,328,,16.4,Calm,41,, 1.8.0,DJI Mini 3 Pro,1581F4XF3229R006,53HFK5R0M30ACD,5HAZK6H0018AUR,52XPK6ACA001NV,180.6,0.7,59,13.23575,6.487126,0,8942,DJI Mini 3 Pro,1581F4XF3229R006,53HFK5R0M30ACD,5HAZK6H0018AUR,52XPK6ACA001NV,DJI Fly,, 1.8.0,61EABE4C-BCDC-32F4-D0CC-A1B5A0612123,1581F4XF3229R006W0A6,,,,,,,,,,
6/20/2023,8:52:29.36 AM,1m 8.8s,68.8,43.0668552195222,-77.6230544044726,39.3,39.3,34.7,573,343.6,1.204629,7.726353,-1.11847,5.368656,0.447388,4.47388,,,2.2,-3.9,178.2,178.2,ActiveTrack,Other,,25,5,True,,Mini 3 Pro,False,False,,Smart,RC,False,True,False,,,True,,False,False,False,False,False,False,False,False,False,False,0,Follow Yaw,-46.9,0,-150.9,209.1,False,False,False,False,False,True,,True,Normal,100,100,1024,884,1024,1555,N,False,False,False,False,False,0,False,False,False,False,53,7.393,1179,2265,7.393,False,3.699,3.694,0.008,False,False,5.037,102.6,100.4,102.5,,,,,,,,,Idle,,,True,,False,8,Go Home,True,True,True,False,False,False,False,False,False,False,False,False,43.0666047727683,-77.6229698903817,94.1,313.7,1640.4,True,1,1,False,False,False,False,,True,False,False,,328,,16.4,Calm,41,, 1.8.0,DJI Mini 3 Pro,1581F4XF3229R006,53HFK5R0M30ACD,5HAZK6H0018AUR,52XPK6ACA001NV,180.6,0.7,59,13.23575,6.487126,0,8942,DJI Mini 3 Pro,1581F4XF3229R006,53HFK5R0M30ACD,5HAZK6H0018AUR,52XPK6ACA001NV,DJI Fly,, 1.8.0,61EABE4C-BCDC-32F4-D0CC-A1B5A0612123,1581F4XF3229R006W0A6,,,,,,,,,,
6/20/2023,8:52:29.56 AM,1m 9.0s,69,43.0668545120223,-77.6230536179376,39.3,39.3,34.7,573,343.9,1.000389,7.726353,-0.894776,5.368656,0.447388,4.47388,,,1.6,-2,178.5,178.5,ActiveTrack,Other,,25,5,True,,Mini 3 Pro,False,False,,Smart,RC,False,True,False,,,True,,False,False,False,False,False,False,False,False,False,False,0,Follow Yaw,-47.2,0,-150.6,209.4,False,False,False,False,False,True,,True,Normal,100,100,1024,826,1024,1536,N,False,False,False,False,False,0,False,False,False,False,53,7.393,1179,2265,7.393,False,3.699,3.694,0.008,False,False,5.037,102.6,100.4,102.5,,,,,,,,,Idle,,,True,,False,8,Go Home,True,True,True,False,False,False,False,False,False,False,False,False,43.0666047727683,-77.6229698903817,93.8,313.7,1640.4,True,1,1,False,False,False,False,,True,False,False,,328,,16.4,Calm,41,, 1.8.0,DJI Mini 3 Pro,1581F4XF3229R006,53HFK5R0M30ACD,5HAZK6H0018AUR,52XPK6ACA001NV,180.6,0.7,59,13.23575,6.487126,0,8942,DJI Mini 3 Pro,1581F4XF3229R006,53HFK5R0M30ACD,5HAZK6H0018AUR,52XPK6ACA001NV,DJI Fly,, 1.8.0,61EABE4C-BCDC-32F4-D0CC-A1B5A0612123,1581F4XF3229R006W0A6,,,,,,,,,,
6/20/2023,8:52:29.66 AM,1m 9.2s,69.2,43.0668539438532,-77.6230529328768,39.3,39.3,34.7,573,344.2,1.000389,7.726353,-0.894776,5.368656,0.447388,4.47388,,,3.7,-2.5,178.8,178.8,ActiveTrack,Other,,25,5,True,,Mini 3 Pro,False,False,,Smart,RC,False,True,False,,,True,,False,False,False,False,False,False,False,False,False,False,0,Follow Yaw,-47.4,0,-150.3,209.7,False,False,False,False,False,True,,True,Normal,100,100,1024,670,1026,1499,N,False,False,False,False,False,0,False,False,False,False,53,7.393,1179,2265,7.393,False,3.699,3.694,0.008,False,False,5.037,102.6,100.4,102.5,,,,,,,,,Idle,,,True,,False,8,Go Home,True,True,True,False,False,False,False,False,False,False,False,False,43.0666047727683,-77.6229698903817,93.5,313.7,1640.4,True,1,1,False,False,False,False,,True,False,False,,328,,16.4,Calm,41,, 1.8.0,DJI Mini 3 Pro,1581F4XF3229R006,53HFK5R0M30ACD,5HAZK6H0018AUR,52XPK6ACA001NV,180.6,0.7,59,13.23575,6.487126,0,8942,DJI Mini 3 Pro,1581F4XF3229R006,53HFK5R0M30ACD,5HAZK6H0018AUR,52XPK6ACA001NV,DJI Fly,, 1.8.0,61EABE4C-BCDC-32F4-D0CC-A1B5A0612123,1581F4XF3229R006W0A6,,,,,,,,,,
6/20/2023,8:52:29.86 AM,1m 9.4s,69.4,43.0668535638116,-77.6230523577977,39.3,39.3,34.7,573,344.4,0.500194,7.726353,-0.447388,5.368656,0.223694,4.47388,,,6.2,-2.6,179,179,ActiveTrack,Other,,25,5,True,,Mini 3 Pro,False,False,,Smart,RC,False,True,False,,,True,,False,False,False,False,False,False,False,False,False,False,0,Follow Yaw,-47.5,0,-150.1,209.9,False,False,False,False,False,True,,True,Normal,100,100,1024,518,1031,1506,N,False,False,False,False,False,0,False,False,False,False,53,7.393,1179,2265,7.393,False,3.699,3.694,0.008,False,False,5.037,102.6,100.4,102.5,,,,,,,,,Idle,,,True,,False,8,Go Home,True,True,True,False,False,False,False,False,False,False,False,False,43.0666047727683,-77.6229698903817,93.3,313.7,1640.4,True,1,1,False,False,False,False,,True,False,False,,328,,16.4,Calm,41,, 1.8.0,DJI Mini 3 Pro,1581F4XF3229R006,53HFK5R0M30ACD,5HAZK6H0018AUR,52XPK6ACA001NV,180.6,0.7,59,13.23575,6.487126,0,8942,DJI Mini 3 Pro,1581F4XF3229R006,53HFK5R0M30ACD,5HAZK6H0018AUR,52XPK6ACA001NV,DJI Fly,, 1.8.0,61EABE4C-BCDC-32F4-D0CC-A1B5A0612123,1581F4XF3229R006W0A6,,,,,,,,,,
6/20/2023,8:52:30.17 AM,1m 9.6s,69.6,43.0668535127019,-77.6230519071765,39.3,39.3,34.7,573,344.5,0.223694,7.726353,,5.368656,0.223694,4.47388,,,15.1,-3.3,178.8,178.8,ActiveTrack,Other,,25,5,True,,Mini 3 Pro,False,False,,Smart,RC,False,True,False,,,True,,False,False,False,False,False,False,False,False,False,False,0,Follow Yaw,-47.4,0,-150,210,False,False,False,False,False,True,,True,Normal,100,100,1024,540,1034,1519,N,False,False,False,False,False,0,False,False,False,False,53,7.393,1179,2265,7.393,False,3.699,3.694,0.008,False,False,5.037,102.6,100.4,102.5,,,,,,,,,Idle,,,True,,False,8,Go Home,True,True,True,False,False,False,False,False,False,False,False,False,43.0666047727683,-77.6229698903817,93.3,313.7,1640.4,True,1,1,False,False,False,False,,True,False,False,,328,,16.4,Calm,41,, 1.8.0,DJI Mini 3 Pro,1581F4XF3229R006,53HFK5R0M30ACD,5HAZK6H0018AUR,52XPK6ACA001NV,180.6,0.7,59,13.23575,6.487126,0,8942,DJI Mini 3 Pro,1581F4XF3229R006,53HFK5R0M30ACD,5HAZK6H0018AUR,52XPK6ACA001NV,DJI Fly,, 1.8.0,61EABE4C-BCDC-32F4-D0CC-A1B5A0612123,1581F4XF3229R006W0A6,,,,,,,,,,
6/20/2023,8:52:30.27 AM,1m 9.8s,69.8,43.0668543094168,-77.6230515405572,39.3,39.3,34.7,573,344.8,1.360677,7.726353,1.342164,5.368656,0.223694,4.47388,,,22.6,-3.6,178.9,178.9,ActiveTrack,Other,,25,5,True,,Mini 3 Pro,False,False,,Smart,RC,False,True,False,,,True,,False,False,False,False,False,False,False,False,False,False,0,Follow Yaw,-46.8,0,-149.8,210.2,False,False,False,False,False,True,,True,Normal,100,100,1024,537,1036,1521,N,False,False,False,False,False,0,False,False,False,False,52,7.397,1177,2265,7.397,False,3.701,3.696,0.008,False,False,5.207,102.6,100.4,102.5,,,,,,,,,Idle,,,True,,False,8,Go Home,True,True,True,False,False,False,False,False,False,False,False,False,43.0666047727683,-77.6229698903817,93.5,313.7,1640.4,True,1,1,False,False,False,False,,True,False,False,,328,,16.4,Calm,41,, 1.8.0,DJI Mini 3 Pro,1581F4XF3229R006,53HFK5R0M30ACD,5HAZK6H0018AUR,52XPK6ACA001NV,180.6,0.7,59,13.23575,6.487126,0,8942,DJI Mini 3 Pro,1581F4XF3229R006,53HFK5R0M30ACD,5HAZK6H0018AUR,52XPK6ACA001NV,DJI Fly,, 1.8.0,61EABE4C-BCDC-32F4-D0CC-A1B5A0612123,1581F4XF3229R006W0A6,,,,,,,,,,
6/20/2023,8:52:30.57 AM,1m 10.0s,70,43.066856318372,-77.6230512040923,39.3,39.3,34.7,573,345.5,2.916612,7.726353,2.908022,5.368656,0.223694,4.47388,,,22.6,-3.5,179.1,179.1,ActiveTrack,Other,,25,5,True,,Mini 3 Pro,False,False,,Smart,RC,False,True,False,,,True,,False,False,False,False,False,False,False,False,False,False,0,Follow Yaw,-45.8,0,-149.7,210.3,False,False,False,False,False,True,,True,Normal,100,100,1024,784,1036,1516,N,False,False,False,False,False,0,False,False,False,False,52,7.397,1177,2265,7.397,False,3.701,3.696,0.008,False,False,5.207,102.6,100.4,102.5,,,,,,,,,Idle,,,True,,False,8,Go Home,True,True,True,False,False,False,False,False,False,False,False,False,43.0666047727683,-77.6229698903817,94.2,313.7,1640.4,True,1,1,False,False,False,False,,True,False,False,,328,,16.4,Calm,41,, 1.8.0,DJI Mini 3 Pro,1581F4XF3229R006,53HFK5R0M30ACD,5HAZK6H0018AUR,52XPK6ACA001NV,180.6,0.7,59,13.23575,6.487126,0,8942,DJI Mini 3 Pro,1581F4XF3229R006,53HFK5R0M30ACD,5HAZK6H0018AUR,52XPK6ACA001NV,DJI Fly,, 1.8.0,61EABE4C-BCDC-32F4-D0CC-A1B5A0612123,1581F4XF3229R006W0A6,,,,,,,,,,
6/20/2023,8:52:30.77 AM,1m 10.2s,70.2,43.0668595339133,-77.6230508478567,39.3,39.3,34.7,573,346.7,4.256068,7.726353,4.250186,5.368656,0.223694,4.47388,,,18.8,-2.9,179.3,179.3,ActiveTrack,Other,,25,5,True,,Mini 3 Pro,False,False,,Smart,RC,False,True,False,,,True,,False,False,False,False,False,False,False,False,False,False,0,Follow Yaw,-44.5,0,-149.6,210.4,False,False,False,False,False,True,,True,Normal,100,100,1024,955,1057,1517,N,False,False,False,False,False,0,False,False,False,False,52,7.397,1177,2265,7.397,False,3.701,3.696,0.008,False,False,5.207,102.6,100.4,102.5,,,,,,,,,Idle,,,True,,False,8,Go Home,True,True,True,False,False,False,False,False,False,False,False,False,43.0666047727683,-77.6229698903817,95.4,313.7,1640.4,True,1,1,False,False,False,False,,True,False,False,,328,,16.4,Calm,41,, 1.8.0,DJI Mini 3 Pro,1581F4XF3229R006,53HFK5R0M30ACD,5HAZK6H0018AUR,52XPK6ACA001NV,180.6,0.7,59,13.23575,6.487126,0,8942,DJI Mini 3 Pro,1581F4XF3229R006,53HFK5R0M30ACD,5HAZK6H0018AUR,52XPK6ACA001NV,DJI Fly,, 1.8.0,61EABE4C-BCDC-32F4-D0CC-A1B5A0612123,1581F4XF3229R006W0A6,,,,,,,,,,
6/20/2023,8:52:30.87 AM,1m 10.4s,70.4,43.0668636023336,-77.6230504957136,39.3,39.3,34.7,573,348.2,4.926349,7.726353,4.921268,5.368656,0.223694,4.47388,,,5.3,-2.1,179.7,179.7,ActiveTrack,Other,,25,5,True,,Mini 3 Pro,False,False,,Smart,RC,False,True,False,,,True,,False,False,False,False,False,False,False,False,False,False,0,Follow Yaw,-43.2,0,-149.5,210.5,False,False,False,False,False,True,,True,Normal,100,100,1024,820,1090,1517,N,False,False,False,False,False,0,False,False,False,False,52,7.397,1177,2265,7.397,False,3.701,3.696,0.008,False,False,5.207,102.6,100.4,102.5,,,,,,,,,Idle,,,True,,False,8,Go Home,True,True,True,False,False,False,False,False,False,False,False,False,43.0666047727683,-77.6229698903817,96.8,313.7,1640.4,True,1,1,False,False,False,False,,True,False,False,,328,,16.4,Calm,41,, 1.8.0,DJI Mini 3 Pro,1581F4XF3229R006,53HFK5R0M30ACD,5HAZK6H0018AUR,52XPK6ACA001NV,180.6,0.7,59,13.23575,6.487126,0,8942,DJI Mini 3 Pro,1581F4XF3229R006,53HFK5R0M30ACD,5HAZK6H0018AUR,52XPK6ACA001NV,DJI Fly,, 1.8.0,61EABE4C-BCDC-32F4-D0CC-A1B5A0612123,1581F4XF3229R006W0A6,,,,,,,,,,
6/20/2023,8:52:31.08 AM,1m 10.6s,70.6,43.0668677683986,-77.6230502268512,39.3,39.3,34.7,573,349.7,4.702897,7.726353,4.697574,5.368656,0.223694,4.47388,,,1.3,-1.8,179.9,179.9,ActiveTrack,Other,,25,5,True,,Mini 3 Pro,False,False,,Smart,RC,False,True,False,,,True,,False,False,False,False,False,False,False,False,False,False,0,Follow Yaw,-42,0,-149.4,210.6,False,False,False,False,False,True,,True,Normal,100,100,1024,742,1163,1516,N,False,False,False,False,False,0,False,False,False,False,52,7.397,1177,2265,7.397,False,3.701,3.696,0.008,False,False,5.207,102.6,100.4,102.5,,,,,,,,,Idle,,,True,,False,8,Go Home,True,True,True,False,False,False,False,False,False,False,False,False,43.0666047727683,-77.6229698903817,98.3,313.7,1640.4,True,1,1,False,False,False,False,,True,False,False,,328,,16.4,Calm,41,, 1.8.0,DJI Mini 3 Pro,1581F4XF3229R006,53HFK5R0M30ACD,5HAZK6H0018AUR,52XPK6ACA001NV,180.6,0.7,59,13.23575,6.487126,0,8942,DJI Mini 3 Pro,1581F4XF3229R006,53HFK5R0M30ACD,5HAZK6H0018AUR,52XPK6ACA001NV,DJI Fly,, 1.8.0,61EABE4C-BCDC-32F4-D0CC-A1B5A0612123,1581F4XF3229R006W0A6,,,,,,,,,,
6/20/2023,8:52:31.38 AM,1m 10.8s,70.8,43.0668717490604,-77.6230500378044,39.3,39.3,34.7,573,351.2,4.479468,7.726353,4.47388,5.368656,0.223694,4.47388,,,3.5,-2.2,179.9,179.9,ActiveTrack,Other,,25,5,True,,Mini 3 Pro,False,False,,Smart,RC,False,True,False,,,True,,False,False,False,False,False,False,False,False,False,False,0,Follow Yaw,-40.9,0,-149.3,210.7,False,False,False,False,False,True,,True,Normal,100,100,1024,849,1250,1504,N,False,False,False,False,False,0,False,False,False,False,52,7.396,1176,2265,7.396,False,3.702,3.694,0.008,False,False,5.314,102.6,100.4,102.5,,,,,,,,,Idle,,,True,,False,8,Go Home,True,True,True,False,False,False,False,False,False,False,False,False,43.0666047727683,-77.6229698903817,99.7,313.7,1640.4,True,1,1,False,False,False,False,,True,False,False,,328,,16.4,Calm,41,, 1.8.0,DJI Mini 3 Pro,1581F4XF3229R006,53HFK5R0M30ACD,5HAZK6H0018AUR,52XPK6ACA001NV,180.6,0.7,59,13.23575,6.487126,0,8942,DJI Mini 3 Pro,1581F4XF3229R006,53HFK5R0M30ACD,5HAZK6H0018AUR,52XPK6ACA001NV,DJI Fly,, 1.8.0,61EABE4C-BCDC-32F4-D0CC-A1B5A0612123,1581F4XF3229R006W0A6,,,,,,,,,,
6/20/2023,8:52:31.48 AM,1m 11.0s,71,43.0668756434028,-77.6230498847459,39.3,39.3,34.7,573,352.6,4.47388,7.726353,4.47388,5.368656,,4.47388,-0.223694,,5.8,-2.7,179.9,179.9,ActiveTrack,Other,,25,5,True,,Mini 3 Pro,False,False,,Smart,RC,False,True,False,,,True,,False,False,False,False,False,False,False,False,False,False,0,Follow Yaw,-39.8,0,-149.3,210.7,False,False,False,False,False,True,,True,Normal,100,100,1024,854,1299,1493,N,False,False,False,False,False,0,False,False,False,False,52,7.396,1176,2265,7.396,False,3.702,3.694,0.008,False,False,5.314,102.6,100.4,102.5,,,,,,,,,Idle,,,True,,False,8,Go Home,True,True,True,False,False,False,False,False,False,False,False,False,43.0666047727683,-77.6229698903817,101,313.7,1640.4,True,1,1,False,False,False,False,,True,False,False,,328,,16.4,Calm,41,, 1.8.0,DJI Mini 3 Pro,1581F4XF3229R006,53HFK5R0M30ACD,5HAZK6H0018AUR,52XPK6ACA001NV,180.6,0.7,59,13.23575,6.487126,0,8942,DJI Mini 3 Pro,1581F4XF3229R006,53HFK5R0M30ACD,5HAZK6H0018AUR,52XPK6ACA001NV,DJI Fly,, 1.8.0,61EABE4C-BCDC-32F4-D0CC-A1B5A0612123,1581F4XF3229R006W0A6,,,,,,,,,,
6/20/2023,8:52:31.68 AM,1m 11.2s,71.2,43.0668795455239,-77.6230497528652,39.3,39.3,34.7,573,354,4.47388,7.726353,4.47388,5.368656,,4.47388,-0.671082,,2.4,-2.3,-179.8,180.2,ActiveTrack,Other,,25,5,True,,Mini 3 Pro,False,False,,Smart,RC,False,True,False,,,True,,False,False,False,False,False,False,False,False,False,False,0,Follow Yaw,-39,0,-149.3,210.7,False,False,False,False,False,True,,True,Normal,100,100,1024,807,1322,1481,N,False,False,False,False,False,0,False,False,False,False,52,7.396,1176,2265,7.396,False,3.702,3.694,0.008,False,False,5.314,102.6,100.4,102.5,,,,,,,,,Idle,,,True,,False,8,Go Home,True,True,True,False,False,False,False,False,False,False,False,False,43.0666047727683,-77.6229698903817,102.4,313.7,1640.4,True,1,1,False,False,False,False,,True,False,False,,328,,16.4,Calm,41,, 1.8.0,DJI Mini 3 Pro,1581F4XF3229R006,53HFK5R0M30ACD,5HAZK6H0018AUR,52XPK6ACA001NV,180.6,0.7,59,13.23575,6.487126,0,8942,DJI Mini 3 Pro,1581F4XF3229R006,53HFK5R0M30ACD,5HAZK6H0018AUR,52XPK6ACA001NV,DJI Fly,, 1.8.0,61EABE4C-BCDC-32F4-D0CC-A1B5A0612123,1581F4XF3229R006W0A6,,,,,,,,,,
6/20/2023,8:52:31.89 AM,1m 11.4s,71.4,43.0668833373556,-77.6230496163995,39.6,39.6,34.7,574,355.4,4.47388,7.726353,4.47388,5.368656,,4.47388,-1.11847,,2.6,-2.1,-179.8,180.2,ActiveTrack,Other,,25,5,True,,Mini 3 Pro,False,False,,Smart,RC,False,True,False,,,True,,False,False,False,False,False,False,False,False,False,False,0,Follow Yaw,-38.4,0,-149.2,210.8,False,False,False,False,False,True,,True,Normal,100,100,1024,906,1319,1470,N,False,False,False,False,False,0,False,False,False,False,52,7.396,1176,2265,7.396,False,3.702,3.694,0.008,False,False,5.314,102.6,100.4,102.5,,,,,,,,,Idle,,,True,,False,8,Go Home,True,True,True,False,False,False,False,False,False,False,False,False,43.0666047727683,-77.6229698903817,103.8,313.7,1640.4,True,1,1,False,False,False,False,,True,False,False,,328,,16.4,Calm,41,, 1.8.0,DJI Mini 3 Pro,1581F4XF3229R006,53HFK5R0M30ACD,5HAZK6H0018AUR,52XPK6ACA001NV,180.6,0.7,59,13.23575,6.487126,0,8942,DJI Mini 3 Pro,1581F4XF3229R006,53HFK5R0M30ACD,5HAZK6H0018AUR,52XPK6ACA001NV,DJI Fly,, 1.8.0,61EABE4C-BCDC-32F4-D0CC-A1B5A0612123,1581F4XF3229R006W0A6,,,,,,,,,,
6/20/2023,8:52:32.09 AM,1m 11.6s,71.6,43.0668870138608,-77.6230495470556,40.3,40.3,34.7,574,356.7,4.250186,7.726353,4.250186,5.368656,,4.47388,-1.342164,,3.8,-2.5,-179.8,180.2,ActiveTrack,Other,,25,5,True,,Mini 3 Pro,False,False,,Smart,RC,False,True,False,,,True,,False,False,False,False,False,False,False,False,False,False,0,Follow Yaw,-37.9,0,-149.2,210.8,False,False,False,False,False,True,,True,Normal,100,100,1024,1024,1317,1474,N,False,False,False,False,False,0,False,False,False,False,52,7.396,1176,2265,7.396,False,3.702,3.694,0.008,False,False,5.314,102.6,100.4,102.5,,,,,,,,,Idle,,,True,,False,8,Go Home,True,True,True,False,False,False,False,False,False,False,False,False,43.0666047727683,-77.6229698903817,105.1,313.7,1640.4,True,1,1,False,False,False,False,,True,False,False,,328,,16.4,Calm,41,, 1.8.0,DJI Mini 3 Pro,1581F4XF3229R006,53HFK5R0M30ACD,5HAZK6H0018AUR,52XPK6ACA001NV,180.6,0.7,59,13.23575,6.487126,0,8942,DJI Mini 3 Pro,1581F4XF3229R006,53HFK5R0M30ACD,5HAZK6H0018AUR,52XPK6ACA001NV,DJI Fly,, 1.8.0,61EABE4C-BCDC-32F4-D0CC-A1B5A0612123,1581F4XF3229R006W0A6,,,,,,,,,,
6/20/2023,8:52:32.29 AM,1m 11.8s,71.8,43.0668906086555,-77.6230494991357,40.6,40.6,34.7,575,358.1,4.026492,7.726353,4.026492,5.368656,,4.47388,-1.342164,,0.8,-2.1,-179.7,180.3,ActiveTrack,Other,,25,5,True,,Mini 3 Pro,False,False,,Smart,RC,False,True,False,,,True,,False,False,False,False,False,False,False,False,False,False,0,Follow Yaw,-37.5,0,-149.2,210.8,False,False,False,False,False,True,,True,Normal,100,100,1024,976,1317,1473,N,False,False,False,False,False,0,False,False,False,False,52,7.378,1174,2265,7.378,False,3.692,3.686,0.008,False,False,5.466,102.6,100.4,102.5,,,,,,,,,Idle,,,True,,False,8,Go Home,True,True,True,False,False,False,False,False,False,False,False,False,43.0666047727683,-77.6229698903817,106.4,313.7,1640.4,True,1,1,False,False,False,False,,True,False,False,,328,,16.4,Calm,41,, 1.8.0,DJI Mini 3 Pro,1581F4XF3229R006,53HFK5R0M30ACD,5HAZK6H0018AUR,52XPK6ACA001NV,180.6,0.7,59,13.23575,6.487126,0,8942,DJI Mini 3 Pro,1581F4XF3229R006,53HFK5R0M30ACD,5HAZK6H0018AUR,52XPK6ACA001NV,DJI Fly,, 1.8.0,61EABE4C-BCDC-32F4-D0CC-A1B5A0612123,1581F4XF3229R006W0A6,,,,,,,,,,
6/20/2023,8:52:32.59 AM,1m 12.0s,72,43.0668938778251,-77.6230494993058,41,41,34.7,575,359.3,3.35541,7.726353,3.35541,5.368656,,4.47388,-1.565858,,-12.5,-1.5,-179.4,180.6,ActiveTrack,Other,,25,5,True,,Mini 3 Pro,False,False,,Smart,RC,False,True,False,,,True,,False,False,False,False,False,False,False,False,False,False,0,Follow Yaw,-37.2,0,-149.2,210.8,False,False,False,False,False,True,,True,Normal,100,100,1024,917,1318,1475,N,False,False,False,False,False,0,False,False,False,False,52,7.378,1174,2265,7.378,False,3.692,3.686,0.008,False,False,5.466,102.6,100.4,102.5,,,,,,,,,Idle,,,True,,False,8,Go Home,True,True,True,False,False,False,False,False,False,False,False,False,43.0666047727683,-77.6229698903817,107.5,313.7,1640.4,True,1,1,False,False,False,False,,True,False,False,,328,,16.4,Calm,41,, 1.8.0,DJI Mini 3 Pro,1581F4XF3229R006,53HFK5R0M30ACD,5HAZK6H0018AUR,52XPK6ACA001NV,180.6,0.7,59,13.23575,6.487126,0,8942,DJI Mini 3 Pro,1581F4XF3229R006,53HFK5R0M30ACD,5HAZK6H0018AUR,52XPK6ACA001NV,DJI Fly,, 1.8.0,61EABE4C-BCDC-32F4-D0CC-A1B5A0612123,1581F4XF3229R006W0A6,,,,,,,,,,
6/20/2023,8:52:32.69 AM,1m 12.2s,72.2,43.0668962997356,-77.6230495992321,41.6,41.6,34.7,576,360.1,2.23694,7.726353,2.23694,5.368656,,4.47388,-1.342164,,-8.3,-1.7,-179.4,180.6,ActiveTrack,Other,,25,5,True,,Mini 3 Pro,False,False,,Smart,RC,False,True,False,,,True,,False,False,False,False,False,False,False,False,False,False,0,Follow Yaw,-37.1,0,-149.3,210.7,False,False,False,False,False,True,,True,Normal,100,100,1024,917,1318,1475,N,False,False,False,False,False,0,False,False,False,False,52,7.378,1174,2265,7.378,False,3.692,3.686,0.008,False,False,5.466,102.6,100.4,102.5,,,,,,,,,Idle,,,True,,False,8,Go Home,True,True,True,False,False,False,False,False,False,False,False,False,43.0666047727683,-77.6229698903817,108.4,313.7,1640.4,True,1,1,False,False,False,False,,True,False,False,,328,,16.4,Calm,41,, 1.8.0,DJI Mini 3 Pro,1581F4XF3229R006,53HFK5R0M30ACD,5HAZK6H0018AUR,52XPK6ACA001NV,180.6,0.7,59,13.23575,6.487126,0,8942,DJI Mini 3 Pro,1581F4XF3229R006,53HFK5R0M30ACD,5HAZK6H0018AUR,52XPK6ACA001NV,DJI Fly,, 1.8.0,61EABE4C-BCDC-32F4-D0CC-A1B5A0612123,1581F4XF3229R006W0A6,,,,,,,,,,
6/20/2023,8:52:32.89 AM,1m 12.4s,72.4,43.0668979843507,-77.623049715118,41.9,41.9,34.7,576,360.8,1.565858,7.726353,1.565858,5.368656,,4.47388,-1.342164,,-1.9,-2.9,-179.6,180.4,ActiveTrack,Other,,25,5,True,,Mini 3 Pro,False,False,,Smart,RC,False,True,False,,,True,,False,False,False,False,False,False,False,False,False,False,0,Follow Yaw,-37.2,0,-149.3,210.7,False,False,False,False,False,True,,True,Normal,100,100,1024,916,1317,1476,N,False,False,False,False,False,0,False,False,False,False,52,7.378,1174,2265,7.378,False,3.692,3.686,0.008,False,False,5.466,102.6,100.4,102.5,,,,,,,,,Idle,,,True,,False,8,Go Home,True,True,True,False,False,False,False,False,False,False,False,False,43.0666047727683,-77.6229698903817,109,313.7,1640.4,True,1,1,False,False,False,False,,True,False,False,,328,,16.4,Calm,41,, 1.8.0,DJI Mini 3 Pro,1581F4XF3229R006,53HFK5R0M30ACD,5HAZK6H0018AUR,52XPK6ACA001NV,180.6,0.7,59,13.23575,6.487126,0,8942,DJI Mini 3 Pro,1581F4XF3229R006,53HFK5R0M30ACD,5HAZK6H0018AUR,52XPK6ACA001NV,DJI Fly,, 1.8.0,61EABE4C-BCDC-32F4-D0CC-A1B5A0612123,1581F4XF3229R006W0A6,,,,,,,,,,
6/20/2023,8:52:33.20 AM,1m 12.6s,72.6,43.0668993266011,-77.6230498066482,42.6,42.6,34.7,577,361.2,1.342164,7.726353,1.342164,5.368656,,4.47388,-1.565858,,0.1,-2.1,-179.6,180.4,ActiveTrack,Other,,25,5,True,,Mini 3 Pro,False,False,,Smart,RC,False,True,False,,,True,,False,False,False,False,False,False,False,False,False,False,0,Follow Yaw,-37.4,0,-149.3,210.7,False,False,False,False,False,True,,True,Normal,100,100,1024,913,1318,1484,N,False,False,False,False,False,0,False,False,False,False,52,7.378,1174,2265,7.378,False,3.692,3.686,0.008,False,False,5.466,102.6,100.4,102.5,,,,,,,,,Idle,,,True,,False,8,Go Home,True,True,True,False,False,False,False,False,False,False,False,False,43.0666047727683,-77.6229698903817,109.5,313.7,1640.4,True,1,1,False,False,False,False,,True,False,False,,328,,16.4,Calm,41,, 1.8.0,DJI Mini 3 Pro,1581F4XF3229R006,53HFK5R0M30ACD,5HAZK6H0018AUR,52XPK6ACA001NV,180.6,0.7,59,13.23575,6.487126,0,8942,DJI Mini 3 Pro,1581F4XF3229R006,53HFK5R0M30ACD,5HAZK6H0018AUR,52XPK6ACA001NV,DJI Fly,, 1.8.0,61EABE4C-BCDC-32F4-D0CC-A1B5A0612123,1581F4XF3229R006W0A6,,,,,,,,,,
6/20/2023,8:52:33.30 AM,1m 12.8s,72.8,43.0669004986459,-77.6230499408038,42.9,42.9,34.7,577,361.7,1.11847,7.726353,1.11847,5.368656,,4.47388,-1.565858,,0.9,-2.3,-179.8,180.2,ActiveTrack,Other,,25,5,True,,Mini 3 Pro,False,False,,Smart,RC,False,True,False,,,True,,False,False,False,False,False,False,False,False,False,False,0,Follow Yaw,-37.4,0,-149.3,210.7,False,False,False,False,False,True,,True,Normal,100,100,1024,1067,1298,1489,N,False,False,False,False,False,0,False,False,False,False,52,7.381,1173,2265,7.381,False,3.693,3.688,0.008,False,False,5.654,102.6,100.4,102.5,,,,,,,,,Idle,,,True,,False,8,Go Home,True,True,True,False,False,False,False,False,False,False,False,False,43.0666047727683,-77.6229698903817,109.9,313.7,1640.4,True,1,1,False,False,False,False,,True,False,False,,328,,16.4,Calm,41,, 1.8.0,DJI Mini 3 Pro,1581F4XF3229R006,53HFK5R0M30ACD,5HAZK6H0018AUR,52XPK6ACA001NV,180.6,0.7,59,13.23575,6.487126,0,8942,DJI Mini 3 Pro,1581F4XF3229R006,53HFK5R0M30ACD,5HAZK6H0018AUR,52XPK6ACA001NV,DJI Fly,, 1.8.0,61EABE4C-BCDC-32F4-D0CC-A1B5A0612123,1581F4XF3229R006W0A6,,,,,,,,,,
6/20/2023,8:52:33.50 AM,1m 13.0s,73,43.0669016155202,-77.6230501306246,43.6,43.6,34.7,578,362.1,1.11847,7.726353,1.11847,5.368656,,4.47388,-1.342164,,1,-2.6,-179.7,180.3,ActiveTrack,Other,,25,5,True,,Mini 3 Pro,False,False,,Smart,RC,False,True,False,,,True,,False,False,False,False,False,False,False,False,False,False,0,Follow Yaw,-37.6,0,-149.3,210.7,False,False,False,False,False,True,,True,Normal,100,100,865,1103,1298,1489,N,False,False,False,False,False,0,False,False,False,False,52,7.381,1173,2265,7.381,False,3.693,3.688,0.008,False,False,5.654,102.6,100.4,102.5,,,,,,,,,Idle,,,True,,False,8,Go Home,True,True,True,False,False,False,False,False,False,False,False,False,43.0666047727683,-77.6229698903817,110.3,313.7,1640.4,True,1,1,False,False,False,False,,True,False,False,,328,,16.4,Calm,41,, 1.8.0,DJI Mini 3 Pro,1581F4XF3229R006,53HFK5R0M30ACD,5HAZK6H0018AUR,52XPK6ACA001NV,180.6,0.7,59,13.23575,6.487126,0,8942,DJI Mini 3 Pro,1581F4XF3229R006,53HFK5R0M30ACD,5HAZK6H0018AUR,52XPK6ACA001NV,DJI Fly,, 1.8.0,61EABE4C-BCDC-32F4-D0CC-A1B5A0612123,1581F4XF3229R006W0A6,,,,,,,,,,
6/20/2023,8:52:33.81 AM,1m 13.2s,73.2,43.0669026572121,-77.6230503195775,43.9,43.9,34.7,578,362.5,0.894776,7.726353,0.894776,5.368656,,4.47388,-1.342164,,-0.5,-2.5,-179.7,180.3,ActiveTrack,Other,,25,5,True,,Mini 3 Pro,False,False,,Smart,RC,False,True,False,,,True,,False,False,False,False,False,False,False,False,False,False,0,Follow Yaw,-37.7,0,-149.2,210.8,False,False,False,False,False,True,,True,Normal,100,100,824,1132,1298,1501,N,False,False,False,False,False,0,False,False,False,False,52,7.381,1173,2265,7.381,False,3.693,3.688,0.008,False,False,5.654,102.6,100.4,102.5,,,,,,,,,Idle,,,True,,False,8,Go Home,True,True,True,False,False,False,False,False,False,False,False,False,43.0666047727683,-77.6229698903817,110.7,313.7,1640.4,True,1,1,False,False,False,False,,True,False,False,,328,,16.4,Calm,41,, 1.8.0,DJI Mini 3 Pro,1581F4XF3229R006,53HFK5R0M30ACD,5HAZK6H0018AUR,52XPK6ACA001NV,180.6,0.7,59,13.23575,6.487126,0,8942,DJI Mini 3 Pro,1581F4XF3229R006,53HFK5R0M30ACD,5HAZK6H0018AUR,52XPK6ACA001NV,DJI Fly,, 1.8.0,61EABE4C-BCDC-32F4-D0CC-A1B5A0612123,1581F4XF3229R006W0A6,,,,,,,,,,
6/20/2023,8:52:33.91 AM,1m 13.4s,73.4,43.0669035111534,-77.623050451124,44.2,44.2,34.7,578,362.8,0.671082,7.726353,0.671082,5.368656,,4.47388,-1.342164,,-0.4,-3.7,-179.5,180.5,ActiveTrack,Other,,25,5,True,,Mini 3 Pro,False,False,,Smart,RC,False,True,False,,,True,,False,False,False,False,False,False,False,False,False,False,0,Follow Yaw,-37.9,0,-149.1,210.9,False,False,False,False,False,True,,True,Normal,100,100,825,1132,1298,1499,N,False,False,False,False,False,0,False,False,False,False,52,7.381,1173,2265,7.381,False,3.693,3.688,0.008,False,False,5.654,102.6,100.4,102.5,,,,,,,,,Idle,,,True,,False,8,Go Home,True,True,True,False,False,False,False,False,False,False,False,False,43.0666047727683,-77.6229698903817,111,313.7,1640.4,True,1,1,False,False,False,False,,True,False,False,,328,,16.4,Calm,41,, 1.8.0,DJI Mini 3 Pro,1581F4XF3229R006,53HFK5R0M30ACD,5HAZK6H0018AUR,52XPK6ACA001NV,180.6,0.7,59,13.23575,6.487126,0,8942,DJI Mini 3 Pro,1581F4XF3229R006,53HFK5R0M30ACD,5HAZK6H0018AUR,52XPK6ACA001NV,DJI Fly,, 1.8.0,61EABE4C-BCDC-32F4-D0CC-A1B5A0612123,1581F4XF3229R006W0A6,,,,,,,,,,
6/20/2023,8:52:34.11 AM,1m 13.6s,73.6,43.0669041921476,-77.6230504424231,44.6,44.6,34.7,579,363,0.671082,7.726353,0.671082,5.368656,,4.47388,-1.342164,,-0.8,-6,-179.5,180.5,ActiveTrack,Other,,25,5,True,,Mini 3 Pro,False,False,,Smart,RC,False,True,False,,,True,,False,False,False,False,False,False,False,False,False,False,0,Follow Yaw,-38.1,0,-149.1,210.9,False,False,False,False,False,True,,True,Normal,100,100,844,1130,1299,1494,N,False,False,False,False,False,0,False,False,False,False,52,7.381,1173,2265,7.381,False,3.693,3.688,0.008,False,False,5.654,102.6,100.4,102.5,,,,,,,,,Idle,,,True,,False,8,Go Home,True,True,True,False,False,False,False,False,False,False,False,False,43.0666047727683,-77.6229698903817,111.3,313.7,1640.4,True,1,1,False,False,False,False,,True,False,False,,328,,16.4,Calm,41,, 1.8.0,DJI Mini 3 Pro,1581F4XF3229R006,53HFK5R0M30ACD,5HAZK6H0018AUR,52XPK6ACA001NV,180.6,0.7,59,13.23575,6.487126,0,8942,DJI Mini 3 Pro,1581F4XF3229R006,53HFK5R0M30ACD,5HAZK6H0018AUR,52XPK6ACA001NV,DJI Fly,, 1.8.0,61EABE4C-BCDC-32F4-D0CC-A1B5A0612123,1581F4XF3229R006W0A6,,,,,,,,,,
6/20/2023,8:52:34.31 AM,1m 13.8s,73.8,43.0669047066369,-77.6230501988955,45.2,45.2,34.7,579,363.2,0.500194,7.726353,0.447388,5.368656,0.223694,4.47388,-1.342164,,-0.6,-5.4,-179.5,180.5,ActiveTrack,Other,,25,5,True,,Mini 3 Pro,False,False,,Smart,RC,False,True,False,,,True,,False,False,False,False,False,False,False,False,False,False,0,Follow Yaw,-38.3,0,-148.9,211.1,False,False,False,False,False,True,,True,Normal,100,100,845,1103,1299,1493,N,False,False,False,False,False,0,False,False,False,False,52,7.384,1171,2265,7.384,False,3.694,3.69,0.008,False,False,5.278,102.6,100.4,102.5,,,,,,,,,Idle,,,True,,False,8,Go Home,True,True,True,False,False,False,False,False,False,False,False,False,43.0666047727683,-77.6229698903817,111.4,313.7,1640.4,True,1,1,False,False,False,False,,True,False,False,,328,,16.4,Calm,41,, 1.8.0,DJI Mini 3 Pro,1581F4XF3229R006,53HFK5R0M30ACD,5HAZK6H0018AUR,52XPK6ACA001NV,180.6,0.7,59,13.23575,6.487126,0,8942,DJI Mini 3 Pro,1581F4XF3229R006,53HFK5R0M30ACD,5HAZK6H0018AUR,52XPK6ACA001NV,DJI Fly,, 1.8.0,61EABE4C-BCDC-32F4-D0CC-A1B5A0612123,1581F4XF3229R006W0A6,,,,,,,,,,
6/20/2023,8:52:34.51 AM,1m 14.0s,74,43.0669050792254,-77.6230496860483,45.6,45.6,34.7,580,363.4,0.500194,7.726353,0.223694,5.368656,0.447388,4.47388,-1.342164,,0,-5,-179.3,180.7,ActiveTrack,Other,,25,5,True,,Mini 3 Pro,False,False,,Smart,RC,False,True,False,,,True,,False,False,False,False,False,False,False,False,False,False,0,Follow Yaw,-38.5,0,-148.7,211.3,False,False,False,False,False,True,,True,Normal,100,100,845,1101,1298,1489,N,False,False,False,False,False,0,False,False,False,False,52,7.384,1171,2265,7.384,False,3.694,3.69,0.008,False,False,5.278,102.6,100.4,102.5,,,,,,,,,Idle,,,True,,False,8,Go Home,True,True,True,False,False,False,False,False,False,False,False,False,43.0666047727683,-77.6229698903817,111.6,313.7,1640.4,True,1,1,False,False,False,False,,True,False,False,,328,,16.4,Calm,41,, 1.8.0,DJI Mini 3 Pro,1581F4XF3229R006,53HFK5R0M30ACD,5HAZK6H0018AUR,52XPK6ACA001NV,180.6,0.7,59,13.23575,6.487126,0,8942,DJI Mini 3 Pro,1581F4XF3229R006,53HFK5R0M30ACD,5HAZK6H0018AUR,52XPK6ACA001NV,DJI Fly,, 1.8.0,61EABE4C-BCDC-32F4-D0CC-A1B5A0612123,1581F4XF3229R006W0A6,,,,,,,,,,
6/20/2023,8:52:34.72 AM,1m 14.2s,74.2,43.066905368647,-77.6230489243205,45.9,45.9,34.7,580,363.6,0.707382,7.726353,0.223694,5.368656,0.671082,4.47388,-1.342164,,-0.1,-5.1,-179.1,180.9,ActiveTrack,Other,,25,5,True,,Mini 3 Pro,False,False,,Smart,RC,False,True,False,,,True,,False,False,False,False,False,False,False,False,False,False,0,Follow Yaw,-38.8,0,-148.4,211.6,False,False,False,False,False,True,,True,Normal,100,100,845,1094,1299,1485,N,False,False,False,False,False,0,False,False,False,False,52,7.384,1171,2265,7.384,False,3.694,3.69,0.008,False,False,5.278,102.6,100.4,102.5,,,,,,,,,Idle,,,True,,False,8,Go Home,True,True,True,False,False,False,False,False,False,False,False,False,43.0666047727683,-77.6229698903817,111.6,313.7,1640.4,True,1,1,False,False,False,False,,True,False,False,,328,,16.4,Calm,41,, 1.8.0,DJI Mini 3 Pro,1581F4XF3229R006,53HFK5R0M30ACD,5HAZK6H0018AUR,52XPK6ACA001NV,180.6,0.7,59,13.23575,6.487126,0,8942,DJI Mini 3 Pro,1581F4XF3229R006,53HFK5R0M30ACD,5HAZK6H0018AUR,52XPK6ACA001NV,DJI Fly,, 1.8.0,61EABE4C-BCDC-32F4-D0CC-A1B5A0612123,1581F4XF3229R006W0A6,,,,,,,,,,
6/20/2023,8:52:34.92 AM,1m 14.4s,74.4,43.0669054951962,-77.623047957381,46.2,46.2,34.7,580,363.9,0.894776,7.726353,,5.368656,0.894776,4.47388,-1.342164,,0.2,-4.7,-178.9,181.1,ActiveTrack,Other,,25,5,True,,Mini 3 Pro,False,False,,Smart,RC,False,True,False,,,True,,False,False,False,False,False,False,False,False,False,False,0,Follow Yaw,-39.1,0,-148.1,211.9,False,False,False,False,False,True,,True,Normal,100,100,844,1086,1296,1485,N,False,False,False,False,False,0,False,False,False,False,52,7.384,1171,2265,7.384,False,3.694,3.69,0.008,False,False,5.278,102.6,100.4,102.5,,,,,,,,,Idle,,,True,,False,8,Go Home,True,True,True,False,False,False,False,False,False,False,False,False,43.0666047727683,-77.6229698903817,111.6,313.7,1640.4,True,1,1,False,False,False,False,,True,False,False,,328,,16.4,Calm,41,, 1.8.0,DJI Mini 3 Pro,1581F4XF3229R006,53HFK5R0M30ACD,5HAZK6H0018AUR,52XPK6ACA001NV,180.6,0.7,59,13.23575,6.487126,0,8942,DJI Mini 3 Pro,1581F4XF3229R006,53HFK5R0M30ACD,5HAZK6H0018AUR,52XPK6ACA001NV,DJI Fly,, 1.8.0,61EABE4C-BCDC-32F4-D0CC-A1B5A0612123,1581F4XF3229R006W0A6,,,,,,,,,,
6/20/2023,8:52:35.12 AM,1m 14.6s,74.6,43.066905499274,-77.6230468192189,46.9,46.9,34.7,581,364.2,1.11847,7.726353,,5.368656,1.11847,4.47388,-1.342164,,1.2,-4.5,-178.5,181.5,ActiveTrack,Other,,25,5,True,,Mini 3 Pro,False,False,,Smart,RC,False,True,False,,,True,,False,False,False,False,False,False,False,False,False,False,0,Follow Yaw,-39.4,0,-147.7,212.3,False,False,False,False,False,True,,True,Normal,100,100,829,1084,1292,1485,N,False,False,False,False,False,0,False,False,False,False,52,7.384,1171,2265,7.384,False,3.694,3.69,0.008,False,False,5.278,102.6,100.4,102.5,,,,,,,,,Idle,,,True,,False,8,Go Home,True,True,True,False,False,False,False,False,False,False,False,False,43.0666047727683,-77.6229698903817,111.6,313.7,1640.4,True,1,1,False,False,False,False,,True,False,False,,328,,16.4,Calm,41,, 1.8.0,DJI Mini 3 Pro,1581F4XF3229R006,53HFK5R0M30ACD,5HAZK6H0018AUR,52XPK6ACA001NV,180.6,0.7,59,13.23575,6.487126,0,8942,DJI Mini 3 Pro,1581F4XF3229R006,53HFK5R0M30ACD,5HAZK6H0018AUR,52XPK6ACA001NV,DJI Fly,, 1.8.0,61EABE4C-BCDC-32F4-D0CC-A1B5A0612123,1581F4XF3229R006W0A6,,,,,,,,,,
6/20/2023,8:52:35.33 AM,1m 14.8s,74.8,43.0669054475989,-77.6230455194321,47.2,47.2,34.7,581,364.6,1.342164,7.726353,,5.368656,1.342164,4.47388,-1.342164,,0.6,-4.2,-178.2,181.8,ActiveTrack,Other,,25,5,True,,Mini 3 Pro,False,False,,Smart,RC,False,True,False,,,True,,False,False,False,False,False,False,False,False,False,False,0,Follow Yaw,-39.7,0,-147.3,212.7,False,False,False,False,False,True,,True,Normal,100,100,828,1082,1280,1485,N,False,False,False,False,False,0,False,False,False,False,52,7.379,1170,2265,7.379,False,3.692,3.687,0.008,False,False,5.335,102.6,100.4,102.5,,,,,,,,,Idle,,,True,,False,8,Go Home,True,True,True,False,False,False,False,False,False,False,False,False,43.0666047727683,-77.6229698903817,111.5,313.7,1640.4,True,1,1,False,False,False,False,,True,False,False,,328,,16.4,Calm,41,, 1.8.0,DJI Mini 3 Pro,1581F4XF3229R006,53HFK5R0M30ACD,5HAZK6H0018AUR,52XPK6ACA001NV,180.6,0.7,59,13.23575,6.487126,0,8942,DJI Mini 3 Pro,1581F4XF3229R006,53HFK5R0M30ACD,5HAZK6H0018AUR,52XPK6ACA001NV,DJI Fly,, 1.8.0,61EABE4C-BCDC-32F4-D0CC-A1B5A0612123,1581F4XF3229R006W0A6,,,,,,,,,,
6/20/2023,8:52:35.53 AM,1m 15.0s,75,43.066905340445,-77.6230440230702,47.5,47.5,34.7,582,365,1.342164,7.726353,,5.368656,1.342164,4.47388,-1.11847,,0.8,-4.4,-177.7,182.3,ActiveTrack,Other,,25,5,True,,Mini 3 Pro,False,False,,Smart,RC,False,True,False,,,True,,False,False,False,False,False,False,False,False,False,False,0,Follow Yaw,-40,0,-146.8,213.2,False,False,False,False,False,True,,True,Normal,100,100,828,1081,1272,1486,N,False,False,False,False,False,0,False,False,False,False,52,7.379,1170,2265,7.379,False,3.692,3.687,0.008,False,False,5.335,102.6,100.4,102.5,,,,,,,,,Idle,,,True,,False,8,Go Home,True,True,True,False,False,False,False,False,False,False,False,False,43.0666047727683,-77.6229698903817,111.4,313.7,1640.4,True,1,1,False,False,False,False,,True,False,False,,328,,16.4,Calm,41,, 1.8.0,DJI Mini 3 Pro,1581F4XF3229R006,53HFK5R0M30ACD,5HAZK6H0018AUR,52XPK6ACA001NV,180.6,0.7,59,13.23575,6.487126,0,8942,DJI Mini 3 Pro,1581F4XF3229R006,53HFK5R0M30ACD,5HAZK6H0018AUR,52XPK6ACA001NV,DJI Fly,, 1.8.0,61EABE4C-BCDC-32F4-D0CC-A1B5A0612123,1581F4XF3229R006W0A6,,,,,,,,,,
6/20/2023,8:52:35.73 AM,1m 15.2s,75.2,43.0669051750368,-77.6230423833534,47.9,47.9,34.7,582,365.4,1.581755,7.726353,-0.223694,5.368656,1.565858,4.47388,-1.11847,,1.2,-4.8,-177.4,182.6,ActiveTrack,Other,,25,5,True,,Mini 3 Pro,False,False,,Smart,RC,False,True,False,,,True,,False,False,False,False,False,False,False,False,False,False,0,Follow Yaw,-40.3,0,-146.3,213.7,False,False,False,False,False,True,,True,Normal,100,100,829,1082,1266,1485,N,False,False,False,False,False,0,False,False,False,False,52,7.379,1170,2265,7.379,False,3.692,3.687,0.008,False,False,5.335,102.6,100.4,102.5,,,,,,,,,Idle,,,True,,False,8,Go Home,True,True,True,False,False,False,False,False,False,False,False,False,43.0666047727683,-77.6229698903817,111.2,313.7,1640.4,True,1,1,False,False,False,False,,True,False,False,,328,,16.4,Calm,41,, 1.8.0,DJI Mini 3 Pro,1581F4XF3229R006,53HFK5R0M30ACD,5HAZK6H0018AUR,52XPK6ACA001NV,180.6,0.7,59,13.23575,6.487126,0,8942,DJI Mini 3 Pro,1581F4XF3229R006,53HFK5R0M30ACD,5HAZK6H0018AUR,52XPK6ACA001NV,DJI Fly,, 1.8.0,61EABE4C-BCDC-32F4-D0CC-A1B5A0612123,1581F4XF3229R006W0A6,,,,,,,,,,
6/20/2023,8:52:35.93 AM,1m 15.4s,75.4,43.0669050035289,-77.6230405572986,48.2,48.2,34.7,582,365.9,1.789552,7.726353,,5.368656,1.789552,4.47388,-0.894776,,0.8,-3.8,-176.8,183.2,ActiveTrack,Other,,25,5,True,,Mini 3 Pro,False,False,,Smart,RC,False,True,False,,,True,,False,False,False,False,False,False,False,False,False,False,0,Follow Yaw,-40.5,0,-145.7,214.3,False,False,False,False,False,True,,True,Normal,100,100,831,1072,1265,1484,N,False,False,False,False,False,0,False,False,False,False,52,7.379,1170,2265,7.379,False,3.692,3.687,0.008,False,False,5.335,102.6,100.4,102.5,,,,,,,,,Idle,,,True,,False,8,Go Home,True,True,True,False,False,False,False,False,False,False,False,False,43.0666047727683,-77.6229698903817,111.1,313.7,1640.4,True,1,1,False,False,False,False,,True,False,False,,328,,16.4,Calm,41,, 1.8.0,DJI Mini 3 Pro,1581F4XF3229R006,53HFK5R0M30ACD,5HAZK6H0018AUR,52XPK6ACA001NV,180.6,0.7,59,13.23575,6.487126,0,8942,DJI Mini 3 Pro,1581F4XF3229R006,53HFK5R0M30ACD,5HAZK6H0018AUR,52XPK6ACA001NV,DJI Fly,, 1.8.0,61EABE4C-BCDC-32F4-D0CC-A1B5A0612123,1581F4XF3229R006W0A6,,,,,,,,,,
6/20/2023,8:52:36.13 AM,1m 15.6s,75.6,43.0669048224604,-77.6230386415076,48.5,48.5,34.7,583,366.4,1.803478,7.726353,-0.223694,5.368656,1.789552,4.47388,-1.11847,,0.2,-3.4,-176.2,183.8,ActiveTrack,Other,,25,5,True,,Mini 3 Pro,False,False,,Smart,RC,False,True,False,,,True,,False,False,False,False,False,False,False,False,False,False,0,Follow Yaw,-40.8,0,-145.1,214.9,False,False,False,False,False,True,,True,Normal,100,100,843,1066,1263,1475,N,False,False,False,False,False,0,False,False,False,False,52,7.379,1170,2265,7.379,False,3.692,3.687,0.008,False,False,5.335,102.6,100.4,102.5,,,,,,,,,Idle,,,True,,False,8,Go Home,True,True,True,False,False,False,False,False,False,False,False,False,43.0666047727683,-77.6229698903817,110.9,313.7,1640.4,True,1,1,False,False,False,False,,True,False,False,,328,,16.4,Calm,41,, 1.8.0,DJI Mini 3 Pro,1581F4XF3229R006,53HFK5R0M30ACD,5HAZK6H0018AUR,52XPK6ACA001NV,180.6,0.7,59,13.23575,6.487126,0,8942,DJI Mini 3 Pro,1581F4XF3229R006,53HFK5R0M30ACD,5HAZK6H0018AUR,52XPK6ACA001NV,DJI Fly,, 1.8.0,61EABE4C-BCDC-32F4-D0CC-A1B5A0612123,1581F4XF3229R006W0A6,,,,,,,,,,
6/20/2023,8:52:36.34 AM,1m 15.8s,75.8,43.0669045848167,-77.6230367137793,48.8,48.8,34.7,583,366.9,1.803478,7.726353,-0.223694,5.368656,1.789552,4.47388,-1.11847,,0.6,-4.8,-175.5,184.5,ActiveTrack,Other,,25,5,True,,Mini 3 Pro,False,False,,Smart,RC,False,True,False,,,True,,False,False,False,False,False,False,False,False,False,False,0,Follow Yaw,-41.1,0,-144.6,215.4,False,False,False,False,False,True,,True,Normal,100,100,845,1065,1263,1470,N,False,False,False,False,False,0,False,False,False,False,52,7.373,1168,2265,7.373,False,3.69,3.683,0.008,False,False,5.534,102.6,100.4,102.5,,,,,,,,,Idle,,,True,,False,8,Go Home,True,True,True,False,False,False,False,False,False,False,False,False,43.0666047727683,-77.6229698903817,110.8,313.7,1640.4,True,1,1,False,False,False,False,,True,False,False,,328,,16.4,Calm,41,, 1.8.0,DJI Mini 3 Pro,1581F4XF3229R006,53HFK5R0M30ACD,5HAZK6H0018AUR,52XPK6ACA001NV,180.6,0.7,59,13.23575,6.487126,0,8942,DJI Mini 3 Pro,1581F4XF3229R006,53HFK5R0M30ACD,5HAZK6H0018AUR,52XPK6ACA001NV,DJI Fly,, 1.8.0,61EABE4C-BCDC-32F4-D0CC-A1B5A0612123,1581F4XF3229R006W0A6,,,,,,,,,,
6/20/2023,8:52:36.54 AM,1m 16.0s,76,43.0669043015974,-77.6230347194451,49.2,49.2,34.7,583,367.5,1.803478,7.726353,-0.223694,5.368656,1.789552,4.47388,-0.894776,,0.8,-4.9,-175.1,184.9,ActiveTrack,Other,,25,5,True,,Mini 3 Pro,False,False,,Smart,RC,False,True,False,,,True,,False,False,False,False,False,False,False,False,False,False,0,Follow Yaw,-41.3,0,-144,216,False,False,False,False,False,True,,True,Normal,100,100,845,1079,1263,1423,N,False,False,False,False,False,0,False,False,False,False,52,7.373,1168,2265,7.373,False,3.69,3.683,0.008,False,False,5.534,102.6,100.4,102.5,,,,,,,,,Idle,,,True,,False,8,Go Home,True,True,True,False,False,False,False,False,False,False,False,False,43.0666047727683,-77.6229698903817,110.6,313.7,1640.4,True,1,1,False,False,False,False,,True,False,False,,328,,16.4,Calm,41,, 1.8.0,DJI Mini 3 Pro,1581F4XF3229R006,53HFK5R0M30ACD,5HAZK6H0018AUR,52XPK6ACA001NV,180.6,0.7,59,13.23575,6.487126,0,8942,DJI Mini 3 Pro,1581F4XF3229R006,53HFK5R0M30ACD,5HAZK6H0018AUR,52XPK6ACA001NV,DJI Fly,, 1.8.0,61EABE4C-BCDC-32F4-D0CC-A1B5A0612123,1581F4XF3229R006W0A6,,,,,,,,,,
6/20/2023,8:52:36.74 AM,1m 16.2s,76.2,43.0669040411658,-77.6230326602581,49.5,49.5,34.7,584,368,1.803478,7.726353,-0.223694,5.368656,1.789552,4.47388,-0.894776,,1,-4.6,-174.6,185.4,ActiveTrack,Other,,25,5,True,,Mini 3 Pro,False,False,,Smart,RC,False,True,False,,,True,,False,False,False,False,False,False,False,False,False,False,0,Follow Yaw,-41.6,0,-143.4,216.6,False,False,False,False,False,True,,True,Normal,100,100,873,1209,1263,1414,N,False,False,False,False,False,0,False,False,False,False,52,7.373,1168,2265,7.373,False,3.69,3.683,0.008,False,False,5.534,102.6,100.4,102.5,,,,,,,,,Idle,,,True,,False,8,Go Home,True,True,True,False,False,False,False,False,False,False,False,False,43.0666047727683,-77.6229698903817,110.4,313.7,1640.4,True,1,1,False,False,False,False,,True,False,False,,328,,16.4,Calm,41,, 1.8.0,DJI Mini 3 Pro,1581F4XF3229R006,53HFK5R0M30ACD,5HAZK6H0018AUR,52XPK6ACA001NV,180.6,0.7,59,13.23575,6.487126,0,8942,DJI Mini 3 Pro,1581F4XF3229R006,53HFK5R0M30ACD,5HAZK6H0018AUR,52XPK6ACA001NV,DJI Fly,, 1.8.0,61EABE4C-BCDC-32F4-D0CC-A1B5A0612123,1581F4XF3229R006W0A6,,,,,,,,,,
6/20/2023,8:52:36.84 AM,1m 16.4s,76.4,43.066903774669,-77.6230305760178,49.8,49.8,34.7,584,368.6,1.803478,7.726353,-0.223694,5.368656,1.789552,4.47388,-0.894776,,0,-4.5,-173.8,186.2,ActiveTrack,Other,,25,5,True,,Mini 3 Pro,False,False,,Smart,RC,False,True,False,,,True,,False,False,False,False,False,False,False,False,False,False,0,Follow Yaw,-41.8,0,-142.8,217.2,False,False,False,False,False,True,,True,Normal,100,100,874,1210,1265,1414,N,False,False,False,False,False,0,False,False,False,False,52,7.373,1168,2265,7.373,False,3.69,3.683,0.008,False,False,5.534,102.6,100.4,102.5,,,,,,,,,Idle,,,True,,False,8,Go Home,True,True,True,False,False,False,False,False,False,False,False,False,43.0666047727683,-77.6229698903817,110.2,313.7,1640.4,True,1,1,False,False,False,False,,True,False,False,,328,,16.4,Calm,41,, 1.8.0,DJI Mini 3 Pro,1581F4XF3229R006,53HFK5R0M30ACD,5HAZK6H0018AUR,52XPK6ACA001NV,180.6,0.7,59,13.23575,6.487126,0,8942,DJI Mini 3 Pro,1581F4XF3229R006,53HFK5R0M30ACD,5HAZK6H0018AUR,52XPK6ACA001NV,DJI Fly,, 1.8.0,61EABE4C-BCDC-32F4-D0CC-A1B5A0612123,1581F4XF3229R006W0A6,,,,,,,,,,
6/20/2023,8:52:37.15 AM,1m 16.6s,76.6,43.0669035063217,-77.6230285407468,50.1,50.1,34.7,584,369.1,1.803478,7.726353,-0.223694,5.368656,1.789552,4.47388,-0.894776,,-2.7,-4.6,-173.1,186.9,ActiveTrack,Other,,25,5,True,,Mini 3 Pro,False,False,,Smart,RC,False,True,False,,,True,,False,False,False,False,False,False,False,False,False,False,0,Follow Yaw,-42.1,0,-142.2,217.8,False,False,False,False,False,True,,True,Normal,100,100,878,1162,1266,1414,N,False,False,False,False,False,0,False,False,False,False,52,7.373,1168,2265,7.373,False,3.69,3.683,0.008,False,False,5.534,102.6,100.4,102.5,,,,,,,,,Idle,,,True,,False,8,Go Home,True,True,True,False,False,False,False,False,False,False,False,False,43.0666047727683,-77.6229698903817,110,313.7,1640.4,True,1,1,False,False,False,False,,True,False,False,,328,,16.4,Calm,41,, 1.8.0,DJI Mini 3 Pro,1581F4XF3229R006,53HFK5R0M30ACD,5HAZK6H0018AUR,52XPK6ACA001NV,180.6,0.7,59,13.23575,6.487126,0,8942,DJI Mini 3 Pro,1581F4XF3229R006,53HFK5R0M30ACD,5HAZK6H0018AUR,52XPK6ACA001NV,DJI Fly,, 1.8.0,61EABE4C-BCDC-32F4-D0CC-A1B5A0612123,1581F4XF3229R006W0A6,,,,,,,,,,
6/20/2023,8:52:37.35 AM,1m 16.8s,76.8,43.0669031086496,-77.6230265678836,50.5,50.5,34.7,585,369.7,1.844627,7.726353,-0.447388,5.368656,1.789552,4.47388,-0.894776,,-2.7,-4.6,-172.4,187.6,ActiveTrack,Other,,25,5,True,,Mini 3 Pro,False,False,,Smart,RC,False,True,False,,,True,,False,False,False,False,False,False,False,False,False,False,0,Follow Yaw,-42.4,0,-141.6,218.4,False,False,False,False,False,True,,True,Normal,100,100,881,1153,1265,1414,N,False,False,False,False,False,0,False,False,False,False,52,7.382,1167,2265,7.382,False,3.694,3.688,0.008,False,False,5.324,102.6,100.4,102.5,,,,,,,,,Idle,,,True,,False,8,Go Home,True,True,True,False,False,False,False,False,False,False,False,False,43.0666047727683,-77.6229698903817,109.8,313.7,1640.4,True,1,1,False,False,False,False,,True,False,False,,328,,16.4,Calm,41,, 1.8.0,DJI Mini 3 Pro,1581F4XF3229R006,53HFK5R0M30ACD,5HAZK6H0018AUR,52XPK6ACA001NV,180.6,0.7,59,13.23575,6.487126,0,8942,DJI Mini 3 Pro,1581F4XF3229R006,53HFK5R0M30ACD,5HAZK6H0018AUR,52XPK6ACA001NV,DJI Fly,, 1.8.0,61EABE4C-BCDC-32F4-D0CC-A1B5A0612123,1581F4XF3229R006W0A6,,,,,,,,,,
6/20/2023,8:52:37.45 AM,1m 17.0s,77,43.0669025660268,-77.6230246616262,50.8,50.8,34.7,585,370.2,1.703602,7.726353,-0.671082,5.368656,1.565858,4.47388,-0.894776,,-1.5,-4.2,-172,188,ActiveTrack,Other,,25,5,True,,Mini 3 Pro,False,False,,Smart,RC,False,True,False,,,True,,False,False,False,False,False,False,False,False,False,False,0,Follow Yaw,-42.7,0,-141,219,False,False,False,False,False,True,,True,Normal,100,100,881,1152,1265,1414,N,False,False,False,False,False,0,False,False,False,False,52,7.382,1167,2265,7.382,False,3.694,3.688,0.008,False,False,5.324,102.6,100.4,102.5,,,,,,,,,Idle,,,True,,False,8,Go Home,True,True,True,False,False,False,False,False,False,False,False,False,43.0666047727683,-77.6229698903817,109.6,313.7,1640.4,True,1,1,False,False,False,False,,True,False,False,,328,,16.4,Calm,41,, 1.8.0,DJI Mini 3 Pro,1581F4XF3229R006,53HFK5R0M30ACD,5HAZK6H0018AUR,52XPK6ACA001NV,180.6,0.7,59,13.23575,6.487126,0,8942,DJI Mini 3 Pro,1581F4XF3229R006,53HFK5R0M30ACD,5HAZK6H0018AUR,52XPK6ACA001NV,DJI Fly,, 1.8.0,61EABE4C-BCDC-32F4-D0CC-A1B5A0612123,1581F4XF3229R006W0A6,,,,,,,,,,
6/20/2023,8:52:37.65 AM,1m 17.2s,77.2,43.0669018842787,-77.6230228159942,51.1,51.1,34.7,585,370.8,1.703602,7.726353,-0.671082,5.368656,1.565858,4.47388,-0.894776,,-0.2,-4.7,-171.5,188.5,ActiveTrack,Other,,25,5,True,,Mini 3 Pro,False,False,,Smart,RC,False,True,False,,,True,,False,False,False,False,False,False,False,False,False,False,0,Follow Yaw,-43,0,-140.4,219.6,False,False,False,False,False,True,,True,Normal,100,100,880,1151,1266,1414,N,False,False,False,False,False,0,False,False,False,False,52,7.382,1167,2265,7.382,False,3.694,3.688,0.008,False,False,5.324,102.6,100.4,102.5,,,,,,,,,Idle,,,True,,False,8,Go Home,True,True,True,False,False,False,False,False,False,False,False,False,43.0666047727683,-77.6229698903817,109.3,313.7,1640.4,True,1,1,False,False,False,False,,True,False,False,,328,,16.4,Calm,41,, 1.8.0,DJI Mini 3 Pro,1581F4XF3229R006,53HFK5R0M30ACD,5HAZK6H0018AUR,52XPK6ACA001NV,180.6,0.7,59,13.23575,6.487126,0,8942,DJI Mini 3 Pro,1581F4XF3229R006,53HFK5R0M30ACD,5HAZK6H0018AUR,52XPK6ACA001NV,DJI Fly,, 1.8.0,61EABE4C-BCDC-32F4-D0CC-A1B5A0612123,1581F4XF3229R006W0A6,,,,,,,,,,
6/20/2023,8:52:37.95 AM,1m 17.4s,77.4,43.0669011644939,-77.623020967026,51.5,51.5,34.7,586,371.3,1.803478,7.726353,-0.894776,5.368656,1.565858,4.47388,-0.894776,,-0.4,-3.8,-170.8,189.2,ActiveTrack,Other,,25,5,True,,Mini 3 Pro,False,False,,Smart,RC,False,True,False,,,True,,False,False,False,False,False,False,False,False,False,False,0,Follow Yaw,-43.4,0,-139.8,220.2,False,False,False,False,False,True,,True,Normal,100,100,882,1153,1265,1414,N,False,False,False,False,False,0,False,False,False,False,52,7.382,1167,2265,7.382,False,3.694,3.688,0.008,False,False,5.324,102.6,100.4,102.5,,,,,,,,,Idle,,,True,,False,8,Go Home,True,True,True,False,False,False,False,False,False,False,False,False,43.0666047727683,-77.6229698903817,108.9,313.7,1640.4,True,1,1,False,False,False,False,,True,False,False,,328,,16.4,Calm,41,, 1.8.0,DJI Mini 3 Pro,1581F4XF3229R006,53HFK5R0M30ACD,5HAZK6H0018AUR,52XPK6ACA001NV,180.6,0.7,59,13.23575,6.487126,0,8942,DJI Mini 3 Pro,1581F4XF3229R006,53HFK5R0M30ACD,5HAZK6H0018AUR,52XPK6ACA001NV,DJI Fly,, 1.8.0,61EABE4C-BCDC-32F4-D0CC-A1B5A0612123,1581F4XF3229R006W0A6,,,,,,,,,,
6/20/2023,8:52:38.16 AM,1m 17.6s,77.6,43.0669004238746,-77.6230192042702,51.8,51.8,34.7,586,371.9,1.803478,7.726353,-0.894776,5.368656,1.565858,4.47388,-0.894776,,-0.8,-3.8,-170.3,189.7,ActiveTrack,Other,,25,5,True,,Mini 3 Pro,False,False,,Smart,RC,False,True,False,,,True,,False,False,False,False,False,False,False,False,False,False,0,Follow Yaw,-43.7,0,-139.3,220.7,False,False,False,False,False,True,,True,Normal,100,100,882,1155,1266,1414,N,False,False,False,False,False,0,False,False,False,False,52,7.382,1167,2265,7.382,False,3.694,3.688,0.008,False,False,5.324,102.6,100.4,102.5,,,,,,,,,Idle,,,True,,False,8,Go Home,True,True,True,False,False,False,False,False,False,False,False,False,43.0666047727683,-77.6229698903817,108.6,313.7,1640.4,True,1,1,False,False,False,False,,True,False,False,,328,,16.4,Calm,41,, 1.8.0,DJI Mini 3 Pro,1581F4XF3229R006,53HFK5R0M30ACD,5HAZK6H0018AUR,52XPK6ACA001NV,180.6,0.7,59,13.23575,6.487126,0,8942,DJI Mini 3 Pro,1581F4XF3229R006,53HFK5R0M30ACD,5HAZK6H0018AUR,52XPK6ACA001NV,DJI Fly,, 1.8.0,61EABE4C-BCDC-32F4-D0CC-A1B5A0612123,1581F4XF3229R006W0A6,,,,,,,,,,
6/20/2023,8:52:38.36 AM,1m 17.8s,77.8,43.0668996474802,-77.6230175058247,52.1,52.1,34.7,586,372.4,1.803478,7.726353,-0.894776,5.368656,1.565858,4.47388,-0.894776,,-0.6,-4.8,-169.7,190.3,ActiveTrack,Other,,25,5,True,,Mini 3 Pro,False,False,,Smart,RC,False,True,False,,,True,,False,False,False,False,False,False,False,False,False,False,0,Follow Yaw,-44,0,-138.7,221.3,False,False,False,False,False,True,,True,Normal,100,100,882,1154,1266,1416,N,False,False,False,False,False,0,False,False,False,False,52,7.379,1165,2265,7.379,False,3.694,3.688,0.008,False,False,5.133,102.6,100.4,102.5,,,,,,,,,Idle,,,True,,False,8,Go Home,True,True,True,False,False,False,False,False,False,False,False,False,43.0666047727683,-77.6229698903817,108.3,313.7,1640.4,True,1,1,False,False,False,False,,True,False,False,,328,,16.4,Calm,41,, 1.8.0,DJI Mini 3 Pro,1581F4XF3229R006,53HFK5R0M30ACD,5HAZK6H0018AUR,52XPK6ACA001NV,180.6,0.7,59,13.23575,6.487126,0,8942,DJI Mini 3 Pro,1581F4XF3229R006,53HFK5R0M30ACD,5HAZK6H0018AUR,52XPK6ACA001NV,DJI Fly,, 1.8.0,61EABE4C-BCDC-32F4-D0CC-A1B5A0612123,1581F4XF3229R006W0A6,,,,,,,,,,
6/20/2023,8:52:38.56 AM,1m 18.0s,78,43.0668988688927,-77.623015844033,52.4,52.4,34.7,587,372.9,1.803478,7.726353,-0.894776,5.368656,1.565858,4.47388,-0.894776,,-1.4,-4.2,-169.2,190.8,ActiveTrack,Other,,25,5,True,,Mini 3 Pro,False,False,,Smart,RC,False,True,False,,,True,,False,False,False,False,False,False,False,False,False,False,0,Follow Yaw,-44.4,0,-138.2,221.8,False,False,False,False,False,True,,True,Normal,100,100,881,1154,1264,1447,N,False,False,False,False,False,0,False,False,False,False,52,7.383,1165,2265,7.383,False,3.694,3.689,0.008,False,False,5.133,102.6,100.4,102.5,,,,,,,,,Idle,,,True,,False,8,Go Home,True,True,True,False,False,False,False,False,False,False,False,False,43.0666047727683,-77.6229698903817,107.9,313.7,1640.4,True,1,1,False,False,False,False,,True,False,False,,328,,16.4,Calm,41,, 1.8.0,DJI Mini 3 Pro,1581F4XF3229R006,53HFK5R0M30ACD,5HAZK6H0018AUR,52XPK6ACA001NV,180.6,0.7,59,13.23575,6.487126,0,8942,DJI Mini 3 Pro,1581F4XF3229R006,53HFK5R0M30ACD,5HAZK6H0018AUR,52XPK6ACA001NV,DJI Fly,, 1.8.0,61EABE4C-BCDC-32F4-D0CC-A1B5A0612123,1581F4XF3229R006W0A6,,,,,,,,,,
6/20/2023,8:52:38.76 AM,1m 18.2s,78.2,43.0668979917867,-77.6230142305099,52.8,52.8,34.7,587,373.5,1.747105,7.726353,-1.11847,5.368656,1.342164,4.47388,-0.894776,,-0.5,-4.1,-168.7,191.3,ActiveTrack,Other,,25,5,True,,Mini 3 Pro,False,False,,Smart,RC,False,True,False,,,True,,False,False,False,False,False,False,False,False,False,False,0,Follow Yaw,-44.7,0,-137.6,222.4,False,False,False,False,False,True,,True,Normal,100,100,868,1154,1262,1459,N,False,False,False,False,False,0,False,False,False,False,52,7.383,1165,2265,7.383,False,3.694,3.689,0.008,False,False,5.133,102.6,100.4,102.5,,,,,,,,,Idle,,,True,,False,8,Go Home,True,True,True,False,False,False,False,False,False,False,False,False,43.0666047727683,-77.6229698903817,107.6,313.7,1640.4,True,1,1,False,False,False,False,,True,False,False,,328,,16.4,Calm,41,, 1.8.0,DJI Mini 3 Pro,1581F4XF3229R006,53HFK5R0M30ACD,5HAZK6H0018AUR,52XPK6ACA001NV,180.6,0.7,59,13.23575,6.487126,0,8942,DJI Mini 3 Pro,1581F4XF3229R006,53HFK5R0M30ACD,5HAZK6H0018AUR,52XPK6ACA001NV,DJI Fly,, 1.8.0,61EABE4C-BCDC-32F4-D0CC-A1B5A0612123,1581F4XF3229R006W0A6,,,,,,,,,,
6/20/2023,8:52:38.86 AM,1m 18.4s,78.4,43.0668970522114,-77.6230126240198,53.1,53.1,34.7,587,374,1.747105,7.726353,-1.11847,5.368656,1.342164,4.47388,-0.894776,,0,-4,-168.1,191.9,ActiveTrack,Other,,25,5,True,,Mini 3 Pro,False,False,,Smart,RC,False,True,False,,,True,,False,False,False,False,False,False,False,False,False,False,0,Follow Yaw,-45.1,0,-137.1,222.9,False,False,False,False,False,True,,True,Normal,100,100,860,1151,1260,1475,N,False,False,False,False,False,0,False,False,False,False,52,7.383,1165,2265,7.383,False,3.694,3.689,0.008,False,False,5.133,102.6,100.4,102.5,,,,,,,,,Idle,,,True,,False,8,Go Home,True,True,True,False,False,False,False,False,False,False,False,False,43.0666047727683,-77.6229698903817,107.2,313.7,1640.4,True,1,1,False,False,False,False,,True,False,False,,328,,16.4,Calm,41,, 1.8.0,DJI Mini 3 Pro,1581F4XF3229R006,53HFK5R0M30ACD,5HAZK6H0018AUR,52XPK6ACA001NV,180.6,0.7,59,13.23575,6.487126,0,8942,DJI Mini 3 Pro,1581F4XF3229R006,53HFK5R0M30ACD,5HAZK6H0018AUR,52XPK6ACA001NV,DJI Fly,, 1.8.0,61EABE4C-BCDC-32F4-D0CC-A1B5A0612123,1581F4XF3229R006W0A6,,,,,,,,,,
6/20/2023,8:52:39.07 AM,1m 18.6s,78.6,43.0668960668893,-77.6230110262599,53.4,53.4,34.7,588,374.6,1.924288,7.726353,-1.11847,5.368656,1.565858,4.47388,-0.894776,,0,-4.4,-167.4,192.6,ActiveTrack,Other,,25,5,True,,Mini 3 Pro,False,False,,Smart,RC,False,True,False,,,True,,False,False,False,False,False,False,False,False,False,False,0,Follow Yaw,-45.5,0,-136.5,223.5,False,False,False,False,False,True,,True,Normal,100,100,860,1149,1260,1485,N,False,False,False,False,False,0,False,False,False,False,52,7.383,1165,2265,7.383,False,3.694,3.689,0.008,False,False,5.133,102.6,100.4,102.5,,,,,,,,,Idle,,,True,,False,8,Go Home,True,True,True,False,False,False,False,False,False,False,False,False,43.0666047727683,-77.6229698903817,106.8,313.7,1640.4,True,1,1,False,False,False,False,,True,False,False,,328,,16.4,Calm,41,, 1.8.0,DJI Mini 3 Pro,1581F4XF3229R006,53HFK5R0M30ACD,5HAZK6H0018AUR,52XPK6ACA001NV,180.6,0.7,59,13.23575,6.487126,0,8942,DJI Mini 3 Pro,1581F4XF3229R006,53HFK5R0M30ACD,5HAZK6H0018AUR,52XPK6ACA001NV,DJI Fly,, 1.8.0,61EABE4C-BCDC-32F4-D0CC-A1B5A0612123,1581F4XF3229R006W0A6,,,,,,,,,,
6/20/2023,8:52:39.37 AM,1m 18.8s,78.8,43.066894998743,-77.6230093851271,53.8,53.8,34.7,588,375.2,2.062356,7.726353,-1.342164,5.368656,1.565858,4.47388,-0.894776,,0.2,-3.7,-166.9,193.1,ActiveTrack,Other,,25,5,True,,Mini 3 Pro,False,False,,Smart,RC,False,True,False,,,True,,False,False,False,False,False,False,False,False,False,False,0,Follow Yaw,-45.9,0,-135.9,224.1,False,False,False,False,False,True,,True,Normal,100,100,860,1152,1263,1415,N,False,False,False,False,False,0,False,False,False,False,52,7.383,1165,2265,7.383,False,3.694,3.689,0.008,False,False,5.133,102.6,100.4,102.5,,,,,,,,,Idle,,,True,,False,8,Go Home,True,True,True,False,False,False,False,False,False,False,False,False,43.0666047727683,-77.6229698903817,106.4,313.7,1640.4,True,1,1,False,False,False,False,,True,False,False,,328,,16.4,Calm,41,, 1.8.0,DJI Mini 3 Pro,1581F4XF3229R006,53HFK5R0M30ACD,5HAZK6H0018AUR,52XPK6ACA001NV,180.6,0.7,59,13.23575,6.487126,0,8942,DJI Mini 3 Pro,1581F4XF3229R006,53HFK5R0M30ACD,5HAZK6H0018AUR,52XPK6ACA001NV,DJI Fly,, 1.8.0,61EABE4C-BCDC-32F4-D0CC-A1B5A0612123,1581F4XF3229R006W0A6,,,,,,,,,,
6/20/2023,8:52:39.47 AM,1m 19.0s,79,43.0668938939651,-77.6230077337249,54.1,54.1,34.7,588,375.8,2.062356,7.726353,-1.342164,5.368656,1.565858,4.47388,-0.894776,,1.2,-3.8,-166.3,193.7,ActiveTrack,Other,,25,5,True,,Mini 3 Pro,False,False,,Smart,RC,False,True,False,,,True,,False,False,False,False,False,False,False,False,False,False,0,Follow Yaw,-46.2,0,-135.3,224.7,False,False,False,False,False,True,,True,Normal,100,100,860,1161,1263,1391,N,False,False,False,False,False,0,False,False,False,False,52,7.378,1164,2265,7.378,False,3.692,3.686,0.008,False,False,5.146,102.7,100.4,102.7,,,,,,,,,Idle,,,True,,False,8,Go Home,True,True,True,False,False,False,False,False,False,False,False,False,43.0666047727683,-77.6229698903817,105.9,313.7,1640.4,True,1,1,False,False,False,False,,True,False,False,,328,,16.4,Calm,41,, 1.8.0,DJI Mini 3 Pro,1581F4XF3229R006,53HFK5R0M30ACD,5HAZK6H0018AUR,52XPK6ACA001NV,180.6,0.7,59,13.23575,6.487126,0,8942,DJI Mini 3 Pro,1581F4XF3229R006,53HFK5R0M30ACD,5HAZK6H0018AUR,52XPK6ACA001NV,DJI Fly,, 1.8.0,61EABE4C-BCDC-32F4-D0CC-A1B5A0612123,1581F4XF3229R006W0A6,,,,,,,,,,
6/20/2023,8:52:39.67 AM,1m 19.2s,79.2,43.0668927780845,-77.6230060788429,54.1,54.1,34.7,588,376.4,2.062356,7.726353,-1.342164,5.368656,1.565858,4.47388,-0.894776,,0.3,-4.5,-165.7,194.3,ActiveTrack,Other,,25,5,True,,Mini 3 Pro,False,False,,Smart,RC,False,True,False,,,True,,False,False,False,False,False,False,False,False,False,False,0,Follow Yaw,-46.6,0,-134.7,225.3,False,False,False,False,False,True,,True,Normal,100,100,862,1173,1262,1362,N,False,False,False,False,False,0,False,False,False,False,52,7.378,1164,2265,7.378,False,3.692,3.686,0.008,False,False,5.146,102.7,100.4,102.7,,,,,,,,,Idle,,,True,,False,8,Go Home,True,True,True,False,False,False,False,False,False,False,False,False,43.0666047727683,-77.6229698903817,105.5,313.7,1640.4,True,1,1,False,False,False,False,,True,False,False,,328,,16.4,Calm,41,, 1.8.0,DJI Mini 3 Pro,1581F4XF3229R006,53HFK5R0M30ACD,5HAZK6H0018AUR,52XPK6ACA001NV,180.6,0.7,59,13.23575,6.487126,0,8942,DJI Mini 3 Pro,1581F4XF3229R006,53HFK5R0M30ACD,5HAZK6H0018AUR,52XPK6ACA001NV,DJI Fly,, 1.8.0,61EABE4C-BCDC-32F4-D0CC-A1B5A0612123,1581F4XF3229R006W0A6,,,,,,,,,,
6/20/2023,8:52:39.88 AM,1m 19.4s,79.4,43.0668915931895,-77.6230043690845,54.4,54.4,34.7,589,377,2.062356,7.726353,-1.342164,5.368656,1.565858,4.47388,-0.894776,,0.7,-3.5,-165.1,194.9,ActiveTrack,Other,,25,5,True,,Mini 3 Pro,False,False,,Smart,RC,False,True,False,,,True,,False,False,False,False,False,False,False,False,False,False,0,Follow Yaw,-47,0,-134,226,False,False,False,False,False,True,,True,Normal,100,100,858,1141,1263,1375,N,False,False,False,False,False,0,False,False,False,False,52,7.378,1164,2265,7.378,False,3.692,3.686,0.008,False,False,5.146,102.7,100.4,102.7,,,,,,,,,Idle,,,True,,False,8,Go Home,True,True,True,False,False,False,False,False,False,False,False,False,43.0666047727683,-77.6229698903817,105,313.7,1640.4,True,1,1,False,False,False,False,,True,False,False,,328,,16.4,Calm,41,, 1.8.0,DJI Mini 3 Pro,1581F4XF3229R006,53HFK5R0M30ACD,5HAZK6H0018AUR,52XPK6ACA001NV,180.6,0.7,59,13.23575,6.487126,0,8942,DJI Mini 3 Pro,1581F4XF3229R006,53HFK5R0M30ACD,5HAZK6H0018AUR,52XPK6ACA001NV,DJI Fly,, 1.8.0,61EABE4C-BCDC-32F4-D0CC-A1B5A0612123,1581F4XF3229R006W0A6,,,,,,,,,,
6/20/2023,8:52:40.18 AM,1m 19.6s,79.6,43.0668903337632,-77.6230026625185,54.7,54.7,34.7,589,377.6,2.062356,7.726353,-1.342164,5.368656,1.565858,4.47388,-0.894776,,1,-3.8,-164.4,195.6,ActiveTrack,Other,,25,5,True,,Mini 3 Pro,False,False,,Smart,RC,False,True,False,,,True,,False,False,False,False,False,False,False,False,False,False,0,Follow Yaw,-47.4,0,-133.4,226.6,False,False,False,False,False,True,,True,Normal,100,100,858,1141,1259,1376,N,False,False,False,False,False,0,False,False,False,False,52,7.378,1164,2265,7.378,False,3.692,3.686,0.008,False,False,5.146,102.7,100.4,102.7,,,,,,,,,Idle,,,True,,False,8,Go Home,True,True,True,False,False,False,False,False,False,False,False,False,43.0666047727683,-77.6229698903817,104.5,313.7,1640.4,True,1,1,False,False,False,False,,True,False,False,,328,,16.4,Calm,41,, 1.8.0,DJI Mini 3 Pro,1581F4XF3229R006,53HFK5R0M30ACD,5HAZK6H0018AUR,52XPK6ACA001NV,180.6,0.7,59,13.23575,6.487126,0,8942,DJI Mini 3 Pro,1581F4XF3229R006,53HFK5R0M30ACD,5HAZK6H0018AUR,52XPK6ACA001NV,DJI Fly,, 1.8.0,61EABE4C-BCDC-32F4-D0CC-A1B5A0612123,1581F4XF3229R006W0A6,,,,,,,,,,
6/20/2023,8:52:40.28 AM,1m 19.8s,79.8,43.0668890429137,-77.6230009589955,55.1,55.1,34.7,589,378.3,2.214457,7.726353,-1.565858,5.368656,1.565858,4.47388,-0.894776,,1.2,-3.5,-163.9,196.1,ActiveTrack,Other,,25,5,True,,Mini 3 Pro,False,False,,Smart,RC,False,True,False,,,True,,False,False,False,False,False,False,False,False,False,False,0,Follow Yaw,-47.8,0,-132.7,227.3,False,False,False,False,False,True,,True,Normal,100,100,859,1142,1259,1378,N,False,False,False,False,False,0,False,False,False,False,52,7.378,1164,2265,7.378,False,3.692,3.686,0.008,False,False,5.146,102.7,100.4,102.7,,,,,,,,,Idle,,,True,,False,8,Go Home,True,True,True,False,False,False,False,False,False,False,False,False,43.0666047727683,-77.6229698903817,104,313.7,1640.4,True,1,1,False,False,False,False,,True,False,False,,328,,16.4,Calm,41,, 1.8.0,DJI Mini 3 Pro,1581F4XF3229R006,53HFK5R0M30ACD,5HAZK6H0018AUR,52XPK6ACA001NV,180.6,0.7,59,13.23575,6.487126,0,8942,DJI Mini 3 Pro,1581F4XF3229R006,53HFK5R0M30ACD,5HAZK6H0018AUR,52XPK6ACA001NV,DJI Fly,, 1.8.0,61EABE4C-BCDC-32F4-D0CC-A1B5A0612123,1581F4XF3229R006W0A6,,,,,,,,,,
6/20/2023,8:52:40.48 AM,1m 20.0s,80,43.0668877428806,-77.6229992454142,55.4,55.4,34.7,589,379,2.214457,7.726353,-1.565858,5.368656,1.565858,4.47388,-0.894776,,1.2,-3.9,-163.2,196.8,ActiveTrack,Other,,25,5,True,,Mini 3 Pro,False,False,,Smart,RC,False,True,False,,,True,,False,False,False,False,False,False,False,False,False,False,0,Follow Yaw,-48.2,0,-132,228,False,False,False,False,False,True,,True,Normal,100,100,858,1141,1255,1387,N,False,False,False,False,False,0,False,False,False,False,52,7.375,1162,2265,7.375,False,3.692,3.683,0.009,False,False,5.257,102.7,100.4,102.7,,,,,,,,,Idle,,,True,,False,8,Go Home,True,True,True,False,False,False,False,False,False,False,False,False,43.0666047727683,-77.6229698903817,103.5,313.7,1640.4,True,1,1,False,False,False,False,,True,False,False,,328,,16.4,Calm,41,, 1.8.0,DJI Mini 3 Pro,1581F4XF3229R006,53HFK5R0M30ACD,5HAZK6H0018AUR,52XPK6ACA001NV,180.6,0.7,59,13.23575,6.487126,0,8942,DJI Mini 3 Pro,1581F4XF3229R006,53HFK5R0M30ACD,5HAZK6H0018AUR,52XPK6ACA001NV,DJI Fly,, 1.8.0,61EABE4C-BCDC-32F4-D0CC-A1B5A0612123,1581F4XF3229R006W0A6,,,,,,,,,,
6/20/2023,8:52:40.79 AM,1m 20.2s,80.2,43.0668864425733,-77.6229974905502,55.7,55.7,34.7,590,379.6,2.062356,7.726353,-1.342164,5.368656,1.565858,4.47388,-0.894776,,0.9,-3.7,-162.5,197.5,ActiveTrack,Other,,25,5,True,,Mini 3 Pro,False,False,,Smart,RC,False,True,False,,,True,,False,False,False,False,False,False,False,False,False,False,0,Follow Yaw,-48.6,0,-131.3,228.7,False,False,False,False,False,True,,True,Normal,100,100,851,1141,1231,1457,N,False,False,False,False,False,0,False,False,False,False,52,7.375,1162,2265,7.375,False,3.692,3.683,0.009,False,False,5.257,102.7,100.4,102.7,,,,,,,,,Idle,,,True,,False,8,Go Home,True,True,True,False,False,False,False,False,False,False,False,False,43.0666047727683,-77.6229698903817,103,313.7,1640.4,True,1,1,False,False,False,False,,True,False,False,,328,,16.4,Calm,41,, 1.8.0,DJI Mini 3 Pro,1581F4XF3229R006,53HFK5R0M30ACD,5HAZK6H0018AUR,52XPK6ACA001NV,180.6,0.7,59,13.23575,6.487126,0,8942,DJI Mini 3 Pro,1581F4XF3229R006,53HFK5R0M30ACD,5HAZK6H0018AUR,52XPK6ACA001NV,DJI Fly,, 1.8.0,61EABE4C-BCDC-32F4-D0CC-A1B5A0612123,1581F4XF3229R006W0A6,,,,,,,,,,
6/20/2023,8:52:40.89 AM,1m 20.4s,80.4,43.066885093795,-77.6229956770484,56.1,56.1,34.7,590,380.3,2.214457,7.726353,-1.565858,5.368656,1.565858,4.47388,-0.894776,,1.1,-2.9,-161.8,198.2,ActiveTrack,Other,,25,5,True,,Mini 3 Pro,False,False,,Smart,RC,False,True,False,,,True,,False,False,False,False,False,False,False,False,False,False,0,Follow Yaw,-49,0,-130.6,229.4,False,False,False,False,False,True,,True,Normal,100,100,848,1135,1230,1462,N,False,False,False,False,False,0,False,False,False,False,52,7.375,1162,2265,7.375,False,3.692,3.683,0.009,False,False,5.257,102.7,100.4,102.7,,,,,,,,,Idle,,,True,,False,8,Go Home,True,True,True,False,False,False,False,False,False,False,False,False,43.0666047727683,-77.6229698903817,102.4,313.7,1640.4,True,1,1,False,False,False,False,,True,False,False,,328,,16.4,Calm,41,, 1.8.0,DJI Mini 3 Pro,1581F4XF3229R006,53HFK5R0M30ACD,5HAZK6H0018AUR,52XPK6ACA001NV,180.6,0.7,59,13.23575,6.487126,0,8942,DJI Mini 3 Pro,1581F4XF3229R006,53HFK5R0M30ACD,5HAZK6H0018AUR,52XPK6ACA001NV,DJI Fly,, 1.8.0,61EABE4C-BCDC-32F4-D0CC-A1B5A0612123,1581F4XF3229R006W0A6,,,,,,,,,,
6/20/2023,8:52:41.09 AM,1m 20.6s,80.6,43.0668837099783,-77.6229938686022,56.1,56.1,34.7,590,381,2.214457,7.726353,-1.565858,5.368656,1.565858,4.47388,-0.671082,,1.1,-3.1,-161,199,ActiveTrack,Other,,25,5,True,,Mini 3 Pro,False,False,,Smart,RC,False,True,False,,,True,,False,False,False,False,False,False,False,False,False,False,0,Follow Yaw,-49.3,0,-129.8,230.2,False,False,False,False,False,True,,True,Normal,100,100,845,1057,1231,1458,N,False,False,False,False,False,0,False,False,False,False,52,7.375,1162,2265,7.375,False,3.692,3.683,0.009,False,False,5.257,102.7,100.4,102.7,,,,,,,,,Idle,,,True,,False,8,Go Home,True,True,True,False,False,False,False,False,False,False,False,False,43.0666047727683,-77.6229698903817,101.9,313.7,1640.4,True,1,1,False,False,False,False,,True,False,False,,328,,16.4,Calm,41,, 1.8.0,DJI Mini 3 Pro,1581F4XF3229R006,53HFK5R0M30ACD,5HAZK6H0018AUR,52XPK6ACA001NV,180.6,0.7,59,13.23575,6.487126,0,8942,DJI Mini 3 Pro,1581F4XF3229R006,53HFK5R0M30ACD,5HAZK6H0018AUR,52XPK6ACA001NV,DJI Fly,, 1.8.0,61EABE4C-BCDC-32F4-D0CC-A1B5A0612123,1581F4XF3229R006W0A6,,,,,,,,,,
6/20/2023,8:52:41.29 AM,1m 20.8s,80.8,43.0668823735019,-77.6229920677694,56.4,56.4,34.7,590,381.7,2.214457,7.726353,-1.565858,5.368656,1.565858,4.47388,-0.671082,,1.2,-3.9,-160.3,199.7,ActiveTrack,Other,,25,5,True,,Mini 3 Pro,False,False,,Smart,RC,False,True,False,,,True,,False,False,False,False,False,False,False,False,False,False,0,Follow Yaw,-49.6,0,-129.1,230.9,False,False,False,False,False,True,,True,Normal,100,100,840,1050,1230,1442,N,False,False,False,False,False,0,False,False,False,False,52,7.375,1162,2265,7.375,False,3.692,3.683,0.009,False,False,5.257,102.7,100.4,102.7,,,,,,,,,Idle,,,True,,False,8,Go Home,True,True,True,False,False,False,False,False,False,False,False,False,43.0666047727683,-77.6229698903817,101.4,313.7,1640.4,True,1,1,False,False,False,False,,True,False,False,,328,,16.4,Calm,41,, 1.8.0,DJI Mini 3 Pro,1581F4XF3229R006,53HFK5R0M30ACD,5HAZK6H0018AUR,52XPK6ACA001NV,180.6,0.7,59,13.23575,6.487126,0,8942,DJI Mini 3 Pro,1581F4XF3229R006,53HFK5R0M30ACD,5HAZK6H0018AUR,52XPK6ACA001NV,DJI Fly,, 1.8.0,61EABE4C-BCDC-32F4-D0CC-A1B5A0612123,1581F4XF3229R006W0A6,,,,,,,,,,
6/20/2023,8:52:41.49 AM,1m 21.0s,81,43.0668810583398,-77.6229902363483,56.7,56.7,34.7,591,382.4,2.214457,7.726353,-1.565858,5.368656,1.565858,4.47388,-0.671082,,1.8,-3.8,-159.7,200.3,ActiveTrack,Other,,25,5,True,,Mini 3 Pro,False,False,,Smart,RC,False,True,False,,,True,,False,False,False,False,False,False,False,False,False,False,0,Follow Yaw,-49.8,0,-128.3,231.7,False,False,False,False,False,True,,True,Normal,100,100,839,1050,1226,1397,N,False,False,False,False,False,0,False,False,False,False,52,7.375,1161,2265,7.375,False,3.692,3.683,0.009,False,False,5.221,102.7,100.4,102.7,,,,,,,,,Idle,,,True,,False,8,Go Home,True,True,True,False,False,False,False,False,False,False,False,False,43.0666047727683,-77.6229698903817,100.9,313.7,1640.4,True,1,1,False,False,False,False,,True,False,False,,328,,16.4,Calm,41,, 1.8.0,DJI Mini 3 Pro,1581F4XF3229R006,53HFK5R0M30ACD,5HAZK6H0018AUR,52XPK6ACA001NV,180.6,0.7,59,13.23575,6.487126,0,8942,DJI Mini 3 Pro,1581F4XF3229R006,53HFK5R0M30ACD,5HAZK6H0018AUR,52XPK6ACA001NV,DJI Fly,, 1.8.0,61EABE4C-BCDC-32F4-D0CC-A1B5A0612123,1581F4XF3229R006W0A6,,,,,,,,,,
6/20/2023,8:52:41.69 AM,1m 21.2s,81.2,43.0668798041564,-77.6229883342669,57,57,34.7,591,383.1,2.23694,7.726353,-1.342164,5.368656,1.789552,4.47388,-0.671082,,1.1,-4.4,-158.9,201.1,ActiveTrack,Other,,25,5,True,,Mini 3 Pro,False,False,,Smart,RC,False,True,False,,,True,,False,False,False,False,False,False,False,False,False,False,0,Follow Yaw,-50,0,-127.5,232.5,False,False,False,False,False,True,,True,Normal,100,100,811,1047,1218,1415,N,False,False,False,False,False,0,False,False,False,False,52,7.375,1161,2265,7.375,False,3.692,3.683,0.009,False,False,5.221,102.7,100.4,102.7,,,,,,,,,Idle,,,True,,False,8,Go Home,True,True,True,False,False,False,False,False,False,False,False,False,43.0666047727683,-77.6229698903817,100.4,313.7,1640.4,True,1,1,False,False,False,False,,True,False,False,,328,,16.4,Calm,41,, 1.8.0,DJI Mini 3 Pro,1581F4XF3229R006,53HFK5R0M30ACD,5HAZK6H0018AUR,52XPK6ACA001NV,180.6,0.7,59,13.23575,6.487126,0,8942,DJI Mini 3 Pro,1581F4XF3229R006,53HFK5R0M30ACD,5HAZK6H0018AUR,52XPK6ACA001NV,DJI Fly,, 1.8.0,61EABE4C-BCDC-32F4-D0CC-A1B5A0612123,1581F4XF3229R006W0A6,,,,,,,,,,
6/20/2023,8:52:41.90 AM,1m 21.4s,81.4,43.066878591128,-77.6229863602164,57,57,34.7,591,383.7,2.23694,7.726353,-1.342164,5.368656,1.789552,4.47388,-0.671082,,0.6,-4.7,-157.9,202.1,ActiveTrack,Other,,25,5,True,,Mini 3 Pro,False,False,,Smart,RC,False,True,False,,,True,,False,False,False,False,False,False,False,False,False,False,0,Follow Yaw,-50.2,0,-126.6,233.4,False,False,False,False,False,True,,True,Normal,100,100,811,1045,1204,1475,N,False,False,False,False,False,0,False,False,False,False,52,7.375,1161,2265,7.375,False,3.692,3.683,0.009,False,False,5.221,102.7,100.4,102.7,,,,,,,,,Idle,,,True,,False,8,Go Home,True,True,True,False,False,False,False,False,False,False,False,False,43.0666047727683,-77.6229698903817,99.9,313.7,1640.4,True,1,1,False,False,False,False,,True,False,False,,328,,16.4,Calm,41,, 1.8.0,DJI Mini 3 Pro,1581F4XF3229R006,53HFK5R0M30ACD,5HAZK6H0018AUR,52XPK6ACA001NV,180.6,0.7,59,13.23575,6.487126,0,8942,DJI Mini 3 Pro,1581F4XF3229R006,53HFK5R0M30ACD,5HAZK6H0018AUR,52XPK6ACA001NV,DJI Fly,, 1.8.0,61EABE4C-BCDC-32F4-D0CC-A1B5A0612123,1581F4XF3229R006W0A6,,,,,,,,,,
6/20/2023,8:52:42.10 AM,1m 21.6s,81.6,43.0668773566482,-77.62298428271,57.4,57.4,34.7,591,384.5,2.23694,7.726353,-1.342164,5.368656,1.789552,4.47388,-0.671082,,1.1,-4.8,-157.2,202.8,ActiveTrack,Other,,25,5,True,,Mini 3 Pro,False,False,,Smart,RC,False,True,False,,,True,,False,False,False,False,False,False,False,False,False,False,0,Follow Yaw,-50.5,0,-125.8,234.2,False,False,False,False,False,True,,True,Normal,100,100,810,1045,1204,1475,N,False,False,False,False,False,0,False,False,False,False,52,7.375,1161,2265,7.375,False,3.692,3.683,0.009,False,False,5.221,102.7,100.4,102.7,,,,,,,,,Idle,,,True,,False,8,Go Home,True,True,True,False,False,False,False,False,False,False,False,False,43.0666047727683,-77.6229698903817,99.5,313.7,1640.4,True,1,1,False,False,False,False,,True,False,False,,328,,16.4,Calm,41,, 1.8.0,DJI Mini 3 Pro,1581F4XF3229R006,53HFK5R0M30ACD,5HAZK6H0018AUR,52XPK6ACA001NV,180.6,0.7,59,13.23575,6.487126,0,8942,DJI Mini 3 Pro,1581F4XF3229R006,53HFK5R0M30ACD,5HAZK6H0018AUR,52XPK6ACA001NV,DJI Fly,, 1.8.0,61EABE4C-BCDC-32F4-D0CC-A1B5A0612123,1581F4XF3229R006W0A6,,,,,,,,,,
6/20/2023,8:52:42.30 AM,1m 21.8s,81.8,43.0668760764559,-77.6229821026212,57.7,57.7,34.7,592,385.2,2.550504,7.726353,-1.565858,5.368656,2.013246,4.47388,-0.671082,,1.5,-4.3,-156.2,203.8,ActiveTrack,Other,,25,5,True,,Mini 3 Pro,False,False,,Smart,RC,False,True,False,,,True,,False,False,False,False,False,False,False,False,False,False,0,Follow Yaw,-50.7,0,-124.8,235.2,False,False,False,False,False,True,,True,Normal,100,100,808,1046,1204,1474,N,False,False,False,False,False,0,False,False,False,False,52,7.375,1161,2265,7.375,False,3.692,3.683,0.009,False,False,5.221,102.7,100.4,102.7,,,,,,,,,Idle,,,True,,False,8,Go Home,True,True,True,False,False,False,False,False,False,False,False,False,43.0666047727683,-77.6229698903817,99,313.7,1640.4,True,1,1,False,False,False,False,,True,False,False,,328,,16.4,Calm,41,, 1.8.0,DJI Mini 3 Pro,1581F4XF3229R006,53HFK5R0M30ACD,5HAZK6H0018AUR,52XPK6ACA001NV,180.6,0.7,59,13.23575,6.487126,0,8942,DJI Mini 3 Pro,1581F4XF3229R006,53HFK5R0M30ACD,5HAZK6H0018AUR,52XPK6ACA001NV,DJI Fly,, 1.8.0,61EABE4C-BCDC-32F4-D0CC-A1B5A0612123,1581F4XF3229R006W0A6,,,,,,,,,,
6/20/2023,8:52:42.50 AM,1m 22.0s,82,43.066874770426,-77.622979886122,57.7,57.7,34.7,592,386,2.550504,7.726353,-1.565858,5.368656,2.013246,4.47388,-0.671082,,2.5,-5.8,-155.4,204.6,ActiveTrack,Other,,25,5,True,,Mini 3 Pro,False,False,,Smart,RC,False,True,False,,,True,,False,False,False,False,False,False,False,False,False,False,0,Follow Yaw,-50.9,0,-123.9,236.1,False,False,False,False,False,True,,True,Normal,100,100,808,1047,1204,1474,N,False,False,False,False,False,0,False,False,False,False,52,7.375,1159,2265,7.375,False,3.692,3.683,0.009,False,False,5.238,102.7,100.4,102.7,,,,,,,,,Idle,,,True,,False,8,Go Home,True,True,True,False,False,False,False,False,False,False,False,False,43.0666047727683,-77.6229698903817,98.5,313.7,1640.4,True,1,1,False,False,False,False,,True,False,False,,328,,16.4,Calm,41,, 1.8.0,DJI Mini 3 Pro,1581F4XF3229R006,53HFK5R0M30ACD,5HAZK6H0018AUR,52XPK6ACA001NV,180.6,0.7,59,13.23575,6.487126,0,8942,DJI Mini 3 Pro,1581F4XF3229R006,53HFK5R0M30ACD,5HAZK6H0018AUR,52XPK6ACA001NV,DJI Fly,, 1.8.0,61EABE4C-BCDC-32F4-D0CC-A1B5A0612123,1581F4XF3229R006W0A6,,,,,,,,,,
6/20/2023,8:52:42.70 AM,1m 22.2s,82.2,43.0668734656811,-77.6229775957385,58,58,34.7,592,386.7,2.550504,7.726353,-1.565858,5.368656,2.013246,4.47388,-0.447388,,1.8,-5.4,-154.4,205.6,ActiveTrack,Other,,25,5,True,,Mini 3 Pro,False,False,,Smart,RC,False,True,False,,,True,,False,False,False,False,False,False,False,False,False,False,0,Follow Yaw,-51.1,0,-123,237,False,False,False,False,False,True,,True,Normal,100,100,808,1048,1204,1471,N,False,False,False,False,False,0,False,False,False,False,52,7.375,1159,2265,7.375,False,3.692,3.683,0.009,False,False,5.238,102.7,100.4,102.7,,,,,,,,,Idle,,,True,,False,8,Go Home,True,True,True,False,False,False,False,False,False,False,False,False,43.0666047727683,-77.6229698903817,98,313.7,1640.4,True,1,1,False,False,False,False,,True,False,False,,328,,16.4,Calm,41,, 1.8.0,DJI Mini 3 Pro,1581F4XF3229R006,53HFK5R0M30ACD,5HAZK6H0018AUR,52XPK6ACA001NV,180.6,0.7,59,13.23575,6.487126,0,8942,DJI Mini 3 Pro,1581F4XF3229R006,53HFK5R0M30ACD,5HAZK6H0018AUR,52XPK6ACA001NV,DJI Fly,, 1.8.0,61EABE4C-BCDC-32F4-D0CC-A1B5A0612123,1581F4XF3229R006W0A6,,,,,,,,,,
6/20/2023,8:52:42.91 AM,1m 22.4s,82.4,43.0668721324088,-77.6229752118614,58,58,34.7,592,387.5,2.550504,7.726353,-1.565858,5.368656,2.013246,4.47388,-0.447388,,2.1,-5.3,-153.5,206.5,ActiveTrack,Other,,25,5,True,,Mini 3 Pro,False,False,,Smart,RC,False,True,False,,,True,,False,False,False,False,False,False,False,False,False,False,0,Follow Yaw,-51.2,0,-122,238,False,False,False,False,False,True,,True,Normal,100,100,808,1050,1205,1461,N,False,False,False,False,False,0,False,False,False,False,52,7.375,1159,2265,7.375,False,3.692,3.683,0.009,False,False,5.238,102.7,100.4,102.7,,,,,,,,,Idle,,,True,,False,8,Go Home,True,True,True,False,False,False,False,False,False,False,False,False,43.0666047727683,-77.6229698903817,97.5,313.7,1640.4,True,1,1,False,False,False,False,,True,False,False,,328,,16.4,Calm,41,, 1.8.0,DJI Mini 3 Pro,1581F4XF3229R006,53HFK5R0M30ACD,5HAZK6H0018AUR,52XPK6ACA001NV,180.6,0.7,59,13.23575,6.487126,0,8942,DJI Mini 3 Pro,1581F4XF3229R006,53HFK5R0M30ACD,5HAZK6H0018AUR,52XPK6ACA001NV,DJI Fly,, 1.8.0,61EABE4C-BCDC-32F4-D0CC-A1B5A0612123,1581F4XF3229R006W0A6,,,,,,,,,,
6/20/2023,8:52:43.11 AM,1m 22.6s,82.6,43.0668708111985,-77.6229727345357,58.3,58.3,34.7,592,388.4,2.730533,7.726353,-1.565858,5.368656,2.23694,4.47388,-0.447388,,2.2,-5.5,-152.5,207.5,ActiveTrack,Other,,25,5,True,,Mini 3 Pro,False,False,,Smart,RC,False,True,False,,,True,,False,False,False,False,False,False,False,False,False,False,0,Follow Yaw,-51.4,0,-120.9,239.1,False,False,False,False,False,True,,True,Normal,100,100,808,1052,1204,1423,N,False,False,False,False,False,0,False,False,False,False,52,7.375,1159,2265,7.375,False,3.692,3.683,0.009,False,False,5.238,102.7,100.4,102.7,,,,,,,,,Idle,,,True,,False,8,Go Home,True,True,True,False,False,False,False,False,False,False,False,False,43.0666047727683,-77.6229698903817,97,313.7,1640.4,True,1,1,False,False,False,False,,True,False,False,,328,,16.4,Calm,41,, 1.8.0,DJI Mini 3 Pro,1581F4XF3229R006,53HFK5R0M30ACD,5HAZK6H0018AUR,52XPK6ACA001NV,180.6,0.7,59,13.23575,6.487126,0,8942,DJI Mini 3 Pro,1581F4XF3229R006,53HFK5R0M30ACD,5HAZK6H0018AUR,52XPK6ACA001NV,DJI Fly,, 1.8.0,61EABE4C-BCDC-32F4-D0CC-A1B5A0612123,1581F4XF3229R006W0A6,,,,,,,,,,
6/20/2023,8:52:43.31 AM,1m 22.8s,82.8,43.0668695002169,-77.6229701848176,58.7,58.7,34.7,593,389.2,2.730533,7.726353,-1.565858,5.368656,2.23694,4.47388,-0.447388,,1.7,-5.6,-151.4,208.6,ActiveTrack,Other,,25,5,True,,Mini 3 Pro,False,False,,Smart,RC,False,True,False,,,True,,False,False,False,False,False,False,False,False,False,False,0,Follow Yaw,-51.5,0,-119.9,240.1,False,False,False,False,False,True,,True,Normal,100,100,808,1051,1205,1423,N,False,False,False,False,False,0,False,False,False,False,52,7.375,1159,2265,7.375,False,3.692,3.683,0.009,False,False,5.238,102.7,100.4,102.7,,,,,,,,,Idle,,,True,,False,8,Go Home,True,True,True,False,False,False,False,False,False,False,False,False,43.0666047727683,-77.6229698903817,96.5,313.7,1640.4,True,1,1,False,False,False,False,,True,False,False,,328,,16.4,Calm,41,, 1.8.0,DJI Mini 3 Pro,1581F4XF3229R006,53HFK5R0M30ACD,5HAZK6H0018AUR,52XPK6ACA001NV,180.6,0.7,59,13.23575,6.487126,0,8942,DJI Mini 3 Pro,1581F4XF3229R006,53HFK5R0M30ACD,5HAZK6H0018AUR,52XPK6ACA001NV,DJI Fly,, 1.8.0,61EABE4C-BCDC-32F4-D0CC-A1B5A0612123,1581F4XF3229R006W0A6,,,,,,,,,,
6/20/2023,8:52:43.51 AM,1m 23.0s,83,43.0668681736609,-77.6229675784145,58.7,58.7,34.7,593,390,2.730533,7.726353,-1.565858,5.368656,2.23694,4.47388,-0.671082,,1.3,-6.1,-150.4,209.6,ActiveTrack,Other,,25,5,True,,Mini 3 Pro,False,False,,Smart,RC,False,True,False,,,True,,False,False,False,False,False,False,False,False,False,False,0,Follow Yaw,-51.6,0,-118.8,241.2,False,False,False,False,False,True,,True,Normal,100,100,808,1055,1205,1423,N,False,False,False,False,False,0,False,False,False,False,52,7.377,1158,2265,7.377,False,3.692,3.685,0.009,False,False,5.131,102.7,100.4,102.7,,,,,,,,,Idle,,,True,,False,8,Go Home,True,True,True,False,False,False,False,False,False,False,False,False,43.0666047727683,-77.6229698903817,96,313.7,1640.4,True,1,1,False,False,False,False,,True,False,False,,328,,16.4,Calm,41,, 1.8.0,DJI Mini 3 Pro,1581F4XF3229R006,53HFK5R0M30ACD,5HAZK6H0018AUR,52XPK6ACA001NV,180.6,0.7,59,13.23575,6.487126,0,8942,DJI Mini 3 Pro,1581F4XF3229R006,53HFK5R0M30ACD,5HAZK6H0018AUR,52XPK6ACA001NV,DJI Fly,, 1.8.0,61EABE4C-BCDC-32F4-D0CC-A1B5A0612123,1581F4XF3229R006W0A6,,,,,,,,,,
6/20/2023,8:52:43.82 AM,1m 23.2s,83.2,43.0668667659771,-77.6229648965988,59,59,34.7,593,390.9,3.042567,7.726353,-1.789552,5.368656,2.460634,4.47388,-0.447388,,2.1,-5.4,-149.3,210.7,ActiveTrack,Other,,25,5,True,,Mini 3 Pro,False,False,,Smart,RC,False,True,False,,,True,,False,False,False,False,False,False,False,False,False,False,0,Follow Yaw,-51.8,0,-117.7,242.3,False,False,False,False,False,True,,True,Normal,100,100,808,1060,1204,1422,N,False,False,False,False,False,0,False,False,False,False,52,7.377,1158,2265,7.377,False,3.692,3.685,0.009,False,False,5.131,102.7,100.4,102.7,,,,,,,,,Idle,,,True,,False,8,Go Home,True,True,True,False,False,False,False,False,False,False,False,False,43.0666047727683,-77.6229698903817,95.5,313.7,1640.4,True,1,1,False,False,False,False,,True,False,False,,328,,16.4,Calm,41,, 1.8.0,DJI Mini 3 Pro,1581F4XF3229R006,53HFK5R0M30ACD,5HAZK6H0018AUR,52XPK6ACA001NV,180.6,0.7,59,13.23575,6.487126,0,8942,DJI Mini 3 Pro,1581F4XF3229R006,53HFK5R0M30ACD,5HAZK6H0018AUR,52XPK6ACA001NV,DJI Fly,, 1.8.0,61EABE4C-BCDC-32F4-D0CC-A1B5A0612123,1581F4XF3229R006W0A6,,,,,,,,,,
6/20/2023,8:52:43.92 AM,1m 23.4s,83.4,43.0668652686671,-77.6229620913856,59,59,34.7,593,391.8,3.042567,7.726353,-1.789552,5.368656,2.460634,4.47388,-0.447388,,2.4,-4.6,-148.3,211.7,ActiveTrack,Other,,25,5,True,,Mini 3 Pro,False,False,,Smart,RC,False,True,False,,,True,,False,False,False,False,False,False,False,False,False,False,0,Follow Yaw,-51.9,0,-116.4,243.6,False,False,False,False,False,True,,True,Normal,100,100,808,1060,1205,1422,N,False,False,False,False,False,0,False,False,False,False,52,7.377,1158,2265,7.377,False,3.692,3.685,0.009,False,False,5.131,102.7,100.4,102.7,,,,,,,,,Idle,,,True,,False,8,Go Home,True,True,True,False,False,False,False,False,False,False,False,False,43.0666047727683,-77.6229698903817,95,313.7,1640.4,True,1,1,False,False,False,False,,True,False,False,,328,,16.4,Calm,41,, 1.8.0,DJI Mini 3 Pro,1581F4XF3229R006,53HFK5R0M30ACD,5HAZK6H0018AUR,52XPK6ACA001NV,180.6,0.7,59,13.23575,6.487126,0,8942,DJI Mini 3 Pro,1581F4XF3229R006,53HFK5R0M30ACD,5HAZK6H0018AUR,52XPK6ACA001NV,DJI Fly,, 1.8.0,61EABE4C-BCDC-32F4-D0CC-A1B5A0612123,1581F4XF3229R006W0A6,,,,,,,,,,
6/20/2023,8:52:44.12 AM,1m 23.6s,83.6,43.0668637443373,-77.6229591607222,59.3,59.3,34.7,593,392.8,3.22616,7.726353,-1.789552,5.368656,2.684328,4.47388,-0.447388,,2,-3.9,-147,213,ActiveTrack,Other,,25,5,True,,Mini 3 Pro,False,False,,Smart,RC,False,True,False,,,True,,False,False,False,False,False,False,False,False,False,False,0,Follow Yaw,-52,0,-115.2,244.8,False,False,False,False,False,True,,True,Normal,100,100,808,1061,1188,1410,N,False,False,False,False,False,0,False,False,False,False,52,7.377,1158,2265,7.377,False,3.692,3.685,0.009,False,False,5.131,102.7,100.4,102.7,,,,,,,,,Idle,,,True,,False,8,Go Home,True,True,True,False,False,False,False,False,False,False,False,False,43.0666047727683,-77.6229698903817,94.5,313.7,1640.4,True,1,1,False,False,False,False,,True,False,False,,328,,16.4,Calm,41,, 1.8.0,DJI Mini 3 Pro,1581F4XF3229R006,53HFK5R0M30ACD,5HAZK6H0018AUR,52XPK6ACA001NV,180.6,0.7,59,13.23575,6.487126,0,8942,DJI Mini 3 Pro,1581F4XF3229R006,53HFK5R0M30ACD,5HAZK6H0018AUR,52XPK6ACA001NV,DJI Fly,, 1.8.0,61EABE4C-BCDC-32F4-D0CC-A1B5A0612123,1581F4XF3229R006W0A6,,,,,,,,,,
6/20/2023,8:52:44.32 AM,1m 23.8s,83.8,43.0668621538031,-77.6229561759438,59.3,59.3,34.7,593,393.8,3.35541,7.726353,-2.013246,5.368656,2.684328,4.47388,-0.447388,,2.1,-3.5,-145.8,214.2,ActiveTrack,Other,,25,5,True,,Mini 3 Pro,False,False,,Smart,RC,False,True,False,,,True,,False,False,False,False,False,False,False,False,False,False,0,Follow Yaw,-52.1,0,-113.9,246.1,False,False,False,False,False,True,,True,Normal,100,100,808,1062,1185,1410,N,False,False,False,False,False,0,False,False,False,False,52,7.377,1158,2265,7.377,False,3.692,3.685,0.009,False,False,5.131,102.7,100.4,102.7,,,,,,,,,Idle,,,True,,False,8,Go Home,True,True,True,False,False,False,False,False,False,False,False,False,43.0666047727683,-77.6229698903817,93.9,313.7,1640.4,True,1,1,False,False,False,False,,True,False,False,,328,,16.4,Calm,41,, 1.8.0,DJI Mini 3 Pro,1581F4XF3229R006,53HFK5R0M30ACD,5HAZK6H0018AUR,52XPK6ACA001NV,180.6,0.7,59,13.23575,6.487126,0,8942,DJI Mini 3 Pro,1581F4XF3229R006,53HFK5R0M30ACD,5HAZK6H0018AUR,52XPK6ACA001NV,DJI Fly,, 1.8.0,61EABE4C-BCDC-32F4-D0CC-A1B5A0612123,1581F4XF3229R006W0A6,,,,,,,,,,
6/20/2023,8:52:44.53 AM,1m 24.0s,84,43.0668605207089,-77.622953187358,59.7,59.7,34.7,594,394.8,3.35541,7.726353,-2.013246,5.368656,2.684328,4.47388,-0.447388,,2.1,-3.3,-144.4,215.6,ActiveTrack,Other,,25,5,True,,Mini 3 Pro,False,False,,Smart,RC,False,True,False,,,True,,False,False,False,False,False,False,False,False,False,False,0,Follow Yaw,-52.2,0,-112.6,247.4,False,False,False,False,False,True,,True,Normal,100,100,806,1061,1171,1405,N,False,False,False,False,False,0,False,False,False,False,52,7.376,1156,2265,7.376,False,3.691,3.685,0.009,False,False,5.079,102.7,100.4,102.7,,,,,,,,,Idle,,,True,,False,8,Go Home,True,True,True,False,False,False,False,False,False,False,False,False,43.0666047727683,-77.6229698903817,93.4,313.7,1640.4,True,1,1,False,False,False,False,,True,False,False,,328,,16.4,Calm,41,, 1.8.0,DJI Mini 3 Pro,1581F4XF3229R006,53HFK5R0M30ACD,5HAZK6H0018AUR,52XPK6ACA001NV,180.6,0.7,59,13.23575,6.487126,0,8942,DJI Mini 3 Pro,1581F4XF3229R006,53HFK5R0M30ACD,5HAZK6H0018AUR,52XPK6ACA001NV,DJI Fly,, 1.8.0,61EABE4C-BCDC-32F4-D0CC-A1B5A0612123,1581F4XF3229R006W0A6,,,,,,,,,,
6/20/2023,8:52:44.73 AM,1m 24.2s,84.2,43.0668588418165,-77.6229501940025,60,60,34.7,594,395.8,3.35541,7.726353,-2.013246,5.368656,2.684328,4.47388,-0.447388,,1.9,-2.7,-143.2,216.8,ActiveTrack,Other,,25,5,True,,Mini 3 Pro,False,False,,Smart,RC,False,True,False,,,True,,False,False,False,False,False,False,False,False,False,False,0,Follow Yaw,-52.3,0,-111.3,248.7,False,False,False,False,False,True,,True,Normal,100,100,795,1060,1129,1390,N,False,False,False,False,False,0,False,False,False,False,52,7.376,1156,2265,7.376,False,3.691,3.685,0.009,False,False,5.079,102.7,100.4,102.7,,,,,,,,,Idle,,,True,,False,8,Go Home,True,True,True,False,False,False,False,False,False,False,False,False,43.0666047727683,-77.6229698903817,92.8,313.7,1640.4,True,1,1,False,False,False,False,,True,False,False,,328,,16.4,Calm,41,, 1.8.0,DJI Mini 3 Pro,1581F4XF3229R006,53HFK5R0M30ACD,5HAZK6H0018AUR,52XPK6ACA001NV,180.6,0.7,59,13.23575,6.487126,0,8942,DJI Mini 3 Pro,1581F4XF3229R006,53HFK5R0M30ACD,5HAZK6H0018AUR,52XPK6ACA001NV,DJI Fly,, 1.8.0,61EABE4C-BCDC-32F4-D0CC-A1B5A0612123,1581F4XF3229R006W0A6,,,,,,,,,,
6/20/2023,8:52:44.93 AM,1m 24.4s,84.4,43.0668570976105,-77.6229471945111,60,60,34.7,594,396.8,3.35541,7.726353,-2.013246,5.368656,2.684328,4.47388,-0.223694,,2.3,-2.6,-141.9,218.1,ActiveTrack,Other,,25,5,True,,Mini 3 Pro,False,False,,Smart,RC,False,True,False,,,True,,False,False,False,False,False,False,False,False,False,False,0,Follow Yaw,-52.3,0,-110,250,False,False,False,False,False,True,,True,Normal,100,100,754,1047,1128,1389,N,False,False,False,False,False,0,False,False,False,False,52,7.376,1156,2265,7.376,False,3.691,3.685,0.009,False,False,5.079,102.7,100.4,102.7,,,,,,,,,Idle,,,True,,False,8,Go Home,True,True,True,False,False,False,False,False,False,False,False,False,43.0666047727683,-77.6229698903817,92.2,313.7,1640.4,True,1,1,False,False,False,False,,True,False,False,,328,,16.4,Calm,41,, 1.8.0,DJI Mini 3 Pro,1581F4XF3229R006,53HFK5R0M30ACD,5HAZK6H0018AUR,52XPK6ACA001NV,180.6,0.7,59,13.23575,6.487126,0,8942,DJI Mini 3 Pro,1581F4XF3229R006,53HFK5R0M30ACD,5HAZK6H0018AUR,52XPK6ACA001NV,DJI Fly,, 1.8.0,61EABE4C-BCDC-32F4-D0CC-A1B5A0612123,1581F4XF3229R006W0A6,,,,,,,,,,
6/20/2023,8:52:45.13 AM,1m 24.6s,84.6,43.0668553277384,-77.6229441871147,60,60,34.7,594,397.8,3.35541,7.726353,-2.013246,5.368656,2.684328,4.47388,-0.223694,,1.3,-3.4,-140.5,219.5,ActiveTrack,Other,,25,5,True,,Mini 3 Pro,False,False,,Smart,RC,False,True,False,,,True,,False,False,False,False,False,False,False,False,False,False,0,Follow Yaw,-52.3,0,-108.7,251.3,False,False,False,False,False,True,,True,Normal,100,100,753,1046,1109,1389,N,False,False,False,False,False,0,False,False,False,False,52,7.376,1156,2265,7.376,False,3.691,3.685,0.009,False,False,5.079,102.7,100.4,102.7,,,,,,,,,Idle,,,True,,False,8,Go Home,True,True,True,False,False,False,False,False,False,False,False,False,43.0666047727683,-77.6229698903817,91.6,313.7,1640.4,True,1,1,False,False,False,False,,True,False,False,,328,,16.4,Calm,41,, 1.8.0,DJI Mini 3 Pro,1581F4XF3229R006,53HFK5R0M30ACD,5HAZK6H0018AUR,52XPK6ACA001NV,180.6,0.7,59,13.23575,6.487126,0,8942,DJI Mini 3 Pro,1581F4XF3229R006,53HFK5R0M30ACD,5HAZK6H0018AUR,52XPK6ACA001NV,DJI Fly,, 1.8.0,61EABE4C-BCDC-32F4-D0CC-A1B5A0612123,1581F4XF3229R006W0A6,,,,,,,,,,
6/20/2023,8:52:45.33 AM,1m 24.8s,84.8,43.0668534914733,-77.6229411856284,60.3,60.3,34.7,594,398.9,3.494211,7.726353,-2.23694,5.368656,2.684328,4.47388,-0.223694,,1.1,-5.1,-139.2,220.8,ActiveTrack,Other,,25,5,True,,Mini 3 Pro,False,False,,Smart,RC,False,True,False,,,True,,False,False,False,False,False,False,False,False,False,False,0,Follow Yaw,-52.3,0,-107.3,252.7,False,False,False,False,False,True,,True,Normal,100,100,754,1044,1103,1384,N,False,False,False,False,False,0,False,False,False,False,52,7.376,1156,2265,7.376,False,3.691,3.685,0.009,False,False,5.079,102.7,100.4,102.7,,,,,,,,,Idle,,,True,,False,8,Go Home,True,True,True,False,False,False,False,False,False,False,False,False,43.0666047727683,-77.6229698903817,91,313.7,1640.4,True,1,1,False,False,False,False,,True,False,False,,328,,16.4,Calm,41,, 1.8.0,DJI Mini 3 Pro,1581F4XF3229R006,53HFK5R0M30ACD,5HAZK6H0018AUR,52XPK6ACA001NV,180.6,0.7,59,13.23575,6.487126,0,8942,DJI Mini 3 Pro,1581F4XF3229R006,53HFK5R0M30ACD,5HAZK6H0018AUR,52XPK6ACA001NV,DJI Fly,, 1.8.0,61EABE4C-BCDC-32F4-D0CC-A1B5A0612123,1581F4XF3229R006W0A6,,,,,,,,,,
6/20/2023,8:52:45.54 AM,1m 25.0s,85,43.0668514969618,-77.6229381496284,60.3,60.3,34.7,594,400,3.641474,7.726353,-2.460634,5.368656,2.684328,4.47388,,,1.2,-5.7,-137.8,222.2,ActiveTrack,Other,,25,5,True,,Mini 3 Pro,False,False,,Smart,RC,False,True,False,,,True,,False,False,False,False,False,False,False,False,False,False,0,Follow Yaw,-52.4,0,-105.9,254.1,False,False,False,False,False,True,,True,Normal,100,100,755,1044,1089,1349,N,False,False,False,False,False,0,False,False,False,False,51,7.372,1155,2265,7.372,False,3.69,3.682,0.009,False,False,5.07,102.7,100.4,102.7,,,,,,,,,Idle,,,True,,False,8,Go Home,True,True,True,False,False,False,False,False,False,False,False,False,43.0666047727683,-77.6229698903817,90.4,313.7,1640.4,True,1,1,False,False,False,False,,True,False,False,,328,,16.4,Calm,41,, 1.8.0,DJI Mini 3 Pro,1581F4XF3229R006,53HFK5R0M30ACD,5HAZK6H0018AUR,52XPK6ACA001NV,180.6,0.7,59,13.23575,6.487126,0,8942,DJI Mini 3 Pro,1581F4XF3229R006,53HFK5R0M30ACD,5HAZK6H0018AUR,52XPK6ACA001NV,DJI Fly,, 1.8.0,61EABE4C-BCDC-32F4-D0CC-A1B5A0612123,1581F4XF3229R006W0A6,,,,,,,,,,
6/20/2023,8:52:45.74 AM,1m 25.2s,85.2,43.0668493488129,-77.6229350227373,60.3,60.3,34.7,594,401.1,3.796213,7.726353,-2.684328,5.368656,2.684328,4.47388,,,1.3,-5.7,-136.5,223.5,ActiveTrack,Other,,25,5,True,,Mini 3 Pro,False,False,,Smart,RC,False,True,False,,,True,,False,False,False,False,False,False,False,False,False,False,0,Follow Yaw,-52.4,0,-104.4,255.6,False,False,False,False,False,True,,True,Normal,100,100,755,1045,1084,1327,N,False,False,False,False,False,0,False,False,False,False,51,7.372,1155,2265,7.372,False,3.69,3.682,0.009,False,False,5.07,102.7,100.4,102.7,,,,,,,,,Idle,,,True,,False,8,Go Home,True,True,True,False,False,False,False,False,False,False,False,False,43.0666047727683,-77.6229698903817,89.7,313.7,1640.4,True,1,1,False,False,False,False,,True,False,False,,328,,16.4,Calm,41,, 1.8.0,DJI Mini 3 Pro,1581F4XF3229R006,53HFK5R0M30ACD,5HAZK6H0018AUR,52XPK6ACA001NV,180.6,0.7,59,13.23575,6.487126,0,8942,DJI Mini 3 Pro,1581F4XF3229R006,53HFK5R0M30ACD,5HAZK6H0018AUR,52XPK6ACA001NV,DJI Fly,, 1.8.0,61EABE4C-BCDC-32F4-D0CC-A1B5A0612123,1581F4XF3229R006W0A6,,,,,,,,,,
6/20/2023,8:52:45.94 AM,1m 25.4s,85.4,43.0668470188073,-77.6229318003261,60.3,60.3,34.7,594,402.3,4.112564,7.726353,-2.908022,5.368656,2.908022,4.47388,,,1.7,-5.5,-135,225,ActiveTrack,Other,,25,5,True,,Mini 3 Pro,False,False,,Smart,RC,False,True,False,,,True,,False,False,False,False,False,False,False,False,False,False,0,Follow Yaw,-52.4,0,-102.8,257.2,False,False,False,False,False,True,,True,Normal,100,100,757,1047,1078,1315,N,False,False,False,False,False,0,False,False,False,False,51,7.372,1155,2265,7.372,False,3.69,3.682,0.009,False,False,5.07,102.7,100.4,102.7,,,,,,,,,Idle,,,True,,False,8,Go Home,True,True,True,False,False,False,False,False,False,False,False,False,43.0666047727683,-77.6229698903817,88.9,313.7,1640.4,True,1,1,False,False,False,False,,True,False,False,,328,,16.4,Calm,41,, 1.8.0,DJI Mini 3 Pro,1581F4XF3229R006,53HFK5R0M30ACD,5HAZK6H0018AUR,52XPK6ACA001NV,180.6,0.7,59,13.23575,6.487126,0,8942,DJI Mini 3 Pro,1581F4XF3229R006,53HFK5R0M30ACD,5HAZK6H0018AUR,52XPK6ACA001NV,DJI Fly,, 1.8.0,61EABE4C-BCDC-32F4-D0CC-A1B5A0612123,1581F4XF3229R006W0A6,,,,,,,,,,
6/20/2023,8:52:46.14 AM,1m 25.6s,85.6,43.0668445490768,-77.6229285419031,60.3,60.3,34.7,594,403.6,4.112564,7.726353,-2.908022,5.368656,2.908022,4.47388,,,1.9,-5.3,-133.4,226.6,ActiveTrack,Other,,25,5,True,,Mini 3 Pro,False,False,,Smart,RC,False,True,False,,,True,,False,False,False,False,False,False,False,False,False,False,0,Follow Yaw,-52.4,0,-101.2,258.8,False,False,False,False,False,True,,True,Normal,100,100,756,1047,1078,1315,N,False,False,False,False,False,0,False,False,False,False,51,7.372,1155,2265,7.372,False,3.69,3.682,0.009,False,False,5.07,102.7,100.4,102.7,,,,,,,,,Idle,,,True,,False,8,Go Home,True,True,True,False,False,False,False,False,False,False,False,False,43.0666047727683,-77.6229698903817,88.1,313.7,1640.4,True,1,1,False,False,False,False,,True,False,False,,328,,16.4,Calm,41,, 1.8.0,DJI Mini 3 Pro,1581F4XF3229R006,53HFK5R0M30ACD,5HAZK6H0018AUR,52XPK6ACA001NV,180.6,0.7,59,13.23575,6.487126,0,8942,DJI Mini 3 Pro,1581F4XF3229R006,53HFK5R0M30ACD,5HAZK6H0018AUR,52XPK6ACA001NV,DJI Fly,, 1.8.0,61EABE4C-BCDC-32F4-D0CC-A1B5A0612123,1581F4XF3229R006W0A6,,,,,,,,,,
6/20/2023,8:52:46.34 AM,1m 25.8s,85.8,43.0668419759961,-77.622925233816,60.3,60.3,34.7,594,404.9,4.273667,7.726353,-3.131716,5.368656,2.908022,4.47388,,,1.9,-5.3,-131.8,228.2,ActiveTrack,Other,,25,5,True,,Mini 3 Pro,False,False,,Smart,RC,False,True,False,,,True,,False,False,False,False,False,False,False,False,False,False,0,Follow Yaw,-52.4,0,-99.6,260.4,False,False,False,False,False,True,,True,Normal,100,100,756,1048,1077,1306,N,False,False,False,False,False,0,False,False,False,False,51,7.372,1155,2265,7.372,False,3.69,3.682,0.009,False,False,5.07,102.7,100.4,102.7,,,,,,,,,Idle,,,True,,False,8,Go Home,True,True,True,False,False,False,False,False,False,False,False,False,43.0666047727683,-77.6229698903817,87.3,313.7,1640.4,True,1,1,False,False,False,False,,True,False,False,,328,,16.4,Calm,41,, 1.8.0,DJI Mini 3 Pro,1581F4XF3229R006,53HFK5R0M30ACD,5HAZK6H0018AUR,52XPK6ACA001NV,180.6,0.7,59,13.23575,6.487126,0,8942,DJI Mini 3 Pro,1581F4XF3229R006,53HFK5R0M30ACD,5HAZK6H0018AUR,52XPK6ACA001NV,DJI Fly,, 1.8.0,61EABE4C-BCDC-32F4-D0CC-A1B5A0612123,1581F4XF3229R006W0A6,,,,,,,,,,
6/20/2023,8:52:46.55 AM,1m 26.0s,86,43.0668392987085,-77.6229218680821,60.6,60.6,34.7,595,406.2,4.440199,7.726353,-3.35541,5.368656,2.908022,4.47388,,,2.5,-5.5,-130.1,229.9,ActiveTrack,Other,,25,5,True,,Mini 3 Pro,False,False,,Smart,RC,False,True,False,,,True,,False,False,False,False,False,False,False,False,False,False,0,Follow Yaw,-52.4,0,-97.9,262.1,False,False,False,False,False,True,,True,Normal,100,100,762,1049,1040,1267,N,False,False,False,False,False,0,False,False,False,False,51,7.373,1154,2265,7.373,False,3.691,3.682,0.009,False,False,5.11,102.7,100.4,102.7,,,,,,,,,Idle,,,True,,False,8,Go Home,True,True,True,False,False,False,False,False,False,False,False,False,43.0666047727683,-77.6229698903817,86.5,313.7,1640.4,True,1,1,False,False,False,False,,True,False,False,,328,,16.4,Calm,41,, 1.8.0,DJI Mini 3 Pro,1581F4XF3229R006,53HFK5R0M30ACD,5HAZK6H0018AUR,52XPK6ACA001NV,180.6,0.7,59,13.23575,6.487126,0,8942,DJI Mini 3 Pro,1581F4XF3229R006,53HFK5R0M30ACD,5HAZK6H0018AUR,52XPK6ACA001NV,DJI Fly,, 1.8.0,61EABE4C-BCDC-32F4-D0CC-A1B5A0612123,1581F4XF3229R006W0A6,,,,,,,,,,
6/20/2023,8:52:46.75 AM,1m 26.2s,86.2,43.0668364614954,-77.6229184403889,60.6,60.6,34.7,595,407.6,4.755799,7.726353,-3.579104,5.368656,3.131716,4.47388,,,2.2,-5.2,-128.4,231.6,ActiveTrack,Other,,25,5,True,,Mini 3 Pro,False,False,,Smart,RC,False,True,False,,,True,,False,False,False,False,False,False,False,False,False,False,0,Follow Yaw,-52.3,0,-96.1,263.9,False,False,False,False,False,True,,True,Normal,100,100,762,1049,1027,1246,N,False,False,False,False,False,0,False,False,False,False,51,7.373,1154,2265,7.373,False,3.691,3.682,0.009,False,False,5.11,102.7,100.4,102.7,,,,,,,,,Idle,,,True,,False,8,Go Home,True,True,True,False,False,False,False,False,False,False,False,False,43.0666047727683,-77.6229698903817,85.6,313.7,1640.4,True,1,1,False,False,False,False,,True,False,False,,328,,16.4,Calm,41,, 1.8.0,DJI Mini 3 Pro,1581F4XF3229R006,53HFK5R0M30ACD,5HAZK6H0018AUR,52XPK6ACA001NV,180.6,0.7,59,13.23575,6.487126,0,8942,DJI Mini 3 Pro,1581F4XF3229R006,53HFK5R0M30ACD,5HAZK6H0018AUR,52XPK6ACA001NV,DJI Fly,, 1.8.0,61EABE4C-BCDC-32F4-D0CC-A1B5A0612123,1581F4XF3229R006W0A6,,,,,,,,,,
6/20/2023,8:52:46.95 AM,1m 26.4s,86.4,43.0668334968422,-77.6229149556439,60.6,60.6,34.7,595,409,4.755799,7.726353,-3.579104,5.368656,3.131716,4.47388,,,1.9,-3.7,-126.6,233.4,ActiveTrack,Other,,25,5,True,,Mini 3 Pro,False,False,,Smart,RC,False,True,False,,,True,,False,False,False,False,False,False,False,False,False,False,0,Follow Yaw,-52.2,0,-94.2,265.8,False,False,False,False,False,True,,True,Normal,100,100,762,1049,1024,1220,N,False,False,False,False,False,0,False,False,False,False,51,7.373,1154,2265,7.373,False,3.691,3.682,0.009,False,False,5.11,102.7,100.4,102.7,,,,,,,,,Idle,,,True,,False,8,Go Home,True,True,True,False,False,False,False,False,False,False,False,False,43.0666047727683,-77.6229698903817,84.7,313.7,1640.4,True,1,1,False,False,False,False,,True,False,False,,328,,16.4,Calm,41,, 1.8.0,DJI Mini 3 Pro,1581F4XF3229R006,53HFK5R0M30ACD,5HAZK6H0018AUR,52XPK6ACA001NV,180.6,0.7,59,13.23575,6.487126,0,8942,DJI Mini 3 Pro,1581F4XF3229R006,53HFK5R0M30ACD,5HAZK6H0018AUR,52XPK6ACA001NV,DJI Fly,, 1.8.0,61EABE4C-BCDC-32F4-D0CC-A1B5A0612123,1581F4XF3229R006W0A6,,,,,,,,,,
6/20/2023,8:52:47.15 AM,1m 26.6s,86.6,43.0668304439849,-77.6229114701719,60.6,60.6,34.7,595,410.4,4.926349,7.726353,-3.802798,5.368656,3.131716,4.47388,,,2.1,-3.4,-124.8,235.2,ActiveTrack,Other,,25,5,True,,Mini 3 Pro,False,False,,Smart,RC,False,True,False,,,True,,False,False,False,False,False,False,False,False,False,False,0,Follow Yaw,-52.1,0,-92.4,267.6,False,False,False,False,False,True,,True,Normal,100,100,763,1052,1024,1192,N,False,False,False,False,False,0,False,False,False,False,51,7.373,1154,2265,7.373,False,3.691,3.682,0.009,False,False,5.11,102.7,100.4,102.7,,,,,,,,,Idle,,,True,,False,8,Go Home,True,True,True,False,False,False,False,False,False,False,False,False,43.0666047727683,-77.6229698903817,83.7,313.7,1640.4,True,1,1,False,False,False,False,,True,False,False,,328,,16.4,Calm,41,, 1.8.0,DJI Mini 3 Pro,1581F4XF3229R006,53HFK5R0M30ACD,5HAZK6H0018AUR,52XPK6ACA001NV,180.6,0.7,59,13.23575,6.487126,0,8942,DJI Mini 3 Pro,1581F4XF3229R006,53HFK5R0M30ACD,5HAZK6H0018AUR,52XPK6ACA001NV,DJI Fly,, 1.8.0,61EABE4C-BCDC-32F4-D0CC-A1B5A0612123,1581F4XF3229R006W0A6,,,,,,,,,,
6/20/2023,8:52:47.25 AM,1m 26.8s,86.8,43.066827330149,-77.6229080599716,60.6,60.6,34.7,595,411.9,4.78726,7.726353,-3.802798,5.368656,2.908022,4.47388,,,2.4,-4.1,-122.9,237.1,ActiveTrack,Other,,25,5,True,,Mini 3 Pro,False,False,,Smart,RC,False,True,False,,,True,,False,False,False,False,False,False,False,False,False,False,0,Follow Yaw,-52,0,-90.6,269.4,False,False,False,False,False,True,,True,Normal,100,100,764,1051,1024,1176,N,False,False,False,False,False,0,False,False,False,False,51,7.373,1154,2265,7.373,False,3.691,3.682,0.009,False,False,5.11,102.7,100.4,102.7,,,,,,,,,Idle,,,True,,False,8,Go Home,True,True,True,False,False,False,False,False,False,False,False,False,43.0666047727683,-77.6229698903817,82.8,313.7,1640.4,True,1,1,False,False,False,False,,True,False,False,,328,,16.4,Calm,41,, 1.8.0,DJI Mini 3 Pro,1581F4XF3229R006,53HFK5R0M30ACD,5HAZK6H0018AUR,52XPK6ACA001NV,180.6,0.7,59,13.23575,6.487126,0,8942,DJI Mini 3 Pro,1581F4XF3229R006,53HFK5R0M30ACD,5HAZK6H0018AUR,52XPK6ACA001NV,DJI Fly,, 1.8.0,61EABE4C-BCDC-32F4-D0CC-A1B5A0612123,1581F4XF3229R006W0A6,,,,,,,,,,
6/20/2023,8:52:47.46 AM,1m 27.0s,87,43.0668242020407,-77.62290472319,60.6,60.6,34.7,595,413.3,4.78726,7.726353,-3.802798,5.368656,2.908022,4.47388,,,2.2,-4.1,-121.3,238.7,ActiveTrack,Other,,25,5,True,,Mini 3 Pro,False,False,,Smart,RC,False,True,False,,,True,,False,False,False,False,False,False,False,False,False,False,0,Follow Yaw,-51.9,0,-88.9,271.1,False,False,False,False,False,True,,True,Normal,100,100,776,1052,1024,1173,N,False,False,False,False,False,0,False,False,False,False,51,7.368,1152,2265,7.368,False,3.691,3.682,0.009,False,False,5.107,102.9,100.4,102.9,,,,,,,,,Idle,,,True,,False,8,Go Home,True,True,True,False,False,False,False,False,False,False,False,False,43.0666047727683,-77.6229698903817,81.9,313.7,1640.4,True,1,1,False,False,False,False,,True,False,False,,328,,16.4,Calm,41,, 1.8.0,DJI Mini 3 Pro,1581F4XF3229R006,53HFK5R0M30ACD,5HAZK6H0018AUR,52XPK6ACA001NV,180.6,0.7,59,13.23575,6.487126,0,8942,DJI Mini 3 Pro,1581F4XF3229R006,53HFK5R0M30ACD,5HAZK6H0018AUR,52XPK6ACA001NV,DJI Fly,, 1.8.0,61EABE4C-BCDC-32F4-D0CC-A1B5A0612123,1581F4XF3229R006W0A6,,,,,,,,,,
6/20/2023,8:52:47.76 AM,1m 27.2s,87.2,43.0668210571072,-77.6229014413173,60.6,60.6,34.7,595,414.8,4.78726,7.726353,-3.802798,5.368656,2.908022,4.47388,,,1.8,-5,-119.5,240.5,ActiveTrack,Other,,25,5,True,,Mini 3 Pro,False,False,,Smart,RC,False,True,False,,,True,,False,False,False,False,False,False,False,False,False,False,0,Follow Yaw,-51.7,0,-87.2,272.8,False,False,False,False,False,True,,True,Normal,100,100,813,1051,1024,1151,N,False,False,False,False,False,0,False,False,False,False,51,7.373,1152,2265,7.373,False,3.69,3.683,0.009,False,False,5.107,102.9,100.4,102.9,,,,,,,,,Idle,,,True,,False,8,Go Home,True,True,True,False,False,False,False,False,False,False,False,False,43.0666047727683,-77.6229698903817,80.9,313.7,1640.4,True,1,1,False,False,False,False,,True,False,False,,328,,16.4,Calm,41,, 1.8.0,DJI Mini 3 Pro,1581F4XF3229R006,53HFK5R0M30ACD,5HAZK6H0018AUR,52XPK6ACA001NV,180.6,0.7,59,13.23575,6.487126,0,8942,DJI Mini 3 Pro,1581F4XF3229R006,53HFK5R0M30ACD,5HAZK6H0018AUR,52XPK6ACA001NV,DJI Fly,, 1.8.0,61EABE4C-BCDC-32F4-D0CC-A1B5A0612123,1581F4XF3229R006W0A6,,,,,,,,,,
6/20/2023,8:52:47.96 AM,1m 27.4s,87.4,43.0668178178358,-77.6228982410132,60.6,60.6,34.7,595,416.2,4.839241,7.726353,-4.026492,5.368656,2.684328,4.47388,,,2.4,-3.8,-117.8,242.2,ActiveTrack,Other,,25,5,True,,Mini 3 Pro,False,False,,Smart,RC,False,True,False,,,True,,False,False,False,False,False,False,False,False,False,False,0,Follow Yaw,-51.6,0,-85.5,274.5,False,False,False,False,False,True,,True,Normal,100,100,820,1051,1024,1145,N,False,False,False,False,False,0,False,False,False,False,51,7.373,1152,2265,7.373,False,3.69,3.683,0.009,False,False,5.107,102.9,100.4,102.9,,,,,,,,,Idle,,,True,,False,8,Go Home,True,True,True,False,False,False,False,False,False,False,False,False,43.0666047727683,-77.6229698903817,80,313.7,1640.4,True,1,1,False,False,False,False,,True,False,False,,328,,16.4,Calm,41,, 1.8.0,DJI Mini 3 Pro,1581F4XF3229R006,53HFK5R0M30ACD,5HAZK6H0018AUR,52XPK6ACA001NV,180.6,0.7,59,13.23575,6.487126,0,8942,DJI Mini 3 Pro,1581F4XF3229R006,53HFK5R0M30ACD,5HAZK6H0018AUR,52XPK6ACA001NV,DJI Fly,, 1.8.0,61EABE4C-BCDC-32F4-D0CC-A1B5A0612123,1581F4XF3229R006W0A6,,,,,,,,,,
6/20/2023,8:52:48.06 AM,1m 27.6s,87.6,43.0668145149642,-77.6228951711064,60.6,60.6,34.7,595,417.7,4.839241,7.726353,-4.026492,5.368656,2.684328,4.47388,,,3.3,-2.4,-116,244,ActiveTrack,Other,,25,5,True,,Mini 3 Pro,False,False,,Smart,RC,False,True,False,,,True,,False,False,False,False,False,False,False,False,False,False,0,Follow Yaw,-51.4,0,-83.8,276.2,False,False,False,False,False,True,,True,Normal,100,100,820,1051,1024,1150,N,False,False,False,False,False,0,False,False,False,False,51,7.373,1152,2265,7.373,False,3.69,3.683,0.009,False,False,5.107,102.9,100.4,102.9,,,,,,,,,Idle,,,True,,False,8,Go Home,True,True,True,False,False,False,False,False,False,False,False,False,43.0666047727683,-77.6229698903817,79,313.7,1640.4,True,1,1,False,False,False,False,,True,False,False,,328,,16.4,Calm,41,, 1.8.0,DJI Mini 3 Pro,1581F4XF3229R006,53HFK5R0M30ACD,5HAZK6H0018AUR,52XPK6ACA001NV,180.6,0.7,59,13.23575,6.487126,0,8942,DJI Mini 3 Pro,1581F4XF3229R006,53HFK5R0M30ACD,5HAZK6H0018AUR,52XPK6ACA001NV,DJI Fly,, 1.8.0,61EABE4C-BCDC-32F4-D0CC-A1B5A0612123,1581F4XF3229R006W0A6,,,,,,,,,,
6/20/2023,8:52:48.26 AM,1m 27.8s,87.8,43.066811247902,-77.6228922002347,60.6,60.6,34.7,595,419.1,4.529458,7.726353,-3.802798,5.368656,2.460634,4.47388,,,3.5,-1.8,-114.4,245.6,ActiveTrack,Other,,25,5,True,,Mini 3 Pro,False,False,,Smart,RC,False,True,False,,,True,,False,False,False,False,False,False,False,False,False,False,0,Follow Yaw,-51.3,0,-82.1,277.9,False,False,False,False,False,True,,True,Normal,100,100,802,1054,1024,1149,N,False,False,False,False,False,0,False,False,False,False,51,7.373,1152,2265,7.373,False,3.69,3.683,0.009,False,False,5.107,102.9,100.4,102.9,,,,,,,,,Idle,,,True,,False,8,Go Home,True,True,True,False,False,False,False,False,False,False,False,False,43.0666047727683,-77.6229698903817,78.1,313.7,1640.4,True,1,1,False,False,False,False,,True,False,False,,328,,16.4,Calm,41,, 1.8.0,DJI Mini 3 Pro,1581F4XF3229R006,53HFK5R0M30ACD,5HAZK6H0018AUR,52XPK6ACA001NV,180.6,0.7,59,13.23575,6.487126,0,8942,DJI Mini 3 Pro,1581F4XF3229R006,53HFK5R0M30ACD,5HAZK6H0018AUR,52XPK6ACA001NV,DJI Fly,, 1.8.0,61EABE4C-BCDC-32F4-D0CC-A1B5A0612123,1581F4XF3229R006W0A6,,,,,,,,,,
6/20/2023,8:52:48.57 AM,1m 28.0s,88,43.0668080210011,-77.6228893601297,60.6,60.6,34.7,595,420.5,4.529458,7.726353,-3.802798,5.368656,2.460634,4.47388,,,3.6,-1.4,-112.6,247.4,ActiveTrack,Other,,25,5,True,,Mini 3 Pro,False,False,,Smart,RC,False,True,False,,,True,,False,False,False,False,False,False,False,False,False,False,0,Follow Yaw,-51.1,0,-80.5,279.5,False,False,False,False,False,True,,True,Normal,100,100,800,1050,1024,1150,N,False,False,False,False,False,0,False,False,False,False,51,7.372,1151,2265,7.372,False,3.69,3.683,0.009,False,False,4.89,102.9,100.4,102.9,,,,,,,,,Idle,,,True,,False,8,Go Home,True,True,True,False,False,False,False,False,False,False,False,False,43.0666047727683,-77.6229698903817,77.1,313.7,1640.4,True,1,1,False,False,False,False,,True,False,False,,328,,16.4,Calm,41,, 1.8.0,DJI Mini 3 Pro,1581F4XF3229R006,53HFK5R0M30ACD,5HAZK6H0018AUR,52XPK6ACA001NV,180.6,0.7,59,13.23575,6.487126,0,8942,DJI Mini 3 Pro,1581F4XF3229R006,53HFK5R0M30ACD,5HAZK6H0018AUR,52XPK6ACA001NV,DJI Fly,, 1.8.0,61EABE4C-BCDC-32F4-D0CC-A1B5A0612123,1581F4XF3229R006W0A6,,,,,,,,,,
6/20/2023,8:52:48.67 AM,1m 28.2s,88.2,43.0668048649478,-77.6228866257615,60.6,60.6,34.7,595,421.9,4.529458,7.726353,-3.802798,5.368656,2.460634,4.47388,,,2.9,-2.1,-111,249,ActiveTrack,Other,,25,5,True,,Mini 3 Pro,False,False,,Smart,RC,False,True,False,,,True,,False,False,False,False,False,False,False,False,False,False,0,Follow Yaw,-50.9,0,-78.9,281.1,False,False,False,False,False,True,,True,Normal,100,100,798,1047,1024,1150,N,False,False,False,False,False,0,False,False,False,False,51,7.369,1151,2265,7.369,False,3.689,3.68,0.009,False,False,4.89,102.9,100.4,102.9,,,,,,,,,Idle,,,True,,False,8,Go Home,True,True,True,False,False,False,False,False,False,False,False,False,43.0666047727683,-77.6229698903817,76.2,313.7,1640.4,True,1,1,False,False,False,False,,True,False,False,,328,,16.4,Calm,41,, 1.8.0,DJI Mini 3 Pro,1581F4XF3229R006,53HFK5R0M30ACD,5HAZK6H0018AUR,52XPK6ACA001NV,180.6,0.7,59,13.23575,6.487126,0,8942,DJI Mini 3 Pro,1581F4XF3229R006,53HFK5R0M30ACD,5HAZK6H0018AUR,52XPK6ACA001NV,DJI Fly,, 1.8.0,61EABE4C-BCDC-32F4-D0CC-A1B5A0612123,1581F4XF3229R006W0A6,,,,,,,,,,
6/20/2023,8:52:48.87 AM,1m 28.4s,88.4,43.0668017417397,-77.6228840033918,60.6,60.6,34.7,595,423.2,4.411935,7.726353,-3.802798,5.368656,2.23694,4.47388,,,2.6,-2.3,-109.5,250.5,ActiveTrack,Other,,25,5,True,,Mini 3 Pro,False,False,,Smart,RC,False,True,False,,,True,,False,False,False,False,False,False,False,False,False,False,0,Follow Yaw,-50.7,0,-77.4,282.6,False,False,False,False,False,True,,True,Normal,100,100,795,1047,1024,1150,N,False,False,False,False,False,0,False,False,False,False,51,7.369,1151,2265,7.369,False,3.689,3.68,0.009,False,False,4.89,102.9,100.4,102.9,,,,,,,,,Idle,,,True,,False,8,Go Home,True,True,True,False,False,False,False,False,False,False,False,False,43.0666047727683,-77.6229698903817,75.4,313.7,1640.4,True,1,1,False,False,False,False,,True,False,False,,328,,16.4,Calm,41,, 1.8.0,DJI Mini 3 Pro,1581F4XF3229R006,53HFK5R0M30ACD,5HAZK6H0018AUR,52XPK6ACA001NV,180.6,0.7,59,13.23575,6.487126,0,8942,DJI Mini 3 Pro,1581F4XF3229R006,53HFK5R0M30ACD,5HAZK6H0018AUR,52XPK6ACA001NV,DJI Fly,, 1.8.0,61EABE4C-BCDC-32F4-D0CC-A1B5A0612123,1581F4XF3229R006W0A6,,,,,,,,,,
6/20/2023,8:52:49.07 AM,1m 28.6s,88.6,43.0667986366591,-77.6228814845661,60.6,60.6,34.7,595,424.5,4.220649,7.726353,-3.579104,5.368656,2.23694,4.47388,,,2.7,-2.4,-107.9,252.1,ActiveTrack,Other,,25,5,True,,Mini 3 Pro,False,False,,Smart,RC,False,True,False,,,True,,False,False,False,False,False,False,False,False,False,False,0,Follow Yaw,-50.5,0,-75.9,284.1,False,False,False,False,False,True,,True,Normal,100,100,787,1046,1024,1150,N,False,False,False,False,False,0,False,False,False,False,51,7.369,1151,2265,7.369,False,3.689,3.68,0.009,False,False,4.89,102.9,100.4,102.9,,,,,,,,,Idle,,,True,,False,8,Go Home,True,True,True,False,False,False,False,False,False,False,False,False,43.0666047727683,-77.6229698903817,74.5,313.7,1640.4,True,1,1,False,False,False,False,,True,False,False,,328,,16.4,Calm,41,, 1.8.0,DJI Mini 3 Pro,1581F4XF3229R006,53HFK5R0M30ACD,5HAZK6H0018AUR,52XPK6ACA001NV,180.6,0.7,59,13.23575,6.487126,0,8942,DJI Mini 3 Pro,1581F4XF3229R006,53HFK5R0M30ACD,5HAZK6H0018AUR,52XPK6ACA001NV,DJI Fly,, 1.8.0,61EABE4C-BCDC-32F4-D0CC-A1B5A0612123,1581F4XF3229R006W0A6,,,,,,,,,,
6/20/2023,8:52:49.28 AM,1m 28.8s,88.8,43.0667955203045,-77.6228791049735,60.6,60.6,34.7,595,425.8,4.30284,7.726353,-3.802798,5.368656,2.013246,4.47388,,,2.4,-2.5,-106.5,253.5,ActiveTrack,Other,,25,5,True,,Mini 3 Pro,False,False,,Smart,RC,False,True,False,,,True,,False,False,False,False,False,False,False,False,False,False,0,Follow Yaw,-50.3,0,-74.4,285.6,False,False,False,False,False,True,,True,Normal,100,100,777,1047,1024,1150,N,False,False,False,False,False,0,False,False,False,False,51,7.369,1151,2265,7.369,False,3.689,3.68,0.009,False,False,4.89,102.9,100.4,102.9,,,,,,,,,Idle,,,True,,False,8,Go Home,True,True,True,False,False,False,False,False,False,False,False,False,43.0666047727683,-77.6229698903817,73.6,313.7,1640.4,True,1,1,False,False,False,False,,True,False,False,,328,,16.4,Calm,41,, 1.8.0,DJI Mini 3 Pro,1581F4XF3229R006,53HFK5R0M30ACD,5HAZK6H0018AUR,52XPK6ACA001NV,180.6,0.7,59,13.23575,6.487126,0,8942,DJI Mini 3 Pro,1581F4XF3229R006,53HFK5R0M30ACD,5HAZK6H0018AUR,52XPK6ACA001NV,DJI Fly,, 1.8.0,61EABE4C-BCDC-32F4-D0CC-A1B5A0612123,1581F4XF3229R006W0A6,,,,,,,,,,
6/20/2023,8:52:49.48 AM,1m 29.0s,89,43.0667924016026,-77.6228768669711,60.6,60.6,34.7,595,427.1,4.202828,7.726353,-3.802798,5.368656,1.789552,4.47388,,,2.5,-3.2,-104.9,255.1,ActiveTrack,Other,,25,5,True,,Mini 3 Pro,False,False,,Smart,RC,False,True,False,,,True,,False,False,False,False,False,False,False,False,False,False,0,Follow Yaw,-50.1,0,-73,287,False,False,False,False,False,True,,True,Normal,100,100,770,1046,1024,1149,N,False,False,False,False,False,0,False,False,False,False,51,7.369,1151,2265,7.369,False,3.689,3.68,0.009,False,False,4.89,102.9,100.4,102.9,,,,,,,,,Idle,,,True,,False,8,Go Home,True,True,True,False,False,False,False,False,False,False,False,False,43.0666047727683,-77.6229698903817,72.8,313.7,1640.4,True,1,1,False,False,False,False,,True,False,False,,328,,16.4,Calm,41,, 1.8.0,DJI Mini 3 Pro,1581F4XF3229R006,53HFK5R0M30ACD,5HAZK6H0018AUR,52XPK6ACA001NV,180.6,0.7,59,13.23575,6.487126,0,8942,DJI Mini 3 Pro,1581F4XF3229R006,53HFK5R0M30ACD,5HAZK6H0018AUR,52XPK6ACA001NV,DJI Fly,, 1.8.0,61EABE4C-BCDC-32F4-D0CC-A1B5A0612123,1581F4XF3229R006W0A6,,,,,,,,,,
6/20/2023,8:52:49.68 AM,1m 29.2s,89.2,43.0667892441101,-77.6228747493048,60.6,60.6,34.7,595,428.4,4.202828,7.726353,-3.802798,5.368656,1.789552,4.47388,,,2.2,-3.5,-103.6,256.4,ActiveTrack,Other,,25,5,True,,Mini 3 Pro,False,False,,Smart,RC,False,True,False,,,True,,False,False,False,False,False,False,False,False,False,False,0,Follow Yaw,-49.9,0,-71.5,288.5,False,False,False,False,False,True,,True,Normal,100,100,770,1044,1024,1150,N,False,False,False,False,False,0,False,False,False,False,51,7.369,1149,2265,7.369,False,3.689,3.68,0.009,False,False,5.02,102.9,100.4,102.9,,,,,,,,,Idle,,,True,,False,8,Go Home,True,True,True,False,False,False,False,False,False,False,False,False,43.0666047727683,-77.6229698903817,71.9,313.7,1640.4,True,1,1,False,False,False,False,,True,False,False,,328,,16.4,Calm,41,, 1.8.0,DJI Mini 3 Pro,1581F4XF3229R006,53HFK5R0M30ACD,5HAZK6H0018AUR,52XPK6ACA001NV,180.6,0.7,59,13.23575,6.487126,0,8942,DJI Mini 3 Pro,1581F4XF3229R006,53HFK5R0M30ACD,5HAZK6H0018AUR,52XPK6ACA001NV,DJI Fly,, 1.8.0,61EABE4C-BCDC-32F4-D0CC-A1B5A0612123,1581F4XF3229R006W0A6,,,,,,,,,,
6/20/2023,8:52:49.88 AM,1m 29.4s,89.4,43.0667860148276,-77.6228727427165,60.6,60.6,34.7,595,429.7,4.202828,7.726353,-3.802798,5.368656,1.789552,4.47388,,,2,-3.6,-102.1,257.9,ActiveTrack,Other,,25,5,True,,Mini 3 Pro,False,False,,Smart,RC,False,True,False,,,True,,False,False,False,False,False,False,False,False,False,False,0,Follow Yaw,-49.7,0,-70,290,False,False,False,False,False,True,,True,Normal,100,100,770,1042,1024,1149,N,False,False,False,False,False,0,False,False,False,False,51,7.369,1149,2265,7.369,False,3.689,3.68,0.009,False,False,5.02,102.9,100.4,102.9,,,,,,,,,Idle,,,True,,False,8,Go Home,True,True,True,False,False,False,False,False,False,False,False,False,43.0666047727683,-77.6229698903817,71,313.7,1640.4,True,1,1,False,False,False,False,,True,False,False,,328,,16.4,Calm,41,, 1.8.0,DJI Mini 3 Pro,1581F4XF3229R006,53HFK5R0M30ACD,5HAZK6H0018AUR,52XPK6ACA001NV,180.6,0.7,59,13.23575,6.487126,0,8942,DJI Mini 3 Pro,1581F4XF3229R006,53HFK5R0M30ACD,5HAZK6H0018AUR,52XPK6ACA001NV,DJI Fly,, 1.8.0,61EABE4C-BCDC-32F4-D0CC-A1B5A0612123,1581F4XF3229R006W0A6,,,,,,,,,,
6/20/2023,8:52:50.18 AM,1m 29.6s,89.6,43.0667826766779,-77.6228708734265,60.6,60.6,34.7,595,431,4.320248,7.726353,-4.026492,5.368656,1.565858,4.47388,,,2.2,-3.6,-100.6,259.4,ActiveTrack,Other,,25,5,True,,Mini 3 Pro,False,False,,Smart,RC,False,True,False,,,True,,False,False,False,False,False,False,False,False,False,False,0,Follow Yaw,-49.5,0,-68.5,291.5,False,False,False,False,False,True,,True,Normal,100,100,753,1024,1024,1154,N,False,False,False,False,False,0,False,False,False,False,51,7.369,1149,2265,7.369,False,3.689,3.68,0.009,False,False,5.02,102.9,100.4,102.9,,,,,,,,,Idle,,,True,,False,8,Go Home,True,True,True,False,False,False,False,False,False,False,False,False,43.0666047727683,-77.6229698903817,70,313.7,1640.4,True,1,1,False,False,False,False,,True,False,False,,328,,16.4,Calm,41,, 1.8.0,DJI Mini 3 Pro,1581F4XF3229R006,53HFK5R0M30ACD,5HAZK6H0018AUR,52XPK6ACA001NV,180.6,0.7,59,13.23575,6.487126,0,8942,DJI Mini 3 Pro,1581F4XF3229R006,53HFK5R0M30ACD,5HAZK6H0018AUR,52XPK6ACA001NV,DJI Fly,, 1.8.0,61EABE4C-BCDC-32F4-D0CC-A1B5A0612123,1581F4XF3229R006W0A6,,,,,,,,,,
6/20/2023,8:52:50.28 AM,1m 29.8s,89.8,43.0667792499985,-77.6228691375827,60.6,60.6,34.7,595,432.4,4.244295,7.726353,-4.026492,5.368656,1.342164,4.47388,,,2.1,-3.9,-99.1,260.9,ActiveTrack,Other,,25,5,True,,Mini 3 Pro,False,False,,Smart,RC,False,True,False,,,True,,False,False,False,False,False,False,False,False,False,False,0,Follow Yaw,-49.4,0,-67,293,False,False,False,False,False,True,,True,Normal,100,100,753,1024,1024,1160,N,False,False,False,False,False,0,False,False,False,False,51,7.369,1149,2265,7.369,False,3.689,3.68,0.009,False,False,5.02,102.9,100.4,102.9,,,,,,,,,Idle,,,True,,False,8,Go Home,True,True,True,False,False,False,False,False,False,False,False,False,43.0666047727683,-77.6229698903817,69,313.7,1640.4,True,1,1,False,False,False,False,,True,False,False,,328,,16.4,Calm,41,, 1.8.0,DJI Mini 3 Pro,1581F4XF3229R006,53HFK5R0M30ACD,5HAZK6H0018AUR,52XPK6ACA001NV,180.6,0.7,59,13.23575,6.487126,0,8942,DJI Mini 3 Pro,1581F4XF3229R006,53HFK5R0M30ACD,5HAZK6H0018AUR,52XPK6ACA001NV,DJI Fly,, 1.8.0,61EABE4C-BCDC-32F4-D0CC-A1B5A0612123,1581F4XF3229R006W0A6,,,,,,,,,,
6/20/2023,8:52:50.49 AM,1m 30.0s,90,43.0667757476056,-77.6228675154378,60.6,60.6,34.7,595,433.7,4.457071,7.726353,-4.250186,5.368656,1.342164,4.47388,,,1.8,-4.2,-97.6,262.4,ActiveTrack,Other,,25,5,True,,Mini 3 Pro,False,False,,Smart,RC,False,True,False,,,True,,False,False,False,False,False,False,False,False,False,False,0,Follow Yaw,-49.2,0,-65.5,294.5,False,False,False,False,False,True,,True,Normal,100,100,754,1025,1024,1162,N,False,False,False,False,False,0,False,False,False,False,51,7.369,1149,2265,7.369,False,3.689,3.68,0.009,False,False,5.02,102.9,100.4,102.9,,,,,,,,,Idle,,,True,,False,8,Go Home,True,True,True,False,False,False,False,False,False,False,False,False,43.0666047727683,-77.6229698903817,68,313.7,1640.4,True,1,1,False,False,False,False,,True,False,False,,328,,16.4,Calm,41,, 1.8.0,DJI Mini 3 Pro,1581F4XF3229R006,53HFK5R0M30ACD,5HAZK6H0018AUR,52XPK6ACA001NV,180.6,0.7,59,13.23575,6.487126,0,8942,DJI Mini 3 Pro,1581F4XF3229R006,53HFK5R0M30ACD,5HAZK6H0018AUR,52XPK6ACA001NV,DJI Fly,, 1.8.0,61EABE4C-BCDC-32F4-D0CC-A1B5A0612123,1581F4XF3229R006W0A6,,,,,,,,,,
6/20/2023,8:52:50.69 AM,1m 30.2s,90.2,43.0667721468312,-77.6228660187417,60.6,60.6,34.7,595,435.1,4.611569,7.726353,-4.47388,5.368656,1.11847,4.47388,,,1.7,-4.7,-96.1,263.9,ActiveTrack,Other,,25,5,True,,Mini 3 Pro,False,False,,Smart,RC,False,True,False,,,True,,False,False,False,False,False,False,False,False,False,False,0,Follow Yaw,-49,0,-64,296,False,False,False,False,False,True,,True,Normal,100,100,736,1026,1024,1167,N,False,False,False,False,False,0,False,False,False,False,51,7.366,1147,2265,7.366,False,3.688,3.678,0.01,False,False,5.123,102.9,100.4,102.9,,,,,,,,,Idle,,,True,,False,8,Go Home,True,True,True,False,False,False,False,False,False,False,False,False,43.0666047727683,-77.6229698903817,67,313.7,1640.4,True,1,1,False,False,False,False,,True,False,False,,328,,16.4,Calm,41,, 1.8.0,DJI Mini 3 Pro,1581F4XF3229R006,53HFK5R0M30ACD,5HAZK6H0018AUR,52XPK6ACA001NV,180.6,0.7,59,13.23575,6.487126,0,8942,DJI Mini 3 Pro,1581F4XF3229R006,53HFK5R0M30ACD,5HAZK6H0018AUR,52XPK6ACA001NV,DJI Fly,, 1.8.0,61EABE4C-BCDC-32F4-D0CC-A1B5A0612123,1581F4XF3229R006W0A6,,,,,,,,,,
6/20/2023,8:52:50.89 AM,1m 30.4s,90.4,43.0667684174687,-77.6228646553276,60.6,60.6,34.7,595,436.5,4.611569,7.726353,-4.47388,5.368656,1.11847,4.47388,,,1.8,-4.6,-94.5,265.5,ActiveTrack,Other,,25,5,True,,Mini 3 Pro,False,False,,Smart,RC,False,True,False,,,True,,False,False,False,False,False,False,False,False,False,False,0,Follow Yaw,-48.9,0,-62.4,297.6,False,False,False,False,False,True,,True,Normal,100,100,724,1024,1024,1189,N,False,False,False,False,False,0,False,False,False,False,51,7.366,1147,2265,7.366,False,3.688,3.678,0.01,False,False,5.123,102.9,100.4,102.9,,,,,,,,,Idle,,,True,,False,8,Go Home,True,True,True,False,False,False,False,False,False,False,False,False,43.0666047727683,-77.6229698903817,65.9,313.7,1640.4,True,1,1,False,False,False,False,,True,False,False,,328,,16.4,Calm,41,, 1.8.0,DJI Mini 3 Pro,1581F4XF3229R006,53HFK5R0M30ACD,5HAZK6H0018AUR,52XPK6ACA001NV,180.6,0.7,59,13.23575,6.487126,0,8942,DJI Mini 3 Pro,1581F4XF3229R006,53HFK5R0M30ACD,5HAZK6H0018AUR,52XPK6ACA001NV,DJI Fly,, 1.8.0,61EABE4C-BCDC-32F4-D0CC-A1B5A0612123,1581F4XF3229R006W0A6,,,,,,,,,,
6/20/2023,8:52:51.09 AM,1m 30.6s,90.6,43.0667645556289,-77.6228634456698,60.6,60.6,34.7,595,437.9,4.782031,7.726353,-4.697574,5.368656,0.894776,4.47388,,,1.6,-5.1,-92.9,267.1,ActiveTrack,Other,,25,5,True,,Mini 3 Pro,False,False,,Smart,RC,False,True,False,,,True,,False,False,False,False,False,False,False,False,False,False,0,Follow Yaw,-48.7,0,-60.8,299.2,False,False,False,False,False,True,,True,Normal,100,100,707,1024,1024,1190,N,False,False,False,False,False,0,False,False,False,False,51,7.366,1147,2265,7.366,False,3.688,3.678,0.01,False,False,5.123,102.9,100.4,102.9,,,,,,,,,Idle,,,True,,False,8,Go Home,True,True,True,False,False,False,False,False,False,False,False,False,43.0666047727683,-77.6229698903817,64.8,313.7,1640.4,True,1,1,False,False,False,False,,True,False,False,,328,,16.4,Calm,41,, 1.8.0,DJI Mini 3 Pro,1581F4XF3229R006,53HFK5R0M30ACD,5HAZK6H0018AUR,52XPK6ACA001NV,180.6,0.7,59,13.23575,6.487126,0,8942,DJI Mini 3 Pro,1581F4XF3229R006,53HFK5R0M30ACD,5HAZK6H0018AUR,52XPK6ACA001NV,DJI Fly,, 1.8.0,61EABE4C-BCDC-32F4-D0CC-A1B5A0612123,1581F4XF3229R006W0A6,,,,,,,,,,
6/20/2023,8:52:51.30 AM,1m 30.8s,90.8,43.0667605124293,-77.6228624023154,60.6,60.6,34.7,595,439.4,5.001949,7.726353,-4.921268,5.368656,0.894776,4.47388,,,0.8,-5.5,-91.3,268.7,ActiveTrack,Other,,25,5,True,,Mini 3 Pro,False,False,,Smart,RC,False,True,False,,,True,,False,False,False,False,False,False,False,False,False,False,0,Follow Yaw,-48.6,0,-59.1,300.9,False,False,False,False,False,True,,True,Normal,100,100,698,1024,1024,1189,N,False,False,False,False,False,0,False,False,False,False,51,7.366,1147,2265,7.366,False,3.688,3.678,0.01,False,False,5.123,102.9,100.4,102.9,,,,,,,,,Idle,,,True,,False,8,Go Home,True,True,True,False,False,False,False,False,False,False,False,False,43.0666047727683,-77.6229698903817,63.6,313.7,1640.4,True,1,1,False,False,False,False,,True,False,False,,328,,16.4,Calm,41,, 1.8.0,DJI Mini 3 Pro,1581F4XF3229R006,53HFK5R0M30ACD,5HAZK6H0018AUR,52XPK6ACA001NV,180.6,0.7,59,13.23575,6.487126,0,8942,DJI Mini 3 Pro,1581F4XF3229R006,53HFK5R0M30ACD,5HAZK6H0018AUR,52XPK6ACA001NV,DJI Fly,, 1.8.0,61EABE4C-BCDC-32F4-D0CC-A1B5A0612123,1581F4XF3229R006W0A6,,,,,,,,,,
6/20/2023,8:52:51.50 AM,1m 31.0s,91,43.0667562615013,-77.6228615449414,60.6,60.6,34.7,595,441,5.188543,7.726353,-5.144962,5.368656,0.671082,4.47388,,,0.5,-6.2,-89.6,270.4,ActiveTrack,Other,,25,5,True,,Mini 3 Pro,False,False,,Smart,RC,False,True,False,,,True,,False,False,False,False,False,False,False,False,False,False,0,Follow Yaw,-48.4,0,-57.3,302.7,False,False,False,False,False,True,,True,Normal,100,100,697,1024,1024,1186,N,False,False,False,False,False,0,False,False,False,False,51,7.366,1147,2265,7.366,False,3.688,3.678,0.01,False,False,5.123,102.9,100.4,102.9,,,,,,,,,Idle,,,True,,False,8,Go Home,True,True,True,False,False,False,False,False,False,False,False,False,43.0666047727683,-77.6229698903817,62.3,313.7,1640.4,True,1,1,False,False,False,False,,True,False,False,,328,,16.4,Calm,41,, 1.8.0,DJI Mini 3 Pro,1581F4XF3229R006,53HFK5R0M30ACD,5HAZK6H0018AUR,52XPK6ACA001NV,180.6,0.7,59,13.23575,6.487126,0,8942,DJI Mini 3 Pro,1581F4XF3229R006,53HFK5R0M30ACD,5HAZK6H0018AUR,52XPK6ACA001NV,DJI Fly,, 1.8.0,61EABE4C-BCDC-32F4-D0CC-A1B5A0612123,1581F4XF3229R006W0A6,,,,,,,,,,
6/20/2023,8:52:51.70 AM,1m 31.2s,91.2,43.0667517773157,-77.6228608985835,60.6,60.6,34.7,595,442.6,5.610216,7.726353,-5.59235,5.368656,0.447388,4.47388,,,0.4,-6.5,-87.9,272.1,ActiveTrack,Other,,25,5,True,,Mini 3 Pro,False,False,,Smart,RC,False,True,False,,,True,,False,False,False,False,False,False,False,False,False,False,0,Follow Yaw,-48.3,0,-55.5,304.5,False,False,False,False,False,True,,True,Normal,100,100,689,1024,1024,1186,N,False,False,False,False,False,0,False,False,False,False,51,7.364,1145,2265,7.364,False,3.686,3.678,0.01,False,False,5.188,102.9,100.4,102.9,,,,,,,,,Idle,,,True,,False,8,Go Home,True,True,True,False,False,False,False,False,False,False,False,False,43.0666047727683,-77.6229698903817,60.9,313.7,1640.4,True,1,1,False,False,False,False,,True,False,False,,328,,16.4,Calm,41,, 1.8.0,DJI Mini 3 Pro,1581F4XF3229R006,53HFK5R0M30ACD,5HAZK6H0018AUR,52XPK6ACA001NV,180.6,0.7,59,13.23575,6.487126,0,8942,DJI Mini 3 Pro,1581F4XF3229R006,53HFK5R0M30ACD,5HAZK6H0018AUR,52XPK6ACA001NV,DJI Fly,, 1.8.0,61EABE4C-BCDC-32F4-D0CC-A1B5A0612123,1581F4XF3229R006W0A6,,,,,,,,,,
6/20/2023,8:52:51.90 AM,1m 31.4s,91.4,43.0667470423963,-77.622860497389,60.6,60.6,34.7,595,444.4,5.820344,7.726353,-5.816044,5.368656,0.223694,4.47388,,,0.1,-6.3,-86,274,ActiveTrack,Other,,25,5,True,,Mini 3 Pro,False,False,,Smart,RC,False,True,False,,,True,,False,False,False,False,False,False,False,False,False,False,0,Follow Yaw,-48.1,0.1,-53.5,306.5,False,False,False,False,False,True,,True,Normal,100,100,688,844,1024,1193,N,False,False,False,False,False,0,False,False,False,False,51,7.364,1145,2265,7.364,False,3.686,3.678,0.01,False,False,5.188,102.9,100.4,102.9,,,,,,,,,Idle,,,True,,False,8,Go Home,True,True,True,False,False,False,False,False,False,False,False,False,43.0666047727683,-77.6229698903817,59.5,313.7,1640.4,True,1,1,False,False,False,False,,True,False,False,,328,,16.4,Calm,41,, 1.8.0,DJI Mini 3 Pro,1581F4XF3229R006,53HFK5R0M30ACD,5HAZK6H0018AUR,52XPK6ACA001NV,180.6,0.7,59,13.23575,6.487126,0,8942,DJI Mini 3 Pro,1581F4XF3229R006,53HFK5R0M30ACD,5HAZK6H0018AUR,52XPK6ACA001NV,DJI Fly,, 1.8.0,61EABE4C-BCDC-32F4-D0CC-A1B5A0612123,1581F4XF3229R006W0A6,,,,,,,,,,
6/20/2023,8:52:52.10 AM,1m 31.6s,91.6,43.0667420748446,-77.6228603487806,60.6,60.6,34.7,595,446.2,6.039738,7.726353,-6.039738,5.368656,,4.47388,,,0.8,-6.3,-84.1,275.9,ActiveTrack,Other,,25,5,True,,Mini 3 Pro,False,False,,Smart,RC,False,True,False,,,True,,False,False,False,False,False,False,False,False,False,False,0,Follow Yaw,-48,0.1,-51.5,308.5,False,False,False,False,False,True,,True,Normal,100,100,689,721,1024,1192,N,False,False,False,False,False,0,False,False,False,False,51,7.364,1145,2265,7.364,False,3.686,3.678,0.01,False,False,5.188,102.9,100.4,102.9,,,,,,,,,Idle,,,True,,False,8,Go Home,True,True,True,False,False,False,False,False,False,False,False,False,43.0666047727683,-77.6229698903817,57.9,313.7,1640.4,True,1,1,False,False,False,False,,True,False,False,,328,,16.4,Calm,41,, 1.8.0,DJI Mini 3 Pro,1581F4XF3229R006,53HFK5R0M30ACD,5HAZK6H0018AUR,52XPK6ACA001NV,180.6,0.7,59,13.23575,6.487126,0,8942,DJI Mini 3 Pro,1581F4XF3229R006,53HFK5R0M30ACD,5HAZK6H0018AUR,52XPK6ACA001NV,DJI Fly,, 1.8.0,61EABE4C-BCDC-32F4-D0CC-A1B5A0612123,1581F4XF3229R006W0A6,,,,,,,,,,
6/20/2023,8:52:52.31 AM,1m 31.8s,91.8,43.0667369131002,-77.6228604073304,60.6,60.6,34.7,595,448.1,6.263432,7.726353,-6.263432,5.368656,,4.47388,,,4,-6.2,-82.2,277.8,ActiveTrack,Other,,25,5,True,,Mini 3 Pro,False,False,,Smart,RC,False,True,False,,,True,,False,False,False,False,False,False,False,False,False,False,0,Follow Yaw,-47.9,0.1,-49.4,310.6,False,False,False,False,False,True,,True,Normal,100,100,680,665,1024,1192,N,False,False,False,False,False,0,False,False,False,False,51,7.364,1145,2265,7.364,False,3.686,3.678,0.01,False,False,5.188,102.9,100.4,102.9,,,,,,,,,Idle,,,True,,False,8,Go Home,True,True,True,False,False,False,False,False,False,False,False,False,43.0666047727683,-77.6229698903817,56.3,313.7,1640.4,True,1,1,False,False,False,False,,True,False,False,,328,,16.4,Calm,41,, 1.8.0,DJI Mini 3 Pro,1581F4XF3229R006,53HFK5R0M30ACD,5HAZK6H0018AUR,52XPK6ACA001NV,180.6,0.7,59,13.23575,6.487126,0,8942,DJI Mini 3 Pro,1581F4XF3229R006,53HFK5R0M30ACD,5HAZK6H0018AUR,52XPK6ACA001NV,DJI Fly,, 1.8.0,61EABE4C-BCDC-32F4-D0CC-A1B5A0612123,1581F4XF3229R006W0A6,,,,,,,,,,
6/20/2023,8:52:52.51 AM,1m 32.0s,92,43.0667315387442,-77.6228604604509,60.6,60.6,34.7,595,450,6.487126,7.726353,-6.487126,5.368656,,4.47388,,,9.6,-6.4,-80.5,279.5,ActiveTrack,Other,,25,5,True,,Mini 3 Pro,False,False,,Smart,RC,False,True,False,,,True,,False,False,False,False,False,False,False,False,False,False,0,Follow Yaw,-47.6,0.1,-47.3,312.7,False,False,False,False,False,True,,True,Normal,100,100,675,652,1024,1193,N,False,False,False,False,False,0,False,False,False,False,51,7.364,1145,2265,7.364,False,3.686,3.678,0.01,False,False,5.188,102.9,100.4,102.9,,,,,,,,,Idle,,,True,,False,8,Go Home,True,True,True,False,False,False,False,False,False,False,False,False,43.0666047727683,-77.6229698903817,54.6,313.7,1640.4,True,1,1,False,False,False,False,,True,False,False,,328,,16.4,Calm,41,, 1.8.0,DJI Mini 3 Pro,1581F4XF3229R006,53HFK5R0M30ACD,5HAZK6H0018AUR,52XPK6ACA001NV,180.6,0.7,59,13.23575,6.487126,0,8942,DJI Mini 3 Pro,1581F4XF3229R006,53HFK5R0M30ACD,5HAZK6H0018AUR,52XPK6ACA001NV,DJI Fly,, 1.8.0,61EABE4C-BCDC-32F4-D0CC-A1B5A0612123,1581F4XF3229R006W0A6,,,,,,,,,,
6/20/2023,8:52:52.71 AM,1m 32.2s,92.2,43.0667259056615,-77.6228601097971,60.6,60.6,34.7,595,452.1,6.94893,7.726353,-6.934514,5.368656,0.447388,4.47388,,,12.7,-6.4,-78.6,281.4,ActiveTrack,Other,,25,5,True,,Mini 3 Pro,False,False,,Smart,RC,False,True,False,,,True,,False,False,False,False,False,False,False,False,False,False,0,Follow Yaw,-47.2,0.1,-45.2,314.8,False,False,False,False,False,True,,True,Normal,100,100,658,603,1024,1193,N,False,False,False,False,False,0,False,False,False,False,51,7.36,1144,2265,7.36,False,3.684,3.676,0.01,False,False,5.197,102.9,100.4,102.9,,,,,,,,,Idle,,,True,,False,8,Go Home,True,True,True,False,False,False,False,False,False,False,False,False,43.0666047727683,-77.6229698903817,52.9,313.7,1640.4,True,1,1,False,False,False,False,,True,False,False,,328,,16.4,Calm,41,, 1.8.0,DJI Mini 3 Pro,1581F4XF3229R006,53HFK5R0M30ACD,5HAZK6H0018AUR,52XPK6ACA001NV,180.6,0.7,59,13.23575,6.487126,0,8942,DJI Mini 3 Pro,1581F4XF3229R006,53HFK5R0M30ACD,5HAZK6H0018AUR,52XPK6ACA001NV,DJI Fly,, 1.8.0,61EABE4C-BCDC-32F4-D0CC-A1B5A0612123,1581F4XF3229R006W0A6,,,,,,,,,,
6/20/2023,8:52:52.91 AM,1m 32.4s,92.4,43.0667199645842,-77.6228591001677,60.6,60.6,34.7,595,454.3,7.466153,7.726353,-7.381902,5.368656,1.11847,4.47388,,,13.8,-7.3,-76.6,283.4,ActiveTrack,Other,,25,5,True,,Mini 3 Pro,False,False,,Smart,RC,False,True,False,,,True,,False,False,False,False,False,False,False,False,False,False,0,Follow Yaw,-46.7,0.1,-43,317,False,False,False,False,False,True,,True,Normal,100,100,657,548,1024,1192,N,False,False,False,False,False,0,False,False,False,False,51,7.36,1144,2265,7.36,False,3.684,3.676,0.01,False,False,5.197,102.9,100.4,102.9,,,,,,,,,Idle,,,True,,False,8,Go Home,True,True,True,False,False,False,False,False,False,False,False,False,43.0666047727683,-77.6229698903817,51.3,313.7,1640.4,True,1,1,False,False,False,False,,True,False,False,,328,,16.4,Calm,41,, 1.8.0,DJI Mini 3 Pro,1581F4XF3229R006,53HFK5R0M30ACD,5HAZK6H0018AUR,52XPK6ACA001NV,180.6,0.7,59,13.23575,6.487126,0,8942,DJI Mini 3 Pro,1581F4XF3229R006,53HFK5R0M30ACD,5HAZK6H0018AUR,52XPK6ACA001NV,DJI Fly,, 1.8.0,61EABE4C-BCDC-32F4-D0CC-A1B5A0612123,1581F4XF3229R006W0A6,,,,,,,,,,
6/20/2023,8:52:53.11 AM,1m 32.6s,92.6,43.0667136787093,-77.6228573931005,60.6,60.6,34.7,595,456.6,8.031206,8.031206,-7.82929,5.368656,1.789552,4.47388,,,17.3,-8.2,-74.7,285.3,ActiveTrack,Other,,25,5,True,,Mini 3 Pro,False,False,,Smart,RC,False,True,False,,,True,,False,False,False,False,False,False,False,False,False,False,0,Follow Yaw,-46,0.1,-40.8,319.2,False,False,False,False,False,True,,True,Normal,100,100,657,511,1024,1189,N,False,False,False,False,False,0,False,False,False,False,51,7.36,1144,2265,7.36,False,3.684,3.676,0.01,False,False,5.197,102.9,100.4,102.9,,,,,,,,,Idle,,,True,,False,8,Go Home,True,True,True,False,False,False,False,False,False,False,False,False,43.0666047727683,-77.6229698903817,49.7,313.7,1640.4,True,1,1,False,False,False,False,,True,False,False,,328,,16.4,Calm,41,, 1.8.0,DJI Mini 3 Pro,1581F4XF3229R006,53HFK5R0M30ACD,5HAZK6H0018AUR,52XPK6ACA001NV,180.6,0.7,59,13.23575,6.487126,0,8942,DJI Mini 3 Pro,1581F4XF3229R006,53HFK5R0M30ACD,5HAZK6H0018AUR,52XPK6ACA001NV,DJI Fly,, 1.8.0,61EABE4C-BCDC-32F4-D0CC-A1B5A0612123,1581F4XF3229R006W0A6,,,,,,,,,,
6/20/2023,8:52:53.32 AM,1m 32.8s,92.8,43.066706905459,-77.6228548558409,60.6,60.6,34.7,595,459.2,8.849352,8.849352,-8.500372,5.368656,2.460634,4.47388,,,21.8,-7.5,-72.8,287.2,ActiveTrack,Other,,25,5,True,,Mini 3 Pro,False,False,,Smart,RC,False,True,False,,,True,,False,False,False,False,False,False,False,False,False,False,0,Follow Yaw,-45,0.1,-38.7,321.3,False,False,False,False,False,True,,True,Normal,100,100,659,514,1024,1191,N,False,False,False,False,False,0,False,False,False,False,51,7.36,1144,2265,7.36,False,3.684,3.676,0.01,False,False,5.197,102.9,100.4,102.9,,,,,,,,,Idle,,,True,,False,8,Go Home,True,True,True,False,False,False,False,False,False,False,False,False,43.0666047727683,-77.6229698903817,48.2,313.7,1640.4,True,1,1,False,False,False,False,,True,False,False,,328,,16.4,Calm,41,, 1.8.0,DJI Mini 3 Pro,1581F4XF3229R006,53HFK5R0M30ACD,5HAZK6H0018AUR,52XPK6ACA001NV,180.6,0.7,59,13.23575,6.487126,0,8942,DJI Mini 3 Pro,1581F4XF3229R006,53HFK5R0M30ACD,5HAZK6H0018AUR,52XPK6ACA001NV,DJI Fly,, 1.8.0,61EABE4C-BCDC-32F4-D0CC-A1B5A0612123,1581F4XF3229R006W0A6,,,,,,,,,,
6/20/2023,8:52:53.52 AM,1m 33.0s,93,43.0666996148838,-77.6228512393208,60.6,60.6,34.7,595,462,9.845077,9.845077,-9.171454,5.368656,3.579104,4.47388,,,23.5,-7,-70.6,289.4,ActiveTrack,Other,,25,5,True,,Mini 3 Pro,False,False,,Smart,RC,False,True,False,,,True,,False,False,False,False,False,False,False,False,False,False,0,Follow Yaw,-43.8,0.1,-36.6,323.4,False,False,False,False,False,True,,True,Normal,100,100,663,515,1024,1191,N,False,False,False,False,False,0,False,False,False,False,51,7.36,1144,2265,7.36,False,3.684,3.676,0.01,False,False,5.197,102.9,100.4,102.9,,,,,,,,,Idle,,,True,,False,8,Go Home,True,True,True,False,False,False,False,False,False,False,False,False,43.0666047727683,-77.6229698903817,46.8,313.7,1640.4,True,1,1,False,False,False,False,,True,False,False,,328,,16.4,Calm,41,, 1.8.0,DJI Mini 3 Pro,1581F4XF3229R006,53HFK5R0M30ACD,5HAZK6H0018AUR,52XPK6ACA001NV,180.6,0.7,59,13.23575,6.487126,0,8942,DJI Mini 3 Pro,1581F4XF3229R006,53HFK5R0M30ACD,5HAZK6H0018AUR,52XPK6ACA001NV,DJI Fly,, 1.8.0,61EABE4C-BCDC-32F4-D0CC-A1B5A0612123,1581F4XF3229R006W0A6,,,,,,,,,,
6/20/2023,8:52:53.72 AM,1m 33.2s,93.2,43.0666917764771,-77.6228464265578,60.6,60.6,34.7,595,465.1,10.906086,10.906086,-9.842536,5.368656,4.697574,4.697574,,,22.5,-6.3,-68.3,291.7,ActiveTrack,Other,,25,5,True,,Mini 3 Pro,False,False,,Smart,RC,False,True,False,,,True,,False,False,False,False,False,False,False,False,False,False,0,Follow Yaw,-42.4,0.1,-34.7,325.3,False,False,False,False,False,True,,True,Normal,100,100,671,516,1024,1192,N,False,False,False,False,False,0,False,False,False,False,51,7.35,1142,2265,7.35,False,3.68,3.67,0.01,False,False,5.406,102.9,100.4,102.9,,,,,,,,,Idle,,,True,,False,8,Go Home,True,True,True,False,False,False,False,False,False,False,False,False,43.0666047727683,-77.6229698903817,45.7,313.7,1640.4,True,1,1,False,False,False,False,,True,False,False,,328,,16.4,Calm,41,, 1.8.0,DJI Mini 3 Pro,1581F4XF3229R006,53HFK5R0M30ACD,5HAZK6H0018AUR,52XPK6ACA001NV,180.6,0.7,59,13.23575,6.487126,0,8942,DJI Mini 3 Pro,1581F4XF3229R006,53HFK5R0M30ACD,5HAZK6H0018AUR,52XPK6ACA001NV,DJI Fly,, 1.8.0,61EABE4C-BCDC-32F4-D0CC-A1B5A0612123,1581F4XF3229R006W0A6,,,,,,,,,,
6/20/2023,8:52:53.92 AM,1m 33.4s,93.4,43.06668338587,-77.622840575389,60.6,60.6,34.7,595,468.6,11.908423,11.908423,-10.513618,5.368656,5.59235,5.59235,,,22.3,-5.7,-66.2,293.8,ActiveTrack,Other,,25,5,True,,Mini 3 Pro,False,False,,Smart,RC,False,True,False,,,True,,False,False,False,False,False,False,False,False,False,False,0,Follow Yaw,-40.9,0,-32.8,327.2,False,False,False,False,False,True,,True,Normal,100,100,676,528,1024,1191,N,False,False,False,False,False,0,False,False,False,False,51,7.35,1142,2265,7.35,False,3.68,3.67,0.01,False,False,5.406,102.9,100.4,102.9,,,,,,,,,Idle,,,True,,False,8,Go Home,True,True,True,False,False,False,False,False,False,False,False,False,43.0666047727683,-77.6229698903817,44.8,313.7,1640.4,True,1,1,False,False,False,False,,True,False,False,,328,,16.4,Calm,41,, 1.8.0,DJI Mini 3 Pro,1581F4XF3229R006,53HFK5R0M30ACD,5HAZK6H0018AUR,52XPK6ACA001NV,180.6,0.7,59,13.23575,6.487126,0,8942,DJI Mini 3 Pro,1581F4XF3229R006,53HFK5R0M30ACD,5HAZK6H0018AUR,52XPK6ACA001NV,DJI Fly,, 1.8.0,61EABE4C-BCDC-32F4-D0CC-A1B5A0612123,1581F4XF3229R006W0A6,,,,,,,,,,
6/20/2023,8:52:54.13 AM,1m 33.6s,93.6,43.0666745175679,-77.6228338653334,60.6,60.6,34.7,595,472.3,12.62435,12.62435,-10.961006,5.368656,6.263432,6.263432,,,20.3,-4,-64,296,ActiveTrack,Other,,25,5,True,,Mini 3 Pro,False,False,,Smart,RC,False,True,False,,,True,,False,False,False,False,False,False,False,False,False,False,0,Follow Yaw,-39.3,0,-31,329,False,False,False,False,False,True,,True,Normal,100,100,1024,905,1024,1186,N,False,False,False,False,False,0,False,False,False,False,51,7.35,1142,2265,7.35,False,3.68,3.67,0.01,False,False,5.406,102.9,100.4,102.9,,,,,,,,,Idle,,,True,,False,8,Go Home,True,True,True,False,False,False,False,False,False,False,False,False,43.0666047727683,-77.6229698903817,44.2,313.7,1640.4,True,1,1,False,False,False,False,,True,False,False,,328,,16.4,Calm,41,, 1.8.0,DJI Mini 3 Pro,1581F4XF3229R006,53HFK5R0M30ACD,5HAZK6H0018AUR,52XPK6ACA001NV,180.6,0.7,59,13.23575,6.487126,0,8942,DJI Mini 3 Pro,1581F4XF3229R006,53HFK5R0M30ACD,5HAZK6H0018AUR,52XPK6ACA001NV,DJI Fly,, 1.8.0,61EABE4C-BCDC-32F4-D0CC-A1B5A0612123,1581F4XF3229R006W0A6,,,,,,,,,,
6/20/2023,8:52:54.33 AM,1m 33.8s,93.8,43.0666653043355,-77.6228265140913,60.6,60.6,34.7,595,476.2,13.235805,13.235805,-11.408394,5.368656,6.71082,6.71082,,,14.8,0.1,-61.4,298.6,ActiveTrack,Other,,25,5,True,,Mini 3 Pro,False,False,,Smart,RC,False,True,False,,,True,,False,False,False,False,False,False,False,False,False,False,0,Follow Yaw,-37.8,0,-29.3,330.7,False,False,False,False,False,True,,True,Normal,100,100,1010,884,1024,1189,N,False,False,False,False,False,0,False,False,False,False,51,7.35,1142,2265,7.35,False,3.68,3.67,0.01,False,False,5.406,102.9,100.4,102.9,,,,,,,,,Idle,,,True,,False,8,Go Home,True,True,True,False,False,False,False,False,False,False,False,False,43.0666047727683,-77.6229698903817,44.1,313.7,1640.4,True,1,1,False,False,False,False,,True,False,False,,328,,16.4,Calm,41,, 1.8.0,DJI Mini 3 Pro,1581F4XF3229R006,53HFK5R0M30ACD,5HAZK6H0018AUR,52XPK6ACA001NV,180.6,0.7,59,13.23575,6.487126,0,8942,DJI Mini 3 Pro,1581F4XF3229R006,53HFK5R0M30ACD,5HAZK6H0018AUR,52XPK6ACA001NV,DJI Fly,, 1.8.0,61EABE4C-BCDC-32F4-D0CC-A1B5A0612123,1581F4XF3229R006W0A6,,,,,,,,,,
6/20/2023,8:52:54.53 AM,1m 34.0s,94,43.0666561126272,-77.6228188770071,60.6,60.6,34.7,595,480.1,12.852188,13.235805,-10.961006,5.368656,6.71082,6.71082,-0.223694,,4.6,5.8,-59.3,300.7,ActiveTrack,Other,,25,5,True,,Mini 3 Pro,False,False,,Smart,RC,False,True,False,,,True,,False,False,False,False,False,False,False,False,False,False,0,Follow Yaw,-36.3,0,-27.7,332.3,False,False,False,False,False,True,,True,Normal,100,100,985,870,1024,1192,N,False,False,False,False,False,0,False,False,False,False,51,7.35,1142,2265,7.35,False,3.68,3.67,0.01,False,False,5.406,102.9,100.4,102.9,,,,,,,,,Idle,,,True,,False,8,Go Home,True,True,True,False,False,False,False,False,False,False,False,False,43.0666047727683,-77.6229698903817,44.3,313.7,1640.4,True,1,1,False,False,False,False,,True,False,False,,328,,16.4,Calm,41,, 1.8.0,DJI Mini 3 Pro,1581F4XF3229R006,53HFK5R0M30ACD,5HAZK6H0018AUR,52XPK6ACA001NV,180.6,0.7,59,13.23575,6.487126,0,8942,DJI Mini 3 Pro,1581F4XF3229R006,53HFK5R0M30ACD,5HAZK6H0018AUR,52XPK6ACA001NV,DJI Fly,, 1.8.0,61EABE4C-BCDC-32F4-D0CC-A1B5A0612123,1581F4XF3229R006W0A6,,,,,,,,,,
6/20/2023,8:52:54.73 AM,1m 34.2s,94.2,43.0666474934827,-77.6228114073638,60.6,60.6,34.7,595,483.8,12.1641,13.235805,-10.289924,5.368656,6.487126,6.71082,,,1.1,5.8,-58,302,ActiveTrack,Other,,25,5,True,,Mini 3 Pro,False,False,,Smart,RC,False,True,False,,,True,,False,False,False,False,False,False,False,False,False,False,0,Follow Yaw,-34.9,0,-26.3,333.7,False,False,False,False,False,True,,True,Normal,100,100,983,870,1024,1193,N,False,False,False,False,False,0,False,False,False,False,51,7.341,1141,2265,7.341,False,3.674,3.667,0.01,False,False,5.997,102.9,100.4,102.9,,,,,,,,,Idle,,,True,,False,8,Go Home,True,True,True,False,False,False,False,False,False,False,False,False,43.0666047727683,-77.6229698903817,45,313.7,1640.4,True,1,1,False,False,False,False,,True,False,False,,328,,16.4,Calm,41,, 1.8.0,DJI Mini 3 Pro,1581F4XF3229R006,53HFK5R0M30ACD,5HAZK6H0018AUR,52XPK6ACA001NV,180.6,0.7,59,13.23575,6.487126,0,8942,DJI Mini 3 Pro,1581F4XF3229R006,53HFK5R0M30ACD,5HAZK6H0018AUR,52XPK6ACA001NV,DJI Fly,, 1.8.0,61EABE4C-BCDC-32F4-D0CC-A1B5A0612123,1581F4XF3229R006W0A6,,,,,,,,,,
6/20/2023,8:52:54.94 AM,1m 34.4s,94.4,43.0666395487703,-77.6228043126596,60.6,60.6,34.7,595,487.3,11.291562,13.235805,-9.395148,5.368656,6.263432,6.71082,,,0.3,4.7,-56.7,303.3,ActiveTrack,Other,,25,5,True,,Mini 3 Pro,False,False,,Smart,RC,False,True,False,,,True,,False,False,False,False,False,False,False,False,False,False,0,Follow Yaw,-33.7,0,-25.1,334.9,False,False,False,False,False,True,,True,Normal,100,100,997,888,1024,1192,N,False,False,False,False,False,0,False,False,False,False,51,7.341,1141,2265,7.341,False,3.674,3.667,0.01,False,False,5.997,102.9,100.4,102.9,,,,,,,,,Idle,,,True,,False,8,Go Home,True,True,True,False,False,False,False,False,False,False,False,False,43.0666047727683,-77.6229698903817,45.9,313.7,1640.4,True,1,1,False,False,False,False,,True,False,False,,328,,16.4,Calm,41,, 1.8.0,DJI Mini 3 Pro,1581F4XF3229R006,53HFK5R0M30ACD,5HAZK6H0018AUR,52XPK6ACA001NV,180.6,0.7,59,13.23575,6.487126,0,8942,DJI Mini 3 Pro,1581F4XF3229R006,53HFK5R0M30ACD,5HAZK6H0018AUR,52XPK6ACA001NV,DJI Fly,, 1.8.0,61EABE4C-BCDC-32F4-D0CC-A1B5A0612123,1581F4XF3229R006W0A6,,,,,,,,,,
6/20/2023,8:52:55.14 AM,1m 34.6s,94.6,43.0666322044704,-77.6227976869284,60.6,60.6,34.7,595,490.5,10.485022,13.235805,-8.724066,5.368656,5.816044,6.71082,,,-0.2,4.3,-55.4,304.6,ActiveTrack,Other,,25,5,True,,Mini 3 Pro,False,False,,Smart,RC,False,True,False,,,True,,False,False,False,False,False,False,False,False,False,False,0,Follow Yaw,-32.9,0,-24,336,False,False,False,False,False,True,,True,Normal,100,100,1002,915,1024,1192,N,False,False,False,False,False,0,False,False,False,False,51,7.341,1141,2265,7.341,False,3.674,3.667,0.01,False,False,5.997,102.9,100.4,102.9,,,,,,,,,Idle,,,True,,False,8,Go Home,True,True,True,False,False,False,False,False,False,False,False,False,43.0666047727683,-77.6229698903817,46.9,313.7,1640.4,True,1,1,False,False,False,False,,True,False,False,,328,,16.4,Calm,41,, 1.8.0,DJI Mini 3 Pro,1581F4XF3229R006,53HFK5R0M30ACD,5HAZK6H0018AUR,52XPK6ACA001NV,180.6,0.7,59,13.23575,6.487126,0,8942,DJI Mini 3 Pro,1581F4XF3229R006,53HFK5R0M30ACD,5HAZK6H0018AUR,52XPK6ACA001NV,DJI Fly,, 1.8.0,61EABE4C-BCDC-32F4-D0CC-A1B5A0612123,1581F4XF3229R006W0A6,,,,,,,,,,
6/20/2023,8:52:55.34 AM,1m 34.8s,94.8,43.0666254553935,-77.6227915134484,60.6,60.6,34.7,595,493.4,9.678482,13.235805,-8.052984,5.368656,5.368656,6.71082,,,-2.4,4.3,-54.6,305.4,ActiveTrack,Other,,25,5,True,,Mini 3 Pro,False,False,,Smart,RC,False,True,False,,,True,,False,False,False,False,False,False,False,False,False,False,0,Follow Yaw,-32.1,0,-23.1,336.9,False,False,False,False,False,True,,True,Normal,100,100,1024,1024,1024,1193,N,False,False,False,False,False,0,False,False,False,False,51,7.341,1141,2265,7.341,False,3.674,3.667,0.01,False,False,5.997,102.9,100.4,102.9,,,,,,,,,Idle,,,True,,False,8,Go Home,True,True,True,False,False,False,False,False,False,False,False,False,43.0666047727683,-77.6229698903817,48.1,313.7,1640.4,True,1,1,False,False,False,False,,True,False,False,,328,,16.4,Calm,41,, 1.8.0,DJI Mini 3 Pro,1581F4XF3229R006,53HFK5R0M30ACD,5HAZK6H0018AUR,52XPK6ACA001NV,180.6,0.7,59,13.23575,6.487126,0,8942,DJI Mini 3 Pro,1581F4XF3229R006,53HFK5R0M30ACD,5HAZK6H0018AUR,52XPK6ACA001NV,DJI Fly,, 1.8.0,61EABE4C-BCDC-32F4-D0CC-A1B5A0612123,1581F4XF3229R006W0A6,,,,,,,,,,
6/20/2023,8:52:55.54 AM,1m 35.0s,95,43.0666193212757,-77.6227858981322,60.6,60.6,34.7,595,496.1,8.686703,13.235805,-7.158208,5.368656,4.921268,6.71082,,,-2.5,3.8,-53.6,306.4,ActiveTrack,Other,,25,5,True,,Mini 3 Pro,False,False,,Smart,RC,False,True,False,,,True,,False,False,False,False,False,False,False,False,False,False,0,Follow Yaw,-31.5,0,-22.2,337.8,False,False,False,False,False,True,,True,Normal,100,100,1024,1024,1024,1175,N,False,False,False,False,False,0,False,False,False,False,51,7.341,1141,2265,7.341,False,3.674,3.667,0.01,False,False,5.997,102.9,100.4,102.9,,,,,,,,,Idle,,,True,,False,8,Go Home,True,True,True,False,False,False,False,False,False,False,False,False,43.0666047727683,-77.6229698903817,49.3,313.7,1640.4,True,1,1,False,False,False,False,,True,False,False,,328,,16.4,Calm,41,, 1.8.0,DJI Mini 3 Pro,1581F4XF3229R006,53HFK5R0M30ACD,5HAZK6H0018AUR,52XPK6ACA001NV,180.6,0.7,59,13.23575,6.487126,0,8942,DJI Mini 3 Pro,1581F4XF3229R006,53HFK5R0M30ACD,5HAZK6H0018AUR,52XPK6ACA001NV,DJI Fly,, 1.8.0,61EABE4C-BCDC-32F4-D0CC-A1B5A0612123,1581F4XF3229R006W0A6,,,,,,,,,,
6/20/2023,8:52:55.64 AM,1m 35.2s,95.2,43.0666138741488,-77.622780993282,60.6,60.6,34.7,595,498.5,7.258861,13.235805,-6.039738,5.368656,4.026492,6.71082,,,-27.1,12.6,-56.2,303.8,ActiveTrack,Other,,25,5,True,,Mini 3 Pro,False,False,,Smart,RC,False,True,False,,,True,,False,False,False,False,False,False,False,False,False,False,0,Follow Yaw,-31,0,-21.4,338.6,False,False,False,False,False,True,,True,Normal,100,100,1024,1024,1024,1155,N,False,False,False,False,False,0,False,False,False,False,51,7.36,1139,2265,7.36,False,3.684,3.676,0.01,False,False,4.866,103.1,100.4,103.1,,,,,,,,,Idle,,,True,,False,8,Go Home,True,True,True,False,False,False,False,False,False,False,False,False,43.0666047727683,-77.6229698903817,50.4,313.7,1640.4,True,1,1,False,False,False,False,,True,False,False,,328,,16.4,Calm,41,, 1.8.0,DJI Mini 3 Pro,1581F4XF3229R006,53HFK5R0M30ACD,5HAZK6H0018AUR,52XPK6ACA001NV,180.6,0.7,59,13.23575,6.487126,0,8942,DJI Mini 3 Pro,1581F4XF3229R006,53HFK5R0M30ACD,5HAZK6H0018AUR,52XPK6ACA001NV,DJI Fly,, 1.8.0,61EABE4C-BCDC-32F4-D0CC-A1B5A0612123,1581F4XF3229R006W0A6,,,,,,,,,,
6/20/2023,8:52:55.95 AM,1m 35.4s,95.4,43.0666100373096,-77.6227777420034,60.6,60.6,34.7,595,500.2,4.411935,13.235805,-3.802798,5.368656,2.23694,6.71082,,,-23.1,9.1,-54.1,305.9,ActiveTrack,Other,,25,5,True,,Mini 3 Pro,False,False,,Smart,RC,False,True,False,,,True,,False,False,False,False,False,False,False,False,False,False,0,Follow Yaw,-30.7,0,-20.8,339.2,False,False,False,False,False,True,,True,Normal,100,100,1024,1024,1024,1193,N,False,False,False,False,False,0,False,False,False,False,51,7.36,1139,2265,7.36,False,3.684,3.676,0.01,False,False,4.866,103.1,100.4,103.1,,,,,,,,,Idle,,,True,,False,8,Go Home,True,True,True,False,False,False,False,False,False,False,False,False,43.0666047727683,-77.6229698903817,51.2,313.7,1640.4,True,1,1,False,False,False,False,,True,False,False,,328,,16.4,Calm,41,, 1.8.0,DJI Mini 3 Pro,1581F4XF3229R006,53HFK5R0M30ACD,5HAZK6H0018AUR,52XPK6ACA001NV,180.6,0.7,59,13.23575,6.487126,0,8942,DJI Mini 3 Pro,1581F4XF3229R006,53HFK5R0M30ACD,5HAZK6H0018AUR,52XPK6ACA001NV,DJI Fly,, 1.8.0,61EABE4C-BCDC-32F4-D0CC-A1B5A0612123,1581F4XF3229R006W0A6,,,,,,,,,,
6/20/2023,8:52:56.15 AM,1m 35.6s,95.6,43.0666077578687,-77.6227760450677,60.6,60.6,34.7,595,501.1,2.500974,13.235805,-2.23694,5.368656,1.11847,6.71082,,,-12,7.3,-52,308,ActiveTrack,Other,,25,5,True,,Mini 3 Pro,False,False,,Smart,RC,False,True,False,,,True,,False,False,False,False,False,False,False,False,False,False,0,Follow Yaw,-30.7,0,-20.3,339.7,False,False,False,False,False,True,,True,Normal,100,100,1024,1024,1024,1137,N,False,False,False,False,False,0,False,False,False,False,51,7.36,1139,2265,7.36,False,3.684,3.676,0.01,False,False,4.866,103.1,100.4,103.1,,,,,,,,,Idle,,,True,,False,8,Go Home,True,True,True,False,False,False,False,False,False,False,False,False,43.0666047727683,-77.6229698903817,51.6,313.7,1640.4,True,1,1,False,False,False,False,,True,False,False,,328,,16.4,Calm,41,, 1.8.0,DJI Mini 3 Pro,1581F4XF3229R006,53HFK5R0M30ACD,5HAZK6H0018AUR,52XPK6ACA001NV,180.6,0.7,59,13.23575,6.487126,0,8942,DJI Mini 3 Pro,1581F4XF3229R006,53HFK5R0M30ACD,5HAZK6H0018AUR,52XPK6ACA001NV,DJI Fly,, 1.8.0,61EABE4C-BCDC-32F4-D0CC-A1B5A0612123,1581F4XF3229R006W0A6,,,,,,,,,,
6/20/2023,8:52:56.25 AM,1m 35.8s,95.8,43.0666064651005,-77.6227752922343,60.6,60.6,34.7,595,501.6,1.204629,13.235805,-1.11847,5.368656,0.447388,6.71082,,,-7.5,5.7,-51.1,308.9,ActiveTrack,Other,,25,5,True,,Mini 3 Pro,False,False,,Smart,RC,False,True,False,,,True,,False,False,False,False,False,False,False,False,False,False,0,Follow Yaw,-30.6,0,-19.9,340.1,False,False,False,False,False,True,,True,Normal,100,100,1024,1024,1024,1095,N,False,False,False,False,False,0,False,False,False,False,51,7.36,1139,2265,7.36,False,3.684,3.676,0.01,False,False,4.866,103.1,100.4,103.1,,,,,,,,,Idle,,,True,,False,8,Go Home,True,True,True,False,False,False,False,False,False,False,False,False,43.0666047727683,-77.6229698903817,51.8,313.7,1640.4,True,1,1,False,False,False,False,,True,False,False,,328,,16.4,Calm,41,, 1.8.0,DJI Mini 3 Pro,1581F4XF3229R006,53HFK5R0M30ACD,5HAZK6H0018AUR,52XPK6ACA001NV,180.6,0.7,59,13.23575,6.487126,0,8942,DJI Mini 3 Pro,1581F4XF3229R006,53HFK5R0M30ACD,5HAZK6H0018AUR,52XPK6ACA001NV,DJI Fly,, 1.8.0,61EABE4C-BCDC-32F4-D0CC-A1B5A0612123,1581F4XF3229R006W0A6,,,,,,,,,,
6/20/2023,8:52:56.55 AM,1m 36.0s,96,43.0666057938958,-77.6227750975413,60.6,60.6,34.7,595,501.9,0.671082,13.235805,-0.671082,5.368656,,6.71082,,,-3.9,4.5,-50.4,309.6,ActiveTrack,Other,,25,5,True,,Mini 3 Pro,False,False,,Smart,RC,False,True,False,,,True,,False,False,False,False,False,False,False,False,False,False,0,Follow Yaw,-30.6,0,-19.6,340.4,False,False,False,False,False,True,,True,Normal,100,100,1024,1024,863,1041,N,False,False,False,False,False,0,False,False,False,False,51,7.36,1139,2265,7.36,False,3.684,3.676,0.01,False,False,4.866,103.1,100.4,103.1,,,,,,,,,Idle,,,True,,False,8,Go Home,True,True,True,False,False,False,False,False,False,False,False,False,43.0666047727683,-77.6229698903817,51.9,313.7,1640.4,True,1,1,False,False,False,False,,True,False,False,,328,,16.4,Calm,41,, 1.8.0,DJI Mini 3 Pro,1581F4XF3229R006,53HFK5R0M30ACD,5HAZK6H0018AUR,52XPK6ACA001NV,180.6,0.7,59,13.23575,6.487126,0,8942,DJI Mini 3 Pro,1581F4XF3229R006,53HFK5R0M30ACD,5HAZK6H0018AUR,52XPK6ACA001NV,DJI Fly,, 1.8.0,61EABE4C-BCDC-32F4-D0CC-A1B5A0612123,1581F4XF3229R006W0A6,,,,,,,,,,
6/20/2023,8:52:56.76 AM,1m 36.2s,96.2,43.0666054745231,-77.6227751826396,60.6,60.6,34.7,595,502,0.223694,13.235805,-0.223694,5.368656,,6.71082,,,-1.8,3.6,-50.2,309.8,ActiveTrack,Other,,25,5,True,,Mini 3 Pro,False,False,,Smart,RC,False,True,False,,,True,,False,False,False,False,False,False,False,False,False,False,0,Follow Yaw,-30.6,0,-19.5,340.5,False,False,False,False,False,True,,True,Normal,100,100,1024,1024,749,1024,N,False,False,False,False,False,0,False,False,False,False,51,7.349,1138,2265,7.349,False,3.684,3.676,0.01,False,False,5.493,103.1,100.4,103.1,,,,,,,,,Idle,,,True,,False,8,Go Home,True,True,True,False,False,False,False,False,False,False,False,False,43.0666047727683,-77.6229698903817,51.8,313.7,1640.4,True,1,1,False,False,False,False,,True,False,False,,328,,16.4,Calm,41,, 1.8.0,DJI Mini 3 Pro,1581F4XF3229R006,53HFK5R0M30ACD,5HAZK6H0018AUR,52XPK6ACA001NV,180.6,0.7,59,13.23575,6.487126,0,8942,DJI Mini 3 Pro,1581F4XF3229R006,53HFK5R0M30ACD,5HAZK6H0018AUR,52XPK6ACA001NV,DJI Fly,, 1.8.0,61EABE4C-BCDC-32F4-D0CC-A1B5A0612123,1581F4XF3229R006W0A6,,,,,,,,,,
6/20/2023,8:52:56.86 AM,1m 36.4s,96.4,43.0666053315867,-77.6227753967398,60.6,60.6,34.7,595,502.1,,13.235805,,5.368656,,6.71082,0.223694,0.223694,-0.8,3.5,-50,310,ActiveTrack,Other,,25,5,True,,Mini 3 Pro,False,False,,Smart,RC,False,True,False,,,True,,False,False,False,False,False,False,False,False,False,False,0,Follow Yaw,-30.6,0,-19.4,340.6,False,False,False,False,False,True,,True,Normal,100,100,1024,1024,671,1024,N,False,False,False,False,False,0,False,False,False,False,51,7.348,1138,2265,7.348,False,3.678,3.67,0.01,False,False,5.493,103.1,100.4,103.1,,,,,,,,,Idle,,,True,,False,8,Go Home,True,True,True,False,False,False,False,False,False,False,False,False,43.0666047727683,-77.6229698903817,51.8,313.7,1640.4,True,1,1,False,False,False,False,,True,False,False,,328,,16.4,Calm,41,, 1.8.0,DJI Mini 3 Pro,1581F4XF3229R006,53HFK5R0M30ACD,5HAZK6H0018AUR,52XPK6ACA001NV,180.6,0.7,59,13.23575,6.487126,0,8942,DJI Mini 3 Pro,1581F4XF3229R006,53HFK5R0M30ACD,5HAZK6H0018AUR,52XPK6ACA001NV,DJI Fly,, 1.8.0,61EABE4C-BCDC-32F4-D0CC-A1B5A0612123,1581F4XF3229R006W0A6,,,,,,,,,,
6/20/2023,8:52:57.16 AM,1m 36.6s,96.6,43.0666052772626,-77.6227756789702,60.3,60.6,34.7,594,502.1,,13.235805,,5.368656,,6.71082,0.894776,0.894776,0,3.2,-49.9,310.1,ActiveTrack,Other,,25,5,True,,Mini 3 Pro,False,False,,Smart,RC,False,True,False,,,True,,False,False,False,False,False,False,False,False,False,False,0,Follow Yaw,-30.4,0,-19.4,340.6,False,False,False,False,False,True,,True,Normal,100,100,1024,1024,725,1024,N,False,False,False,False,False,0,False,False,False,False,51,7.348,1138,2265,7.348,False,3.678,3.67,0.01,False,False,5.493,103.1,100.4,103.1,,,,,,,,,Idle,,,True,,False,8,Go Home,True,True,True,False,False,False,False,False,False,False,False,False,43.0666047727683,-77.6229698903817,51.7,313.7,1640.4,True,1,1,False,False,False,False,,True,False,False,,328,,16.4,Calm,41,, 1.8.0,DJI Mini 3 Pro,1581F4XF3229R006,53HFK5R0M30ACD,5HAZK6H0018AUR,52XPK6ACA001NV,180.6,0.7,59,13.23575,6.487126,0,8942,DJI Mini 3 Pro,1581F4XF3229R006,53HFK5R0M30ACD,5HAZK6H0018AUR,52XPK6ACA001NV,DJI Fly,, 1.8.0,61EABE4C-BCDC-32F4-D0CC-A1B5A0612123,1581F4XF3229R006W0A6,,,,,,,,,,
6/20/2023,8:52:57.36 AM,1m 36.8s,96.8,43.0666053046871,-77.6227760169595,60,60.6,34.7,594,502.2,,13.235805,,5.368656,,6.71082,1.789552,1.789552,0.5,2.9,-49.9,310.1,ActiveTrack,Other,,25,5,True,,Mini 3 Pro,False,False,,Smart,RC,False,True,False,,,True,,False,False,False,False,False,False,False,False,False,False,0,Follow Yaw,-30.2,0,-19.4,340.6,False,False,False,False,False,True,,True,Normal,100,100,1024,1024,667,1024,N,False,False,False,False,False,0,False,False,False,False,51,7.348,1138,2265,7.348,False,3.678,3.67,0.01,False,False,5.493,103.1,100.4,103.1,,,,,,,,,Idle,,,True,,False,8,Go Home,True,True,True,False,False,False,False,False,False,False,False,False,43.0666047727683,-77.6229698903817,51.6,313.7,1640.4,True,1,1,False,False,False,False,,True,False,False,,328,,16.4,Calm,41,, 1.8.0,DJI Mini 3 Pro,1581F4XF3229R006,53HFK5R0M30ACD,5HAZK6H0018AUR,52XPK6ACA001NV,180.6,0.7,59,13.23575,6.487126,0,8942,DJI Mini 3 Pro,1581F4XF3229R006,53HFK5R0M30ACD,5HAZK6H0018AUR,52XPK6ACA001NV,DJI Fly,, 1.8.0,61EABE4C-BCDC-32F4-D0CC-A1B5A0612123,1581F4XF3229R006W0A6,,,,,,,,,,
6/20/2023,8:52:57.46 AM,1m 37.0s,97,43.0666053682573,-77.6227763817437,59.3,60.6,34.7,593,502.3,0.223694,13.235805,,5.368656,-0.223694,6.71082,1.565858,1.789552,1.3,2.8,-49.8,310.2,ActiveTrack,Other,,25,5,True,,Mini 3 Pro,False,False,,Smart,RC,False,True,False,,,True,,False,False,False,False,False,False,False,False,False,False,0,Follow Yaw,-29.9,0,-19.3,340.7,False,False,False,False,False,True,,True,Normal,100,100,1024,1024,607,1024,N,False,False,False,False,False,0,False,False,False,False,51,7.348,1138,2265,7.348,False,3.678,3.67,0.01,False,False,5.493,103.1,100.4,103.1,,,,,,,,,Idle,,,True,,False,8,Go Home,True,True,True,False,False,False,False,False,False,False,False,False,43.0666047727683,-77.6229698903817,51.5,313.7,1640.4,True,1,1,False,False,False,False,,True,False,False,,328,,16.4,Calm,41,, 1.8.0,DJI Mini 3 Pro,1581F4XF3229R006,53HFK5R0M30ACD,5HAZK6H0018AUR,52XPK6ACA001NV,180.6,0.7,59,13.23575,6.487126,0,8942,DJI Mini 3 Pro,1581F4XF3229R006,53HFK5R0M30ACD,5HAZK6H0018AUR,52XPK6ACA001NV,DJI Fly,, 1.8.0,61EABE4C-BCDC-32F4-D0CC-A1B5A0612123,1581F4XF3229R006W0A6,,,,,,,,,,
6/20/2023,8:52:57.77 AM,1m 37.2s,97.2,43.0666054747619,-77.6227767254907,59,60.6,34.7,593,502.4,,13.235805,,5.368656,,6.71082,1.789552,1.789552,3.6,3.3,-49.6,310.4,ActiveTrack,Other,,25,5,True,,Mini 3 Pro,False,False,,Smart,RC,False,True,False,,,True,,False,False,False,False,False,False,False,False,False,False,0,Follow Yaw,-29.7,0,-19.3,340.7,False,False,False,False,False,True,,True,Normal,100,100,1024,1024,543,1024,N,False,False,False,False,False,0,False,False,False,False,51,7.348,1138,2265,7.348,False,3.678,3.67,0.01,False,False,5.493,103.1,100.4,103.1,,,,,,,,,Idle,,,True,,False,8,Go Home,True,True,True,False,False,False,False,False,False,False,False,False,43.0666047727683,-77.6229698903817,51.4,313.7,1640.4,True,1,1,False,False,False,False,,True,False,False,,328,,16.4,Calm,41,, 1.8.0,DJI Mini 3 Pro,1581F4XF3229R006,53HFK5R0M30ACD,5HAZK6H0018AUR,52XPK6ACA001NV,180.6,0.7,59,13.23575,6.487126,0,8942,DJI Mini 3 Pro,1581F4XF3229R006,53HFK5R0M30ACD,5HAZK6H0018AUR,52XPK6ACA001NV,DJI Fly,, 1.8.0,61EABE4C-BCDC-32F4-D0CC-A1B5A0612123,1581F4XF3229R006W0A6,,,,,,,,,,
6/20/2023,8:52:57.97 AM,1m 37.4s,97.4,43.0666055338645,-77.6227769507661,58.3,60.6,34.7,592,502.5,,13.235805,,5.368656,,6.71082,2.684328,2.684328,2.5,3.5,-49.7,310.3,ActiveTrack,Other,,25,5,True,,Mini 3 Pro,False,False,,Smart,RC,False,True,False,,,True,,False,False,False,False,False,False,False,False,False,False,0,Follow Yaw,-29.3,0,-19.3,340.7,False,False,False,False,False,True,,True,Normal,100,100,1024,1024,492,1024,N,False,False,False,False,False,0,False,False,False,False,51,7.359,1136,2265,7.359,False,3.683,3.676,0.01,False,False,4.772,103.1,100.4,103.1,,,,,,,,,Idle,,,True,,False,8,Go Home,True,True,True,False,False,False,False,False,False,False,False,False,43.0666047727683,-77.6229698903817,51.4,313.7,1640.4,True,1,1,False,False,False,False,,True,False,False,,328,,16.4,Calm,41,, 1.8.0,DJI Mini 3 Pro,1581F4XF3229R006,53HFK5R0M30ACD,5HAZK6H0018AUR,52XPK6ACA001NV,180.6,0.7,59,13.23575,6.487126,0,8942,DJI Mini 3 Pro,1581F4XF3229R006,53HFK5R0M30ACD,5HAZK6H0018AUR,52XPK6ACA001NV,DJI Fly,, 1.8.0,61EABE4C-BCDC-32F4-D0CC-A1B5A0612123,1581F4XF3229R006W0A6,,,,,,,,,,
6/20/2023,8:52:58.07 AM,1m 37.6s,97.6,43.0666056109097,-77.6227771078057,57,60.6,34.7,591,502.5,,13.235805,,5.368656,,6.71082,3.579104,3.579104,1.9,2.5,-49.7,310.3,ActiveTrack,Other,,25,5,True,,Mini 3 Pro,False,False,,Smart,RC,False,True,False,,,True,,False,False,False,False,False,False,False,False,False,False,0,Follow Yaw,-28.7,0,-19.3,340.7,False,False,False,False,False,True,,True,Normal,100,100,1024,1024,492,1024,N,False,False,False,False,False,0,False,False,False,False,51,7.359,1136,2265,7.359,False,3.683,3.676,0.01,False,False,4.772,103.1,100.4,103.1,,,,,,,,,Idle,,,True,,False,8,Go Home,True,True,True,False,False,False,False,False,False,False,False,False,43.0666047727683,-77.6229698903817,51.3,313.7,1640.4,True,1,1,False,False,False,False,,True,False,False,,328,,16.4,Calm,41,, 1.8.0,DJI Mini 3 Pro,1581F4XF3229R006,53HFK5R0M30ACD,5HAZK6H0018AUR,52XPK6ACA001NV,180.6,0.7,59,13.23575,6.487126,0,8942,DJI Mini 3 Pro,1581F4XF3229R006,53HFK5R0M30ACD,5HAZK6H0018AUR,52XPK6ACA001NV,DJI Fly,, 1.8.0,61EABE4C-BCDC-32F4-D0CC-A1B5A0612123,1581F4XF3229R006W0A6,,,,,,,,,,
6/20/2023,8:52:58.27 AM,1m 37.8s,97.8,43.0666056655599,-77.622777271248,56.1,60.6,34.7,590,502.6,,13.235805,,5.368656,,6.71082,4.250186,4.250186,0.9,2.3,-50,310,ActiveTrack,Other,,25,5,True,,Mini 3 Pro,False,False,,Smart,RC,False,True,False,,,True,,False,False,False,False,False,False,False,False,False,False,0,Follow Yaw,-28,0,-19.3,340.7,False,False,False,False,False,True,,True,Normal,100,100,1024,1024,505,1024,N,False,False,False,False,False,0,False,False,False,False,51,7.359,1136,2265,7.359,False,3.683,3.676,0.01,False,False,4.772,103.1,100.4,103.1,,,,,,,,,Idle,,,True,,False,8,Go Home,True,True,True,False,False,False,False,False,False,False,False,False,43.0666047727683,-77.6229698903817,51.3,313.7,1640.4,True,1,1,False,False,False,False,,True,False,False,,328,,16.4,Calm,41,, 1.8.0,DJI Mini 3 Pro,1581F4XF3229R006,53HFK5R0M30ACD,5HAZK6H0018AUR,52XPK6ACA001NV,180.6,0.7,59,13.23575,6.487126,0,8942,DJI Mini 3 Pro,1581F4XF3229R006,53HFK5R0M30ACD,5HAZK6H0018AUR,52XPK6ACA001NV,DJI Fly,, 1.8.0,61EABE4C-BCDC-32F4-D0CC-A1B5A0612123,1581F4XF3229R006W0A6,,,,,,,,,,
6/20/2023,8:52:58.58 AM,1m 38.0s,98,43.0666056408136,-77.622777472672,54.7,60.6,34.7,589,502.6,,13.235805,,5.368656,,6.71082,4.47388,4.47388,1.4,2.8,-49.9,310.1,ActiveTrack,Other,,25,5,True,,Mini 3 Pro,False,False,,Smart,RC,False,True,False,,,True,,False,False,False,False,False,False,False,False,False,False,0,Follow Yaw,-27.3,0,-19.3,340.7,False,False,False,False,False,True,,True,Normal,100,100,1024,1024,517,1024,N,False,False,False,False,False,0,False,False,False,False,51,7.359,1136,2265,7.359,False,3.683,3.676,0.01,False,False,4.772,103.1,100.4,103.1,,,,,,,,,Idle,,,True,,False,8,Go Home,True,True,True,False,False,False,False,False,False,False,False,False,43.0666047727683,-77.6229698903817,51.2,313.7,1640.4,True,1,1,False,False,False,False,,True,False,False,,328,,16.4,Calm,41,, 1.8.0,DJI Mini 3 Pro,1581F4XF3229R006,53HFK5R0M30ACD,5HAZK6H0018AUR,52XPK6ACA001NV,180.6,0.7,59,13.23575,6.487126,0,8942,DJI Mini 3 Pro,1581F4XF3229R006,53HFK5R0M30ACD,5HAZK6H0018AUR,52XPK6ACA001NV,DJI Fly,, 1.8.0,61EABE4C-BCDC-32F4-D0CC-A1B5A0612123,1581F4XF3229R006W0A6,,,,,,,,,,
6/20/2023,8:52:58.68 AM,1m 38.2s,98.2,43.0666055921403,-77.6227776726301,53.4,60.6,34.7,588,502.7,,13.235805,,5.368656,,6.71082,4.250186,4.47388,2.7,3.6,-49.7,310.3,ActiveTrack,Other,,25,5,True,,Mini 3 Pro,False,False,,Smart,RC,False,True,False,,,True,,False,False,False,False,False,False,False,False,False,False,0,Follow Yaw,-26.7,0,-19.3,340.7,False,False,False,False,False,True,,True,Normal,100,100,1024,1024,532,1024,N,False,False,False,False,False,0,False,False,False,False,51,7.359,1136,2265,7.359,False,3.683,3.676,0.01,False,False,4.772,103.1,100.4,103.1,,,,,,,,,Idle,,,True,,False,8,Go Home,True,True,True,False,False,False,False,False,False,False,False,False,43.0666047727683,-77.6229698903817,51.2,313.7,1640.4,True,1,1,False,False,False,False,,True,False,False,,328,,16.4,Calm,41,, 1.8.0,DJI Mini 3 Pro,1581F4XF3229R006,53HFK5R0M30ACD,5HAZK6H0018AUR,52XPK6ACA001NV,180.6,0.7,59,13.23575,6.487126,0,8942,DJI Mini 3 Pro,1581F4XF3229R006,53HFK5R0M30ACD,5HAZK6H0018AUR,52XPK6ACA001NV,DJI Fly,, 1.8.0,61EABE4C-BCDC-32F4-D0CC-A1B5A0612123,1581F4XF3229R006W0A6,,,,,,,,,,
6/20/2023,8:52:58.88 AM,1m 38.4s,98.4,43.0666055276185,-77.6227778061584,52.1,60.6,34.7,586,502.7,,13.235805,,5.368656,,6.71082,4.250186,4.47388,3.5,4.5,-49.6,310.4,ActiveTrack,Other,,25,5,True,,Mini 3 Pro,False,False,,Smart,RC,False,True,False,,,True,,False,False,False,False,False,False,False,False,False,False,0,Follow Yaw,-26,0,-19.3,340.7,False,False,False,False,False,True,,True,Normal,100,100,1024,1024,534,1024,N,False,False,False,False,False,0,False,False,False,False,51,7.358,1135,2265,7.358,False,3.682,3.676,0.01,False,False,4.482,103.1,100.4,103.1,,,,,,,,,Idle,,,True,,False,8,Go Home,True,True,True,False,False,False,False,False,False,False,False,False,43.0666047727683,-77.6229698903817,51.1,313.7,1640.4,True,1,1,False,False,False,False,,True,False,False,,328,,16.4,Calm,41,, 1.8.0,DJI Mini 3 Pro,1581F4XF3229R006,53HFK5R0M30ACD,5HAZK6H0018AUR,52XPK6ACA001NV,180.6,0.7,59,13.23575,6.487126,0,8942,DJI Mini 3 Pro,1581F4XF3229R006,53HFK5R0M30ACD,5HAZK6H0018AUR,52XPK6ACA001NV,DJI Fly,, 1.8.0,61EABE4C-BCDC-32F4-D0CC-A1B5A0612123,1581F4XF3229R006W0A6,,,,,,,,,,
6/20/2023,8:52:59.08 AM,1m 38.6s,98.6,43.066605469878,-77.6227778008815,50.8,60.6,34.7,585,502.8,,13.235805,,5.368656,,6.71082,4.026492,4.47388,2,3.7,-49.6,310.4,ActiveTrack,Other,,25,5,True,,Mini 3 Pro,False,False,,Smart,RC,False,True,False,,,True,,False,False,False,False,False,False,False,False,False,False,0,Follow Yaw,-25.2,0,-19.3,340.7,False,False,False,False,False,True,,True,Normal,100,100,1024,1024,528,1024,N,False,False,False,False,False,0,False,False,False,False,51,7.358,1135,2265,7.358,False,3.682,3.676,0.01,False,False,4.482,103.1,100.4,103.1,,,,,,,,,Idle,,,True,,False,8,Go Home,True,True,True,False,False,False,False,False,False,False,False,False,43.0666047727683,-77.6229698903817,51.1,313.7,1640.4,True,1,1,False,False,False,False,,True,False,False,,328,,16.4,Calm,41,, 1.8.0,DJI Mini 3 Pro,1581F4XF3229R006,53HFK5R0M30ACD,5HAZK6H0018AUR,52XPK6ACA001NV,180.6,0.7,59,13.23575,6.487126,0,8942,DJI Mini 3 Pro,1581F4XF3229R006,53HFK5R0M30ACD,5HAZK6H0018AUR,52XPK6ACA001NV,DJI Fly,, 1.8.0,61EABE4C-BCDC-32F4-D0CC-A1B5A0612123,1581F4XF3229R006W0A6,,,,,,,,,,
6/20/2023,8:52:59.29 AM,1m 38.8s,98.8,43.0666053765668,-77.6227777366913,49.8,60.6,34.7,584,502.8,,13.235805,,5.368656,,6.71082,3.802798,4.47388,2.4,4.2,-49.5,310.5,ActiveTrack,Other,,25,5,True,,Mini 3 Pro,False,False,,Smart,RC,False,True,False,,,True,,False,False,False,False,False,False,False,False,False,False,0,Follow Yaw,-24.6,0,-19.3,340.7,False,False,False,False,False,True,,True,Normal,100,100,1024,1024,528,1024,N,False,False,False,False,False,0,False,False,False,False,51,7.358,1135,2265,7.358,False,3.682,3.676,0.01,False,False,4.482,103.1,100.4,103.1,,,,,,,,,Idle,,,True,,False,8,Go Home,True,True,True,False,False,False,False,False,False,False,False,False,43.0666047727683,-77.6229698903817,51.2,313.7,1640.4,True,1,1,False,False,False,False,,True,False,False,,328,,16.4,Calm,41,, 1.8.0,DJI Mini 3 Pro,1581F4XF3229R006,53HFK5R0M30ACD,5HAZK6H0018AUR,52XPK6ACA001NV,180.6,0.7,59,13.23575,6.487126,0,8942,DJI Mini 3 Pro,1581F4XF3229R006,53HFK5R0M30ACD,5HAZK6H0018AUR,52XPK6ACA001NV,DJI Fly,, 1.8.0,61EABE4C-BCDC-32F4-D0CC-A1B5A0612123,1581F4XF3229R006W0A6,,,,,,,,,,
6/20/2023,8:52:59.49 AM,1m 39.0s,99,43.066605297479,-77.6227775932543,48.5,60.6,34.7,583,502.8,,13.235805,,5.368656,,6.71082,3.802798,4.47388,2,3.7,-49.5,310.5,ActiveTrack,Other,,25,5,True,,Mini 3 Pro,False,False,,Smart,RC,False,True,False,,,True,,False,False,False,False,False,False,False,False,False,False,0,Follow Yaw,-24,0,-19.3,340.7,False,False,False,False,False,True,,True,Normal,100,100,1024,1024,524,1024,N,False,False,False,False,False,0,False,False,False,False,51,7.358,1135,2265,7.358,False,3.682,3.676,0.01,False,False,4.482,103.1,100.4,103.1,,,,,,,,,Idle,,,True,,False,8,Go Home,True,True,True,False,False,False,False,False,False,False,False,False,43.0666047727683,-77.6229698903817,51.2,313.7,1640.4,True,1,1,False,False,False,False,,True,False,False,,328,,16.4,Calm,41,, 1.8.0,DJI Mini 3 Pro,1581F4XF3229R006,53HFK5R0M30ACD,5HAZK6H0018AUR,52XPK6ACA001NV,180.6,0.7,59,13.23575,6.487126,0,8942,DJI Mini 3 Pro,1581F4XF3229R006,53HFK5R0M30ACD,5HAZK6H0018AUR,52XPK6ACA001NV,DJI Fly,, 1.8.0,61EABE4C-BCDC-32F4-D0CC-A1B5A0612123,1581F4XF3229R006W0A6,,,,,,,,,,
6/20/2023,8:52:59.79 AM,1m 39.2s,99.2,43.0666052175277,-77.6227774148844,47.5,60.6,34.7,582,502.9,,13.235805,,5.368656,,6.71082,4.026492,4.47388,1.3,3.6,-49.6,310.4,ActiveTrack,Other,,25,5,True,,Mini 3 Pro,False,False,,Smart,RC,False,True,False,,,True,,False,False,False,False,False,False,False,False,False,False,0,Follow Yaw,-23.4,0,-19.3,340.7,False,False,False,False,False,True,,True,Normal,100,100,1024,1024,521,1024,N,False,False,False,False,False,0,False,False,False,False,51,7.358,1135,2265,7.358,False,3.682,3.676,0.01,False,False,4.482,103.1,100.4,103.1,,,,,,,,,Idle,,,True,,False,8,Go Home,True,True,True,False,False,False,False,False,False,False,False,False,43.0666047727683,-77.6229698903817,51.2,313.7,1640.4,True,1,1,False,False,False,False,,True,False,False,,328,,16.4,Calm,41,, 1.8.0,DJI Mini 3 Pro,1581F4XF3229R006,53HFK5R0M30ACD,5HAZK6H0018AUR,52XPK6ACA001NV,180.6,0.7,59,13.23575,6.487126,0,8942,DJI Mini 3 Pro,1581F4XF3229R006,53HFK5R0M30ACD,5HAZK6H0018AUR,52XPK6ACA001NV,DJI Fly,, 1.8.0,61EABE4C-BCDC-32F4-D0CC-A1B5A0612123,1581F4XF3229R006W0A6,,,,,,,,,,
6/20/2023,8:52:59.89 AM,1m 39.4s,99.4,43.0666051148963,-77.6227772367138,46.2,60.6,34.7,580,503,,13.235805,,5.368656,,6.71082,4.026492,4.47388,1.2,3.7,-49.6,310.4,ActiveTrack,Other,,25,5,True,,Mini 3 Pro,False,False,,Smart,RC,False,True,False,,,True,,False,False,False,False,False,False,False,False,False,False,0,Follow Yaw,-22.8,0,-19.3,340.7,False,False,False,False,False,True,,True,Normal,100,100,1024,1024,518,1024,N,False,False,False,False,False,0,False,False,False,False,51,7.357,1134,2265,7.357,False,3.682,3.675,0.01,False,False,5.185,103.1,100.4,103.1,,,,,,,,,Idle,,,True,,False,8,Go Home,True,True,True,False,False,False,False,False,False,False,False,False,43.0666047727683,-77.6229698903817,51.3,313.7,1640.4,True,1,1,False,False,False,False,,True,False,False,,328,,16.4,Calm,41,, 1.8.0,DJI Mini 3 Pro,1581F4XF3229R006,53HFK5R0M30ACD,5HAZK6H0018AUR,52XPK6ACA001NV,180.6,0.7,59,13.23575,6.487126,0,8942,DJI Mini 3 Pro,1581F4XF3229R006,53HFK5R0M30ACD,5HAZK6H0018AUR,52XPK6ACA001NV,DJI Fly,, 1.8.0,61EABE4C-BCDC-32F4-D0CC-A1B5A0612123,1581F4XF3229R006W0A6,,,,,,,,,,
6/20/2023,8:53:00.20 AM,1m 39.6s,99.6,43.0666050439127,-77.6227770396872,44.9,60.6,34.7,579,503,,13.235805,,5.368656,,6.71082,4.026492,4.47388,0.7,3.9,-49.7,310.3,ActiveTrack,Other,,25,5,True,,Mini 3 Pro,False,False,,Smart,RC,False,True,False,,,True,,False,False,False,False,False,False,False,False,False,False,0,Follow Yaw,-22.2,0,-19.3,340.7,False,False,False,False,False,True,,True,Normal,100,100,1024,1024,517,1024,N,False,False,False,False,False,0,False,False,False,False,51,7.357,1134,2265,7.357,False,3.682,3.675,0.01,False,False,5.185,103.1,100.4,103.1,,,,,,,,,Idle,,,True,,False,8,Go Home,True,True,True,False,False,False,False,False,False,False,False,False,43.0666047727683,-77.6229698903817,51.3,313.7,1640.4,True,1,1,False,False,False,False,,True,False,False,,328,,16.4,Calm,41,, 1.8.0,DJI Mini 3 Pro,1581F4XF3229R006,53HFK5R0M30ACD,5HAZK6H0018AUR,52XPK6ACA001NV,180.6,0.7,59,13.23575,6.487126,0,8942,DJI Mini 3 Pro,1581F4XF3229R006,53HFK5R0M30ACD,5HAZK6H0018AUR,52XPK6ACA001NV,DJI Fly,, 1.8.0,61EABE4C-BCDC-32F4-D0CC-A1B5A0612123,1581F4XF3229R006W0A6,,,,,,,,,,
6/20/2023,8:53:00.30 AM,1m 39.8s,99.8,43.0666050191521,-77.6227768925329,43.9,60.6,34.7,578,503.1,,13.235805,,5.368656,,6.71082,4.026492,4.47388,0.9,3.4,-49.7,310.3,ActiveTrack,Other,,25,5,True,,Mini 3 Pro,False,False,,Smart,RC,False,True,False,,,True,,False,False,False,False,False,False,False,False,False,False,0,Follow Yaw,-21.5,0,-19.3,340.7,False,False,False,False,False,True,,True,Normal,100,100,1024,1024,518,1024,N,False,False,False,False,False,0,False,False,False,False,51,7.357,1134,2265,7.357,False,3.682,3.675,0.01,False,False,5.185,103.1,100.4,103.1,,,,,,,,,Idle,,,True,,False,8,Go Home,True,True,True,False,False,False,False,False,False,False,False,False,43.0666047727683,-77.6229698903817,51.4,313.7,1640.4,True,1,1,False,False,False,False,,True,False,False,,328,,16.4,Calm,41,, 1.8.0,DJI Mini 3 Pro,1581F4XF3229R006,53HFK5R0M30ACD,5HAZK6H0018AUR,52XPK6ACA001NV,180.6,0.7,59,13.23575,6.487126,0,8942,DJI Mini 3 Pro,1581F4XF3229R006,53HFK5R0M30ACD,5HAZK6H0018AUR,52XPK6ACA001NV,DJI Fly,, 1.8.0,61EABE4C-BCDC-32F4-D0CC-A1B5A0612123,1581F4XF3229R006W0A6,,,,,,,,,,
6/20/2023,8:53:00.50 AM,1m 40.0s,100,43.0666050117354,-77.622776797174,42.6,60.6,34.7,577,503.1,,13.235805,,5.368656,,6.71082,4.026492,4.47388,1.6,3.2,-49.6,310.4,ActiveTrack,Other,,25,5,True,,Mini 3 Pro,False,False,,Smart,RC,False,True,False,,,True,,False,False,False,False,False,False,False,False,False,False,0,Follow Yaw,-20.9,0,-19.3,340.7,False,False,False,False,False,True,,True,Normal,100,100,1024,1024,519,1024,N,False,False,False,False,False,0,False,False,False,False,51,7.357,1134,2265,7.357,False,3.682,3.675,0.01,False,False,5.185,103.1,100.4,103.1,,,,,,,,,Idle,,,True,,False,8,Go Home,True,True,True,False,False,False,False,False,False,False,False,False,43.0666047727683,-77.6229698903817,51.4,313.7,1640.4,True,1,1,False,False,False,False,,True,False,False,,328,,16.4,Calm,41,, 1.8.0,DJI Mini 3 Pro,1581F4XF3229R006,53HFK5R0M30ACD,5HAZK6H0018AUR,52XPK6ACA001NV,180.6,0.7,59,13.23575,6.487126,0,8942,DJI Mini 3 Pro,1581F4XF3229R006,53HFK5R0M30ACD,5HAZK6H0018AUR,52XPK6ACA001NV,DJI Fly,, 1.8.0,61EABE4C-BCDC-32F4-D0CC-A1B5A0612123,1581F4XF3229R006W0A6,,,,,,,,,,
6/20/2023,8:53:00.80 AM,1m 40.2s,100.2,43.066604937295,-77.6227767083819,41.3,60.6,34.7,575,503.1,,13.235805,,5.368656,,6.71082,4.026492,4.47388,0.4,3,-49.8,310.2,ActiveTrack,Other,,25,5,True,,Mini 3 Pro,False,False,,Smart,RC,False,True,False,,,True,,False,False,False,False,False,False,False,False,False,False,0,Follow Yaw,-20.2,0,-19.3,340.7,False,False,False,False,False,True,,True,Normal,100,100,1024,1024,517,1024,N,False,False,False,False,False,0,False,False,False,False,51,7.357,1134,2265,7.357,False,3.682,3.675,0.01,False,False,5.185,103.1,100.4,103.1,,,,,,,,,Idle,,,True,,False,8,Go Home,True,True,True,False,False,False,False,False,False,False,False,False,43.0666047727683,-77.6229698903817,51.4,313.7,1640.4,True,1,1,False,False,False,False,,True,False,False,,328,,16.4,Calm,41,, 1.8.0,DJI Mini 3 Pro,1581F4XF3229R006,53HFK5R0M30ACD,5HAZK6H0018AUR,52XPK6ACA001NV,180.6,0.7,59,13.23575,6.487126,0,8942,DJI Mini 3 Pro,1581F4XF3229R006,53HFK5R0M30ACD,5HAZK6H0018AUR,52XPK6ACA001NV,DJI Fly,, 1.8.0,61EABE4C-BCDC-32F4-D0CC-A1B5A0612123,1581F4XF3229R006W0A6,,,,,,,,,,
6/20/2023,8:53:00.90 AM,1m 40.4s,100.4,43.0666048180164,-77.6227767175402,40,60.6,34.7,574,503.2,,13.235805,,5.368656,,6.71082,4.026492,4.47388,0.6,4.8,-49.8,310.2,ActiveTrack,Other,,25,5,True,,Mini 3 Pro,False,False,,Smart,RC,False,True,False,,,True,,False,False,False,False,False,False,False,False,False,False,0,Follow Yaw,-19.6,0,-19.3,340.7,False,False,False,False,False,True,,True,Normal,100,100,1024,1024,517,1024,N,False,False,False,False,False,0,False,False,False,False,50,7.355,1132,2265,7.355,False,3.681,3.674,0.01,False,False,4.902,103.1,100.4,103.1,,,,,,,,,Idle,,,True,,False,8,Go Home,True,True,True,False,False,False,False,False,False,False,False,False,43.0666047727683,-77.6229698903817,51.4,313.7,1640.4,True,1,1,False,False,False,False,,True,False,False,,328,,16.4,Calm,41,, 1.8.0,DJI Mini 3 Pro,1581F4XF3229R006,53HFK5R0M30ACD,5HAZK6H0018AUR,52XPK6ACA001NV,180.6,0.7,59,13.23575,6.487126,0,8942,DJI Mini 3 Pro,1581F4XF3229R006,53HFK5R0M30ACD,5HAZK6H0018AUR,52XPK6ACA001NV,DJI Fly,, 1.8.0,61EABE4C-BCDC-32F4-D0CC-A1B5A0612123,1581F4XF3229R006W0A6,,,,,,,,,,
6/20/2023,8:53:01.10 AM,1m 40.6s,100.6,43.0666047245133,-77.6227767889304,39,60.6,34.7,573,503.2,,13.235805,,5.368656,,6.71082,4.026492,4.47388,1.1,4.7,-49.8,310.2,ActiveTrack,Other,,25,5,True,,Mini 3 Pro,False,False,,Smart,RC,False,True,False,,,True,,False,False,False,False,False,False,False,False,False,False,0,Follow Yaw,-18.9,0,-19.3,340.7,False,False,False,False,False,True,,True,Normal,100,100,1024,1024,519,1024,N,False,False,False,False,False,0,False,False,False,False,50,7.355,1132,2265,7.355,False,3.681,3.674,0.01,False,False,4.902,103.1,100.4,103.1,,,,,,,,,Idle,,,True,,False,8,Go Home,True,True,True,False,False,False,False,False,False,False,False,False,43.0666047727683,-77.6229698903817,51.4,313.7,1640.4,True,1,1,False,False,False,False,,True,False,False,,328,,16.4,Calm,41,, 1.8.0,DJI Mini 3 Pro,1581F4XF3229R006,53HFK5R0M30ACD,5HAZK6H0018AUR,52XPK6ACA001NV,180.6,0.7,59,13.23575,6.487126,0,8942,DJI Mini 3 Pro,1581F4XF3229R006,53HFK5R0M30ACD,5HAZK6H0018AUR,52XPK6ACA001NV,DJI Fly,, 1.8.0,61EABE4C-BCDC-32F4-D0CC-A1B5A0612123,1581F4XF3229R006W0A6,,,,,,,,,,
6/20/2023,8:53:01.31 AM,1m 40.8s,100.8,43.0666045775562,-77.6227768345225,37.7,60.6,34.7,572,503.3,,13.235805,,5.368656,,6.71082,4.026492,4.47388,1.5,4.2,-49.5,310.5,ActiveTrack,Other,,25,5,True,,Mini 3 Pro,False,False,,Smart,RC,False,True,False,,,True,,False,False,False,False,False,False,False,False,False,False,0,Follow Yaw,-18.2,0,-19.3,340.7,False,False,False,False,False,True,,True,Normal,100,100,1024,1024,520,1024,N,False,False,False,False,False,0,False,False,False,False,50,7.355,1132,2265,7.355,False,3.681,3.674,0.01,False,False,4.902,103.1,100.4,103.1,,,,,,,,,Idle,,,True,,False,8,Go Home,True,True,True,False,False,False,False,False,False,False,False,False,43.0666047727683,-77.6229698903817,51.4,313.7,1640.4,True,1,1,False,False,False,False,,True,False,False,,328,,16.4,Calm,41,, 1.8.0,DJI Mini 3 Pro,1581F4XF3229R006,53HFK5R0M30ACD,5HAZK6H0018AUR,52XPK6ACA001NV,180.6,0.7,59,13.23575,6.487126,0,8942,DJI Mini 3 Pro,1581F4XF3229R006,53HFK5R0M30ACD,5HAZK6H0018AUR,52XPK6ACA001NV,DJI Fly,, 1.8.0,61EABE4C-BCDC-32F4-D0CC-A1B5A0612123,1581F4XF3229R006W0A6,,,,,,,,,,
6/20/2023,8:53:01.51 AM,1m 41.0s,101,43.066604369174,-77.6227768760222,36.4,60.6,34.7,570,503.3,,13.235805,,5.368656,,6.71082,4.026492,4.47388,2,4.2,-49.4,310.6,ActiveTrack,Other,,25,5,True,,Mini 3 Pro,False,False,,Smart,RC,False,True,False,,,True,,False,False,False,False,False,False,False,False,False,False,0,Follow Yaw,-17.5,0,-19.3,340.7,False,False,False,False,False,True,,True,Normal,100,100,1024,1024,520,1024,N,False,False,False,False,False,0,False,False,False,False,50,7.355,1132,2265,7.355,False,3.681,3.674,0.01,False,False,4.902,103.1,100.4,103.1,,,,,,,,,Idle,,,True,,False,8,Go Home,True,True,True,False,False,False,False,False,False,False,False,False,43.0666047727683,-77.6229698903817,51.4,313.7,1640.4,True,1,1,False,False,False,False,,True,False,False,,328,,16.4,Calm,41,, 1.8.0,DJI Mini 3 Pro,1581F4XF3229R006,53HFK5R0M30ACD,5HAZK6H0018AUR,52XPK6ACA001NV,180.6,0.7,59,13.23575,6.487126,0,8942,DJI Mini 3 Pro,1581F4XF3229R006,53HFK5R0M30ACD,5HAZK6H0018AUR,52XPK6ACA001NV,DJI Fly,, 1.8.0,61EABE4C-BCDC-32F4-D0CC-A1B5A0612123,1581F4XF3229R006W0A6,,,,,,,,,,
6/20/2023,8:53:01.71 AM,1m 41.2s,101.2,43.0666041249553,-77.6227768330216,35.1,60.6,34.7,569,503.4,,13.235805,,5.368656,,6.71082,4.026492,4.47388,-1,4.8,-49.8,310.2,ActiveTrack,Other,,25,5,True,,Mini 3 Pro,False,False,,Smart,RC,False,True,False,,,True,,False,False,False,False,False,False,False,False,False,False,0,Follow Yaw,-16.9,0,-19.2,340.8,False,False,False,False,False,True,,True,Normal,100,100,1024,1024,520,1024,N,False,False,False,False,False,0,False,False,False,False,50,7.355,1132,2265,7.355,False,3.681,3.674,0.01,False,False,4.902,103.1,100.4,103.1,,,,,,,,,Idle,,,True,,False,8,Go Home,True,True,True,False,False,False,False,False,False,False,False,False,43.0666047727683,-77.6229698903817,51.4,313.7,1640.4,True,1,1,False,False,False,False,,True,False,False,,328,,16.4,Calm,41,, 1.8.0,DJI Mini 3 Pro,1581F4XF3229R006,53HFK5R0M30ACD,5HAZK6H0018AUR,52XPK6ACA001NV,180.6,0.7,59,13.23575,6.487126,0,8942,DJI Mini 3 Pro,1581F4XF3229R006,53HFK5R0M30ACD,5HAZK6H0018AUR,52XPK6ACA001NV,DJI Fly,, 1.8.0,61EABE4C-BCDC-32F4-D0CC-A1B5A0612123,1581F4XF3229R006W0A6,,,,,,,,,,
6/20/2023,8:53:01.92 AM,1m 41.4s,101.4,43.0666039750586,-77.6227768208965,34.1,60.6,34.7,568,503.5,,13.235805,,5.368656,,6.71082,4.026492,4.47388,0.8,3.7,-49.5,310.5,ActiveTrack,Other,,25,5,True,,Mini 3 Pro,False,False,,Smart,RC,False,True,False,,,True,,False,False,False,False,False,False,False,False,False,False,0,Follow Yaw,-16.2,0,-19.2,340.8,False,False,False,False,False,True,,True,Normal,100,100,1024,1024,519,1024,N,False,False,False,False,False,0,False,False,False,False,50,7.351,1131,2265,7.351,False,3.68,3.671,0.01,False,False,4.989,103.1,100.4,103.1,,,,,,,,,Idle,,,True,,False,8,Go Home,True,True,True,False,False,False,False,False,False,False,False,False,43.0666047727683,-77.6229698903817,51.4,313.7,1640.4,True,1,1,False,False,False,False,,True,False,False,,328,,16.4,Calm,41,, 1.8.0,DJI Mini 3 Pro,1581F4XF3229R006,53HFK5R0M30ACD,5HAZK6H0018AUR,52XPK6ACA001NV,180.6,0.7,59,13.23575,6.487126,0,8942,DJI Mini 3 Pro,1581F4XF3229R006,53HFK5R0M30ACD,5HAZK6H0018AUR,52XPK6ACA001NV,DJI Fly,, 1.8.0,61EABE4C-BCDC-32F4-D0CC-A1B5A0612123,1581F4XF3229R006W0A6,,,,,,,,,,
6/20/2023,8:53:02.12 AM,1m 41.6s,101.6,43.0666038424985,-77.6227767802177,32.8,60.6,34.7,567,503.5,,13.235805,,5.368656,,6.71082,4.250186,4.47388,2.3,4.7,-49.5,310.5,ActiveTrack,Other,,25,5,True,,Mini 3 Pro,False,False,,Smart,RC,False,True,False,,,True,,False,False,False,False,False,False,False,False,False,False,0,Follow Yaw,-15.5,0,-19.2,340.8,False,False,False,False,False,True,,True,Normal,100,100,1024,1024,524,1024,N,False,False,False,False,False,0,False,False,False,False,50,7.351,1131,2265,7.351,False,3.68,3.671,0.01,False,False,4.989,103.1,100.4,103.1,,,,,,,,,Idle,,,True,,False,8,Go Home,True,True,True,False,False,False,False,False,False,False,False,False,43.0666047727683,-77.6229698903817,51.4,313.7,1640.4,True,1,1,False,False,False,False,,True,False,False,,328,,16.4,Calm,41,, 1.8.0,DJI Mini 3 Pro,1581F4XF3229R006,53HFK5R0M30ACD,5HAZK6H0018AUR,52XPK6ACA001NV,180.6,0.7,59,13.23575,6.487126,0,8942,DJI Mini 3 Pro,1581F4XF3229R006,53HFK5R0M30ACD,5HAZK6H0018AUR,52XPK6ACA001NV,DJI Fly,, 1.8.0,61EABE4C-BCDC-32F4-D0CC-A1B5A0612123,1581F4XF3229R006W0A6,,,,,,,,,,
6/20/2023,8:53:02.32 AM,1m 41.8s,101.8,43.0666036893299,-77.622776642081,31.4,60.6,34.7,566,503.6,,13.235805,,5.368656,,6.71082,4.026492,4.47388,0,4.1,-49.5,310.5,ActiveTrack,Other,,25,5,True,,Mini 3 Pro,False,False,,Smart,RC,False,True,False,,,True,,False,False,False,False,False,False,False,False,False,False,0,Follow Yaw,-14.8,0,-19.2,340.8,False,False,False,False,False,True,,True,Normal,100,100,1024,1024,549,1024,N,False,False,False,False,False,0,False,False,False,False,50,7.351,1131,2265,7.351,False,3.68,3.671,0.01,False,False,4.989,103.1,100.4,103.1,,,,,,,,,Idle,,,True,,False,8,Go Home,True,True,True,False,False,False,False,False,False,False,False,False,43.0666047727683,-77.6229698903817,51.5,313.7,1640.4,True,1,1,False,False,False,False,,True,False,False,,328,,16.4,Calm,41,, 1.8.0,DJI Mini 3 Pro,1581F4XF3229R006,53HFK5R0M30ACD,5HAZK6H0018AUR,52XPK6ACA001NV,180.6,0.7,59,13.23575,6.487126,0,8942,DJI Mini 3 Pro,1581F4XF3229R006,53HFK5R0M30ACD,5HAZK6H0018AUR,52XPK6ACA001NV,DJI Fly,, 1.8.0,61EABE4C-BCDC-32F4-D0CC-A1B5A0612123,1581F4XF3229R006W0A6,,,,,,,,,,
6/20/2023,8:53:02.52 AM,1m 42.0s,102,43.0666035232792,-77.6227764971899,30.1,60.6,29.1,564,503.7,,13.235805,,5.368656,,6.71082,4.026492,4.47388,-1.6,3.4,-49.8,310.2,ActiveTrack,Other,,25,5,True,,Mini 3 Pro,True,False,,Smart,RC,False,True,False,,,True,,False,False,False,False,False,False,False,False,False,False,0,Follow Yaw,-14.1,0,-19.2,340.8,False,False,False,False,False,True,,True,Normal,100,100,1024,1024,558,1024,N,False,False,False,False,False,0,False,False,False,False,50,7.351,1131,2265,7.351,False,3.68,3.671,0.01,False,False,4.989,103.1,100.4,103.1,,,,,,,,,Idle,,,True,,False,8,Go Home,True,True,True,False,False,False,False,False,True,False,False,False,43.0666047727683,-77.6229698903817,51.5,313.7,1640.4,True,1,1,False,False,False,False,,True,False,False,,328,,16.4,Calm,41,, 1.8.0,DJI Mini 3 Pro,1581F4XF3229R006,53HFK5R0M30ACD,5HAZK6H0018AUR,52XPK6ACA001NV,180.6,0.7,59,13.23575,6.487126,0,8942,DJI Mini 3 Pro,1581F4XF3229R006,53HFK5R0M30ACD,5HAZK6H0018AUR,52XPK6ACA001NV,DJI Fly,, 1.8.0,61EABE4C-BCDC-32F4-D0CC-A1B5A0612123,1581F4XF3229R006W0A6,,,,,,,,,,
6/20/2023,8:53:02.72 AM,1m 42.2s,102.2,43.066603365694,-77.6227764227977,29.1,60.6,27.8,563,503.7,,13.235805,,5.368656,,6.71082,3.579104,4.47388,-0.2,5.2,-49.6,310.4,ActiveTrack,Other,,25,5,True,,Mini 3 Pro,True,False,,Smart,RC,False,True,False,,,True,,False,False,False,False,False,False,False,False,False,False,0,Follow Yaw,-13.5,0,-19.2,340.8,False,False,False,False,False,True,,True,Normal,100,100,1024,1024,559,1024,N,False,False,False,False,False,0,False,False,False,False,50,7.351,1131,2265,7.351,False,3.68,3.671,0.01,False,False,4.989,103.1,100.4,103.1,,,,,,,,,Idle,,,True,,False,8,Go Home,True,True,True,False,False,False,False,False,True,False,False,False,43.0666047727683,-77.6229698903817,51.5,313.7,1640.4,True,1,1,False,False,False,False,,True,False,False,,328,,16.4,Calm,41,, 1.8.0,DJI Mini 3 Pro,1581F4XF3229R006,53HFK5R0M30ACD,5HAZK6H0018AUR,52XPK6ACA001NV,180.6,0.7,59,13.23575,6.487126,0,8942,DJI Mini 3 Pro,1581F4XF3229R006,53HFK5R0M30ACD,5HAZK6H0018AUR,52XPK6ACA001NV,DJI Fly,, 1.8.0,61EABE4C-BCDC-32F4-D0CC-A1B5A0612123,1581F4XF3229R006W0A6,,,,,,,,,,
6/20/2023,8:53:02.93 AM,1m 42.4s,102.4,43.0666032509278,-77.622776390644,28.2,60.6,26.9,562,503.8,,13.235805,,5.368656,,6.71082,3.579104,4.47388,-0.4,5,-49.6,310.4,ActiveTrack,Other,,25,5,True,,Mini 3 Pro,True,False,,Smart,RC,False,True,False,,,True,,False,False,False,False,False,False,False,False,False,False,0,Follow Yaw,-12.9,0,-19.2,340.8,False,False,False,False,False,True,,True,Normal,100,100,1024,1024,557,1024,N,False,False,False,False,False,0,False,False,False,False,50,7.346,1130,2265,7.346,False,3.677,3.669,0.01,False,False,5.23,102.9,100.4,103.1,,,,,,,,,Idle,,,True,,False,8,Go Home,True,True,True,False,False,False,False,False,True,False,False,False,43.0666047727683,-77.6229698903817,51.5,313.7,1640.4,True,1,1,False,False,False,False,,True,False,False,,328,,16.4,Calm,41,, 1.8.0,DJI Mini 3 Pro,1581F4XF3229R006,53HFK5R0M30ACD,5HAZK6H0018AUR,52XPK6ACA001NV,180.6,0.7,59,13.23575,6.487126,0,8942,DJI Mini 3 Pro,1581F4XF3229R006,53HFK5R0M30ACD,5HAZK6H0018AUR,52XPK6ACA001NV,DJI Fly,, 1.8.0,61EABE4C-BCDC-32F4-D0CC-A1B5A0612123,1581F4XF3229R006W0A6,,,,,,,,,,
6/20/2023,8:53:03.13 AM,1m 42.6s,102.6,43.0666031750536,-77.6227763338532,26.9,60.6,25.9,561,503.8,,13.235805,,5.368656,,6.71082,3.579104,4.47388,0.5,3.9,-49.6,310.4,ActiveTrack,Other,,25,5,True,,Mini 3 Pro,True,False,,Smart,RC,False,True,False,,,True,,False,False,False,False,False,False,False,False,False,False,0,Follow Yaw,-12.4,0,-19.2,340.8,False,False,False,False,False,True,,True,Normal,100,100,1024,1024,557,1024,N,False,False,False,False,False,0,False,False,False,False,50,7.346,1130,2265,7.346,False,3.677,3.669,0.01,False,False,5.23,102.9,100.4,103.1,,,,,,,,,Idle,,,True,,False,8,Go Home,True,True,True,False,False,False,False,False,True,False,False,False,43.0666047727683,-77.6229698903817,51.5,313.7,1640.4,True,1,1,False,False,False,False,,True,False,False,,328,,16.4,Calm,41,, 1.8.0,DJI Mini 3 Pro,1581F4XF3229R006,53HFK5R0M30ACD,5HAZK6H0018AUR,52XPK6ACA001NV,180.6,0.7,59,13.23575,6.487126,0,8942,DJI Mini 3 Pro,1581F4XF3229R006,53HFK5R0M30ACD,5HAZK6H0018AUR,52XPK6ACA001NV,DJI Fly,, 1.8.0,61EABE4C-BCDC-32F4-D0CC-A1B5A0612123,1581F4XF3229R006W0A6,,,,,,,,,,
6/20/2023,8:53:03.33 AM,1m 42.8s,102.8,43.0666031243019,-77.622776251792,25.9,60.6,24.9,560,503.8,,13.235805,,5.368656,,6.71082,3.579104,4.47388,-0.6,4.2,-49.8,310.2,ActiveTrack,Other,,25,5,True,,Mini 3 Pro,True,False,,Smart,RC,False,True,False,,,True,,False,False,False,False,False,False,False,False,False,False,0,Follow Yaw,-11.7,0,-19.3,340.7,False,False,False,False,False,True,,True,Normal,100,100,1024,1024,558,1024,N,False,False,False,False,False,0,False,False,False,False,50,7.346,1130,2265,7.346,False,3.677,3.669,0.01,False,False,5.23,102.9,100.4,103.1,,,,,,,,,Idle,,,True,,False,8,Go Home,True,True,True,False,False,False,False,False,True,False,False,False,43.0666047727683,-77.6229698903817,51.6,313.7,1640.4,True,1,1,False,False,False,False,,True,False,False,,328,,16.4,Calm,41,, 1.8.0,DJI Mini 3 Pro,1581F4XF3229R006,53HFK5R0M30ACD,5HAZK6H0018AUR,52XPK6ACA001NV,180.6,0.7,59,13.23575,6.487126,0,8942,DJI Mini 3 Pro,1581F4XF3229R006,53HFK5R0M30ACD,5HAZK6H0018AUR,52XPK6ACA001NV,DJI Fly,, 1.8.0,61EABE4C-BCDC-32F4-D0CC-A1B5A0612123,1581F4XF3229R006W0A6,,,,,,,,,,
6/20/2023,8:53:03.53 AM,1m 43.0s,103,43.0666031170306,-77.6227761871327,24.9,60.6,23.9,559,503.9,,13.235805,,5.368656,,6.71082,3.579104,4.47388,-1.2,4,-49.7,310.3,ActiveTrack,Other,,25,5,True,,Mini 3 Pro,True,False,,Smart,RC,False,True,False,,,True,,False,False,False,False,False,False,False,False,False,False,0,Follow Yaw,-11.1,0,-19.3,340.7,False,False,False,False,False,True,,True,Normal,100,100,1024,1024,556,1024,N,False,False,False,False,False,0,False,False,False,False,50,7.346,1130,2265,7.346,False,3.677,3.669,0.01,False,False,5.23,102.9,100.4,103.1,,,,,,,,,Idle,,,True,,False,8,Go Home,True,True,True,False,False,False,False,False,True,False,False,False,43.0666047727683,-77.6229698903817,51.6,313.7,1640.4,True,1,1,False,False,False,False,,True,False,False,,328,,16.4,Calm,41,, 1.8.0,DJI Mini 3 Pro,1581F4XF3229R006,53HFK5R0M30ACD,5HAZK6H0018AUR,52XPK6ACA001NV,180.6,0.7,59,13.23575,6.487126,0,8942,DJI Mini 3 Pro,1581F4XF3229R006,53HFK5R0M30ACD,5HAZK6H0018AUR,52XPK6ACA001NV,DJI Fly,, 1.8.0,61EABE4C-BCDC-32F4-D0CC-A1B5A0612123,1581F4XF3229R006W0A6,,,,,,,,,,
6/20/2023,8:53:03.73 AM,1m 43.2s,103.2,43.0666031396655,-77.6227761814103,23.9,60.6,22.6,558,503.9,,13.235805,,5.368656,,6.71082,3.579104,4.47388,-0.1,4.2,-49.7,310.3,ActiveTrack,Other,,25,5,True,,Mini 3 Pro,True,False,,Smart,RC,False,True,False,,,True,,False,False,False,False,False,False,False,False,False,False,0,Follow Yaw,-10.5,0,-19.3,340.7,False,False,False,False,False,True,,True,Normal,100,100,1024,1024,556,1024,N,False,False,False,False,False,0,False,False,False,False,50,7.346,1130,2265,7.346,False,3.677,3.669,0.01,False,False,5.23,102.9,100.4,103.1,,,,,,,,,Idle,,,True,,False,8,Go Home,True,True,True,False,False,False,False,False,True,False,False,False,43.0666047727683,-77.6229698903817,51.6,313.7,1640.4,True,1,1,False,False,False,False,,True,False,False,,328,,16.4,Calm,41,, 1.8.0,DJI Mini 3 Pro,1581F4XF3229R006,53HFK5R0M30ACD,5HAZK6H0018AUR,52XPK6ACA001NV,180.6,0.7,59,13.23575,6.487126,0,8942,DJI Mini 3 Pro,1581F4XF3229R006,53HFK5R0M30ACD,5HAZK6H0018AUR,52XPK6ACA001NV,DJI Fly,, 1.8.0,61EABE4C-BCDC-32F4-D0CC-A1B5A0612123,1581F4XF3229R006W0A6,,,,,,,,,,
6/20/2023,8:53:03.94 AM,1m 43.4s,103.4,43.0666031971115,-77.6227761592122,22.6,60.6,21.6,557,503.9,,13.235805,,5.368656,,6.71082,3.579104,4.47388,-0.6,4.3,-49.7,310.3,ActiveTrack,Other,,25,5,True,,Mini 3 Pro,True,False,,Smart,RC,False,True,False,,,True,,False,False,False,False,False,False,False,False,False,False,0,Follow Yaw,-9.8,0,-19.3,340.7,False,False,False,False,False,True,,True,Normal,100,100,1024,1024,557,1024,N,False,False,False,False,False,0,False,False,False,False,50,7.347,1128,2265,7.347,False,3.678,3.669,0.01,False,False,5.134,103.1,100.4,103.1,,,,,,,,,Idle,,,True,,False,8,Go Home,True,True,True,False,False,False,False,False,True,False,False,False,43.0666047727683,-77.6229698903817,51.6,313.7,1640.4,True,1,1,False,False,False,False,,True,False,False,,328,,16.4,Calm,41,, 1.8.0,DJI Mini 3 Pro,1581F4XF3229R006,53HFK5R0M30ACD,5HAZK6H0018AUR,52XPK6ACA001NV,180.6,0.7,59,13.23575,6.487126,0,8942,DJI Mini 3 Pro,1581F4XF3229R006,53HFK5R0M30ACD,5HAZK6H0018AUR,52XPK6ACA001NV,DJI Fly,, 1.8.0,61EABE4C-BCDC-32F4-D0CC-A1B5A0612123,1581F4XF3229R006W0A6,,,,,,,,,,
6/20/2023,8:53:04.14 AM,1m 43.6s,103.6,43.0666032962984,-77.6227761393243,21.6,60.6,20.6,556,503.9,,13.235805,,5.368656,,6.71082,3.579104,4.47388,-0.1,3.7,-49.7,310.3,ActiveTrack,Other,,25,5,True,,Mini 3 Pro,True,False,,Smart,RC,False,True,False,,,True,,False,False,False,False,False,False,False,False,False,False,0,Follow Yaw,-9.2,0,-19.3,340.7,False,False,False,False,False,True,,True,Normal,100,100,1024,1024,564,1024,N,False,False,False,False,False,0,False,False,False,False,50,7.347,1128,2265,7.347,False,3.678,3.669,0.01,False,False,5.134,103.1,100.4,103.1,,,,,,,,,Idle,,,True,,False,8,Go Home,True,True,True,False,False,False,False,False,True,False,False,False,43.0666047727683,-77.6229698903817,51.6,313.7,1640.4,True,1,1,False,False,False,False,,True,False,False,,328,,16.4,Calm,41,, 1.8.0,DJI Mini 3 Pro,1581F4XF3229R006,53HFK5R0M30ACD,5HAZK6H0018AUR,52XPK6ACA001NV,180.6,0.7,59,13.23575,6.487126,0,8942,DJI Mini 3 Pro,1581F4XF3229R006,53HFK5R0M30ACD,5HAZK6H0018AUR,52XPK6ACA001NV,DJI Fly,, 1.8.0,61EABE4C-BCDC-32F4-D0CC-A1B5A0612123,1581F4XF3229R006W0A6,,,,,,,,,,
6/20/2023,8:53:04.34 AM,1m 43.8s,103.8,43.0666034290605,-77.6227760789452,20.6,60.6,20,555,504,,13.235805,,5.368656,,6.71082,3.579104,4.47388,-0.2,3.5,-49.8,310.2,ActiveTrack,Other,,25,5,True,,Mini 3 Pro,True,False,,Smart,RC,False,True,False,,,True,,False,False,False,False,False,False,False,False,False,False,0,Follow Yaw,-8.5,0,-19.3,340.7,False,False,False,False,False,True,,True,Normal,100,100,1024,1024,570,1024,N,False,False,False,False,False,0,False,False,False,False,50,7.347,1128,2265,7.347,False,3.678,3.669,0.01,False,False,5.134,103.1,100.4,103.1,,,,,,,,,Idle,,,True,,False,8,Go Home,True,True,True,False,False,False,False,False,True,False,False,False,43.0666047727683,-77.6229698903817,51.6,313.7,1640.4,True,1,1,False,False,False,False,,True,False,False,,328,,16.4,Calm,41,, 1.8.0,DJI Mini 3 Pro,1581F4XF3229R006,53HFK5R0M30ACD,5HAZK6H0018AUR,52XPK6ACA001NV,180.6,0.7,59,13.23575,6.487126,0,8942,DJI Mini 3 Pro,1581F4XF3229R006,53HFK5R0M30ACD,5HAZK6H0018AUR,52XPK6ACA001NV,DJI Fly,, 1.8.0,61EABE4C-BCDC-32F4-D0CC-A1B5A0612123,1581F4XF3229R006W0A6,,,,,,,,,,
6/20/2023,8:53:04.44 AM,1m 44.0s,104,43.0666036054805,-77.6227760410573,19.6,60.6,19,554,504,,13.235805,,5.368656,,6.71082,3.35541,4.47388,0.4,3,-49.8,310.2,ActiveTrack,Other,,25,5,True,,Mini 3 Pro,True,False,,Smart,RC,False,True,False,,,True,,False,False,False,False,False,False,False,False,False,False,0,Follow Yaw,-7.8,0,-19.3,340.7,False,False,False,False,False,True,,True,Normal,100,100,1024,1024,571,1024,N,False,False,False,False,False,0,False,False,False,False,50,7.347,1128,2265,7.347,False,3.678,3.669,0.01,False,False,5.134,103.1,100.4,103.1,,,,,,,,,Idle,,,True,,False,8,Go Home,True,True,True,False,False,False,False,False,True,False,False,False,43.0666047727683,-77.6229698903817,51.6,313.7,1640.4,True,1,1,False,False,False,False,,True,False,False,,328,,16.4,Calm,41,, 1.8.0,DJI Mini 3 Pro,1581F4XF3229R006,53HFK5R0M30ACD,5HAZK6H0018AUR,52XPK6ACA001NV,180.6,0.7,59,13.23575,6.487126,0,8942,DJI Mini 3 Pro,1581F4XF3229R006,53HFK5R0M30ACD,5HAZK6H0018AUR,52XPK6ACA001NV,DJI Fly,, 1.8.0,61EABE4C-BCDC-32F4-D0CC-A1B5A0612123,1581F4XF3229R006W0A6,,,,,,,,,,
6/20/2023,8:53:04.74 AM,1m 44.2s,104.2,43.0666037793777,-77.6227760268214,18.7,60.6,18,553,504.1,,13.235805,,5.368656,,6.71082,3.35541,4.47388,0,2.2,-49.9,310.1,ActiveTrack,Other,,25,5,True,,Mini 3 Pro,True,False,,Smart,RC,False,True,False,,,True,,False,False,False,False,False,False,False,False,False,False,0,Follow Yaw,-7.2,0,-19.3,340.7,False,False,False,False,False,True,,True,Normal,100,100,1024,1024,581,1024,N,False,False,False,False,False,0,False,False,False,False,50,7.347,1128,2265,7.347,False,3.678,3.669,0.01,False,False,5.134,103.1,100.4,103.1,,,,,,,,,Idle,,,True,,False,8,Go Home,True,True,True,False,False,False,False,False,True,False,False,False,43.0666047727683,-77.6229698903817,51.6,313.7,1640.4,True,1,1,False,False,False,False,,True,False,False,,328,,16.4,Calm,41,, 1.8.0,DJI Mini 3 Pro,1581F4XF3229R006,53HFK5R0M30ACD,5HAZK6H0018AUR,52XPK6ACA001NV,180.6,0.7,59,13.23575,6.487126,0,8942,DJI Mini 3 Pro,1581F4XF3229R006,53HFK5R0M30ACD,5HAZK6H0018AUR,52XPK6ACA001NV,DJI Fly,, 1.8.0,61EABE4C-BCDC-32F4-D0CC-A1B5A0612123,1581F4XF3229R006W0A6,,,,,,,,,,
6/20/2023,8:53:04.95 AM,1m 44.4s,104.4,43.0666039172446,-77.6227760537921,17.7,60.6,17,552,504.2,,13.235805,,5.368656,,6.71082,3.35541,4.47388,0.8,2.5,-49.9,310.1,ActiveTrack,Other,,25,5,True,,Mini 3 Pro,True,False,,Smart,RC,False,True,False,,,True,,False,False,False,False,False,False,False,False,False,False,0,Follow Yaw,-6.6,0,-19.4,340.6,False,False,False,False,False,True,,True,Normal,100,100,744,1024,761,1024,N,False,False,False,False,False,0,False,False,False,False,50,7.342,1127,2265,7.342,False,3.675,3.667,0.01,False,False,5.125,103.3,100.4,103.2,,,,,,,,,Idle,,,True,,False,8,Go Home,True,True,True,False,False,False,False,False,True,False,False,False,43.0666047727683,-77.6229698903817,51.6,313.7,1640.4,True,1,1,False,False,False,False,,True,False,False,,328,,16.4,Calm,41,, 1.8.0,DJI Mini 3 Pro,1581F4XF3229R006,53HFK5R0M30ACD,5HAZK6H0018AUR,52XPK6ACA001NV,180.6,0.7,59,13.23575,6.487126,0,8942,DJI Mini 3 Pro,1581F4XF3229R006,53HFK5R0M30ACD,5HAZK6H0018AUR,52XPK6ACA001NV,DJI Fly,, 1.8.0,61EABE4C-BCDC-32F4-D0CC-A1B5A0612123,1581F4XF3229R006W0A6,,,,,,,,,,
6/20/2023,8:53:05.05 AM,1m 44.6s,104.6,43.0666040240017,-77.6227761067836,16.7,60.6,16,551,504.2,,13.235805,,5.368656,,6.71082,3.131716,4.47388,-0.3,3.5,-49.8,310.2,ActiveTrack,Other,,25,5,True,,Mini 3 Pro,True,False,,Smart,RC,False,True,False,,,True,,False,False,False,False,False,False,False,False,False,False,0,Follow Yaw,-6.1,0,-19.4,340.6,False,False,False,False,False,True,,True,Normal,100,100,655,1024,892,1024,N,False,False,False,False,False,0,False,False,False,False,50,7.342,1127,2265,7.342,False,3.675,3.667,0.01,False,False,5.125,103.3,100.4,103.2,,,,,,,,,Idle,,,True,,False,8,Go Home,True,True,True,False,False,False,False,False,True,False,False,False,43.0666047727683,-77.6229698903817,51.6,313.7,1640.4,True,1,1,False,False,False,False,,True,False,False,,328,,16.4,Calm,41,, 1.8.0,DJI Mini 3 Pro,1581F4XF3229R006,53HFK5R0M30ACD,5HAZK6H0018AUR,52XPK6ACA001NV,180.6,0.7,59,13.23575,6.487126,0,8942,DJI Mini 3 Pro,1581F4XF3229R006,53HFK5R0M30ACD,5HAZK6H0018AUR,52XPK6ACA001NV,DJI Fly,, 1.8.0,61EABE4C-BCDC-32F4-D0CC-A1B5A0612123,1581F4XF3229R006W0A6,,,,,,,,,,
6/20/2023,8:53:05.35 AM,1m 44.8s,104.8,43.0666040939767,-77.6227762171405,15.7,60.6,15,550,504.2,,13.235805,,5.368656,,6.71082,1.789552,4.47388,-0.7,-3.7,-49.7,310.3,ActiveTrack,Other,,25,5,True,,Mini 3 Pro,True,False,,Smart,RC,False,True,False,,,True,,False,False,False,False,False,False,False,False,False,False,0,Follow Yaw,-5.8,0,-19.4,340.6,False,False,False,False,False,True,,True,Normal,100,100,562,1024,908,1024,N,False,False,False,False,False,0,False,False,False,False,50,7.342,1127,2265,7.342,False,3.675,3.667,0.01,False,False,5.125,103.3,100.4,103.2,,,,,,,,,Idle,,,True,,False,8,Go Home,True,True,True,False,False,False,False,False,True,False,False,False,43.0666047727683,-77.6229698903817,51.6,313.7,1640.4,True,1,1,False,False,False,False,,True,False,False,,328,,16.4,Calm,41,, 1.8.0,DJI Mini 3 Pro,1581F4XF3229R006,53HFK5R0M30ACD,5HAZK6H0018AUR,52XPK6ACA001NV,180.6,0.7,59,13.23575,6.487126,0,8942,DJI Mini 3 Pro,1581F4XF3229R006,53HFK5R0M30ACD,5HAZK6H0018AUR,52XPK6ACA001NV,DJI Fly,, 1.8.0,61EABE4C-BCDC-32F4-D0CC-A1B5A0612123,1581F4XF3229R006W0A6,,,,,,,,,,
6/20/2023,8:53:05.55 AM,1m 45.0s,105,43.0666038497787,-77.622776805277,15.4,60.6,14.7,549,504.4,0.80654,13.235805,-0.447388,5.368656,-0.671082,6.71082,0.671082,4.47388,-2,-11.5,-49.5,310.5,ActiveTrack,Other,,25,5,True,,Mini 3 Pro,True,False,,Smart,RC,False,True,False,,,True,,False,False,False,False,False,False,False,False,False,False,0,Follow Yaw,-5.9,0,-19.2,340.8,False,False,False,False,False,True,,True,Normal,100,100,559,1024,903,1024,N,False,False,False,False,False,0,False,False,False,False,50,7.342,1127,2265,7.342,False,3.675,3.667,0.01,False,False,5.125,103.3,100.4,103.2,,,,,,,,,Idle,,,True,,False,8,Go Home,True,True,True,False,False,False,False,False,True,False,False,False,43.0666047727683,-77.6229698903817,51.4,313.7,1640.4,True,1,1,False,False,False,False,,True,False,False,,328,,16.4,Calm,41,, 1.8.0,DJI Mini 3 Pro,1581F4XF3229R006,53HFK5R0M30ACD,5HAZK6H0018AUR,52XPK6ACA001NV,180.6,0.7,59,13.23575,6.487126,0,8942,DJI Mini 3 Pro,1581F4XF3229R006,53HFK5R0M30ACD,5HAZK6H0018AUR,52XPK6ACA001NV,DJI Fly,, 1.8.0,61EABE4C-BCDC-32F4-D0CC-A1B5A0612123,1581F4XF3229R006W0A6,,,,,,,,,,
6/20/2023,8:53:05.65 AM,1m 45.2s,105.2,43.0666029955652,-77.622778350274,15.4,60.6,14.7,549,504.9,2.110324,13.235805,-1.11847,5.368656,-1.789552,6.71082,0.223694,4.47388,-3.8,-16.4,-49.1,310.9,ActiveTrack,Other,,25,5,True,,Mini 3 Pro,True,False,,Smart,RC,False,True,False,,,True,,False,False,False,False,False,False,False,False,False,False,0,Follow Yaw,-6,0,-18.8,341.2,False,False,False,False,False,True,,True,Normal,100,100,583,1024,907,1024,N,False,False,False,False,False,0,False,False,False,False,50,7.342,1127,2265,7.342,False,3.675,3.667,0.01,False,False,5.125,103.3,100.4,103.2,,,,,,,,,Idle,,,True,,False,8,Go Home,True,True,True,False,False,False,False,False,True,False,False,False,43.0666047727683,-77.6229698903817,51,313.7,1640.4,True,1,1,False,False,False,False,,True,False,False,,328,,16.4,Calm,41,, 1.8.0,DJI Mini 3 Pro,1581F4XF3229R006,53HFK5R0M30ACD,5HAZK6H0018AUR,52XPK6ACA001NV,180.6,0.7,59,13.23575,6.487126,0,8942,DJI Mini 3 Pro,1581F4XF3229R006,53HFK5R0M30ACD,5HAZK6H0018AUR,52XPK6ACA001NV,DJI Fly,, 1.8.0,61EABE4C-BCDC-32F4-D0CC-A1B5A0612123,1581F4XF3229R006W0A6,,,,,,,,,,
6/20/2023,8:53:05.96 AM,1m 45.4s,105.4,43.0666014154066,-77.6227811003087,15.4,60.6,14.4,549,505.9,3.536912,13.235805,-2.013246,5.368656,-2.908022,6.71082,0.223694,4.47388,-2.8,-16.7,-48.8,311.2,ActiveTrack,Other,,25,5,True,,Mini 3 Pro,True,False,,Smart,RC,False,True,False,,,True,,False,False,False,False,False,False,False,False,False,False,0,Follow Yaw,-6,0,-18.2,341.8,False,False,False,False,False,True,,True,Normal,100,100,623,1024,912,1024,N,False,False,False,False,False,0,False,False,False,False,50,7.33,1125,2265,7.33,False,3.669,3.661,0.01,False,False,5.92,103.3,100.4,103.2,,,,,,,,,Idle,,,True,,False,8,Go Home,True,True,True,False,False,False,False,False,True,False,False,False,43.0666047727683,-77.6229698903817,50.3,313.7,1640.4,True,1,1,False,False,False,False,,True,False,False,,328,,16.4,Calm,41,, 1.8.0,DJI Mini 3 Pro,1581F4XF3229R006,53HFK5R0M30ACD,5HAZK6H0018AUR,52XPK6ACA001NV,180.6,0.7,59,13.23575,6.487126,0,8942,DJI Mini 3 Pro,1581F4XF3229R006,53HFK5R0M30ACD,5HAZK6H0018AUR,52XPK6ACA001NV,DJI Fly,, 1.8.0,61EABE4C-BCDC-32F4-D0CC-A1B5A0612123,1581F4XF3229R006W0A6,,,,,,,,,,
6/20/2023,8:53:06.16 AM,1m 45.6s,105.6,43.0665991297872,-77.6227849921289,15.4,60.6,14.1,549,507.2,4.78726,13.235805,-2.908022,5.368656,-3.802798,6.71082,0.223694,4.47388,-1.3,-15.5,-48.4,311.6,ActiveTrack,Other,,24,5,True,,Mini 3 Pro,True,False,,Smart,RC,False,True,False,,,True,,False,False,False,False,False,False,False,False,False,False,0,Follow Yaw,-6,0,-17.4,342.6,False,False,False,False,False,True,,True,Normal,100,100,1024,1024,914,1024,N,False,False,False,False,False,0,False,False,False,False,50,7.33,1125,2265,7.33,False,3.669,3.661,0.01,False,False,5.92,103.3,100.4,103.2,,,,,,,,,Idle,,,True,,False,8,Go Home,True,True,True,False,False,False,False,False,True,False,False,False,43.0666047727683,-77.6229698903817,49.3,313.7,1640.4,True,1,1,False,False,False,False,,True,False,False,,328,,16.4,Calm,41,, 1.8.0,DJI Mini 3 Pro,1581F4XF3229R006,53HFK5R0M30ACD,5HAZK6H0018AUR,52XPK6ACA001NV,180.6,0.7,59,13.23575,6.487126,0,8942,DJI Mini 3 Pro,1581F4XF3229R006,53HFK5R0M30ACD,5HAZK6H0018AUR,52XPK6ACA001NV,DJI Fly,, 1.8.0,61EABE4C-BCDC-32F4-D0CC-A1B5A0612123,1581F4XF3229R006W0A6,,,,,,,,,,
6/20/2023,8:53:06.26 AM,1m 45.8s,105.8,43.0665962208721,-77.622789806217,15,60.6,14.1,549,508.9,5.729361,13.235805,-3.579104,5.368656,-4.47388,6.71082,0.223694,4.47388,1.1,-9.7,-47.9,312.1,ActiveTrack,Other,,24,5,True,,Mini 3 Pro,True,False,,Smart,RC,False,True,False,,,True,,False,False,False,False,False,False,False,False,False,False,0,Follow Yaw,-6,0,-16.4,343.6,False,False,False,False,False,True,,True,Normal,100,100,1024,1024,913,1024,N,False,False,False,False,False,0,False,False,False,False,50,7.33,1125,2265,7.33,False,3.669,3.661,0.01,False,False,5.92,103.3,100.4,103.2,,,,,,,,,Idle,,,True,,False,8,Go Home,True,True,True,False,False,False,False,False,True,False,False,False,43.0666047727683,-77.6229698903817,48,313.7,1640.4,True,1,1,False,False,False,False,,True,False,False,,328,,16.4,Calm,41,, 1.8.0,DJI Mini 3 Pro,1581F4XF3229R006,53HFK5R0M30ACD,5HAZK6H0018AUR,52XPK6ACA001NV,180.6,0.7,59,13.23575,6.487126,0,8942,DJI Mini 3 Pro,1581F4XF3229R006,53HFK5R0M30ACD,5HAZK6H0018AUR,52XPK6ACA001NV,DJI Fly,, 1.8.0,61EABE4C-BCDC-32F4-D0CC-A1B5A0612123,1581F4XF3229R006W0A6,,,,,,,,,,
6/20/2023,8:53:06.46 AM,1m 46.0s,106,43.0665929287455,-77.6227949786514,15,60.6,14.1,549,510.7,6.018989,13.235805,-4.026492,5.368656,-4.47388,6.71082,0.223694,4.47388,6.8,5.8,-46.3,313.7,ActiveTrack,Other,,24,5,True,,Mini 3 Pro,True,False,,Smart,RC,False,True,False,,,True,,False,False,False,False,False,False,False,False,False,False,0,Follow Yaw,-5.9,0,-15.4,344.6,False,False,False,False,False,True,,True,Normal,100,100,1024,1024,871,1024,N,False,False,False,False,False,0,False,False,False,False,50,7.33,1125,2265,7.33,False,3.669,3.661,0.01,False,False,5.92,103.3,100.4,103.2,,,,,,,,,Idle,,,True,,False,8,Go Home,True,True,True,False,False,False,False,False,True,False,False,False,43.0666047727683,-77.6229698903817,46.8,313.7,1640.4,True,1,1,False,False,False,False,,True,False,False,,328,,16.4,Calm,41,, 1.8.0,DJI Mini 3 Pro,1581F4XF3229R006,53HFK5R0M30ACD,5HAZK6H0018AUR,52XPK6ACA001NV,180.6,0.7,59,13.23575,6.487126,0,8942,DJI Mini 3 Pro,1581F4XF3229R006,53HFK5R0M30ACD,5HAZK6H0018AUR,52XPK6ACA001NV,DJI Fly,, 1.8.0,61EABE4C-BCDC-32F4-D0CC-A1B5A0612123,1581F4XF3229R006W0A6,,,,,,,,,,
6/20/2023,8:53:06.77 AM,1m 46.2s,106.2,43.0665898036645,-77.6227993652661,15,60.6,14.4,549,512.3,4.745266,13.235805,-3.35541,5.368656,-3.35541,6.71082,0.223694,4.47388,3.1,22,-45.4,314.6,ActiveTrack,Other,,24,5,True,,Mini 3 Pro,True,False,,Smart,RC,False,True,False,,,True,,False,False,False,False,False,False,False,False,False,False,0,Follow Yaw,-5.9,0,-14.5,345.5,False,False,False,False,False,True,,True,Normal,100,100,1024,1024,939,1024,N,False,False,False,False,False,0,False,False,False,False,50,7.33,1125,2265,7.33,False,3.669,3.661,0.01,False,False,5.92,103.3,100.4,103.2,,,,,,,,,Idle,,,True,,False,8,Go Home,True,True,True,False,False,False,False,False,True,False,False,False,43.0666047727683,-77.6229698903817,45.7,313.7,1640.4,True,1,1,False,False,False,False,,True,False,False,,328,,16.4,Calm,41,, 1.8.0,DJI Mini 3 Pro,1581F4XF3229R006,53HFK5R0M30ACD,5HAZK6H0018AUR,52XPK6ACA001NV,180.6,0.7,59,13.23575,6.487126,0,8942,DJI Mini 3 Pro,1581F4XF3229R006,53HFK5R0M30ACD,5HAZK6H0018AUR,52XPK6ACA001NV,DJI Fly,, 1.8.0,61EABE4C-BCDC-32F4-D0CC-A1B5A0612123,1581F4XF3229R006W0A6,,,,,,,,,,
6/20/2023,8:53:06.87 AM,1m 46.4s,106.4,43.0665875804884,-77.622802314485,14.7,60.6,14.4,549,513.4,2.847159,13.235805,-2.013246,5.368656,-2.013246,6.71082,0.447388,4.47388,1.3,18.8,-45,315,ActiveTrack,Other,,24,5,True,,Mini 3 Pro,True,False,,Smart,RC,False,True,False,,,True,,False,False,False,False,False,False,False,False,False,False,0,Follow Yaw,-5.8,0,-14,346,False,False,False,False,False,True,,True,Normal,100,100,1024,1024,975,1024,N,False,False,False,False,False,0,False,False,False,False,50,7.33,1125,2265,7.33,False,3.669,3.661,0.01,False,False,5.92,103.3,100.4,103.2,,,,,,,,,Idle,,,True,,False,8,Go Home,True,True,True,False,False,False,False,False,True,False,False,False,43.0666047727683,-77.6229698903817,45.1,313.7,1640.4,True,1,1,False,False,False,False,,True,False,False,,328,,16.4,Calm,41,, 1.8.0,DJI Mini 3 Pro,1581F4XF3229R006,53HFK5R0M30ACD,5HAZK6H0018AUR,52XPK6ACA001NV,180.6,0.7,59,13.23575,6.487126,0,8942,DJI Mini 3 Pro,1581F4XF3229R006,53HFK5R0M30ACD,5HAZK6H0018AUR,52XPK6ACA001NV,DJI Fly,, 1.8.0,61EABE4C-BCDC-32F4-D0CC-A1B5A0612123,1581F4XF3229R006W0A6,,,,,,,,,,
6/20/2023,8:53:07.07 AM,1m 46.6s,106.6,43.0665862793941,-77.622803954583,14.7,60.6,14.4,549,514.1,1.581755,13.235805,-1.11847,5.368656,-1.11847,6.71082,,4.47388,1.5,11.7,-44.3,315.7,ActiveTrack,Other,,24,5,True,,Mini 3 Pro,True,False,,Smart,RC,False,True,False,,,True,,False,False,False,False,False,False,False,False,False,False,0,Follow Yaw,-5.7,0,-13.6,346.4,False,False,False,False,False,True,,True,Normal,100,100,1024,1024,993,1024,N,False,False,False,False,False,0,False,False,False,False,50,7.341,1124,2265,7.341,False,3.676,3.665,0.011,False,False,5.344,103.3,100.4,103.2,,,,,,,,,Idle,,,True,,False,8,Go Home,True,True,True,False,False,False,False,False,True,False,False,False,43.0666047727683,-77.6229698903817,44.7,313.7,1640.4,True,1,1,False,False,False,False,,True,False,False,,328,,16.4,Calm,41,, 1.8.0,DJI Mini 3 Pro,1581F4XF3229R006,53HFK5R0M30ACD,5HAZK6H0018AUR,52XPK6ACA001NV,180.6,0.7,59,13.23575,6.487126,0,8942,DJI Mini 3 Pro,1581F4XF3229R006,53HFK5R0M30ACD,5HAZK6H0018AUR,52XPK6ACA001NV,DJI Fly,, 1.8.0,61EABE4C-BCDC-32F4-D0CC-A1B5A0612123,1581F4XF3229R006W0A6,,,,,,,,,,
6/20/2023,8:53:07.27 AM,1m 46.8s,106.8,43.0665855468319,-77.6228047652743,14.7,60.6,14.4,549,514.4,0.80654,13.235805,-0.671082,5.368656,-0.447388,6.71082,,4.47388,1.6,7.5,-43.9,316.1,ActiveTrack,Other,,24,5,True,,Mini 3 Pro,True,False,,Smart,RC,False,True,False,,,True,,False,False,False,False,False,False,False,False,False,False,0,Follow Yaw,-5.7,0,-13.5,346.5,False,False,False,False,False,True,,True,Normal,100,100,1024,1024,1024,1024,N,False,False,False,False,False,0,False,False,False,False,50,7.341,1124,2265,7.341,False,3.676,3.665,0.011,False,False,5.344,103.3,100.4,103.2,,,,,,,,,Idle,,,True,,False,8,Go Home,True,True,True,False,False,False,False,False,True,False,False,False,43.0666047727683,-77.6229698903817,44.5,313.7,1640.4,True,1,1,False,False,False,False,,True,False,False,,328,,16.4,Calm,41,, 1.8.0,DJI Mini 3 Pro,1581F4XF3229R006,53HFK5R0M30ACD,5HAZK6H0018AUR,52XPK6ACA001NV,180.6,0.7,59,13.23575,6.487126,0,8942,DJI Mini 3 Pro,1581F4XF3229R006,53HFK5R0M30ACD,5HAZK6H0018AUR,52XPK6ACA001NV,DJI Fly,, 1.8.0,61EABE4C-BCDC-32F4-D0CC-A1B5A0612123,1581F4XF3229R006W0A6,,,,,,,,,,
6/20/2023,8:53:07.47 AM,1m 47.0s,107,43.066585110578,-77.6228050713562,14.7,60.6,14.4,549,514.6,0.500194,13.235805,-0.447388,5.368656,-0.223694,6.71082,,4.47388,0.5,4.5,-44,316,ActiveTrack,Other,,24,5,True,,Mini 3 Pro,True,False,,Smart,RC,False,True,False,,,True,,False,False,False,False,False,False,False,False,False,False,0,Follow Yaw,-5.7,0,-13.4,346.6,False,False,False,False,False,True,,True,Normal,100,100,1024,1024,1024,1024,N,False,False,False,False,False,0,False,False,False,False,50,7.341,1124,2265,7.341,False,3.676,3.665,0.011,False,False,5.344,103.3,100.4,103.2,,,,,,,,,Idle,,,True,,False,8,Go Home,True,True,True,False,False,False,False,False,True,False,False,False,43.0666047727683,-77.6229698903817,44.5,313.7,1640.4,True,1,1,False,False,False,False,,True,False,False,,328,,16.4,Calm,41,, 1.8.0,DJI Mini 3 Pro,1581F4XF3229R006,53HFK5R0M30ACD,5HAZK6H0018AUR,52XPK6ACA001NV,180.6,0.7,59,13.23575,6.487126,0,8942,DJI Mini 3 Pro,1581F4XF3229R006,53HFK5R0M30ACD,5HAZK6H0018AUR,52XPK6ACA001NV,DJI Fly,, 1.8.0,61EABE4C-BCDC-32F4-D0CC-A1B5A0612123,1581F4XF3229R006W0A6,,,,,,,,,,
6/20/2023,8:53:07.68 AM,1m 47.2s,107.2,43.0665848177082,-77.6228051601131,14.7,60.6,14.4,549,514.7,0.223694,13.235805,-0.223694,5.368656,,6.71082,,4.47388,0.5,3.8,-43.8,316.2,ActiveTrack,Other,,24,5,True,,Mini 3 Pro,True,False,,Smart,RC,False,True,False,,,True,,False,False,False,False,False,False,False,False,False,False,0,Follow Yaw,-5.7,0,-13.3,346.7,False,False,False,False,False,True,,True,Normal,100,100,1024,1024,1108,1024,N,False,False,False,False,False,0,False,False,False,False,50,7.341,1124,2265,7.341,False,3.676,3.665,0.011,False,False,5.344,103.3,100.4,103.2,,,,,,,,,Idle,,,True,,False,8,Go Home,True,True,True,False,False,False,False,False,True,False,False,False,43.0666047727683,-77.6229698903817,44.5,313.7,1640.4,True,1,1,False,False,False,False,,True,False,False,,328,,16.4,Calm,41,, 1.8.0,DJI Mini 3 Pro,1581F4XF3229R006,53HFK5R0M30ACD,5HAZK6H0018AUR,52XPK6ACA001NV,180.6,0.7,59,13.23575,6.487126,0,8942,DJI Mini 3 Pro,1581F4XF3229R006,53HFK5R0M30ACD,5HAZK6H0018AUR,52XPK6ACA001NV,DJI Fly,, 1.8.0,61EABE4C-BCDC-32F4-D0CC-A1B5A0612123,1581F4XF3229R006W0A6,,,,,,,,,,
6/20/2023,8:53:07.98 AM,1m 47.4s,107.4,43.0665846237498,-77.6228051199386,14.7,60.6,14.7,549,514.8,0.223694,13.235805,-0.223694,5.368656,,6.71082,,4.47388,0,2.5,-43.7,316.3,ActiveTrack,Other,,24,5,True,,Mini 3 Pro,True,False,,Smart,RC,False,True,False,,,True,,False,False,False,False,False,False,False,False,False,False,0,Follow Yaw,-5.7,0,-13.3,346.7,False,False,False,False,False,True,,True,Normal,100,100,1024,1024,1110,1024,N,False,False,False,False,False,0,False,False,False,False,50,7.341,1124,2265,7.341,False,3.676,3.665,0.011,False,False,5.344,103.3,100.4,103.2,,,,,,,,,Idle,,,True,,False,8,Go Home,True,True,True,False,False,False,False,False,True,False,False,False,43.0666047727683,-77.6229698903817,44.5,313.7,1640.4,True,1,1,False,False,False,False,,True,False,False,,328,,16.4,Calm,41,, 1.8.0,DJI Mini 3 Pro,1581F4XF3229R006,53HFK5R0M30ACD,5HAZK6H0018AUR,52XPK6ACA001NV,180.6,0.7,59,13.23575,6.487126,0,8942,DJI Mini 3 Pro,1581F4XF3229R006,53HFK5R0M30ACD,5HAZK6H0018AUR,52XPK6ACA001NV,DJI Fly,, 1.8.0,61EABE4C-BCDC-32F4-D0CC-A1B5A0612123,1581F4XF3229R006W0A6,,,,,,,,,,
6/20/2023,8:53:08.08 AM,1m 47.6s,107.6,43.066584508299,-77.6228050407269,14.7,60.6,14.4,549,514.8,,13.235805,,5.368656,,6.71082,,4.47388,-0.3,3.5,-43.7,316.3,ActiveTrack,Other,,24,5,True,,Mini 3 Pro,True,False,,Smart,RC,False,True,False,,,True,,False,False,False,False,False,False,False,False,False,False,0,Follow Yaw,-5.8,0,-13.2,346.8,False,False,False,False,False,True,,True,Normal,100,100,1024,1024,1127,1024,N,False,False,False,False,False,0,False,False,False,False,50,7.339,1122,2265,7.339,False,3.674,3.665,0.011,False,False,5.439,103.3,100.4,103.2,,,,,,,,,Idle,,,True,,False,8,Go Home,True,True,True,False,False,False,False,False,True,False,False,False,43.0666047727683,-77.6229698903817,44.5,313.7,1640.4,True,1,1,False,False,False,False,,True,False,False,,328,,16.4,Calm,41,, 1.8.0,DJI Mini 3 Pro,1581F4XF3229R006,53HFK5R0M30ACD,5HAZK6H0018AUR,52XPK6ACA001NV,180.6,0.7,59,13.23575,6.487126,0,8942,DJI Mini 3 Pro,1581F4XF3229R006,53HFK5R0M30ACD,5HAZK6H0018AUR,52XPK6ACA001NV,DJI Fly,, 1.8.0,61EABE4C-BCDC-32F4-D0CC-A1B5A0612123,1581F4XF3229R006W0A6,,,,,,,,,,
6/20/2023,8:53:08.28 AM,1m 47.8s,107.8,43.066584507014,-77.6228049356351,14.7,60.6,14.4,549,514.9,,13.235805,,5.368656,,6.71082,,4.47388,-0.2,2.6,-43.7,316.3,ActiveTrack,Other,,24,5,True,,Mini 3 Pro,True,False,,Smart,RC,False,True,False,,,True,,False,False,False,False,False,False,False,False,False,False,0,Follow Yaw,-5.8,0,-13.2,346.8,False,False,False,False,False,True,,True,Normal,100,100,1024,1024,1151,1024,N,False,False,False,False,False,0,False,False,False,False,50,7.339,1122,2265,7.339,False,3.674,3.665,0.011,False,False,5.439,103.3,100.4,103.2,,,,,,,,,Idle,,,True,,False,8,Go Home,True,True,True,False,False,False,False,False,True,False,False,False,43.0666047727683,-77.6229698903817,44.5,313.7,1640.4,True,1,1,False,False,False,False,,True,False,False,,328,,16.4,Calm,41,, 1.8.0,DJI Mini 3 Pro,1581F4XF3229R006,53HFK5R0M30ACD,5HAZK6H0018AUR,52XPK6ACA001NV,180.6,0.7,59,13.23575,6.487126,0,8942,DJI Mini 3 Pro,1581F4XF3229R006,53HFK5R0M30ACD,5HAZK6H0018AUR,52XPK6ACA001NV,DJI Fly,, 1.8.0,61EABE4C-BCDC-32F4-D0CC-A1B5A0612123,1581F4XF3229R006W0A6,,,,,,,,,,
6/20/2023,8:53:08.49 AM,1m 48.0s,108,43.0665845444146,-77.6228048419296,14.7,60.6,14.4,549,514.9,,13.235805,,5.368656,,6.71082,,4.47388,-0.2,1.7,-43.7,316.3,ActiveTrack,Other,,24,5,True,,Mini 3 Pro,True,False,,Smart,RC,False,True,False,,,True,,False,False,False,False,False,False,False,False,False,False,0,Follow Yaw,-5.8,0,-13.2,346.8,False,False,False,False,False,True,,True,Normal,100,100,1024,1024,1298,1024,N,False,False,False,False,False,0,False,False,False,False,50,7.339,1122,2265,7.339,False,3.674,3.665,0.011,False,False,5.439,103.3,100.4,103.2,,,,,,,,,Idle,,,True,,False,8,Go Home,True,True,True,False,False,False,False,False,True,False,False,False,43.0666047727683,-77.6229698903817,44.6,313.7,1640.4,True,1,1,False,False,False,False,,True,False,False,,328,,16.4,Calm,41,, 1.8.0,DJI Mini 3 Pro,1581F4XF3229R006,53HFK5R0M30ACD,5HAZK6H0018AUR,52XPK6ACA001NV,180.6,0.7,59,13.23575,6.487126,0,8942,DJI Mini 3 Pro,1581F4XF3229R006,53HFK5R0M30ACD,5HAZK6H0018AUR,52XPK6ACA001NV,DJI Fly,, 1.8.0,61EABE4C-BCDC-32F4-D0CC-A1B5A0612123,1581F4XF3229R006W0A6,,,,,,,,,,
6/20/2023,8:53:08.69 AM,1m 48.2s,108.2,43.0665846111438,-77.6228048118867,14.7,60.6,14.4,549,514.9,,13.235805,,5.368656,,6.71082,-0.223694,4.47388,-0.4,1.9,-43.8,316.2,ActiveTrack,Other,,24,5,True,,Mini 3 Pro,True,False,,Smart,RC,False,True,False,,,True,,False,False,False,False,False,False,False,False,False,False,0,Follow Yaw,-5.9,0,-13.3,346.7,False,False,False,False,False,True,,True,Normal,100,100,1024,1024,1317,1024,N,False,False,False,False,False,0,False,False,False,False,50,7.339,1122,2265,7.339,False,3.674,3.665,0.011,False,False,5.439,103.3,100.4,103.2,,,,,,,,,Idle,,,True,,False,8,Go Home,True,True,True,False,False,False,False,False,True,False,False,False,43.0666047727683,-77.6229698903817,44.6,313.7,1640.4,True,1,1,False,False,False,False,,True,False,False,,328,,16.4,Calm,41,, 1.8.0,DJI Mini 3 Pro,1581F4XF3229R006,53HFK5R0M30ACD,5HAZK6H0018AUR,52XPK6ACA001NV,180.6,0.7,59,13.23575,6.487126,0,8942,DJI Mini 3 Pro,1581F4XF3229R006,53HFK5R0M30ACD,5HAZK6H0018AUR,52XPK6ACA001NV,DJI Fly,, 1.8.0,61EABE4C-BCDC-32F4-D0CC-A1B5A0612123,1581F4XF3229R006W0A6,,,,,,,,,,
6/20/2023,8:53:08.89 AM,1m 48.4s,108.4,43.0665846687707,-77.6228048015323,15,60.6,14.7,549,514.9,,13.235805,,5.368656,,6.71082,-0.894776,4.47388,0,2.2,-43.7,316.3,ActiveTrack,Other,,24,5,True,,Mini 3 Pro,True,False,,Smart,RC,False,True,False,,,True,,False,False,False,False,False,False,False,False,False,False,0,Follow Yaw,-6.2,0,-13.3,346.7,False,False,False,False,False,True,,True,Normal,100,100,1024,1024,1364,1024,N,False,False,False,False,False,0,False,False,False,False,50,7.339,1122,2265,7.339,False,3.674,3.665,0.011,False,False,5.439,103.3,100.4,103.2,,,,,,,,,Idle,,,True,,False,8,Go Home,True,True,True,False,False,False,False,False,True,False,False,False,43.0666047727683,-77.6229698903817,44.6,313.7,1640.4,True,1,1,False,False,False,False,,True,False,False,,328,,16.4,Calm,41,, 1.8.0,DJI Mini 3 Pro,1581F4XF3229R006,53HFK5R0M30ACD,5HAZK6H0018AUR,52XPK6ACA001NV,180.6,0.7,59,13.23575,6.487126,0,8942,DJI Mini 3 Pro,1581F4XF3229R006,53HFK5R0M30ACD,5HAZK6H0018AUR,52XPK6ACA001NV,DJI Fly,, 1.8.0,61EABE4C-BCDC-32F4-D0CC-A1B5A0612123,1581F4XF3229R006W0A6,,,,,,,,,,
6/20/2023,8:53:09.19 AM,1m 48.6s,108.6,43.0665847481766,-77.6228047957746,15.4,60.6,15,549,515,,13.235805,,5.368656,,6.71082,-1.342164,4.47388,0.5,1.6,-43.7,316.3,ActiveTrack,Other,,24,5,True,,Mini 3 Pro,True,False,,Smart,RC,False,True,False,,,True,,False,False,False,False,False,False,False,False,False,False,0,Follow Yaw,-6.5,0,-13.3,346.7,False,False,False,False,False,True,,True,Normal,100,100,1024,1024,1378,1024,N,False,False,False,False,False,0,False,False,False,False,50,7.336,1121,2265,7.336,False,3.674,3.662,0.012,False,False,5.179,103.5,100.4,103.4,,,,,,,,,Idle,,,True,,False,8,Go Home,True,True,True,False,False,False,False,False,True,False,False,False,43.0666047727683,-77.6229698903817,44.6,313.7,1640.4,True,1,1,False,False,False,False,,True,False,False,,328,,16.4,Calm,41,, 1.8.0,DJI Mini 3 Pro,1581F4XF3229R006,53HFK5R0M30ACD,5HAZK6H0018AUR,52XPK6ACA001NV,180.6,0.7,59,13.23575,6.487126,0,8942,DJI Mini 3 Pro,1581F4XF3229R006,53HFK5R0M30ACD,5HAZK6H0018AUR,52XPK6ACA001NV,DJI Fly,, 1.8.0,61EABE4C-BCDC-32F4-D0CC-A1B5A0612123,1581F4XF3229R006W0A6,,,,,,,,,,
6/20/2023,8:53:09.29 AM,1m 48.8s,108.8,43.0665847743204,-77.6228047941798,16,60.6,15.7,550,515,,13.235805,,5.368656,,6.71082,-2.013246,4.47388,0.2,2.2,-43.7,316.3,ActiveTrack,Other,,24,5,True,,Mini 3 Pro,True,False,,Smart,RC,False,True,False,,,True,,False,False,False,False,False,False,False,False,False,False,0,Follow Yaw,-6.9,0,-13.3,346.7,False,False,False,False,False,True,,True,Normal,100,100,1024,1024,1272,1024,N,False,False,False,False,False,0,False,False,False,False,50,7.336,1121,2265,7.336,False,3.674,3.662,0.012,False,False,5.179,103.5,100.4,103.4,,,,,,,,,Idle,,,True,,False,8,Go Home,True,True,True,False,False,False,False,False,True,False,False,False,43.0666047727683,-77.6229698903817,44.6,313.7,1640.4,True,1,1,False,False,False,False,,True,False,False,,328,,16.4,Calm,41,, 1.8.0,DJI Mini 3 Pro,1581F4XF3229R006,53HFK5R0M30ACD,5HAZK6H0018AUR,52XPK6ACA001NV,180.6,0.7,59,13.23575,6.487126,0,8942,DJI Mini 3 Pro,1581F4XF3229R006,53HFK5R0M30ACD,5HAZK6H0018AUR,52XPK6ACA001NV,DJI Fly,, 1.8.0,61EABE4C-BCDC-32F4-D0CC-A1B5A0612123,1581F4XF3229R006W0A6,,,,,,,,,,
6/20/2023,8:53:09.50 AM,1m 49.0s,109,43.0665847919552,-77.62280480566,16.7,60.6,16.4,551,515,,13.235805,,5.368656,,6.71082,-2.013246,4.47388,0.9,2.7,-43.7,316.3,ActiveTrack,Other,,24,5,True,,Mini 3 Pro,True,False,,Smart,RC,False,True,False,,,True,,False,False,False,False,False,False,False,False,False,False,0,Follow Yaw,-7.4,0,-13.3,346.7,False,False,False,False,False,True,,True,Normal,100,100,1024,1024,1024,1024,N,False,False,False,False,False,0,False,False,False,False,50,7.336,1121,2265,7.336,False,3.674,3.662,0.012,False,False,5.179,103.5,100.4,103.4,,,,,,,,,Idle,,,True,,False,8,Go Home,True,True,True,False,False,False,False,False,True,False,False,False,43.0666047727683,-77.6229698903817,44.5,313.7,1640.4,True,1,1,False,False,False,False,,True,False,False,,328,,16.4,Calm,41,, 1.8.0,DJI Mini 3 Pro,1581F4XF3229R006,53HFK5R0M30ACD,5HAZK6H0018AUR,52XPK6ACA001NV,180.6,0.7,59,13.23575,6.487126,0,8942,DJI Mini 3 Pro,1581F4XF3229R006,53HFK5R0M30ACD,5HAZK6H0018AUR,52XPK6ACA001NV,DJI Fly,, 1.8.0,61EABE4C-BCDC-32F4-D0CC-A1B5A0612123,1581F4XF3229R006W0A6,,,,,,,,,,
6/20/2023,8:53:09.70 AM,1m 49.2s,109.2,43.0665847722933,-77.6228047744795,17.3,60.6,16.7,551,515,,13.235805,,5.368656,,6.71082,-1.342164,4.47388,0.7,2.7,-43.7,316.3,ActiveTrack,Other,,24,5,True,,Mini 3 Pro,True,False,,Smart,RC,False,True,False,,,True,,False,False,False,False,False,False,False,False,False,False,0,Follow Yaw,-7.7,0,-13.3,346.7,False,False,False,False,False,True,,True,Normal,100,100,1024,1024,493,1024,N,False,False,False,False,False,0,False,False,False,False,50,7.336,1121,2265,7.336,False,3.674,3.662,0.012,False,False,5.179,103.5,100.4,103.4,,,,,,,,,Idle,,,True,,False,8,Go Home,True,True,True,False,False,False,False,False,True,False,False,False,43.0666047727683,-77.6229698903817,44.6,313.7,1640.4,True,1,1,False,False,False,False,,True,False,False,,328,,16.4,Calm,41,, 1.8.0,DJI Mini 3 Pro,1581F4XF3229R006,53HFK5R0M30ACD,5HAZK6H0018AUR,52XPK6ACA001NV,180.6,0.7,59,13.23575,6.487126,0,8942,DJI Mini 3 Pro,1581F4XF3229R006,53HFK5R0M30ACD,5HAZK6H0018AUR,52XPK6ACA001NV,DJI Fly,, 1.8.0,61EABE4C-BCDC-32F4-D0CC-A1B5A0612123,1581F4XF3229R006W0A6,,,,,,,,,,
6/20/2023,8:53:09.90 AM,1m 49.4s,109.4,43.0665847299378,-77.6228046973669,17.3,60.6,17,551,515,,13.235805,,5.368656,,6.71082,-0.223694,4.47388,0.2,2.9,-43.6,316.4,ActiveTrack,Other,,24,5,True,,Mini 3 Pro,True,False,,Smart,RC,False,True,False,,,True,,False,False,False,False,False,False,False,False,False,False,0,Follow Yaw,-7.7,0,-13.2,346.8,False,False,False,False,False,True,,True,Normal,100,100,1024,1024,440,1024,N,False,False,False,False,False,0,False,False,False,False,50,7.336,1121,2265,7.336,False,3.674,3.662,0.012,False,False,5.179,103.5,100.4,103.4,,,,,,,,,Idle,,,True,,False,8,Go Home,True,True,True,False,False,False,False,False,True,False,False,False,43.0666047727683,-77.6229698903817,44.6,313.7,1640.4,True,1,1,False,False,False,False,,True,False,False,,328,,16.4,Calm,41,, 1.8.0,DJI Mini 3 Pro,1581F4XF3229R006,53HFK5R0M30ACD,5HAZK6H0018AUR,52XPK6ACA001NV,180.6,0.7,59,13.23575,6.487126,0,8942,DJI Mini 3 Pro,1581F4XF3229R006,53HFK5R0M30ACD,5HAZK6H0018AUR,52XPK6ACA001NV,DJI Fly,, 1.8.0,61EABE4C-BCDC-32F4-D0CC-A1B5A0612123,1581F4XF3229R006W0A6,,,,,,,,,,
6/20/2023,8:53:10.10 AM,1m 49.6s,109.6,43.0665847110565,-77.6228046756262,17.3,60.6,17,551,515,,13.235805,,5.368656,,6.71082,1.11847,4.47388,0.1,3,-43.6,316.4,ActiveTrack,Other,,24,5,True,,Mini 3 Pro,True,False,,Smart,RC,False,True,False,,,True,,False,False,False,False,False,False,False,False,False,False,0,Follow Yaw,-7.5,0,-13.2,346.8,False,False,False,False,False,True,,True,Normal,100,100,1024,1024,423,1024,N,False,False,False,False,False,0,False,False,False,False,50,7.364,1119,2265,7.364,False,3.684,3.68,0.012,False,False,5.592,103.5,100.4,103.4,,,,,,,,,Idle,,,True,,False,8,Go Home,True,True,True,False,False,False,False,False,True,False,False,False,43.0666047727683,-77.6229698903817,44.6,313.7,1640.4,True,1,1,False,False,False,False,,True,False,False,,328,,16.4,Calm,41,, 1.8.0,DJI Mini 3 Pro,1581F4XF3229R006,53HFK5R0M30ACD,5HAZK6H0018AUR,52XPK6ACA001NV,180.6,0.7,59,13.23575,6.487126,0,8942,DJI Mini 3 Pro,1581F4XF3229R006,53HFK5R0M30ACD,5HAZK6H0018AUR,52XPK6ACA001NV,DJI Fly,, 1.8.0,61EABE4C-BCDC-32F4-D0CC-A1B5A0612123,1581F4XF3229R006W0A6,,,,,,,,,,
6/20/2023,8:53:10.30 AM,1m 49.8s,109.8,43.0665847122869,-77.622804729544,16.7,60.6,16.4,551,515.1,,13.235805,,5.368656,,6.71082,2.908022,4.47388,-2.5,2.3,-43.8,316.2,ActiveTrack,Other,,24,5,True,,Mini 3 Pro,True,False,,Smart,RC,False,True,False,,,True,,False,False,False,False,False,False,False,False,False,False,0,Follow Yaw,-6.9,0,-13.2,346.8,False,False,False,False,False,True,,True,Normal,100,100,1024,1024,396,1024,N,False,False,False,False,False,0,False,False,False,False,50,7.364,1119,2265,7.364,False,3.684,3.68,0.012,False,False,5.592,103.5,100.4,103.4,,,,,,,,,Idle,,,True,,False,8,Go Home,True,True,True,False,False,False,False,False,True,False,False,False,43.0666047727683,-77.6229698903817,44.6,313.7,1640.4,True,1,1,False,False,False,False,,True,False,False,,328,,16.4,Calm,41,, 1.8.0,DJI Mini 3 Pro,1581F4XF3229R006,53HFK5R0M30ACD,5HAZK6H0018AUR,52XPK6ACA001NV,180.6,0.7,59,13.23575,6.487126,0,8942,DJI Mini 3 Pro,1581F4XF3229R006,53HFK5R0M30ACD,5HAZK6H0018AUR,52XPK6ACA001NV,DJI Fly,, 1.8.0,61EABE4C-BCDC-32F4-D0CC-A1B5A0612123,1581F4XF3229R006W0A6,,,,,,,,,,
6/20/2023,8:53:10.51 AM,1m 50.0s,110,43.0665847343893,-77.6228049408885,15.7,60.6,15,550,515.1,0.223694,13.235805,,5.368656,-0.223694,6.71082,4.026492,4.47388,0.8,2.1,-43.8,316.2,ActiveTrack,Other,,24,5,True,,Mini 3 Pro,True,False,,Smart,RC,False,True,False,,,True,,False,False,False,False,False,False,False,False,False,False,0,Follow Yaw,-6,0,-13.2,346.8,False,False,False,False,False,True,,True,Normal,100,100,1024,1024,364,1024,N,False,False,False,False,False,0,False,False,False,False,50,7.364,1119,2265,7.364,False,3.684,3.68,0.012,False,False,5.592,103.5,100.4,103.4,,,,,,,,,Idle,,,True,,False,8,Go Home,True,True,True,False,False,False,False,False,True,False,False,False,43.0666047727683,-77.6229698903817,44.5,313.7,1640.4,True,1,1,False,False,False,False,,True,False,False,,328,,16.4,Calm,41,, 1.8.0,DJI Mini 3 Pro,1581F4XF3229R006,53HFK5R0M30ACD,5HAZK6H0018AUR,52XPK6ACA001NV,180.6,0.7,59,13.23575,6.487126,0,8942,DJI Mini 3 Pro,1581F4XF3229R006,53HFK5R0M30ACD,5HAZK6H0018AUR,52XPK6ACA001NV,DJI Fly,, 1.8.0,61EABE4C-BCDC-32F4-D0CC-A1B5A0612123,1581F4XF3229R006W0A6,,,,,,,,,,
6/20/2023,8:53:10.71 AM,1m 50.2s,110.2,43.0665847799606,-77.6228052116857,14.4,60.6,14.1,548,515.2,0.223694,13.235805,,5.368656,-0.223694,6.71082,4.026492,4.47388,-0.7,4.1,-43.9,316.1,ActiveTrack,Other,,24,5,True,,Mini 3 Pro,True,False,,Smart,RC,False,True,False,,,True,,False,False,False,False,False,False,False,False,False,False,0,Follow Yaw,-5.1,0,-13.1,346.9,False,False,False,False,False,True,,True,Normal,100,100,1024,1024,1024,1024,N,False,False,False,False,False,0,False,False,False,False,50,7.364,1119,2265,7.364,False,3.684,3.68,0.012,False,False,5.592,103.5,100.4,103.4,,,,,,,,,Idle,,,True,,False,8,Go Home,True,True,True,False,False,False,False,False,True,False,False,False,43.0666047727683,-77.6229698903817,44.4,313.7,1640.4,True,1,1,False,False,False,False,,True,False,False,,328,,16.4,Calm,41,, 1.8.0,DJI Mini 3 Pro,1581F4XF3229R006,53HFK5R0M30ACD,5HAZK6H0018AUR,52XPK6ACA001NV,180.6,0.7,59,13.23575,6.487126,0,8942,DJI Mini 3 Pro,1581F4XF3229R006,53HFK5R0M30ACD,5HAZK6H0018AUR,52XPK6ACA001NV,DJI Fly,, 1.8.0,61EABE4C-BCDC-32F4-D0CC-A1B5A0612123,1581F4XF3229R006W0A6,,,,,,,,,,
6/20/2023,8:53:10.91 AM,1m 50.4s,110.4,43.066584920463,-77.6228054095097,13.1,60.6,12.7,547,515.3,,13.235805,,5.368656,,6.71082,3.802798,4.47388,0.7,3.4,-43.7,316.3,ActiveTrack,Other,,24,5,True,,Mini 3 Pro,True,False,,Smart,RC,False,True,False,,,True,,False,False,False,False,False,False,False,False,False,False,0,Follow Yaw,-4.3,0,-13.1,346.9,False,False,False,False,False,True,,True,Normal,100,100,1024,1263,1024,1024,N,False,False,False,False,False,0,False,False,False,False,50,7.364,1119,2265,7.364,False,3.684,3.68,0.012,False,False,5.592,103.5,100.4,103.4,,,,,,,,,Idle,,,True,,False,8,Go Home,True,True,True,False,False,False,False,False,True,False,False,False,43.0666047727683,-77.6229698903817,44.4,313.7,1640.4,True,1,1,False,False,False,False,,True,False,False,,328,,16.4,Calm,41,, 1.8.0,DJI Mini 3 Pro,1581F4XF3229R006,53HFK5R0M30ACD,5HAZK6H0018AUR,52XPK6ACA001NV,180.6,0.7,59,13.23575,6.487126,0,8942,DJI Mini 3 Pro,1581F4XF3229R006,53HFK5R0M30ACD,5HAZK6H0018AUR,52XPK6ACA001NV,DJI Fly,, 1.8.0,61EABE4C-BCDC-32F4-D0CC-A1B5A0612123,1581F4XF3229R006W0A6,,,,,,,,,,
6/20/2023,8:53:11.11 AM,1m 50.6s,110.6,43.0665850873362,-77.6228055678861,12.1,60.6,11.8,546,515.3,,13.235805,,5.368656,,6.71082,2.460634,4.47388,2.6,4,-43.4,316.6,ActiveTrack,Other,,24,5,True,,Mini 3 Pro,True,False,,Smart,RC,False,True,False,,,True,,False,False,False,False,False,False,False,False,False,False,0,Follow Yaw,-3.8,0,-13.1,346.9,False,False,False,False,False,True,,True,Normal,100,100,1028,1404,1024,1024,N,False,False,False,False,False,0,False,False,False,False,50,7.325,1118,2265,7.325,False,3.667,3.658,0.012,False,False,3.797,103.5,100.4,103.4,,,,,,,,,Idle,,,True,,False,8,Go Home,True,True,True,False,False,False,False,False,True,False,False,False,43.0666047727683,-77.6229698903817,44.3,313.7,1640.4,True,1,1,False,False,False,False,,True,False,False,,328,,16.4,Calm,41,, 1.8.0,DJI Mini 3 Pro,1581F4XF3229R006,53HFK5R0M30ACD,5HAZK6H0018AUR,52XPK6ACA001NV,180.6,0.7,59,13.23575,6.487126,0,8942,DJI Mini 3 Pro,1581F4XF3229R006,53HFK5R0M30ACD,5HAZK6H0018AUR,52XPK6ACA001NV,DJI Fly,, 1.8.0,61EABE4C-BCDC-32F4-D0CC-A1B5A0612123,1581F4XF3229R006W0A6,,,,,,,,,,
6/20/2023,8:53:11.31 AM,1m 50.8s,110.8,43.0665851824794,-77.6228055802458,11.8,60.6,11.1,546,515.4,,13.235805,,5.368656,,6.71082,0.671082,4.47388,-1.7,6.3,-43.5,316.5,ActiveTrack,Other,,24,5,True,,Mini 3 Pro,True,False,,Smart,RC,False,True,False,,,True,,False,False,False,False,False,False,False,False,False,False,0,Follow Yaw,-3.7,0,-13.2,346.8,False,False,False,False,False,True,,True,Normal,100,100,1026,1417,1024,1024,N,False,False,False,False,False,0,False,False,False,False,50,7.325,1118,2265,7.325,False,3.667,3.658,0.012,False,False,3.797,103.5,100.4,103.4,,,,,,,,,Idle,,,True,,False,8,Go Home,True,True,True,False,False,False,False,False,True,False,False,False,43.0666047727683,-77.6229698903817,44.3,313.7,1640.4,True,1,1,False,False,False,False,,True,False,False,,328,,16.4,Calm,41,, 1.8.0,DJI Mini 3 Pro,1581F4XF3229R006,53HFK5R0M30ACD,5HAZK6H0018AUR,52XPK6ACA001NV,180.6,0.7,59,13.23575,6.487126,0,8942,DJI Mini 3 Pro,1581F4XF3229R006,53HFK5R0M30ACD,5HAZK6H0018AUR,52XPK6ACA001NV,DJI Fly,, 1.8.0,61EABE4C-BCDC-32F4-D0CC-A1B5A0612123,1581F4XF3229R006W0A6,,,,,,,,,,
6/20/2023,8:53:11.52 AM,1m 51.0s,111,43.0665854617344,-77.6228054980673,11.8,60.6,11.1,546,515.5,0.447388,13.235805,0.447388,5.368656,,6.71082,,4.47388,-5.4,1.3,-43.4,316.6,ActiveTrack,Other,,24,5,True,,Mini 3 Pro,True,False,,Smart,RC,False,True,False,,,True,,False,False,False,False,False,False,False,False,False,False,0,Follow Yaw,-3.8,0,-13.3,346.7,False,False,False,False,False,True,,True,Normal,100,100,1024,1402,1010,1024,N,False,False,False,False,False,0,False,False,False,False,50,7.325,1118,2265,7.325,False,3.667,3.658,0.012,False,False,3.797,103.5,100.4,103.4,,,,,,,,,Idle,,,True,,False,8,Go Home,True,True,True,False,False,False,False,False,True,False,False,False,43.0666047727683,-77.6229698903817,44.3,313.7,1640.4,True,1,1,False,False,False,False,,True,False,False,,328,,16.4,Calm,41,, 1.8.0,DJI Mini 3 Pro,1581F4XF3229R006,53HFK5R0M30ACD,5HAZK6H0018AUR,52XPK6ACA001NV,180.6,0.7,59,13.23575,6.487126,0,8942,DJI Mini 3 Pro,1581F4XF3229R006,53HFK5R0M30ACD,5HAZK6H0018AUR,52XPK6ACA001NV,DJI Fly,, 1.8.0,61EABE4C-BCDC-32F4-D0CC-A1B5A0612123,1581F4XF3229R006W0A6,,,,,,,,,,
6/20/2023,8:53:11.72 AM,1m 51.2s,111.2,43.0665858950134,-77.6228058258782,11.8,60.6,11.1,546,515.6,0.80654,13.235805,0.671082,5.368656,-0.447388,6.71082,,4.47388,-7,-1.1,-43.5,316.5,ActiveTrack,Other,,24,5,True,,Mini 3 Pro,True,False,,Smart,RC,False,True,False,,,True,,False,False,False,False,False,False,False,False,False,False,0,Follow Yaw,-4,0,-13.4,346.6,False,False,False,False,False,True,,True,Normal,100,100,1024,1216,674,1024,N,False,False,False,False,False,0,False,False,False,False,50,7.325,1118,2265,7.325,False,3.667,3.658,0.012,False,False,3.797,103.5,100.4,103.4,,,,,,,,,Idle,,,True,,False,8,Go Home,True,True,True,False,False,False,False,False,True,False,False,False,43.0666047727683,-77.6229698903817,44.2,313.7,1640.4,True,1,1,False,False,False,False,,True,False,False,,328,,16.4,Calm,41,, 1.8.0,DJI Mini 3 Pro,1581F4XF3229R006,53HFK5R0M30ACD,5HAZK6H0018AUR,52XPK6ACA001NV,180.6,0.7,59,13.23575,6.487126,0,8942,DJI Mini 3 Pro,1581F4XF3229R006,53HFK5R0M30ACD,5HAZK6H0018AUR,52XPK6ACA001NV,DJI Fly,, 1.8.0,61EABE4C-BCDC-32F4-D0CC-A1B5A0612123,1581F4XF3229R006W0A6,,,,,,,,,,
6/20/2023,8:53:11.92 AM,1m 51.4s,111.4,43.0665864753977,-77.6228067695232,11.8,60.6,11.1,546,516,1.11847,13.235805,0.671082,5.368656,-0.894776,6.71082,,4.47388,-6.5,0.2,-43.7,316.3,ActiveTrack,Other,,24,5,True,,Mini 3 Pro,True,False,,Smart,RC,False,True,False,,,True,,False,False,False,False,False,False,False,False,False,False,0,Follow Yaw,-4,0,-13.4,346.6,False,False,False,False,False,True,,True,Normal,100,100,1024,1129,532,1024,N,False,False,False,False,False,0,False,False,False,False,50,7.325,1118,2265,7.325,False,3.667,3.658,0.012,False,False,3.797,103.5,100.4,103.4,,,,,,,,,Idle,,,True,,False,8,Go Home,True,True,True,False,False,False,False,False,True,False,False,False,43.0666047727683,-77.6229698903817,43.9,313.7,1640.4,True,1,1,False,False,False,False,,True,False,False,,328,,16.4,Calm,41,, 1.8.0,DJI Mini 3 Pro,1581F4XF3229R006,53HFK5R0M30ACD,5HAZK6H0018AUR,52XPK6ACA001NV,180.6,0.7,59,13.23575,6.487126,0,8942,DJI Mini 3 Pro,1581F4XF3229R006,53HFK5R0M30ACD,5HAZK6H0018AUR,52XPK6ACA001NV,DJI Fly,, 1.8.0,61EABE4C-BCDC-32F4-D0CC-A1B5A0612123,1581F4XF3229R006W0A6,,,,,,,,,,
6/20/2023,8:53:12.12 AM,1m 51.6s,111.6,43.0665871715948,-77.6228081140226,11.4,60.6,10.8,546,516.4,1.43234,13.235805,0.894776,5.368656,-1.11847,6.71082,1.342164,4.47388,-3.1,1.4,-43.9,316.1,ActiveTrack,Other,,24,5,True,,Mini 3 Pro,True,False,,Smart,RC,False,True,False,,,True,,False,False,False,False,False,False,False,False,False,False,0,Follow Yaw,-3.7,0,-13.5,346.5,False,False,False,False,False,True,,True,Normal,100,100,1024,1192,956,1024,N,False,False,False,False,False,0,False,False,False,False,50,7.351,1116,2265,7.351,False,3.676,3.675,0.012,False,False,6.296,103.5,100.4,103.4,,,,,,,,,Idle,,,True,,False,8,Go Home,True,True,True,False,False,False,False,False,True,False,False,False,43.0666047727683,-77.6229698903817,43.5,313.7,1640.4,True,1,1,False,False,False,False,,True,False,False,,328,,16.4,Calm,41,, 1.8.0,DJI Mini 3 Pro,1581F4XF3229R006,53HFK5R0M30ACD,5HAZK6H0018AUR,52XPK6ACA001NV,180.6,0.7,59,13.23575,6.487126,0,8942,DJI Mini 3 Pro,1581F4XF3229R006,53HFK5R0M30ACD,5HAZK6H0018AUR,52XPK6ACA001NV,DJI Fly,, 1.8.0,61EABE4C-BCDC-32F4-D0CC-A1B5A0612123,1581F4XF3229R006W0A6,,,,,,,,,,
6/20/2023,8:53:12.33 AM,1m 51.8s,111.8,43.0665879120749,-77.6228096650939,10.8,60.6,10.1,545,516.9,1.61308,13.235805,0.894776,5.368656,-1.342164,6.71082,2.684328,4.47388,-2,1.1,-43.9,316.1,ActiveTrack,Other,,24,5,True,,Mini 3 Pro,True,False,,Smart,RC,False,True,False,,,True,,False,False,False,False,False,False,False,False,False,False,0,Follow Yaw,-3.1,0,-13.5,346.5,False,False,False,False,False,True,,True,Normal,100,100,1024,1282,1024,1024,N,False,False,False,False,False,0,False,False,False,False,50,7.351,1116,2265,7.351,False,3.676,3.675,0.012,False,False,6.296,103.5,100.4,103.4,,,,,,,,,Idle,,,True,,False,8,Go Home,True,True,True,False,False,False,False,False,True,False,False,False,43.0666047727683,-77.6229698903817,43.1,313.7,1640.4,True,1,1,False,False,False,False,,True,False,False,,328,,16.4,Calm,41,, 1.8.0,DJI Mini 3 Pro,1581F4XF3229R006,53HFK5R0M30ACD,5HAZK6H0018AUR,52XPK6ACA001NV,180.6,0.7,59,13.23575,6.487126,0,8942,DJI Mini 3 Pro,1581F4XF3229R006,53HFK5R0M30ACD,5HAZK6H0018AUR,52XPK6ACA001NV,DJI Fly,, 1.8.0,61EABE4C-BCDC-32F4-D0CC-A1B5A0612123,1581F4XF3229R006W0A6,,,,,,,,,,
6/20/2023,8:53:12.53 AM,1m 52.0s,112,43.0665886610758,-77.6228114850158,10.1,60.6,9.5,544,517.5,1.803478,13.235805,0.894776,5.368656,-1.565858,6.71082,1.789552,4.47388,-4.3,2.4,-44.3,315.7,ActiveTrack,Other,,24,5,True,,Mini 3 Pro,True,False,,Smart,RC,False,True,False,,,True,,False,False,False,False,False,False,False,False,False,False,0,Follow Yaw,-2.7,0,-13.6,346.4,False,False,False,False,False,True,,True,Normal,100,100,1024,1410,1024,1024,N,False,False,False,False,False,0,False,False,False,False,50,7.351,1116,2265,7.351,False,3.676,3.675,0.012,False,False,6.296,103.5,100.4,103.4,,,,,,,,,Idle,,,True,,False,8,Go Home,True,True,True,False,False,False,False,False,True,False,False,False,43.0666047727683,-77.6229698903817,42.6,313.7,1640.4,True,1,1,False,False,False,False,,True,False,False,,328,,16.4,Calm,41,, 1.8.0,DJI Mini 3 Pro,1581F4XF3229R006,53HFK5R0M30ACD,5HAZK6H0018AUR,52XPK6ACA001NV,180.6,0.7,59,13.23575,6.487126,0,8942,DJI Mini 3 Pro,1581F4XF3229R006,53HFK5R0M30ACD,5HAZK6H0018AUR,52XPK6ACA001NV,DJI Fly,, 1.8.0,61EABE4C-BCDC-32F4-D0CC-A1B5A0612123,1581F4XF3229R006W0A6,,,,,,,,,,
6/20/2023,8:53:12.73 AM,1m 52.2s,112.2,43.0665895992772,-77.6228135598809,9.8,60.6,9.5,544,518.1,2.110324,13.235805,1.11847,5.368656,-1.789552,6.71082,0.447388,4.47388,-5.8,4.1,-44.3,315.7,ActiveTrack,Other,,24,5,True,,Mini 3 Pro,True,False,,Smart,RC,False,True,False,,,True,,False,False,False,False,False,False,False,False,False,False,0,Follow Yaw,-2.7,0,-13.7,346.3,False,False,False,False,False,True,,True,Normal,100,100,1024,1416,1001,1024,N,False,False,False,False,False,0,False,False,False,False,50,7.351,1116,2265,7.351,False,3.676,3.675,0.012,False,False,6.296,103.5,100.4,103.4,,,,,,,,,Idle,,,True,,False,8,Go Home,True,True,True,False,False,False,False,False,True,False,False,False,43.0666047727683,-77.6229698903817,42,313.7,1640.4,True,1,1,False,False,False,False,,True,False,False,,328,,16.4,Calm,41,, 1.8.0,DJI Mini 3 Pro,1581F4XF3229R006,53HFK5R0M30ACD,5HAZK6H0018AUR,52XPK6ACA001NV,180.6,0.7,59,13.23575,6.487126,0,8942,DJI Mini 3 Pro,1581F4XF3229R006,53HFK5R0M30ACD,5HAZK6H0018AUR,52XPK6ACA001NV,DJI Fly,, 1.8.0,61EABE4C-BCDC-32F4-D0CC-A1B5A0612123,1581F4XF3229R006W0A6,,,,,,,,,,
6/20/2023,8:53:12.94 AM,1m 52.4s,112.4,43.066590827032,-77.6228158516136,9.8,60.6,9.5,544,518.9,2.550504,13.235805,1.565858,5.368656,-2.013246,6.71082,,4.47388,-6.9,2.3,-44.2,315.8,ActiveTrack,Other,,24,5,True,,Mini 3 Pro,True,False,,Smart,RC,False,True,False,,,True,,False,False,False,False,False,False,False,False,False,False,0,Follow Yaw,-2.8,0,-13.8,346.2,False,False,False,False,False,True,,True,Normal,100,100,1024,1318,934,1024,N,False,False,False,False,False,0,False,False,False,False,50,7.351,1116,2265,7.351,False,3.676,3.675,0.012,False,False,6.296,103.5,100.4,103.4,,,,,,,,,Idle,,,True,,False,8,Go Home,True,True,True,False,False,False,False,False,True,False,False,False,43.0666047727683,-77.6229698903817,41.3,313.7,1640.4,True,1,1,False,False,False,False,,True,False,False,,328,,16.4,Calm,41,, 1.8.0,DJI Mini 3 Pro,1581F4XF3229R006,53HFK5R0M30ACD,5HAZK6H0018AUR,52XPK6ACA001NV,180.6,0.7,59,13.23575,6.487126,0,8942,DJI Mini 3 Pro,1581F4XF3229R006,53HFK5R0M30ACD,5HAZK6H0018AUR,52XPK6ACA001NV,DJI Fly,, 1.8.0,61EABE4C-BCDC-32F4-D0CC-A1B5A0612123,1581F4XF3229R006W0A6,,,,,,,,,,
6/20/2023,8:53:13.14 AM,1m 52.6s,112.6,43.0665923020714,-77.6228184828367,9.8,60.6,9.5,544,519.8,3.042567,13.235805,1.789552,5.368656,-2.460634,6.71082,,4.47388,-7.7,1.4,-44.3,315.7,ActiveTrack,Other,,24,5,True,,Mini 3 Pro,True,False,,Smart,RC,False,True,False,,,True,,False,False,False,False,False,False,False,False,False,False,0,Follow Yaw,-2.9,0,-13.9,346.1,False,False,False,False,False,True,,True,Normal,100,100,1024,1024,972,1024,N,False,False,False,False,False,0,False,False,False,False,50,7.328,1115,2265,7.328,False,3.668,3.66,0.012,False,False,5.161,103.5,100.4,103.4,,,,,,,,,Idle,,,True,,False,8,Go Home,True,True,True,False,False,False,False,False,True,False,False,False,43.0666047727683,-77.6229698903817,40.6,313.7,1640.4,True,1,1,False,False,False,False,,True,False,False,,328,,16.4,Calm,41,, 1.8.0,DJI Mini 3 Pro,1581F4XF3229R006,53HFK5R0M30ACD,5HAZK6H0018AUR,52XPK6ACA001NV,180.6,0.7,59,13.23575,6.487126,0,8942,DJI Mini 3 Pro,1581F4XF3229R006,53HFK5R0M30ACD,5HAZK6H0018AUR,52XPK6ACA001NV,DJI Fly,, 1.8.0,61EABE4C-BCDC-32F4-D0CC-A1B5A0612123,1581F4XF3229R006W0A6,,,,,,,,,,
6/20/2023,8:53:13.34 AM,1m 52.8s,112.8,43.0665939877713,-77.6228214878848,9.8,60.6,9.5,544,520.8,3.35541,13.235805,2.013246,5.368656,-2.684328,6.71082,,4.47388,-3.2,2.2,-44.4,315.6,ActiveTrack,Other,,24,5,True,,Mini 3 Pro,True,False,,Smart,RC,False,True,False,,,True,,False,False,False,False,False,False,False,False,False,False,0,Follow Yaw,-3,0,-14.1,345.9,False,False,False,False,False,True,,True,Normal,100,100,1024,1116,924,1024,N,False,False,False,False,False,0,False,False,False,False,50,7.328,1115,2265,7.328,False,3.668,3.66,0.012,False,False,5.161,103.5,100.4,103.4,,,,,,,,,Idle,,,True,,False,8,Go Home,True,True,True,False,False,False,False,False,True,False,False,False,43.0666047727683,-77.6229698903817,39.7,313.7,1640.4,True,1,1,False,False,False,False,,True,False,False,,328,,16.4,Calm,41,, 1.8.0,DJI Mini 3 Pro,1581F4XF3229R006,53HFK5R0M30ACD,5HAZK6H0018AUR,52XPK6ACA001NV,180.6,0.7,59,13.23575,6.487126,0,8942,DJI Mini 3 Pro,1581F4XF3229R006,53HFK5R0M30ACD,5HAZK6H0018AUR,52XPK6ACA001NV,DJI Fly,, 1.8.0,61EABE4C-BCDC-32F4-D0CC-A1B5A0612123,1581F4XF3229R006W0A6,,,,,,,,,,
6/20/2023,8:53:13.44 AM,1m 53.0s,113,43.0665956947779,-77.6228245459128,9.8,60.6,9.5,544,521.8,3.042567,13.235805,1.789552,5.368656,-2.460634,6.71082,,4.47388,9.7,3.3,-44.2,315.8,ActiveTrack,Other,,24,5,True,,Mini 3 Pro,True,False,,Smart,RC,False,True,False,,,True,,False,False,False,False,False,False,False,False,False,False,0,Follow Yaw,-3,0,-14.3,345.7,False,False,False,False,False,True,,True,Normal,100,100,1024,1209,918,1024,N,False,False,False,False,False,0,False,False,False,False,50,7.328,1115,2265,7.328,False,3.668,3.66,0.012,False,False,5.161,103.5,100.4,103.4,,,,,,,,,Idle,,,True,,False,8,Go Home,True,True,True,False,False,False,False,False,True,False,False,False,43.0666047727683,-77.6229698903817,38.8,313.7,1640.4,True,1,1,False,False,False,False,,True,False,False,,328,,16.4,Calm,41,, 1.8.0,DJI Mini 3 Pro,1581F4XF3229R006,53HFK5R0M30ACD,5HAZK6H0018AUR,52XPK6ACA001NV,180.6,0.7,59,13.23575,6.487126,0,8942,DJI Mini 3 Pro,1581F4XF3229R006,53HFK5R0M30ACD,5HAZK6H0018AUR,52XPK6ACA001NV,DJI Fly,, 1.8.0,61EABE4C-BCDC-32F4-D0CC-A1B5A0612123,1581F4XF3229R006W0A6,,,,,,,,,,
6/20/2023,8:53:13.64 AM,1m 53.2s,113.2,43.0665969764256,-77.6228270133536,9.5,60.6,9.8,544,522.6,2.23694,13.235805,1.342164,5.368656,-1.789552,6.71082,0.223694,4.47388,6.5,2.7,-44.6,315.4,ActiveTrack,Other,,24,5,True,,Mini 3 Pro,True,False,,Smart,RC,False,True,False,,,True,,False,False,False,False,False,False,False,False,False,False,0,Follow Yaw,-3,0,-14.4,345.6,False,False,False,False,False,True,,True,Normal,100,100,1024,1224,942,1024,N,False,False,False,False,False,0,False,False,False,False,50,7.328,1115,2265,7.328,False,3.668,3.66,0.012,False,False,5.161,103.5,100.4,103.4,,,,,,,,,Idle,,,True,,False,8,Go Home,True,True,True,False,False,False,False,False,True,False,False,False,43.0666047727683,-77.6229698903817,38.1,313.7,1640.4,True,1,1,False,False,False,False,,True,False,False,,328,,16.4,Calm,41,, 1.8.0,DJI Mini 3 Pro,1581F4XF3229R006,53HFK5R0M30ACD,5HAZK6H0018AUR,52XPK6ACA001NV,180.6,0.7,59,13.23575,6.487126,0,8942,DJI Mini 3 Pro,1581F4XF3229R006,53HFK5R0M30ACD,5HAZK6H0018AUR,52XPK6ACA001NV,DJI Fly,, 1.8.0,61EABE4C-BCDC-32F4-D0CC-A1B5A0612123,1581F4XF3229R006W0A6,,,,,,,,,,
6/20/2023,8:53:13.95 AM,1m 53.4s,113.4,43.066597907857,-77.6228289492963,9.5,60.6,9.8,544,523.2,1.803478,13.235805,0.894776,5.368656,-1.565858,6.71082,,4.47388,-0.7,2.8,-44.8,315.2,ActiveTrack,Other,,24,5,True,,Mini 3 Pro,True,False,,Smart,RC,False,True,False,,,True,,False,False,False,False,False,False,False,False,False,False,0,Follow Yaw,-3,0,-14.3,345.7,False,False,False,False,False,True,,True,Normal,100,100,1024,1214,930,1024,N,False,False,False,False,False,0,False,False,False,False,50,7.328,1115,2265,7.328,False,3.668,3.66,0.012,False,False,5.161,103.5,100.4,103.4,,,,,,,,,Idle,,,True,,False,8,Go Home,True,True,True,False,False,False,False,False,True,False,False,False,43.0666047727683,-77.6229698903817,37.6,313.7,1640.4,True,1,1,False,False,False,False,,True,False,False,,328,,16.4,Calm,41,, 1.8.0,DJI Mini 3 Pro,1581F4XF3229R006,53HFK5R0M30ACD,5HAZK6H0018AUR,52XPK6ACA001NV,180.6,0.7,59,13.23575,6.487126,0,8942,DJI Mini 3 Pro,1581F4XF3229R006,53HFK5R0M30ACD,5HAZK6H0018AUR,52XPK6ACA001NV,DJI Fly,, 1.8.0,61EABE4C-BCDC-32F4-D0CC-A1B5A0612123,1581F4XF3229R006W0A6,,,,,,,,,,
6/20/2023,8:53:14.15 AM,1m 53.6s,113.6,43.066598817071,-77.6228307632612,9.5,60.6,9.8,544,523.8,1.924288,13.235805,1.11847,5.368656,-1.565858,6.71082,,4.47388,-2,3.3,-44.8,315.2,ActiveTrack,Other,,24,5,True,,Mini 3 Pro,True,False,,Smart,RC,False,True,False,,,True,,False,False,False,False,False,False,False,False,False,False,0,Follow Yaw,-3,0,-14.3,345.7,False,False,False,False,False,True,,True,Normal,100,100,1024,1219,931,1024,N,False,False,False,False,False,0,False,False,False,False,50,7.333,1113,2265,7.333,False,3.671,3.662,0.012,False,False,4.893,103.5,100.4,103.4,,,,,,,,,Idle,,,True,,False,8,Go Home,True,True,True,False,False,False,False,False,True,False,False,False,43.0666047727683,-77.6229698903817,37.1,313.7,1640.4,True,1,1,False,False,False,False,,True,False,False,,328,,16.4,Calm,41,, 1.8.0,DJI Mini 3 Pro,1581F4XF3229R006,53HFK5R0M30ACD,5HAZK6H0018AUR,52XPK6ACA001NV,180.6,0.7,59,13.23575,6.487126,0,8942,DJI Mini 3 Pro,1581F4XF3229R006,53HFK5R0M30ACD,5HAZK6H0018AUR,52XPK6ACA001NV,DJI Fly,, 1.8.0,61EABE4C-BCDC-32F4-D0CC-A1B5A0612123,1581F4XF3229R006W0A6,,,,,,,,,,
6/20/2023,8:53:14.25 AM,1m 53.8s,113.8,43.0665997794311,-77.6228325665317,9.5,60.6,9.8,544,524.4,1.747105,13.235805,1.11847,5.368656,-1.342164,6.71082,,4.47388,-1.6,2.7,-44.7,315.3,ActiveTrack,Other,,24,5,True,,Mini 3 Pro,True,False,,Smart,RC,False,True,False,,,True,,False,False,False,False,False,False,False,False,False,False,0,Follow Yaw,-3,0,-14.2,345.8,False,False,False,False,False,True,,True,Normal,100,100,1024,1222,905,1024,N,False,False,False,False,False,0,False,False,False,False,50,7.333,1113,2265,7.333,False,3.671,3.662,0.012,False,False,4.893,103.5,100.4,103.4,,,,,,,,,Idle,,,True,,False,8,Go Home,True,True,True,False,False,False,False,False,True,False,False,False,43.0666047727683,-77.6229698903817,36.6,313.7,1640.4,True,1,1,False,False,False,False,,True,False,False,,328,,16.4,Calm,41,, 1.8.0,DJI Mini 3 Pro,1581F4XF3229R006,53HFK5R0M30ACD,5HAZK6H0018AUR,52XPK6ACA001NV,180.6,0.7,59,13.23575,6.487126,0,8942,DJI Mini 3 Pro,1581F4XF3229R006,53HFK5R0M30ACD,5HAZK6H0018AUR,52XPK6ACA001NV,DJI Fly,, 1.8.0,61EABE4C-BCDC-32F4-D0CC-A1B5A0612123,1581F4XF3229R006W0A6,,,,,,,,,,
6/20/2023,8:53:14.55 AM,1m 54.0s,114,43.0666008050268,-77.6228343548276,9.5,60.6,9.5,544,525,1.747105,13.235805,1.11847,5.368656,-1.342164,6.71082,,4.47388,-2.1,1.9,-44.7,315.3,ActiveTrack,Other,,24,5,True,,Mini 3 Pro,True,False,,Smart,RC,False,True,False,,,True,,False,False,False,False,False,False,False,False,False,False,0,Follow Yaw,-3,0,-14.2,345.8,False,False,False,False,False,True,,True,Normal,100,100,1024,1236,884,1024,N,False,False,False,False,False,0,False,False,False,False,50,7.333,1113,2265,7.333,False,3.671,3.662,0.012,False,False,4.893,103.5,100.4,103.4,,,,,,,,,Idle,,,True,,False,8,Go Home,True,True,True,False,False,False,False,False,True,False,False,False,43.0666047727683,-77.6229698903817,36.1,313.7,1640.4,True,1,1,False,False,False,False,,True,False,False,,328,,16.4,Calm,41,, 1.8.0,DJI Mini 3 Pro,1581F4XF3229R006,53HFK5R0M30ACD,5HAZK6H0018AUR,52XPK6ACA001NV,180.6,0.7,59,13.23575,6.487126,0,8942,DJI Mini 3 Pro,1581F4XF3229R006,53HFK5R0M30ACD,5HAZK6H0018AUR,52XPK6ACA001NV,DJI Fly,, 1.8.0,61EABE4C-BCDC-32F4-D0CC-A1B5A0612123,1581F4XF3229R006W0A6,,,,,,,,,,
6/20/2023,8:53:14.76 AM,1m 54.2s,114.2,43.066601854961,-77.6228361867221,9.5,60.6,9.5,544,525.6,2.062356,13.235805,1.342164,5.368656,-1.565858,6.71082,0.223694,4.47388,-2.4,2.4,-44.6,315.4,ActiveTrack,Other,,24,5,True,,Mini 3 Pro,True,False,,Smart,RC,False,True,False,,,True,,False,False,False,False,False,False,False,False,False,False,0,Follow Yaw,-3,0,-14.2,345.8,False,False,False,False,False,True,,True,Normal,100,100,1126,1164,928,1024,N,False,False,False,False,False,0,False,False,False,False,50,7.333,1113,2265,7.333,False,3.671,3.662,0.012,False,False,4.893,103.5,100.4,103.4,,,,,,,,,Idle,,,True,,False,8,Go Home,True,True,True,False,False,False,False,False,True,False,False,False,43.0666047727683,-77.6229698903817,35.6,313.7,1640.4,True,1,1,False,False,False,False,,True,False,False,,328,,16.4,Calm,41,, 1.8.0,DJI Mini 3 Pro,1581F4XF3229R006,53HFK5R0M30ACD,5HAZK6H0018AUR,52XPK6ACA001NV,180.6,0.7,59,13.23575,6.487126,0,8942,DJI Mini 3 Pro,1581F4XF3229R006,53HFK5R0M30ACD,5HAZK6H0018AUR,52XPK6ACA001NV,DJI Fly,, 1.8.0,61EABE4C-BCDC-32F4-D0CC-A1B5A0612123,1581F4XF3229R006W0A6,,,,,,,,,,
6/20/2023,8:53:14.86 AM,1m 54.4s,114.4,43.0666029777235,-77.6228380802506,9.1,60.6,9.5,543,526.3,2.062356,13.235805,1.342164,5.368656,-1.565858,6.71082,0.223694,4.47388,-3,2,-44.6,315.4,ActiveTrack,Other,,24,5,True,,Mini 3 Pro,True,False,,Smart,RC,False,True,False,,,True,,False,False,False,False,False,False,False,False,False,False,0,Follow Yaw,-2.9,0,-14.1,345.9,False,False,False,False,False,True,,True,Normal,100,100,1272,1145,924,1024,N,False,False,False,False,False,0,False,False,False,False,50,7.333,1113,2265,7.333,False,3.671,3.662,0.012,False,False,4.893,103.5,100.4,103.4,,,,,,,,,Idle,,,True,,False,8,Go Home,True,True,True,False,False,False,False,False,True,False,False,False,43.0666047727683,-77.6229698903817,35.1,313.7,1640.4,True,1,1,False,False,False,False,,True,False,False,,328,,16.4,Calm,41,, 1.8.0,DJI Mini 3 Pro,1581F4XF3229R006,53HFK5R0M30ACD,5HAZK6H0018AUR,52XPK6ACA001NV,180.6,0.7,59,13.23575,6.487126,0,8942,DJI Mini 3 Pro,1581F4XF3229R006,53HFK5R0M30ACD,5HAZK6H0018AUR,52XPK6ACA001NV,DJI Fly,, 1.8.0,61EABE4C-BCDC-32F4-D0CC-A1B5A0612123,1581F4XF3229R006W0A6,,,,,,,,,,
6/20/2023,8:53:15.16 AM,1m 54.6s,114.6,43.0666041784151,-77.6228400365972,9.1,60.6,9.5,543,527,2.062356,13.235805,1.342164,5.368656,-1.565858,6.71082,0.223694,4.47388,-1,2.9,-44.6,315.4,ActiveTrack,Other,,24,5,True,,Mini 3 Pro,True,False,,Smart,RC,False,True,False,,,True,,False,False,False,False,False,False,False,False,False,False,0,Follow Yaw,-2.9,0,-14.1,345.9,False,False,False,False,False,True,,True,Normal,100,100,1326,1116,900,1024,N,False,False,False,False,False,0,False,False,False,False,50,7.334,1112,2265,7.334,False,3.672,3.662,0.012,False,False,4.887,103.5,100.4,103.4,,,,,,,,,Idle,,,True,,False,8,Go Home,True,True,True,False,False,False,False,False,True,False,False,False,43.0666047727683,-77.6229698903817,34.6,313.7,1640.4,True,1,1,False,False,False,False,,True,False,False,,328,,16.4,Calm,41,, 1.8.0,DJI Mini 3 Pro,1581F4XF3229R006,53HFK5R0M30ACD,5HAZK6H0018AUR,52XPK6ACA001NV,180.6,0.7,59,13.23575,6.487126,0,8942,DJI Mini 3 Pro,1581F4XF3229R006,53HFK5R0M30ACD,5HAZK6H0018AUR,52XPK6ACA001NV,DJI Fly,, 1.8.0,61EABE4C-BCDC-32F4-D0CC-A1B5A0612123,1581F4XF3229R006W0A6,,,,,,,,,,
6/20/2023,8:53:15.36 AM,1m 54.8s,114.8,43.0666054715756,-77.6228418904669,9.1,60.6,9.5,543,527.6,2.062356,13.235805,1.565858,5.368656,-1.342164,6.71082,0.223694,4.47388,-0.7,8.2,-44.6,315.4,ActiveTrack,Other,,24,5,True,,Mini 3 Pro,True,False,,Smart,RC,False,True,False,,,True,,False,False,False,False,False,False,False,False,False,False,0,Follow Yaw,-2.9,0,-14.2,345.8,False,False,False,False,False,True,,True,Normal,100,100,1171,1117,928,1024,N,False,False,False,False,False,0,False,False,False,False,50,7.334,1112,2265,7.334,False,3.672,3.662,0.012,False,False,4.887,103.5,100.4,103.4,,,,,,,,,Idle,,,True,,False,8,Go Home,True,True,True,False,False,False,False,False,True,False,False,False,43.0666047727683,-77.6229698903817,34.1,313.7,1640.4,True,1,1,False,False,False,False,,True,False,False,,328,,16.4,Calm,41,, 1.8.0,DJI Mini 3 Pro,1581F4XF3229R006,53HFK5R0M30ACD,5HAZK6H0018AUR,52XPK6ACA001NV,180.6,0.7,59,13.23575,6.487126,0,8942,DJI Mini 3 Pro,1581F4XF3229R006,53HFK5R0M30ACD,5HAZK6H0018AUR,52XPK6ACA001NV,DJI Fly,, 1.8.0,61EABE4C-BCDC-32F4-D0CC-A1B5A0612123,1581F4XF3229R006W0A6,,,,,,,,,,
6/20/2023,8:53:15.46 AM,1m 55.0s,115,43.0666070119256,-77.6228433923109,9.1,60.6,9.1,543,528.3,2.30307,13.235805,2.013246,5.368656,-1.11847,6.71082,0.223694,4.47388,-1.4,10.1,-44.9,315.1,ActiveTrack,Other,,24,5,True,,Mini 3 Pro,True,False,,Smart,RC,False,True,False,,,True,,False,False,False,False,False,False,False,False,False,False,0,Follow Yaw,-2.9,0,-14.3,345.7,False,False,False,False,False,True,,True,Normal,100,100,1024,1024,981,1024,N,False,False,False,False,False,0,False,False,False,False,50,7.334,1112,2265,7.334,False,3.672,3.662,0.012,False,False,4.887,103.5,100.4,103.4,,,,,,,,,Idle,,,True,,False,8,Go Home,True,True,True,False,False,False,False,False,True,False,False,False,43.0666047727683,-77.6229698903817,33.7,313.7,1640.4,True,1,1,False,False,False,False,,True,False,False,,328,,16.4,Calm,41,, 1.8.0,DJI Mini 3 Pro,1581F4XF3229R006,53HFK5R0M30ACD,5HAZK6H0018AUR,52XPK6ACA001NV,180.6,0.7,59,13.23575,6.487126,0,8942,DJI Mini 3 Pro,1581F4XF3229R006,53HFK5R0M30ACD,5HAZK6H0018AUR,52XPK6ACA001NV,DJI Fly,, 1.8.0,61EABE4C-BCDC-32F4-D0CC-A1B5A0612123,1581F4XF3229R006W0A6,,,,,,,,,,
6/20/2023,8:53:15.67 AM,1m 55.2s,115.2,43.0666088518043,-77.6228444872614,9.1,60.6,9.1,543,529.1,2.335433,13.235805,2.23694,5.368656,-0.671082,6.71082,0.223694,4.47388,0.3,4.5,-44.8,315.2,ActiveTrack,Other,,24,5,True,,Mini 3 Pro,True,False,,Smart,RC,False,True,False,,,True,,False,False,False,False,False,False,False,False,False,False,0,Follow Yaw,-2.9,0,-14.5,345.5,False,False,False,False,False,True,,True,Normal,100,100,1024,1024,1012,1024,N,False,False,False,False,False,0,False,False,False,False,50,7.334,1112,2265,7.334,False,3.672,3.662,0.012,False,False,4.887,103.5,100.4,103.4,,,,,,,,,Idle,,,True,,False,8,Go Home,True,True,True,False,False,False,False,False,True,False,False,False,43.0666047727683,-77.6229698903817,33.4,313.7,1640.4,True,1,1,False,False,False,False,,True,False,False,,328,,16.4,Calm,41,, 1.8.0,DJI Mini 3 Pro,1581F4XF3229R006,53HFK5R0M30ACD,5HAZK6H0018AUR,52XPK6ACA001NV,180.6,0.7,59,13.23575,6.487126,0,8942,DJI Mini 3 Pro,1581F4XF3229R006,53HFK5R0M30ACD,5HAZK6H0018AUR,52XPK6ACA001NV,DJI Fly,, 1.8.0,61EABE4C-BCDC-32F4-D0CC-A1B5A0612123,1581F4XF3229R006W0A6,,,,,,,,,,
6/20/2023,8:53:15.87 AM,1m 55.4s,115.4,43.0666106824618,-77.6228453085416,8.8,60.6,9.1,543,529.8,2.062356,13.235805,2.013246,5.368656,-0.447388,6.71082,,4.47388,7.4,-1.2,-45,315,ActiveTrack,Other,,24,5,True,,Mini 3 Pro,True,False,,Smart,RC,False,True,False,,,True,,False,False,False,False,False,False,False,False,False,False,0,Follow Yaw,-2.9,0,-14.8,345.2,False,False,False,False,False,True,,True,Normal,100,100,1024,1024,958,849,N,False,False,False,False,False,0,False,False,False,False,50,7.334,1112,2265,7.334,False,3.672,3.662,0.012,False,False,4.887,103.5,100.4,103.4,,,,,,,,,Idle,,,True,,False,8,Go Home,True,True,True,False,False,False,False,False,True,False,False,False,43.0666047727683,-77.6229698903817,33.2,313.7,1640.4,True,1,1,False,False,False,False,,True,False,False,,328,,16.4,Calm,41,, 1.8.0,DJI Mini 3 Pro,1581F4XF3229R006,53HFK5R0M30ACD,5HAZK6H0018AUR,52XPK6ACA001NV,180.6,0.7,59,13.23575,6.487126,0,8942,DJI Mini 3 Pro,1581F4XF3229R006,53HFK5R0M30ACD,5HAZK6H0018AUR,52XPK6ACA001NV,DJI Fly,, 1.8.0,61EABE4C-BCDC-32F4-D0CC-A1B5A0612123,1581F4XF3229R006W0A6,,,,,,,,,,
6/20/2023,8:53:16.07 AM,1m 55.6s,115.6,43.0666120500272,-77.6228459016265,8.8,60.6,8.8,543,530.3,1.14062,13.235805,1.11847,5.368656,-0.223694,6.71082,,4.47388,6.1,-1.5,-45.3,314.7,ActiveTrack,Other,,24,5,True,,Mini 3 Pro,True,False,,Smart,RC,False,True,False,,,True,,False,False,False,False,False,False,False,False,False,False,0,Follow Yaw,-2.9,0,-14.9,345.1,False,False,False,False,False,True,,True,Normal,100,100,1024,1042,927,837,N,False,False,False,False,False,0,False,False,False,False,50,7.334,1112,2265,7.334,False,3.672,3.662,0.012,False,False,4.887,103.5,100.4,103.4,,,,,,,,,Idle,,,True,,False,8,Go Home,True,True,True,False,False,False,False,False,True,False,False,False,43.0666047727683,-77.6229698903817,33.1,313.7,1640.4,True,1,1,False,False,False,False,,True,False,False,,328,,16.4,Calm,41,, 1.8.0,DJI Mini 3 Pro,1581F4XF3229R006,53HFK5R0M30ACD,5HAZK6H0018AUR,52XPK6ACA001NV,180.6,0.7,59,13.23575,6.487126,0,8942,DJI Mini 3 Pro,1581F4XF3229R006,53HFK5R0M30ACD,5HAZK6H0018AUR,52XPK6ACA001NV,DJI Fly,, 1.8.0,61EABE4C-BCDC-32F4-D0CC-A1B5A0612123,1581F4XF3229R006W0A6,,,,,,,,,,
6/20/2023,8:53:16.27 AM,1m 55.8s,115.8,43.066612879869,-77.62284636938,8.8,60.6,8.8,543,530.6,0.707382,13.235805,0.671082,5.368656,-0.223694,6.71082,,4.47388,4.9,-0.5,-45.4,314.6,ActiveTrack,Other,,24,5,True,,Mini 3 Pro,True,False,,Smart,RC,False,True,False,,,True,,False,False,False,False,False,False,False,False,False,False,0,Follow Yaw,-2.9,0,-15,345,False,False,False,False,False,True,,True,Normal,100,100,1024,1061,926,742,N,False,False,False,False,False,0,False,False,False,False,50,7.33,1111,2265,7.33,False,3.669,3.661,0.012,False,False,4.888,103.5,100.4,103.4,,,,,,,,,Idle,,,True,,False,8,Go Home,True,True,True,False,False,False,False,False,True,False,False,False,43.0666047727683,-77.6229698903817,33,313.7,1640.4,True,1,1,False,False,False,False,,True,False,False,,328,,16.4,Calm,41,, 1.8.0,DJI Mini 3 Pro,1581F4XF3229R006,53HFK5R0M30ACD,5HAZK6H0018AUR,52XPK6ACA001NV,180.6,0.7,59,13.23575,6.487126,0,8942,DJI Mini 3 Pro,1581F4XF3229R006,53HFK5R0M30ACD,5HAZK6H0018AUR,52XPK6ACA001NV,DJI Fly,, 1.8.0,61EABE4C-BCDC-32F4-D0CC-A1B5A0612123,1581F4XF3229R006W0A6,,,,,,,,,,
6/20/2023,8:53:16.47 AM,1m 56.0s,116,43.0666133429081,-77.6228467144403,8.8,60.6,8.8,543,530.8,0.223694,13.235805,0.223694,5.368656,,6.71082,,4.47388,2.4,0.6,-45.4,314.6,ActiveTrack,Other,,24,5,True,,Mini 3 Pro,True,False,,Smart,RC,False,True,False,,,True,,False,False,False,False,False,False,False,False,False,False,0,Follow Yaw,-2.9,0,-15.1,344.9,False,False,False,False,False,True,,True,Normal,100,100,1024,1060,1024,1024,N,False,False,False,False,False,0,False,False,False,False,50,7.33,1111,2265,7.33,False,3.669,3.661,0.012,False,False,4.888,103.5,100.4,103.4,,,,,,,,,Idle,,,True,,False,8,Go Home,True,True,True,False,False,False,False,False,True,False,False,False,43.0666047727683,-77.6229698903817,32.9,313.7,1640.4,True,1,1,False,False,False,False,,True,False,False,,328,,16.4,Calm,41,, 1.8.0,DJI Mini 3 Pro,1581F4XF3229R006,53HFK5R0M30ACD,5HAZK6H0018AUR,52XPK6ACA001NV,180.6,0.7,59,13.23575,6.487126,0,8942,DJI Mini 3 Pro,1581F4XF3229R006,53HFK5R0M30ACD,5HAZK6H0018AUR,52XPK6ACA001NV,DJI Fly,, 1.8.0,61EABE4C-BCDC-32F4-D0CC-A1B5A0612123,1581F4XF3229R006W0A6,,,,,,,,,,
6/20/2023,8:53:16.68 AM,1m 56.2s,116.2,43.0666136089852,-77.6228469769236,8.8,60.6,8.8,543,530.9,0.223694,13.235805,0.223694,5.368656,,6.71082,,4.47388,1.1,1.1,-45.4,314.6,ActiveTrack,Other,,24,5,True,,Mini 3 Pro,True,False,,Smart,RC,False,True,False,,,True,,False,False,False,False,False,False,False,False,False,False,0,Follow Yaw,-2.8,0,-15.1,344.9,False,False,False,False,False,True,,True,Normal,100,100,1024,1063,1024,997,N,False,False,False,False,False,0,False,False,False,False,50,7.33,1111,2265,7.33,False,3.669,3.661,0.012,False,False,4.888,103.5,100.4,103.4,,,,,,,,,Idle,,,True,,False,8,Go Home,True,True,True,False,False,False,False,False,True,False,False,False,43.0666047727683,-77.6229698903817,32.9,313.7,1640.4,True,1,1,False,False,False,False,,True,False,False,,328,,16.4,Calm,41,, 1.8.0,DJI Mini 3 Pro,1581F4XF3229R006,53HFK5R0M30ACD,5HAZK6H0018AUR,52XPK6ACA001NV,180.6,0.7,59,13.23575,6.487126,0,8942,DJI Mini 3 Pro,1581F4XF3229R006,53HFK5R0M30ACD,5HAZK6H0018AUR,52XPK6ACA001NV,DJI Fly,, 1.8.0,61EABE4C-BCDC-32F4-D0CC-A1B5A0612123,1581F4XF3229R006W0A6,,,,,,,,,,
6/20/2023,8:53:16.88 AM,1m 56.4s,116.4,43.0666137978227,-77.6228472146758,8.8,60.6,8.8,543,531,,13.235805,,5.368656,,6.71082,,4.47388,0.7,1.2,-45.6,314.4,ActiveTrack,Other,,24,5,True,,Mini 3 Pro,True,False,,Smart,RC,False,True,False,,,True,,False,False,False,False,False,False,False,False,False,False,0,Follow Yaw,-2.8,0,-15.1,344.9,False,False,False,False,False,True,,True,Normal,100,100,1024,1061,1024,945,N,False,False,False,False,False,0,False,False,False,False,50,7.33,1111,2265,7.33,False,3.669,3.661,0.012,False,False,4.888,103.5,100.4,103.4,,,,,,,,,Idle,,,True,,False,8,Go Home,True,True,True,False,False,False,False,False,True,False,False,False,43.0666047727683,-77.6229698903817,32.8,313.7,1640.4,True,1,1,False,False,False,False,,True,False,False,,328,,16.4,Calm,41,, 1.8.0,DJI Mini 3 Pro,1581F4XF3229R006,53HFK5R0M30ACD,5HAZK6H0018AUR,52XPK6ACA001NV,180.6,0.7,59,13.23575,6.487126,0,8942,DJI Mini 3 Pro,1581F4XF3229R006,53HFK5R0M30ACD,5HAZK6H0018AUR,52XPK6ACA001NV,DJI Fly,, 1.8.0,61EABE4C-BCDC-32F4-D0CC-A1B5A0612123,1581F4XF3229R006W0A6,,,,,,,,,,
6/20/2023,8:53:17.08 AM,1m 56.6s,116.6,43.0666139495315,-77.6228474535539,8.8,60.6,8.8,543,531.1,,13.235805,,5.368656,,6.71082,,4.47388,0.8,1.4,-45.5,314.5,ActiveTrack,Other,,24,5,True,,Mini 3 Pro,True,False,,Smart,RC,False,True,False,,,True,,False,False,False,False,False,False,False,False,False,False,0,Follow Yaw,-2.8,0,-15.1,344.9,False,False,False,False,False,True,,True,Normal,100,100,1024,1074,1024,1024,N,False,False,False,False,False,0,False,False,False,False,50,7.33,1111,2265,7.33,False,3.669,3.661,0.012,False,False,4.888,103.5,100.4,103.4,,,,,,,,,Idle,,,True,,False,8,Go Home,True,True,True,False,False,False,False,False,True,False,False,False,43.0666047727683,-77.6229698903817,32.8,313.7,1640.4,True,1,1,False,False,False,False,,True,False,False,,328,,16.4,Calm,41,, 1.8.0,DJI Mini 3 Pro,1581F4XF3229R006,53HFK5R0M30ACD,5HAZK6H0018AUR,52XPK6ACA001NV,180.6,0.7,59,13.23575,6.487126,0,8942,DJI Mini 3 Pro,1581F4XF3229R006,53HFK5R0M30ACD,5HAZK6H0018AUR,52XPK6ACA001NV,DJI Fly,, 1.8.0,61EABE4C-BCDC-32F4-D0CC-A1B5A0612123,1581F4XF3229R006W0A6,,,,,,,,,,
6/20/2023,8:53:17.28 AM,1m 56.8s,116.8,43.0666140696331,-77.6228476726612,8.8,60.6,8.8,543,531.2,,13.235805,,5.368656,,6.71082,,4.47388,1.1,1.5,-45.4,314.6,ActiveTrack,Other,,24,5,True,,Mini 3 Pro,True,False,,Smart,RC,False,True,False,,,True,,False,False,False,False,False,False,False,False,False,False,0,Follow Yaw,-2.8,0,-15.1,344.9,False,False,False,False,False,True,,True,Normal,100,100,1024,1077,1024,625,N,False,False,False,False,False,0,False,False,False,False,49,7.329,1109,2265,7.329,False,3.669,3.66,0.012,False,False,5.047,103.5,100.4,103.4,,,,,,,,,Idle,,,True,,False,8,Go Home,True,True,True,False,False,False,False,False,True,False,False,False,43.0666047727683,-77.6229698903817,32.7,313.7,1640.4,True,1,1,False,False,False,False,,True,False,False,,328,,16.4,Calm,41,, 1.8.0,DJI Mini 3 Pro,1581F4XF3229R006,53HFK5R0M30ACD,5HAZK6H0018AUR,52XPK6ACA001NV,180.6,0.7,59,13.23575,6.487126,0,8942,DJI Mini 3 Pro,1581F4XF3229R006,53HFK5R0M30ACD,5HAZK6H0018AUR,52XPK6ACA001NV,DJI Fly,, 1.8.0,61EABE4C-BCDC-32F4-D0CC-A1B5A0612123,1581F4XF3229R006W0A6,,,,,,,,,,
6/20/2023,8:53:17.48 AM,1m 57.0s,117,43.0666141392964,-77.6228478552409,8.8,60.6,8.8,543,531.2,,13.235805,,5.368656,,6.71082,,4.47388,0.5,1.5,-45.5,314.5,ActiveTrack,Other,,25,5,True,,Mini 3 Pro,True,False,,Smart,RC,False,True,False,,,True,,False,False,False,False,False,False,False,False,False,False,0,Follow Yaw,-2.8,0,-15.1,344.9,False,False,False,False,False,True,,True,Normal,100,100,1024,1079,1024,1024,N,False,False,False,False,False,0,False,False,False,False,49,7.329,1109,2265,7.329,False,3.669,3.66,0.012,False,False,5.047,103.5,100.4,103.4,,,,,,,,,Idle,,,True,,False,8,Go Home,True,True,True,False,False,False,False,False,True,False,False,False,43.0666047727683,-77.6229698903817,32.7,313.7,1640.4,True,1,1,False,False,False,False,,True,False,False,,328,,16.4,Calm,41,, 1.8.0,DJI Mini 3 Pro,1581F4XF3229R006,53HFK5R0M30ACD,5HAZK6H0018AUR,52XPK6ACA001NV,180.6,0.7,59,13.23575,6.487126,0,8942,DJI Mini 3 Pro,1581F4XF3229R006,53HFK5R0M30ACD,5HAZK6H0018AUR,52XPK6ACA001NV,DJI Fly,, 1.8.0,61EABE4C-BCDC-32F4-D0CC-A1B5A0612123,1581F4XF3229R006W0A6,,,,,,,,,,
6/20/2023,8:53:17.69 AM,1m 57.2s,117.2,43.0666141828908,-77.6228480440004,8.8,60.6,8.8,543,531.3,,13.235805,,5.368656,,6.71082,,4.47388,0,1.8,-45.6,314.4,ActiveTrack,Other,,25,5,True,,Mini 3 Pro,True,False,,Smart,RC,False,True,False,,,True,,False,False,False,False,False,False,False,False,False,False,0,Follow Yaw,-2.9,0,-15.1,344.9,False,False,False,False,False,True,,True,Normal,100,100,1024,1078,1024,1024,N,False,False,False,False,False,0,False,False,False,False,49,7.329,1109,2265,7.329,False,3.669,3.66,0.012,False,False,5.047,103.5,100.4,103.4,,,,,,,,,Idle,,,True,,False,8,Go Home,True,True,True,False,False,False,False,False,True,False,False,False,43.0666047727683,-77.6229698903817,32.6,313.7,1640.4,True,1,1,False,False,False,False,,True,False,False,,328,,16.4,Calm,41,, 1.8.0,DJI Mini 3 Pro,1581F4XF3229R006,53HFK5R0M30ACD,5HAZK6H0018AUR,52XPK6ACA001NV,180.6,0.7,59,13.23575,6.487126,0,8942,DJI Mini 3 Pro,1581F4XF3229R006,53HFK5R0M30ACD,5HAZK6H0018AUR,52XPK6ACA001NV,DJI Fly,, 1.8.0,61EABE4C-BCDC-32F4-D0CC-A1B5A0612123,1581F4XF3229R006W0A6,,,,,,,,,,
6/20/2023,8:53:17.89 AM,1m 57.4s,117.4,43.066614204219,-77.6228481905684,8.8,60.6,8.8,543,531.3,,13.235805,,5.368656,,6.71082,,4.47388,-0.3,1.7,-45.5,314.5,ActiveTrack,Other,,25,5,True,,Mini 3 Pro,True,False,,Smart,RC,False,True,False,,,True,,False,False,False,False,False,False,False,False,False,False,0,Follow Yaw,-2.9,0,-15.1,344.9,False,False,False,False,False,True,,True,Normal,100,100,1024,1067,1024,584,N,False,False,False,False,False,0,False,False,False,False,49,7.329,1109,2265,7.329,False,3.669,3.66,0.012,False,False,5.047,103.5,100.4,103.4,,,,,,,,,Idle,,,True,,False,8,Go Home,True,True,True,False,False,False,False,False,True,False,False,False,43.0666047727683,-77.6229698903817,32.6,313.7,1640.4,True,1,1,False,False,False,False,,True,False,False,,328,,16.4,Calm,41,, 1.8.0,DJI Mini 3 Pro,1581F4XF3229R006,53HFK5R0M30ACD,5HAZK6H0018AUR,52XPK6ACA001NV,180.6,0.7,59,13.23575,6.487126,0,8942,DJI Mini 3 Pro,1581F4XF3229R006,53HFK5R0M30ACD,5HAZK6H0018AUR,52XPK6ACA001NV,DJI Fly,, 1.8.0,61EABE4C-BCDC-32F4-D0CC-A1B5A0612123,1581F4XF3229R006W0A6,,,,,,,,,,
6/20/2023,8:53:18.09 AM,1m 57.6s,117.6,43.0666142306423,-77.6228483500354,8.8,60.6,8.8,543,531.4,,13.235805,,5.368656,,6.71082,,4.47388,-0.6,2,-45.5,314.5,ActiveTrack,Other,,25,5,True,,Mini 3 Pro,True,False,,Smart,RC,False,True,False,,,True,,False,False,False,False,False,False,False,False,False,False,0,Follow Yaw,-2.9,0,-15.1,344.9,False,False,False,False,False,True,,True,Normal,100,100,1024,1065,1024,1024,N,False,False,False,False,False,0,False,False,False,False,49,7.329,1109,2265,7.329,False,3.669,3.66,0.012,False,False,5.047,103.5,100.4,103.4,,,,,,,,,Idle,,,True,,False,8,Go Home,True,True,True,False,False,False,False,False,True,False,False,False,43.0666047727683,-77.6229698903817,32.5,313.7,1640.4,True,1,1,False,False,False,False,,True,False,False,,328,,16.4,Calm,41,, 1.8.0,DJI Mini 3 Pro,1581F4XF3229R006,53HFK5R0M30ACD,5HAZK6H0018AUR,52XPK6ACA001NV,180.6,0.7,59,13.23575,6.487126,0,8942,DJI Mini 3 Pro,1581F4XF3229R006,53HFK5R0M30ACD,5HAZK6H0018AUR,52XPK6ACA001NV,DJI Fly,, 1.8.0,61EABE4C-BCDC-32F4-D0CC-A1B5A0612123,1581F4XF3229R006W0A6,,,,,,,,,,
6/20/2023,8:53:18.29 AM,1m 57.8s,117.8,43.066614292407,-77.6228484988665,8.8,60.6,8.8,543,531.4,,13.235805,,5.368656,,6.71082,,4.47388,-0.7,1.5,-45.5,314.5,ActiveTrack,Other,,25,5,True,,Mini 3 Pro,True,False,,Smart,RC,False,True,False,,,True,,False,False,False,False,False,False,False,False,False,False,0,Follow Yaw,-2.9,0,-15.1,344.9,False,False,False,False,False,True,,True,Normal,100,100,1024,1066,1024,938,N,False,False,False,False,False,0,False,False,False,False,49,7.331,1108,2265,7.331,False,3.67,3.661,0.012,False,False,4.989,103.5,100.4,103.4,,,,,,,,,Idle,,,True,,False,8,Go Home,True,True,True,False,False,False,False,False,True,False,False,False,43.0666047727683,-77.6229698903817,32.5,313.7,1640.4,True,1,1,False,False,False,False,,True,False,False,,328,,16.4,Calm,41,, 1.8.0,DJI Mini 3 Pro,1581F4XF3229R006,53HFK5R0M30ACD,5HAZK6H0018AUR,52XPK6ACA001NV,180.6,0.7,59,13.23575,6.487126,0,8942,DJI Mini 3 Pro,1581F4XF3229R006,53HFK5R0M30ACD,5HAZK6H0018AUR,52XPK6ACA001NV,DJI Fly,, 1.8.0,61EABE4C-BCDC-32F4-D0CC-A1B5A0612123,1581F4XF3229R006W0A6,,,,,,,,,,
6/20/2023,8:53:18.59 AM,1m 58.0s,118,43.0666143408877,-77.6228486638918,8.8,60.6,8.8,543,531.5,,13.235805,,5.368656,,6.71082,,4.47388,-0.8,1.4,-45.5,314.5,ActiveTrack,Other,,25,5,True,,Mini 3 Pro,True,False,,Smart,RC,False,True,False,,,True,,False,False,False,False,False,False,False,False,False,False,0,Follow Yaw,-2.9,0,-15,345,False,False,False,False,False,True,,True,Normal,100,100,1024,1064,1024,405,N,False,False,False,False,False,0,False,False,False,False,49,7.331,1108,2265,7.331,False,3.67,3.661,0.012,False,False,4.989,103.5,100.4,103.4,,,,,,,,,Idle,,,True,,False,8,Go Home,True,True,True,False,False,False,False,False,True,False,False,False,43.0666047727683,-77.6229698903817,32.4,313.7,1640.4,True,1,1,False,False,False,False,,True,False,False,,328,,16.4,Calm,41,, 1.8.0,DJI Mini 3 Pro,1581F4XF3229R006,53HFK5R0M30ACD,5HAZK6H0018AUR,52XPK6ACA001NV,180.6,0.7,59,13.23575,6.487126,0,8942,DJI Mini 3 Pro,1581F4XF3229R006,53HFK5R0M30ACD,5HAZK6H0018AUR,52XPK6ACA001NV,DJI Fly,, 1.8.0,61EABE4C-BCDC-32F4-D0CC-A1B5A0612123,1581F4XF3229R006W0A6,,,,,,,,,,
6/20/2023,8:53:18.70 AM,1m 58.2s,118.2,43.0666143689066,-77.6228488944441,8.8,60.6,8.8,543,531.5,,13.235805,,5.368656,,6.71082,,4.47388,-0.2,2,-45.5,314.5,ActiveTrack,Other,,25,5,True,,Mini 3 Pro,True,False,,Smart,RC,False,True,False,,,True,,False,False,False,False,False,False,False,False,False,False,0,Follow Yaw,-2.9,0,-15,345,False,False,False,False,False,True,,True,Normal,100,100,1024,1061,1024,1024,N,False,False,False,False,False,0,False,False,False,False,49,7.331,1108,2265,7.331,False,3.67,3.661,0.012,False,False,4.989,103.5,100.4,103.4,,,,,,,,,Idle,,,True,,False,8,Go Home,True,True,True,False,False,False,False,False,True,False,False,False,43.0666047727683,-77.6229698903817,32.4,313.7,1640.4,True,1,1,False,False,False,False,,True,False,False,,328,,16.4,Calm,41,, 1.8.0,DJI Mini 3 Pro,1581F4XF3229R006,53HFK5R0M30ACD,5HAZK6H0018AUR,52XPK6ACA001NV,180.6,0.7,59,13.23575,6.487126,0,8942,DJI Mini 3 Pro,1581F4XF3229R006,53HFK5R0M30ACD,5HAZK6H0018AUR,52XPK6ACA001NV,DJI Fly,, 1.8.0,61EABE4C-BCDC-32F4-D0CC-A1B5A0612123,1581F4XF3229R006W0A6,,,,,,,,,,
6/20/2023,8:53:18.90 AM,1m 58.4s,118.4,43.0666144119132,-77.6228491467723,8.8,60.6,8.8,543,531.6,,13.235805,,5.368656,,6.71082,,4.47388,-0.1,2.5,-45.5,314.5,ActiveTrack,Other,,25,5,True,,Mini 3 Pro,True,False,,Smart,RC,False,True,False,,,True,,False,False,False,False,False,False,False,False,False,False,0,Follow Yaw,-2.9,0,-15,345,False,False,False,False,False,True,,True,Normal,100,100,1024,1049,1024,364,N,False,False,False,False,False,0,False,False,False,False,49,7.331,1108,2265,7.331,False,3.67,3.661,0.012,False,False,4.989,103.5,100.4,103.4,,,,,,,,,Idle,,,True,,False,8,Go Home,True,True,True,False,False,False,False,False,True,False,False,False,43.0666047727683,-77.6229698903817,32.3,313.7,1640.4,True,1,1,False,False,False,False,,True,False,False,,328,,16.4,Calm,41,, 1.8.0,DJI Mini 3 Pro,1581F4XF3229R006,53HFK5R0M30ACD,5HAZK6H0018AUR,52XPK6ACA001NV,180.6,0.7,59,13.23575,6.487126,0,8942,DJI Mini 3 Pro,1581F4XF3229R006,53HFK5R0M30ACD,5HAZK6H0018AUR,52XPK6ACA001NV,DJI Fly,, 1.8.0,61EABE4C-BCDC-32F4-D0CC-A1B5A0612123,1581F4XF3229R006W0A6,,,,,,,,,,
6/20/2023,8:53:19.10 AM,1m 58.6s,118.6,43.0666144581901,-77.6228493398823,8.8,60.6,8.8,543,531.6,,13.235805,,5.368656,,6.71082,,4.47388,-0.1,2.4,-45.5,314.5,ActiveTrack,Other,,25,5,True,,Mini 3 Pro,True,False,,Smart,RC,False,True,False,,,True,,False,False,False,False,False,False,False,False,False,False,0,Follow Yaw,-2.9,0,-15,345,False,False,False,False,False,True,,True,Normal,100,100,1024,1048,1024,364,N,False,False,False,False,False,0,False,False,False,False,49,7.331,1108,2265,7.331,False,3.67,3.661,0.012,False,False,4.989,103.5,100.4,103.4,,,,,,,,,Idle,,,True,,False,8,Go Home,True,True,True,False,False,False,False,False,True,False,False,False,43.0666047727683,-77.6229698903817,32.3,313.7,1640.4,True,1,1,False,False,False,False,,True,False,False,,328,,16.4,Calm,41,, 1.8.0,DJI Mini 3 Pro,1581F4XF3229R006,53HFK5R0M30ACD,5HAZK6H0018AUR,52XPK6ACA001NV,180.6,0.7,59,13.23575,6.487126,0,8942,DJI Mini 3 Pro,1581F4XF3229R006,53HFK5R0M30ACD,5HAZK6H0018AUR,52XPK6ACA001NV,DJI Fly,, 1.8.0,61EABE4C-BCDC-32F4-D0CC-A1B5A0612123,1581F4XF3229R006W0A6,,,,,,,,,,
6/20/2023,8:53:19.30 AM,1m 58.8s,118.8,43.0666145115678,-77.6228495271408,8.8,60.6,8.8,543,531.7,,13.235805,,5.368656,,6.71082,,4.47388,-0.8,1,-45.5,314.5,ActiveTrack,Other,,25,5,True,,Mini 3 Pro,True,False,,Smart,RC,False,True,False,,,True,,False,False,False,False,False,False,False,False,False,False,0,Follow Yaw,-2.9,0,-15,345,False,False,False,False,False,True,,True,Normal,100,100,1024,1048,1024,1024,N,False,False,False,False,False,0,False,False,False,False,49,7.329,1106,2265,7.329,False,3.669,3.66,0.012,False,False,5.032,103.5,100.4,103.4,,,,,,,,,Idle,,,True,,False,8,Go Home,True,True,True,False,False,False,False,False,True,False,False,False,43.0666047727683,-77.6229698903817,32.2,313.7,1640.4,True,1,1,False,False,False,False,,True,False,False,,328,,16.4,Calm,41,, 1.8.0,DJI Mini 3 Pro,1581F4XF3229R006,53HFK5R0M30ACD,5HAZK6H0018AUR,52XPK6ACA001NV,180.6,0.7,59,13.23575,6.487126,0,8942,DJI Mini 3 Pro,1581F4XF3229R006,53HFK5R0M30ACD,5HAZK6H0018AUR,52XPK6ACA001NV,DJI Fly,, 1.8.0,61EABE4C-BCDC-32F4-D0CC-A1B5A0612123,1581F4XF3229R006W0A6,,,,,,,,,,
6/20/2023,8:53:19.50 AM,1m 59.0s,119,43.0666145842392,-77.6228498055953,8.8,60.6,8.8,543,531.8,,13.235805,,5.368656,,6.71082,,4.47388,-0.2,1.8,-45.4,314.6,ActiveTrack,Other,,25,5,True,,Mini 3 Pro,True,False,,Smart,RC,False,True,False,,,True,,False,False,False,False,False,False,False,False,False,False,0,Follow Yaw,-2.9,0,-15,345,False,False,False,False,False,True,,True,Normal,100,100,1024,1048,1024,838,N,False,False,False,False,False,0,False,False,False,False,49,7.329,1106,2265,7.329,False,3.669,3.66,0.012,False,False,5.032,103.5,100.4,103.4,,,,,,,,,Idle,,,True,,False,8,Go Home,True,True,True,False,False,False,False,False,True,False,False,False,43.0666047727683,-77.6229698903817,32.2,313.7,1640.4,True,1,1,False,False,False,False,,True,False,False,,328,,16.4,Calm,41,, 1.8.0,DJI Mini 3 Pro,1581F4XF3229R006,53HFK5R0M30ACD,5HAZK6H0018AUR,52XPK6ACA001NV,180.6,0.7,59,13.23575,6.487126,0,8942,DJI Mini 3 Pro,1581F4XF3229R006,53HFK5R0M30ACD,5HAZK6H0018AUR,52XPK6ACA001NV,DJI Fly,, 1.8.0,61EABE4C-BCDC-32F4-D0CC-A1B5A0612123,1581F4XF3229R006W0A6,,,,,,,,,,
6/20/2023,8:53:19.71 AM,1m 59.2s,119.2,43.0666146447402,-77.6228501188303,8.8,60.6,8.8,543,531.9,,13.235805,,5.368656,,6.71082,,4.47388,0.4,2,-45.4,314.6,ActiveTrack,Other,,25,5,True,,Mini 3 Pro,True,False,,Smart,RC,False,True,False,,,True,,False,False,False,False,False,False,False,False,False,False,0,Follow Yaw,-2.9,0,-15,345,False,False,False,False,False,True,,True,Normal,100,100,1024,1024,1024,943,N,False,False,False,False,False,0,False,False,False,False,49,7.329,1106,2265,7.329,False,3.669,3.66,0.012,False,False,5.032,103.5,100.4,103.4,,,,,,,,,Idle,,,True,,False,8,Go Home,True,True,True,False,False,False,False,False,True,False,False,False,43.0666047727683,-77.6229698903817,32.1,313.7,1640.4,True,1,1,False,False,False,False,,True,False,False,,328,,16.4,Calm,41,, 1.8.0,DJI Mini 3 Pro,1581F4XF3229R006,53HFK5R0M30ACD,5HAZK6H0018AUR,52XPK6ACA001NV,180.6,0.7,59,13.23575,6.487126,0,8942,DJI Mini 3 Pro,1581F4XF3229R006,53HFK5R0M30ACD,5HAZK6H0018AUR,52XPK6ACA001NV,DJI Fly,, 1.8.0,61EABE4C-BCDC-32F4-D0CC-A1B5A0612123,1581F4XF3229R006W0A6,,,,,,,,,,
6/20/2023,8:53:19.91 AM,1m 59.4s,119.4,43.0666146960619,-77.6228504253578,8.8,60.6,8.8,543,532,,13.235805,,5.368656,,6.71082,,4.47388,0.7,2.2,-45.3,314.7,ActiveTrack,Other,,25,5,True,,Mini 3 Pro,True,False,,Smart,RC,False,True,False,,,True,,False,False,False,False,False,False,False,False,False,False,0,Follow Yaw,-2.9,0,-14.9,345.1,False,False,False,False,False,True,,True,Normal,100,100,1024,1024,1024,1024,N,False,False,False,False,False,0,False,False,False,False,49,7.329,1106,2265,7.329,False,3.669,3.66,0.012,False,False,5.032,103.5,100.4,103.4,,,,,,,,,Idle,,,True,,False,8,Go Home,True,True,True,False,False,False,False,False,True,False,False,False,43.0666047727683,-77.6229698903817,32,313.7,1640.4,True,1,1,False,False,False,False,,True,False,False,,328,,16.4,Calm,41,, 1.8.0,DJI Mini 3 Pro,1581F4XF3229R006,53HFK5R0M30ACD,5HAZK6H0018AUR,52XPK6ACA001NV,180.6,0.7,59,13.23575,6.487126,0,8942,DJI Mini 3 Pro,1581F4XF3229R006,53HFK5R0M30ACD,5HAZK6H0018AUR,52XPK6ACA001NV,DJI Fly,, 1.8.0,61EABE4C-BCDC-32F4-D0CC-A1B5A0612123,1581F4XF3229R006W0A6,,,,,,,,,,
6/20/2023,8:53:20.11 AM,1m 59.6s,119.6,43.0666147316807,-77.6228507206514,8.8,60.6,8.8,543,532,,13.235805,,5.368656,,6.71082,,4.47388,0.7,2.1,-45.4,314.6,ActiveTrack,Other,,25,5,True,,Mini 3 Pro,True,False,,Smart,RC,False,True,False,,,True,,False,False,False,False,False,False,False,False,False,False,0,Follow Yaw,-2.9,0,-14.9,345.1,False,False,False,False,False,True,,True,Normal,100,100,1024,1024,1024,1024,N,False,False,False,False,False,0,False,False,False,False,49,7.329,1106,2265,7.329,False,3.669,3.66,0.012,False,False,5.032,103.5,100.4,103.4,,,,,,,,,Idle,,,True,,False,8,Go Home,True,True,True,False,False,False,False,False,True,False,False,False,43.0666047727683,-77.6229698903817,31.9,313.7,1640.4,True,1,1,False,False,False,False,,True,False,False,,328,,16.4,Calm,41,, 1.8.0,DJI Mini 3 Pro,1581F4XF3229R006,53HFK5R0M30ACD,5HAZK6H0018AUR,52XPK6ACA001NV,180.6,0.7,59,13.23575,6.487126,0,8942,DJI Mini 3 Pro,1581F4XF3229R006,53HFK5R0M30ACD,5HAZK6H0018AUR,52XPK6ACA001NV,DJI Fly,, 1.8.0,61EABE4C-BCDC-32F4-D0CC-A1B5A0612123,1581F4XF3229R006W0A6,,,,,,,,,,
6/20/2023,8:53:20.31 AM,1m 59.8s,119.8,43.0666147398866,-77.6228509711151,8.8,60.6,8.8,543,532.1,,13.235805,,5.368656,,6.71082,,4.47388,0.7,2.7,-45.3,314.7,ActiveTrack,Other,,25,5,True,,Mini 3 Pro,True,False,,Smart,RC,False,True,False,,,True,,False,False,False,False,False,False,False,False,False,False,0,Follow Yaw,-2.9,0,-14.9,345.1,False,False,False,False,False,True,,True,Normal,100,100,1024,1024,1024,1024,N,False,False,False,False,False,0,False,False,False,False,49,7.327,1105,2265,7.327,False,3.668,3.659,0.012,False,False,5.089,103.5,100.4,103.4,,,,,,,,,Idle,,,True,,False,8,Go Home,True,True,True,False,False,False,False,False,True,False,False,False,43.0666047727683,-77.6229698903817,31.9,313.7,1640.4,True,1,1,False,False,False,False,,True,False,False,,328,,16.4,Calm,41,, 1.8.0,DJI Mini 3 Pro,1581F4XF3229R006,53HFK5R0M30ACD,5HAZK6H0018AUR,52XPK6ACA001NV,180.6,0.7,59,13.23575,6.487126,0,8942,DJI Mini 3 Pro,1581F4XF3229R006,53HFK5R0M30ACD,5HAZK6H0018AUR,52XPK6ACA001NV,DJI Fly,, 1.8.0,61EABE4C-BCDC-32F4-D0CC-A1B5A0612123,1581F4XF3229R006W0A6,,,,,,,,,,
6/20/2023,8:53:20.52 AM,2m 0.0s,120,43.0666147443317,-77.6228511828114,8.8,60.6,8.8,543,532.2,,13.235805,,5.368656,,6.71082,,4.47388,0.3,2.1,-45.2,314.8,ActiveTrack,Other,,25,5,True,,Mini 3 Pro,True,False,,Smart,RC,False,True,False,,,True,,False,False,False,False,False,False,False,False,False,False,0,Follow Yaw,-2.9,0,-14.9,345.1,False,False,False,False,False,True,,True,Normal,100,100,1024,1024,1024,1024,N,False,False,False,False,False,0,False,False,False,False,49,7.327,1105,2265,7.327,False,3.668,3.659,0.012,False,False,5.089,103.5,100.4,103.4,,,,,,,,,Idle,,,True,,False,8,Go Home,True,True,True,False,False,False,False,False,True,False,False,False,43.0666047727683,-77.6229698903817,31.8,313.7,1640.4,True,1,1,False,False,False,False,,True,False,False,,328,,16.4,Calm,41,, 1.8.0,DJI Mini 3 Pro,1581F4XF3229R006,53HFK5R0M30ACD,5HAZK6H0018AUR,52XPK6ACA001NV,180.6,0.7,59,13.23575,6.487126,0,8942,DJI Mini 3 Pro,1581F4XF3229R006,53HFK5R0M30ACD,5HAZK6H0018AUR,52XPK6ACA001NV,DJI Fly,, 1.8.0,61EABE4C-BCDC-32F4-D0CC-A1B5A0612123,1581F4XF3229R006W0A6,,,,,,,,,,
6/20/2023,8:53:20.72 AM,2m 0.2s,120.2,43.0666147269218,-77.6228513944256,8.8,60.6,8.8,543,532.2,,13.235805,,5.368656,,6.71082,,4.47388,1.1,3.5,-45.3,314.7,ActiveTrack,Other,,25,5,True,,Mini 3 Pro,True,False,,Smart,RC,False,True,False,,,True,,False,False,False,False,False,False,False,False,False,False,0,Follow Yaw,-2.9,0,-14.8,345.2,False,False,False,False,False,True,,True,Normal,100,100,1024,1024,1024,1024,N,False,False,False,False,False,0,False,False,False,False,49,7.327,1105,2265,7.327,False,3.668,3.659,0.012,False,False,5.089,103.5,100.4,103.4,,,,,,,,,Idle,,,True,,False,8,Go Home,True,True,True,False,False,False,False,False,True,False,False,False,43.0666047727683,-77.6229698903817,31.7,313.7,1640.4,True,1,1,False,False,False,False,,True,False,False,,328,,16.4,Calm,41,, 1.8.0,DJI Mini 3 Pro,1581F4XF3229R006,53HFK5R0M30ACD,5HAZK6H0018AUR,52XPK6ACA001NV,180.6,0.7,59,13.23575,6.487126,0,8942,DJI Mini 3 Pro,1581F4XF3229R006,53HFK5R0M30ACD,5HAZK6H0018AUR,52XPK6ACA001NV,DJI Fly,, 1.8.0,61EABE4C-BCDC-32F4-D0CC-A1B5A0612123,1581F4XF3229R006W0A6,,,,,,,,,,
6/20/2023,8:53:20.92 AM,2m 0.4s,120.4,43.0666147063004,-77.622851509989,8.8,60.6,8.8,543,532.2,,13.235805,,5.368656,,6.71082,,4.47388,0,3,-45.3,314.7,ActiveTrack,Other,,25,5,True,,Mini 3 Pro,True,False,,Smart,RC,False,True,False,,,True,,False,False,False,False,False,False,False,False,False,False,0,Follow Yaw,-2.9,0,-14.8,345.2,False,False,False,False,False,True,,True,Normal,100,100,1024,1024,1024,1024,N,False,False,False,False,False,0,False,False,False,False,49,7.327,1105,2265,7.327,False,3.668,3.659,0.012,False,False,5.089,103.5,100.4,103.4,,,,,,,,,Idle,,,True,,False,8,Go Home,True,True,True,False,False,False,False,False,True,False,False,False,43.0666047727683,-77.6229698903817,31.7,313.7,1640.4,True,1,1,False,False,False,False,,True,False,False,,328,,16.4,Calm,41,, 1.8.0,DJI Mini 3 Pro,1581F4XF3229R006,53HFK5R0M30ACD,5HAZK6H0018AUR,52XPK6ACA001NV,180.6,0.7,59,13.23575,6.487126,0,8942,DJI Mini 3 Pro,1581F4XF3229R006,53HFK5R0M30ACD,5HAZK6H0018AUR,52XPK6ACA001NV,DJI Fly,, 1.8.0,61EABE4C-BCDC-32F4-D0CC-A1B5A0612123,1581F4XF3229R006W0A6,,,,,,,,,,
6/20/2023,8:53:21.12 AM,2m 0.6s,120.6,43.0666147224156,-77.6228516361179,8.8,60.6,8.8,543,532.3,,13.235805,,5.368656,,6.71082,,4.47388,-0.1,2.1,-45.3,314.7,ActiveTrack,Other,,25,5,True,,Mini 3 Pro,True,False,,Smart,RC,False,True,False,,,True,,False,False,False,False,False,False,False,False,False,False,0,Follow Yaw,-2.9,0,-14.8,345.2,False,False,False,False,False,True,,True,Normal,100,100,1024,1024,1024,1024,N,False,False,False,False,False,0,False,False,False,False,49,7.327,1105,2265,7.327,False,3.668,3.659,0.012,False,False,5.089,103.5,100.4,103.4,,,,,,,,,Idle,,,True,,False,8,Go Home,True,True,True,False,False,False,False,False,True,False,False,False,43.0666047727683,-77.6229698903817,31.7,313.7,1640.4,True,1,1,False,False,False,False,,True,False,False,,328,,16.4,Calm,41,, 1.8.0,DJI Mini 3 Pro,1581F4XF3229R006,53HFK5R0M30ACD,5HAZK6H0018AUR,52XPK6ACA001NV,180.6,0.7,59,13.23575,6.487126,0,8942,DJI Mini 3 Pro,1581F4XF3229R006,53HFK5R0M30ACD,5HAZK6H0018AUR,52XPK6ACA001NV,DJI Fly,, 1.8.0,61EABE4C-BCDC-32F4-D0CC-A1B5A0612123,1581F4XF3229R006W0A6,,,,,,,,,,
6/20/2023,8:53:21.33 AM,2m 0.8s,120.8,43.0666147288375,-77.6228517997243,8.8,60.6,8.8,543,532.3,,13.235805,,5.368656,,6.71082,,4.47388,0.9,3.2,-45.3,314.7,ActiveTrack,Other,,25,5,True,,Mini 3 Pro,True,False,,Smart,RC,False,True,False,,,True,,False,False,False,False,False,False,False,False,False,False,0,Follow Yaw,-2.9,0,-14.8,345.2,False,False,False,False,False,True,,True,Normal,100,100,1024,1024,1024,1024,N,False,False,False,False,False,0,False,False,False,False,49,7.322,1104,2265,7.322,False,3.665,3.657,0.012,False,False,5.026,103.6,100.4,103.6,,,,,,,,,Idle,,,True,,False,8,Go Home,True,True,True,False,False,False,False,False,True,False,False,False,43.0666047727683,-77.6229698903817,31.6,313.7,1640.4,True,1,1,False,False,False,False,,True,False,False,,328,,16.4,Calm,41,, 1.8.0,DJI Mini 3 Pro,1581F4XF3229R006,53HFK5R0M30ACD,5HAZK6H0018AUR,52XPK6ACA001NV,180.6,0.7,59,13.23575,6.487126,0,8942,DJI Mini 3 Pro,1581F4XF3229R006,53HFK5R0M30ACD,5HAZK6H0018AUR,52XPK6ACA001NV,DJI Fly,, 1.8.0,61EABE4C-BCDC-32F4-D0CC-A1B5A0612123,1581F4XF3229R006W0A6,,,,,,,,,,
6/20/2023,8:53:21.53 AM,2m 1.0s,121,43.0666147536075,-77.6228519209751,8.8,60.6,8.8,543,532.4,,13.235805,,5.368656,,6.71082,,4.47388,1.1,2.6,-45.3,314.7,ActiveTrack,Other,,25,5,True,,Mini 3 Pro,True,False,,Smart,RC,False,True,False,,,True,,False,False,False,False,False,False,False,False,False,False,0,Follow Yaw,-2.9,0,-14.8,345.2,False,False,False,False,False,True,,True,Normal,100,100,1024,1024,1024,1024,N,False,False,False,False,False,0,False,False,False,False,49,7.322,1104,2265,7.322,False,3.665,3.657,0.012,False,False,5.026,103.6,100.4,103.6,,,,,,,,,Idle,,,True,,False,8,Go Home,True,True,True,False,False,False,False,False,True,False,False,False,43.0666047727683,-77.6229698903817,31.6,313.7,1640.4,True,1,1,False,False,False,False,,True,False,False,,328,,16.4,Calm,41,, 1.8.0,DJI Mini 3 Pro,1581F4XF3229R006,53HFK5R0M30ACD,5HAZK6H0018AUR,52XPK6ACA001NV,180.6,0.7,59,13.23575,6.487126,0,8942,DJI Mini 3 Pro,1581F4XF3229R006,53HFK5R0M30ACD,5HAZK6H0018AUR,52XPK6ACA001NV,DJI Fly,, 1.8.0,61EABE4C-BCDC-32F4-D0CC-A1B5A0612123,1581F4XF3229R006W0A6,,,,,,,,,,
6/20/2023,8:53:21.73 AM,2m 1.2s,121.2,43.0666147760065,-77.6228520278258,8.8,60.6,8.8,543,532.4,,13.235805,,5.368656,,6.71082,,4.47388,1,3.4,-45.1,314.9,ActiveTrack,Other,,25,5,True,,Mini 3 Pro,True,False,,Smart,RC,False,True,False,,,True,,False,False,False,False,False,False,False,False,False,False,0,Follow Yaw,-2.9,0,-14.8,345.2,False,False,False,False,False,True,,True,Normal,100,100,1024,1024,1024,1024,N,False,False,False,False,False,0,False,False,False,False,49,7.322,1104,2265,7.322,False,3.665,3.657,0.012,False,False,5.026,103.6,100.4,103.6,,,,,,,,,Idle,,,True,,False,8,Go Home,True,True,True,False,False,False,False,False,True,False,False,False,43.0666047727683,-77.6229698903817,31.6,313.7,1640.4,True,1,1,False,False,False,False,,True,False,False,,328,,16.4,Calm,41,, 1.8.0,DJI Mini 3 Pro,1581F4XF3229R006,53HFK5R0M30ACD,5HAZK6H0018AUR,52XPK6ACA001NV,180.6,0.7,59,13.23575,6.487126,0,8942,DJI Mini 3 Pro,1581F4XF3229R006,53HFK5R0M30ACD,5HAZK6H0018AUR,52XPK6ACA001NV,DJI Fly,, 1.8.0,61EABE4C-BCDC-32F4-D0CC-A1B5A0612123,1581F4XF3229R006W0A6,,,,,,,,,,
6/20/2023,8:53:21.93 AM,2m 1.4s,121.4,43.0666148031623,-77.6228521164537,8.8,60.6,8.8,543,532.4,,13.235805,,5.368656,,6.71082,,4.47388,0.6,2.9,-45.1,314.9,ActiveTrack,Other,,25,5,True,,Mini 3 Pro,True,False,,Smart,RC,False,True,False,,,True,,False,False,False,False,False,False,False,False,False,False,0,Follow Yaw,-2.9,0,-14.8,345.2,False,False,False,False,False,True,,True,Normal,100,100,1024,1024,1024,1024,N,False,False,False,False,False,0,False,False,False,False,49,7.322,1104,2265,7.322,False,3.665,3.657,0.012,False,False,5.026,103.6,100.4,103.6,,,,,,,,,Idle,,,True,,False,8,Go Home,True,True,True,False,False,False,False,False,True,False,False,False,43.0666047727683,-77.6229698903817,31.6,313.7,1640.4,True,1,1,False,False,False,False,,True,False,False,,328,,16.4,Calm,41,, 1.8.0,DJI Mini 3 Pro,1581F4XF3229R006,53HFK5R0M30ACD,5HAZK6H0018AUR,52XPK6ACA001NV,180.6,0.7,59,13.23575,6.487126,0,8942,DJI Mini 3 Pro,1581F4XF3229R006,53HFK5R0M30ACD,5HAZK6H0018AUR,52XPK6ACA001NV,DJI Fly,, 1.8.0,61EABE4C-BCDC-32F4-D0CC-A1B5A0612123,1581F4XF3229R006W0A6,,,,,,,,,,
6/20/2023,8:53:22.04 AM,2m 1.6s,121.6,43.0666148406368,-77.6228521857332,8.8,60.6,8.8,543,532.4,,13.235805,,5.368656,,6.71082,,4.47388,0.9,2.7,-45.2,314.8,P-GPS (Brake),Other,,25,5,True,,Mini 3 Pro,True,False,,Smart,RC,False,True,False,,,True,,False,False,False,False,False,False,False,False,False,False,0,Follow Yaw,-2.9,0,-14.8,345.2,False,False,False,False,False,True,,True,Normal,100,100,1024,1024,1024,1018,N,False,False,False,False,False,0,False,False,False,False,49,7.322,1104,2265,7.322,False,3.665,3.657,0.012,False,False,5.026,103.6,100.4,103.6,,,,,,,,,Idle,,,True,,False,8,Go Home,True,True,True,False,False,False,False,False,True,False,False,False,43.0666047727683,-77.6229698903817,31.5,313.7,1640.4,True,1,1,False,False,False,False,,True,False,False,,328,,16.4,Calm,41,, 1.8.0,DJI Mini 3 Pro,1581F4XF3229R006,53HFK5R0M30ACD,5HAZK6H0018AUR,52XPK6ACA001NV,180.6,0.7,59,13.23575,6.487126,0,8942,DJI Mini 3 Pro,1581F4XF3229R006,53HFK5R0M30ACD,5HAZK6H0018AUR,52XPK6ACA001NV,DJI Fly,, 1.8.0,61EABE4C-BCDC-32F4-D0CC-A1B5A0612123,1581F4XF3229R006W0A6,,,,,,,,,,
6/20/2023,8:53:22.34 AM,2m 1.8s,121.8,43.0666148811183,-77.6228522583664,8.8,60.6,8.8,543,532.5,,13.235805,,5.368656,,6.71082,,4.47388,1.1,2.8,-45.2,314.8,P-GPS (Brake),Other,,25,5,True,,Mini 3 Pro,True,False,,Smart,RC,False,True,False,,,True,,False,False,False,False,False,False,False,False,False,False,0,Follow Yaw,-2.9,0,-14.8,345.2,False,False,False,False,False,True,,True,Normal,100,100,1024,1024,909,1018,N,False,False,False,False,False,0,False,False,False,False,49,7.319,1102,2265,7.319,False,3.664,3.655,0.012,False,False,5.143,103.6,100.4,103.6,,,,,,,,,Idle,,,True,,False,8,Go Home,True,True,True,False,False,False,False,False,True,False,False,False,43.0666047727683,-77.6229698903817,31.5,313.7,1640.4,True,1,1,False,False,False,False,,True,False,False,,328,,16.4,Calm,41,, 1.8.0,DJI Mini 3 Pro,1581F4XF3229R006,53HFK5R0M30ACD,5HAZK6H0018AUR,52XPK6ACA001NV,180.6,0.7,59,13.23575,6.487126,0,8942,DJI Mini 3 Pro,1581F4XF3229R006,53HFK5R0M30ACD,5HAZK6H0018AUR,52XPK6ACA001NV,DJI Fly,, 1.8.0,61EABE4C-BCDC-32F4-D0CC-A1B5A0612123,1581F4XF3229R006W0A6,,,,,,,,,,
6/20/2023,8:53:22.54 AM,2m 2.0s,122,43.0666149205096,-77.6228523277161,8.8,60.6,8.8,543,532.5,,13.235805,,5.368656,,6.71082,,4.47388,1.1,2.7,-45.2,314.8,P-GPS (Brake),Other,,25,5,True,,Mini 3 Pro,True,False,,Smart,RC,False,True,False,,,True,,False,False,False,False,False,False,False,False,False,False,0,Follow Yaw,-2.9,0,-14.8,345.2,False,False,False,False,False,True,,True,Normal,100,100,1024,1269,896,1024,N,False,False,False,False,False,0,False,False,False,False,49,7.319,1102,2265,7.319,False,3.664,3.655,0.012,False,False,5.143,103.6,100.4,103.6,,,,,,,,,Idle,,,True,,False,8,Go Home,True,True,True,False,False,False,False,False,True,False,False,False,43.0666047727683,-77.6229698903817,31.5,313.7,1640.4,True,1,1,False,False,False,False,,True,False,False,,328,,16.4,Calm,41,, 1.8.0,DJI Mini 3 Pro,1581F4XF3229R006,53HFK5R0M30ACD,5HAZK6H0018AUR,52XPK6ACA001NV,180.6,0.7,59,13.23575,6.487126,0,8942,DJI Mini 3 Pro,1581F4XF3229R006,53HFK5R0M30ACD,5HAZK6H0018AUR,52XPK6ACA001NV,DJI Fly,, 1.8.0,61EABE4C-BCDC-32F4-D0CC-A1B5A0612123,1581F4XF3229R006W0A6,,,,,,,,,,
6/20/2023,8:53:22.74 AM,2m 2.2s,122.2,43.0666149544546,-77.622852350993,8.8,60.6,8.8,543,532.5,,13.235805,,5.368656,,6.71082,,4.47388,1.5,2.4,-45.2,314.8,P-GPS (Brake),Other,,25,5,True,,Mini 3 Pro,True,False,,Smart,RC,False,True,False,,,True,,False,False,False,False,False,False,False,False,False,False,0,Follow Yaw,-2.9,0,-14.8,345.2,False,False,False,False,False,True,,True,Normal,100,100,1024,1479,895,1024,N,False,False,False,False,False,0,False,False,False,False,49,7.319,1102,2265,7.319,False,3.664,3.655,0.012,False,False,5.143,103.6,100.4,103.6,,,,,,,,,Idle,,,True,,False,8,Go Home,True,True,True,False,False,False,False,False,True,False,False,False,43.0666047727683,-77.6229698903817,31.5,313.7,1640.4,True,1,1,False,False,False,False,,True,False,False,,328,,16.4,Calm,41,, 1.8.0,DJI Mini 3 Pro,1581F4XF3229R006,53HFK5R0M30ACD,5HAZK6H0018AUR,52XPK6ACA001NV,180.6,0.7,59,13.23575,6.487126,0,8942,DJI Mini 3 Pro,1581F4XF3229R006,53HFK5R0M30ACD,5HAZK6H0018AUR,52XPK6ACA001NV,DJI Fly,, 1.8.0,61EABE4C-BCDC-32F4-D0CC-A1B5A0612123,1581F4XF3229R006W0A6,,,,,,,,,,
6/20/2023,8:53:22.95 AM,2m 2.4s,122.4,43.0666149765795,-77.6228523994816,8.8,60.6,8.8,543,532.5,,13.235805,,5.368656,,6.71082,0.223694,4.47388,-5.6,2.2,-45.4,314.6,P-GPS (Brake),Other,,25,5,True,,Mini 3 Pro,True,False,,Smart,RC,False,True,False,,,True,,False,False,False,False,False,False,False,False,False,False,0,Follow Yaw,-2.9,0,-14.8,345.2,False,False,False,False,False,True,,True,Normal,100,100,1024,1516,902,1024,N,False,False,False,False,False,0,False,False,False,False,49,7.319,1102,2265,7.319,False,3.664,3.655,0.012,False,False,5.143,103.6,100.4,103.6,,,,,,,,,Idle,,,True,,False,8,Go Home,True,True,True,False,False,False,False,False,True,False,False,False,43.0666047727683,-77.6229698903817,31.5,313.7,1640.4,True,1,1,False,False,False,False,,True,False,False,,328,,16.4,Calm,41,, 1.8.0,DJI Mini 3 Pro,1581F4XF3229R006,53HFK5R0M30ACD,5HAZK6H0018AUR,52XPK6ACA001NV,180.6,0.7,59,13.23575,6.487126,0,8942,DJI Mini 3 Pro,1581F4XF3229R006,53HFK5R0M30ACD,5HAZK6H0018AUR,52XPK6ACA001NV,DJI Fly,, 1.8.0,61EABE4C-BCDC-32F4-D0CC-A1B5A0612123,1581F4XF3229R006W0A6,,,,,,,,,,
6/20/2023,8:53:23.15 AM,2m 2.6s,122.6,43.066615271576,-77.6228528401471,8.5,60.6,8.8,543,532.7,0.632702,13.235805,0.447388,5.368656,-0.447388,6.71082,0.223694,4.47388,-14.4,2.5,-45.6,314.4,P-GPS (Brake),Other,,25,5,True,,Mini 3 Pro,True,False,,Smart,RC,False,True,False,,,True,,False,False,False,False,False,False,False,False,False,False,0,Follow Yaw,-2.9,0,-14.8,345.2,False,False,False,False,False,True,,True,Normal,100,100,1024,1511,907,1024,N,False,False,False,False,False,0,False,False,False,False,49,7.319,1102,2265,7.319,False,3.664,3.655,0.012,False,False,5.143,103.6,100.4,103.6,,,,,,,,,Idle,,,True,,False,8,Go Home,True,True,True,False,False,False,False,False,True,False,False,False,43.0666047727683,-77.6229698903817,31.4,313.7,1640.4,True,1,1,False,False,False,False,,True,False,False,,328,,16.4,Calm,41,, 1.8.0,DJI Mini 3 Pro,1581F4XF3229R006,53HFK5R0M30ACD,5HAZK6H0018AUR,52XPK6ACA001NV,180.6,0.7,59,13.23575,6.487126,0,8942,DJI Mini 3 Pro,1581F4XF3229R006,53HFK5R0M30ACD,5HAZK6H0018AUR,52XPK6ACA001NV,DJI Fly,, 1.8.0,61EABE4C-BCDC-32F4-D0CC-A1B5A0612123,1581F4XF3229R006W0A6,,,,,,,,,,
6/20/2023,8:53:23.25 AM,2m 2.8s,122.8,43.0666161452606,-77.6228540987156,8.5,60.6,8.5,543,533.1,1.898106,13.235805,1.342164,5.368656,-1.342164,6.71082,0.223694,4.47388,-14.1,2.6,-45.6,314.4,P-GPS (Brake),Other,,25,5,True,,Mini 3 Pro,True,False,,Smart,RC,False,True,False,,,True,,False,False,False,False,False,False,False,False,False,False,0,Follow Yaw,-2.9,0,-14.8,345.2,False,False,False,False,False,True,,True,Normal,100,100,1024,1475,908,1024,N,False,False,False,False,False,0,False,False,False,False,49,7.322,1101,2265,7.322,False,3.666,3.656,0.012,False,False,5.05,103.6,100.4,103.6,,,,,,,,,Idle,,,True,,False,8,Go Home,True,True,True,False,False,False,False,False,True,False,False,False,43.0666047727683,-77.6229698903817,31.1,313.7,1640.4,True,1,1,False,False,False,False,,True,False,False,,328,,16.4,Calm,41,, 1.8.0,DJI Mini 3 Pro,1581F4XF3229R006,53HFK5R0M30ACD,5HAZK6H0018AUR,52XPK6ACA001NV,180.6,0.7,59,13.23575,6.487126,0,8942,DJI Mini 3 Pro,1581F4XF3229R006,53HFK5R0M30ACD,5HAZK6H0018AUR,52XPK6ACA001NV,DJI Fly,, 1.8.0,61EABE4C-BCDC-32F4-D0CC-A1B5A0612123,1581F4XF3229R006W0A6,,,,,,,,,,
6/20/2023,8:53:23.55 AM,2m 3.0s,123,43.0666176111903,-77.622856200399,8.5,60.6,8.5,543,533.9,2.847159,13.235805,2.013246,5.368656,-2.013246,6.71082,0.223694,4.47388,-13.9,2.8,-45.5,314.5,P-GPS (Brake),Other,,25,5,True,,Mini 3 Pro,True,False,,Smart,RC,False,True,False,,,True,,False,False,False,False,False,False,False,False,False,False,0,Follow Yaw,-2.9,0,-14.8,345.2,False,False,False,False,False,True,,True,Normal,100,100,1024,1252,907,996,N,False,False,False,False,False,0,False,False,False,False,49,7.322,1101,2265,7.322,False,3.666,3.656,0.012,False,False,5.05,103.6,100.4,103.6,,,,,,,,,Idle,,,True,,False,8,Go Home,True,True,True,False,False,False,False,False,True,False,False,False,43.0666047727683,-77.6229698903817,30.6,313.7,1640.4,True,1,1,False,False,False,False,,True,False,False,,328,,16.4,Calm,41,, 1.8.0,DJI Mini 3 Pro,1581F4XF3229R006,53HFK5R0M30ACD,5HAZK6H0018AUR,52XPK6ACA001NV,180.6,0.7,59,13.23575,6.487126,0,8942,DJI Mini 3 Pro,1581F4XF3229R006,53HFK5R0M30ACD,5HAZK6H0018AUR,52XPK6ACA001NV,DJI Fly,, 1.8.0,61EABE4C-BCDC-32F4-D0CC-A1B5A0612123,1581F4XF3229R006W0A6,,,,,,,,,,
6/20/2023,8:53:23.75 AM,2m 3.2s,123.2,43.066619671388,-77.6228591028531,8.5,60.6,8.5,543,535,3.796213,13.235805,2.684328,5.368656,-2.684328,6.71082,0.223694,4.47388,-10.9,2.5,-45.4,314.6,P-GPS (Brake),Other,,25,5,True,,Mini 3 Pro,True,False,,Smart,RC,False,True,False,,,True,,False,False,False,False,False,False,False,False,False,False,0,Follow Yaw,-2.9,0,-14.8,345.2,False,False,False,False,False,True,,True,Normal,100,100,1024,1203,852,830,N,False,False,False,False,False,0,False,False,False,False,49,7.322,1101,2265,7.322,False,3.666,3.656,0.012,False,False,5.05,103.6,100.4,103.6,,,,,,,,,Idle,,,True,,False,8,Go Home,True,True,True,False,False,False,False,False,True,False,False,False,43.0666047727683,-77.6229698903817,30,313.7,1640.4,True,1,1,False,False,False,False,,True,False,False,,328,,16.4,Calm,41,, 1.8.0,DJI Mini 3 Pro,1581F4XF3229R006,53HFK5R0M30ACD,5HAZK6H0018AUR,52XPK6ACA001NV,180.6,0.7,59,13.23575,6.487126,0,8942,DJI Mini 3 Pro,1581F4XF3229R006,53HFK5R0M30ACD,5HAZK6H0018AUR,52XPK6ACA001NV,DJI Fly,, 1.8.0,61EABE4C-BCDC-32F4-D0CC-A1B5A0612123,1581F4XF3229R006W0A6,,,,,,,,,,
6/20/2023,8:53:23.86 AM,2m 3.4s,123.4,43.0666221498577,-77.6228625603518,8.2,60.6,8.5,542,536.3,4.112564,13.235805,2.908022,5.368656,-2.908022,6.71082,0.223694,4.47388,-1.6,1.9,-45.2,314.8,P-GPS (Brake),Other,,25,5,True,,Mini 3 Pro,True,False,,Smart,RC,False,True,False,,,True,,False,False,False,False,False,False,False,False,False,False,0,Follow Yaw,-2.9,0,-14.9,345.1,False,False,False,False,False,True,,True,Normal,100,100,1024,1204,854,827,N,False,False,False,False,False,0,False,False,False,False,49,7.322,1101,2265,7.322,False,3.666,3.656,0.012,False,False,5.05,103.6,100.4,103.6,,,,,,,,,Idle,,,True,,False,8,Go Home,True,True,True,False,False,False,False,False,True,False,False,False,43.0666047727683,-77.6229698903817,29.2,313.7,1640.4,True,1,1,False,False,False,False,,True,False,False,,328,,16.4,Calm,41,, 1.8.0,DJI Mini 3 Pro,1581F4XF3229R006,53HFK5R0M30ACD,5HAZK6H0018AUR,52XPK6ACA001NV,180.6,0.7,59,13.23575,6.487126,0,8942,DJI Mini 3 Pro,1581F4XF3229R006,53HFK5R0M30ACD,5HAZK6H0018AUR,52XPK6ACA001NV,DJI Fly,, 1.8.0,61EABE4C-BCDC-32F4-D0CC-A1B5A0612123,1581F4XF3229R006W0A6,,,,,,,,,,
6/20/2023,8:53:24.16 AM,2m 3.6s,123.6,43.0666246487754,-77.6228660800941,8.2,60.6,8.2,542,537.6,4.112564,13.235805,2.908022,5.368656,-2.908022,6.71082,0.447388,4.47388,0,1.3,-45.4,314.6,P-GPS (Brake),Other,,25,5,True,,Mini 3 Pro,True,False,,Smart,RC,False,True,False,,,True,,False,False,False,False,False,False,False,False,False,False,0,Follow Yaw,-2.9,0,-15.4,344.6,False,False,False,False,False,True,,True,Normal,100,100,1024,1214,859,735,N,False,False,False,False,False,0,False,False,False,False,49,7.322,1101,2265,7.322,False,3.666,3.656,0.012,False,False,5.05,103.6,100.4,103.6,,,,,,,,,Idle,,,True,,False,8,Go Home,True,True,True,False,False,False,False,False,True,False,False,False,43.0666047727683,-77.6229698903817,28.6,313.7,1640.4,True,1,1,False,False,False,False,,True,False,False,,328,,16.4,Calm,41,, 1.8.0,DJI Mini 3 Pro,1581F4XF3229R006,53HFK5R0M30ACD,5HAZK6H0018AUR,52XPK6ACA001NV,180.6,0.7,59,13.23575,6.487126,0,8942,DJI Mini 3 Pro,1581F4XF3229R006,53HFK5R0M30ACD,5HAZK6H0018AUR,52XPK6ACA001NV,DJI Fly,, 1.8.0,61EABE4C-BCDC-32F4-D0CC-A1B5A0612123,1581F4XF3229R006W0A6,,,,,,,,,,
6/20/2023,8:53:24.26 AM,2m 3.8s,123.8,43.0666270580498,-77.6228695220202,8.2,60.6,7.8,542,538.9,3.95755,13.235805,2.684328,5.368656,-2.908022,6.71082,0.447388,4.47388,-0.2,0.7,-45.9,314.1,P-GPS (Brake),Other,,25,5,True,,Mini 3 Pro,True,False,,Smart,RC,False,True,False,,,True,,False,False,False,False,False,False,False,False,False,False,0,Follow Yaw,-2.9,0,-16.4,343.6,False,False,False,False,False,True,,True,Normal,100,100,1024,1213,976,980,N,False,False,False,False,False,0,False,False,False,False,49,7.316,1099,2265,7.316,False,3.666,3.656,0.012,False,False,5.235,103.6,100.4,103.6,,,,,,,,,Idle,,,True,,False,8,Go Home,True,True,True,False,False,False,False,False,True,False,False,False,43.0666047727683,-77.6229698903817,27.9,313.7,1640.4,True,1,1,False,False,False,False,,True,False,False,,328,,16.4,Calm,41,, 1.8.0,DJI Mini 3 Pro,1581F4XF3229R006,53HFK5R0M30ACD,5HAZK6H0018AUR,52XPK6ACA001NV,180.6,0.7,59,13.23575,6.487126,0,8942,DJI Mini 3 Pro,1581F4XF3229R006,53HFK5R0M30ACD,5HAZK6H0018AUR,52XPK6ACA001NV,DJI Fly,, 1.8.0,61EABE4C-BCDC-32F4-D0CC-A1B5A0612123,1581F4XF3229R006W0A6,,,,,,,,,,
6/20/2023,8:53:24.56 AM,2m 4.0s,124,43.0666293081826,-77.622872912831,7.8,60.6,7.5,542,540.1,3.95755,13.235805,2.684328,5.368656,-2.908022,6.71082,0.447388,4.47388,-0.3,1.7,-46.9,313.1,P-GPS (Brake),Other,,25,5,True,,Mini 3 Pro,True,False,,Smart,RC,False,True,False,,,True,,False,False,False,False,False,False,False,False,False,False,0,Follow Yaw,-2.9,0,-17.3,342.7,False,False,False,False,False,True,,True,Normal,100,100,1024,1194,1024,1024,N,False,False,False,False,False,0,False,False,False,False,49,7.325,1099,2265,7.325,False,3.667,3.658,0.012,False,False,5.235,103.6,100.4,103.6,,,,,,,,,Idle,,,True,,False,8,Go Home,True,True,True,False,False,False,False,False,True,False,False,False,43.0666047727683,-77.6229698903817,27.3,313.7,1640.4,True,1,1,False,False,False,False,,True,False,False,,328,,16.4,Calm,41,, 1.8.0,DJI Mini 3 Pro,1581F4XF3229R006,53HFK5R0M30ACD,5HAZK6H0018AUR,52XPK6ACA001NV,180.6,0.7,59,13.23575,6.487126,0,8942,DJI Mini 3 Pro,1581F4XF3229R006,53HFK5R0M30ACD,5HAZK6H0018AUR,52XPK6ACA001NV,DJI Fly,, 1.8.0,61EABE4C-BCDC-32F4-D0CC-A1B5A0612123,1581F4XF3229R006W0A6,,,,,,,,,,
6/20/2023,8:53:24.77 AM,2m 4.2s,124.2,43.0666314458179,-77.6228762186549,7.8,60.6,7.5,542,541.3,3.641474,13.235805,2.460634,5.368656,-2.684328,6.71082,,4.47388,0.1,1.7,-47.8,312.2,P-GPS (Brake),Other,,24,5,True,,Mini 3 Pro,True,False,,Smart,RC,False,True,False,,,True,,False,False,False,False,False,False,False,False,False,False,0,Follow Yaw,-2.9,0,-17.8,342.2,False,False,False,False,False,True,,True,Normal,100,100,1024,1197,1014,829,N,False,False,False,False,False,0,False,False,False,False,49,7.325,1099,2265,7.325,False,3.667,3.658,0.012,False,False,5.235,103.6,100.4,103.6,,,,,,,,,Idle,,,True,,False,8,Go Home,True,True,True,False,False,False,False,False,True,False,False,False,43.0666047727683,-77.6229698903817,26.7,313.7,1640.4,True,1,1,False,False,False,False,,True,False,False,,328,,16.4,Calm,41,, 1.8.0,DJI Mini 3 Pro,1581F4XF3229R006,53HFK5R0M30ACD,5HAZK6H0018AUR,52XPK6ACA001NV,180.6,0.7,59,13.23575,6.487126,0,8942,DJI Mini 3 Pro,1581F4XF3229R006,53HFK5R0M30ACD,5HAZK6H0018AUR,52XPK6ACA001NV,DJI Fly,, 1.8.0,61EABE4C-BCDC-32F4-D0CC-A1B5A0612123,1581F4XF3229R006W0A6,,,,,,,,,,
6/20/2023,8:53:24.97 AM,2m 4.4s,124.4,43.0666335122222,-77.6228794187479,7.8,60.6,7.5,542,542.4,3.641474,13.235805,2.460634,5.368656,-2.684328,6.71082,,4.47388,0.8,1.9,-48.3,311.7,P-GPS (Brake),Other,,24,5,True,,Mini 3 Pro,True,False,,Smart,RC,False,True,False,,,True,,False,False,False,False,False,False,False,False,False,False,0,Follow Yaw,-2.9,0,-18.1,341.9,False,False,False,False,False,True,,True,Normal,100,100,1024,1201,966,696,N,False,False,False,False,False,0,False,False,False,False,49,7.325,1099,2265,7.325,False,3.667,3.658,0.012,False,False,5.235,103.6,100.4,103.6,,,,,,,,,Idle,,,True,,False,8,Go Home,True,True,True,False,False,False,False,False,True,False,False,False,43.0666047727683,-77.6229698903817,26.2,313.7,1640.4,True,1,1,False,False,False,False,,True,False,False,,328,,16.4,Calm,41,, 1.8.0,DJI Mini 3 Pro,1581F4XF3229R006,53HFK5R0M30ACD,5HAZK6H0018AUR,52XPK6ACA001NV,180.6,0.7,59,13.23575,6.487126,0,8942,DJI Mini 3 Pro,1581F4XF3229R006,53HFK5R0M30ACD,5HAZK6H0018AUR,52XPK6ACA001NV,DJI Fly,, 1.8.0,61EABE4C-BCDC-32F4-D0CC-A1B5A0612123,1581F4XF3229R006W0A6,,,,,,,,,,
6/20/2023,8:53:25.07 AM,2m 4.6s,124.6,43.0666354519402,-77.6228825086658,7.8,60.6,7.5,542,543.5,3.32545,13.235805,2.23694,5.368656,-2.460634,6.71082,,4.47388,0.5,0.6,-48.6,311.4,P-GPS (Brake),Other,,24,5,True,,Mini 3 Pro,True,False,,Smart,RC,False,True,False,,,True,,False,False,False,False,False,False,False,False,False,False,0,Follow Yaw,-2.9,0,-19.1,340.9,False,False,False,False,False,True,,True,Normal,100,100,1024,1206,1024,898,N,False,False,False,False,False,0,False,False,False,False,49,7.325,1099,2265,7.325,False,3.667,3.658,0.012,False,False,5.235,103.6,100.4,103.6,,,,,,,,,Idle,,,True,,False,8,Go Home,True,True,True,False,False,False,False,False,True,False,False,False,43.0666047727683,-77.6229698903817,25.8,313.7,1640.4,True,1,1,False,False,False,False,,True,False,False,,328,,16.4,Calm,41,, 1.8.0,DJI Mini 3 Pro,1581F4XF3229R006,53HFK5R0M30ACD,5HAZK6H0018AUR,52XPK6ACA001NV,180.6,0.7,59,13.23575,6.487126,0,8942,DJI Mini 3 Pro,1581F4XF3229R006,53HFK5R0M30ACD,5HAZK6H0018AUR,52XPK6ACA001NV,DJI Fly,, 1.8.0,61EABE4C-BCDC-32F4-D0CC-A1B5A0612123,1581F4XF3229R006W0A6,,,,,,,,,,
6/20/2023,8:53:25.27 AM,2m 4.8s,124.8,43.0666372613654,-77.6228855034241,7.8,60.6,7.5,542,544.5,3.179289,13.235805,2.013246,5.368656,-2.460634,6.71082,,4.47388,0.5,1.7,-49.7,310.3,P-GPS (Brake),Other,,24,5,True,,Mini 3 Pro,True,False,,Smart,RC,False,True,False,,,True,,False,False,False,False,False,False,False,False,False,False,0,Follow Yaw,-2.9,0,-20.2,339.8,False,False,False,False,False,True,,True,Normal,100,100,1024,1234,1024,1024,N,False,False,False,False,False,0,False,False,False,False,49,7.325,1099,2265,7.325,False,3.667,3.658,0.012,False,False,5.235,103.6,100.4,103.6,,,,,,,,,Idle,,,True,,False,8,Go Home,True,True,True,False,False,False,False,False,True,False,False,False,43.0666047727683,-77.6229698903817,25.4,313.7,1640.4,True,1,1,False,False,False,False,,True,False,False,,328,,16.4,Calm,41,, 1.8.0,DJI Mini 3 Pro,1581F4XF3229R006,53HFK5R0M30ACD,5HAZK6H0018AUR,52XPK6ACA001NV,180.6,0.7,59,13.23575,6.487126,0,8942,DJI Mini 3 Pro,1581F4XF3229R006,53HFK5R0M30ACD,5HAZK6H0018AUR,52XPK6ACA001NV,DJI Fly,, 1.8.0,61EABE4C-BCDC-32F4-D0CC-A1B5A0612123,1581F4XF3229R006W0A6,,,,,,,,,,
6/20/2023,8:53:25.58 AM,2m 5.0s,125,43.0666389748486,-77.6228884100704,7.8,60.6,7.5,542,545.5,3.179289,13.235805,2.013246,5.368656,-2.460634,6.71082,,4.47388,0,1.6,-50.8,309.2,P-GPS (Brake),Other,,24,5,True,,Mini 3 Pro,True,False,,Smart,RC,False,True,False,,,True,,False,False,False,False,False,False,False,False,False,False,0,Follow Yaw,-2.9,0,-20.8,339.2,False,False,False,False,False,True,,True,Normal,100,100,1024,1235,1018,734,N,False,False,False,False,False,0,False,False,False,False,49,7.327,1098,2265,7.327,False,3.668,3.659,0.012,False,False,4.873,103.6,100.4,103.6,,,,,,,,,Idle,,,True,,False,8,Go Home,True,True,True,False,False,False,False,False,True,False,False,False,43.0666047727683,-77.6229698903817,25,313.7,1640.4,True,1,1,False,False,False,False,,True,False,False,,328,,16.4,Calm,41,, 1.8.0,DJI Mini 3 Pro,1581F4XF3229R006,53HFK5R0M30ACD,5HAZK6H0018AUR,52XPK6ACA001NV,180.6,0.7,59,13.23575,6.487126,0,8942,DJI Mini 3 Pro,1581F4XF3229R006,53HFK5R0M30ACD,5HAZK6H0018AUR,52XPK6ACA001NV,DJI Fly,, 1.8.0,61EABE4C-BCDC-32F4-D0CC-A1B5A0612123,1581F4XF3229R006W0A6,,,,,,,,,,
6/20/2023,8:53:25.68 AM,2m 5.2s,125.2,43.0666405940817,-77.6228912666216,7.8,60.6,7.5,542,546.5,3.042567,13.235805,1.789552,5.368656,-2.460634,6.71082,,4.47388,-0.4,1.8,-51.3,308.7,P-GPS (Brake),Other,,24,5,True,,Mini 3 Pro,True,False,,Smart,RC,False,True,False,,,True,,False,False,False,False,False,False,False,False,False,False,0,Follow Yaw,-2.9,0,-21.5,338.5,False,False,False,False,False,True,,True,Normal,100,100,1024,1234,1011,604,N,False,False,False,False,False,0,False,False,False,False,49,7.327,1098,2265,7.327,False,3.668,3.659,0.012,False,False,4.873,103.6,100.4,103.6,,,,,,,,,Idle,,,True,,False,8,Go Home,True,True,True,False,False,False,False,False,True,False,False,False,43.0666047727683,-77.6229698903817,24.6,313.7,1640.4,True,1,1,False,False,False,False,,True,False,False,,328,,16.4,Calm,41,, 1.8.0,DJI Mini 3 Pro,1581F4XF3229R006,53HFK5R0M30ACD,5HAZK6H0018AUR,52XPK6ACA001NV,180.6,0.7,59,13.23575,6.487126,0,8942,DJI Mini 3 Pro,1581F4XF3229R006,53HFK5R0M30ACD,5HAZK6H0018AUR,52XPK6ACA001NV,DJI Fly,, 1.8.0,61EABE4C-BCDC-32F4-D0CC-A1B5A0612123,1581F4XF3229R006W0A6,,,,,,,,,,
6/20/2023,8:53:25.88 AM,2m 5.4s,125.4,43.0666421719327,-77.6228940898817,7.8,60.6,7.5,542,547.4,3.042567,13.235805,1.789552,5.368656,-2.460634,6.71082,,4.47388,-0.9,0.4,-52.1,307.9,P-GPS (Brake),Other,,24,5,True,,Mini 3 Pro,True,False,,Smart,RC,False,True,False,,,True,,False,False,False,False,False,False,False,False,False,False,0,Follow Yaw,-2.9,0,-23.6,336.4,False,False,False,False,False,True,,True,Normal,100,100,1024,1234,1024,860,N,False,False,False,False,False,0,False,False,False,False,49,7.327,1098,2265,7.327,False,3.668,3.659,0.012,False,False,4.873,103.6,100.4,103.6,,,,,,,,,Idle,,,True,,False,8,Go Home,True,True,True,False,False,False,False,False,True,False,False,False,43.0666047727683,-77.6229698903817,24.3,313.7,1640.4,True,1,1,False,False,False,False,,True,False,False,,328,,16.4,Calm,41,, 1.8.0,DJI Mini 3 Pro,1581F4XF3229R006,53HFK5R0M30ACD,5HAZK6H0018AUR,52XPK6ACA001NV,180.6,0.7,59,13.23575,6.487126,0,8942,DJI Mini 3 Pro,1581F4XF3229R006,53HFK5R0M30ACD,5HAZK6H0018AUR,52XPK6ACA001NV,DJI Fly,, 1.8.0,61EABE4C-BCDC-32F4-D0CC-A1B5A0612123,1581F4XF3229R006W0A6,,,,,,,,,,
6/20/2023,8:53:26.18 AM,2m 5.6s,125.6,43.066643664985,-77.6228969558492,7.8,60.6,7.5,542,548.4,3.042567,13.235805,1.789552,5.368656,-2.460634,6.71082,,4.47388,-1.1,-0.2,-54.4,305.6,P-GPS (Brake),Other,,24,5,True,,Mini 3 Pro,True,False,,Smart,RC,False,True,False,,,True,,False,False,False,False,False,False,False,False,False,False,0,Follow Yaw,-2.9,0,-26.3,333.7,False,False,False,False,False,True,,True,Normal,100,100,1024,1231,1024,1024,N,False,False,False,False,False,0,False,False,False,False,49,7.327,1098,2265,7.327,False,3.668,3.659,0.012,False,False,4.873,103.6,100.4,103.6,,,,,,,,,Idle,,,True,,False,8,Go Home,True,True,True,False,False,False,False,False,True,False,False,False,43.0666047727683,-77.6229698903817,24,313.7,1640.4,True,1,1,False,False,False,False,,True,False,False,,328,,16.4,Calm,41,, 1.8.0,DJI Mini 3 Pro,1581F4XF3229R006,53HFK5R0M30ACD,5HAZK6H0018AUR,52XPK6ACA001NV,180.6,0.7,59,13.23575,6.487126,0,8942,DJI Mini 3 Pro,1581F4XF3229R006,53HFK5R0M30ACD,5HAZK6H0018AUR,52XPK6ACA001NV,DJI Fly,, 1.8.0,61EABE4C-BCDC-32F4-D0CC-A1B5A0612123,1581F4XF3229R006W0A6,,,,,,,,,,
6/20/2023,8:53:26.29 AM,2m 5.8s,125.8,43.0666450813427,-77.6228999095065,7.8,60.6,7.5,542,549.3,2.916612,13.235805,1.565858,5.368656,-2.460634,6.71082,,4.47388,-0.3,1.8,-56.9,303.1,P-GPS (Brake),Other,,24,5,True,,Mini 3 Pro,True,False,,Smart,RC,False,True,False,,,True,,False,False,False,False,False,False,False,False,False,False,0,Follow Yaw,-2.9,0,-27.7,332.3,False,False,False,False,False,True,,True,Normal,100,100,1024,1213,1024,1024,N,False,False,False,False,False,0,False,False,False,False,49,7.327,1098,2265,7.327,False,3.668,3.659,0.012,False,False,4.873,103.6,100.4,103.6,,,,,,,,,Idle,,,True,,False,8,Go Home,True,True,True,False,False,False,False,False,True,False,False,False,43.0666047727683,-77.6229698903817,23.7,313.7,1640.4,True,1,1,False,False,False,False,,True,False,False,,328,,16.4,Calm,41,, 1.8.0,DJI Mini 3 Pro,1581F4XF3229R006,53HFK5R0M30ACD,5HAZK6H0018AUR,52XPK6ACA001NV,180.6,0.7,59,13.23575,6.487126,0,8942,DJI Mini 3 Pro,1581F4XF3229R006,53HFK5R0M30ACD,5HAZK6H0018AUR,52XPK6ACA001NV,DJI Fly,, 1.8.0,61EABE4C-BCDC-32F4-D0CC-A1B5A0612123,1581F4XF3229R006W0A6,,,,,,,,,,
6/20/2023,8:53:26.49 AM,2m 6.0s,126,43.0666464259062,-77.6229028751424,7.8,60.6,7.5,542,550.2,2.916612,13.235805,1.565858,5.368656,-2.460634,6.71082,,4.47388,0.1,1.8,-58.3,301.7,P-GPS (Brake),Other,,24,5,True,,Mini 3 Pro,True,False,,Smart,RC,False,True,False,,,True,,False,False,False,False,False,False,False,False,False,False,0,Follow Yaw,-2.9,0,-28.3,331.7,False,False,False,False,False,True,,True,Normal,100,100,1024,1140,1024,1468,N,False,False,False,False,False,0,False,False,False,False,49,7.315,1097,2265,7.315,False,3.661,3.654,0.012,False,False,4.866,103.6,100.4,103.6,,,,,,,,,Idle,,,True,,False,8,Go Home,True,True,True,False,False,False,False,False,True,False,False,False,43.0666047727683,-77.6229698903817,23.4,313.7,1640.4,True,1,1,False,False,False,False,,True,False,False,,328,,16.4,Calm,41,, 1.8.0,DJI Mini 3 Pro,1581F4XF3229R006,53HFK5R0M30ACD,5HAZK6H0018AUR,52XPK6ACA001NV,180.6,0.7,59,13.23575,6.487126,0,8942,DJI Mini 3 Pro,1581F4XF3229R006,53HFK5R0M30ACD,5HAZK6H0018AUR,52XPK6ACA001NV,DJI Fly,, 1.8.0,61EABE4C-BCDC-32F4-D0CC-A1B5A0612123,1581F4XF3229R006W0A6,,,,,,,,,,
6/20/2023,8:53:26.69 AM,2m 6.2s,126.2,43.0666477181092,-77.6229058054173,7.8,60.6,7.5,542,551.1,2.916612,13.235805,1.565858,5.368656,-2.460634,6.71082,,4.47388,1.3,2.9,-58.8,301.2,P-GPS (Brake),Other,,24,5,True,,Mini 3 Pro,True,False,,Smart,RC,False,True,False,,,True,,False,False,False,False,False,False,False,False,False,False,0,Follow Yaw,-2.9,0,-27.5,332.5,False,False,False,False,False,True,,True,Normal,100,100,1024,1143,1024,1024,N,False,False,False,False,False,0,False,False,False,False,49,7.315,1097,2265,7.315,False,3.661,3.654,0.012,False,False,4.866,103.6,100.4,103.6,,,,,,,,,Idle,,,True,,False,8,Go Home,True,True,True,False,False,False,False,False,True,False,False,False,43.0666047727683,-77.6229698903817,23.1,313.7,1640.4,True,1,1,False,False,False,False,,True,False,False,,328,,16.4,Calm,41,, 1.8.0,DJI Mini 3 Pro,1581F4XF3229R006,53HFK5R0M30ACD,5HAZK6H0018AUR,52XPK6ACA001NV,180.6,0.7,59,13.23575,6.487126,0,8942,DJI Mini 3 Pro,1581F4XF3229R006,53HFK5R0M30ACD,5HAZK6H0018AUR,52XPK6ACA001NV,DJI Fly,, 1.8.0,61EABE4C-BCDC-32F4-D0CC-A1B5A0612123,1581F4XF3229R006W0A6,,,,,,,,,,
6/20/2023,8:53:26.89 AM,2m 6.4s,126.4,43.0666489847874,-77.6229085443413,7.8,60.6,7.5,542,552,2.730533,13.235805,1.565858,5.368656,-2.23694,6.71082,,4.47388,1.8,3.3,-57.7,302.3,P-GPS (Brake),Other,,24,5,True,,Mini 3 Pro,True,False,,Smart,RC,False,True,False,,,True,,False,False,False,False,False,False,False,False,False,False,0,Follow Yaw,-2.9,0,-25.2,334.8,False,False,False,False,False,True,,True,Normal,100,100,1024,1146,1024,1024,N,False,False,False,False,False,0,False,False,False,False,49,7.315,1097,2265,7.315,False,3.661,3.654,0.012,False,False,4.866,103.6,100.4,103.6,,,,,,,,,Idle,,,True,,False,8,Go Home,True,True,True,False,False,False,False,False,True,False,False,False,43.0666047727683,-77.6229698903817,22.9,313.7,1640.4,True,1,1,False,False,False,False,,True,False,False,,328,,16.4,Calm,41,, 1.8.0,DJI Mini 3 Pro,1581F4XF3229R006,53HFK5R0M30ACD,5HAZK6H0018AUR,52XPK6ACA001NV,180.6,0.7,59,13.23575,6.487126,0,8942,DJI Mini 3 Pro,1581F4XF3229R006,53HFK5R0M30ACD,5HAZK6H0018AUR,52XPK6ACA001NV,DJI Fly,, 1.8.0,61EABE4C-BCDC-32F4-D0CC-A1B5A0612123,1581F4XF3229R006W0A6,,,,,,,,,,
6/20/2023,8:53:27.09 AM,2m 6.6s,126.6,43.0666502142812,-77.6229110571689,7.8,60.6,7.5,542,552.8,2.41962,13.235805,1.342164,5.368656,-2.013246,6.71082,,4.47388,1.6,1.9,-55.5,304.5,P-GPS (Brake),Other,,24,5,True,,Mini 3 Pro,True,False,,Smart,RC,False,True,False,,,True,,False,False,False,False,False,False,False,False,False,False,0,Follow Yaw,-2.9,0,-23.9,336.1,False,False,False,False,False,True,,True,Normal,100,100,1024,1147,1024,1024,N,False,False,False,False,False,0,False,False,False,False,49,7.315,1097,2265,7.315,False,3.661,3.654,0.012,False,False,4.866,103.6,100.4,103.6,,,,,,,,,Idle,,,True,,False,8,Go Home,True,True,True,False,False,False,False,False,True,False,False,False,43.0666047727683,-77.6229698903817,22.8,313.7,1640.4,True,1,1,False,False,False,False,,True,False,False,,328,,16.4,Calm,41,, 1.8.0,DJI Mini 3 Pro,1581F4XF3229R006,53HFK5R0M30ACD,5HAZK6H0018AUR,52XPK6ACA001NV,180.6,0.7,59,13.23575,6.487126,0,8942,DJI Mini 3 Pro,1581F4XF3229R006,53HFK5R0M30ACD,5HAZK6H0018AUR,52XPK6ACA001NV,DJI Fly,, 1.8.0,61EABE4C-BCDC-32F4-D0CC-A1B5A0612123,1581F4XF3229R006W0A6,,,,,,,,,,
6/20/2023,8:53:27.30 AM,2m 6.8s,126.8,43.066651364382,-77.6229134012482,7.8,60.6,7.5,542,553.6,2.23694,13.235805,1.342164,5.368656,-1.789552,6.71082,,4.47388,1.4,2,-54.2,305.8,P-GPS (Brake),Other,,24,5,True,,Mini 3 Pro,True,False,,Smart,RC,False,True,False,,,True,,False,False,False,False,False,False,False,False,False,False,0,Follow Yaw,-2.9,0,-23.4,336.6,False,False,False,False,False,True,,True,Normal,100,100,1024,1147,1024,1031,N,False,False,False,False,False,0,False,False,False,False,49,7.315,1097,2265,7.315,False,3.661,3.654,0.012,False,False,4.866,103.6,100.4,103.6,,,,,,,,,Idle,,,True,,False,8,Go Home,True,True,True,False,False,False,False,False,True,False,False,False,43.0666047727683,-77.6229698903817,22.7,313.7,1640.4,True,1,1,False,False,False,False,,True,False,False,,328,,16.4,Calm,41,, 1.8.0,DJI Mini 3 Pro,1581F4XF3229R006,53HFK5R0M30ACD,5HAZK6H0018AUR,52XPK6ACA001NV,180.6,0.7,59,13.23575,6.487126,0,8942,DJI Mini 3 Pro,1581F4XF3229R006,53HFK5R0M30ACD,5HAZK6H0018AUR,52XPK6ACA001NV,DJI Fly,, 1.8.0,61EABE4C-BCDC-32F4-D0CC-A1B5A0612123,1581F4XF3229R006W0A6,,,,,,,,,,
6/20/2023,8:53:27.50 AM,2m 7.0s,127,43.066652434323,-77.6229155834565,7.8,60.6,7.5,542,554.3,2.110324,13.235805,1.11847,5.368656,-1.789552,6.71082,,4.47388,1.5,2,-53.8,306.2,P-GPS (Brake),Other,,24,5,True,,Mini 3 Pro,True,False,,Smart,RC,False,True,False,,,True,,False,False,False,False,False,False,False,False,False,False,0,Follow Yaw,-2.9,0,-23.4,336.6,False,False,False,False,False,True,,True,Normal,100,100,1024,1150,1024,1025,N,False,False,False,False,False,0,False,False,False,False,49,7.313,1095,2265,7.313,False,3.661,3.652,0.012,False,False,5.167,103.6,100.4,103.6,,,,,,,,,Idle,,,True,,False,8,Go Home,True,True,True,False,False,False,False,False,True,False,False,False,43.0666047727683,-77.6229698903817,22.6,313.7,1640.4,True,1,1,False,False,False,False,,True,False,False,,328,,16.4,Calm,41,, 1.8.0,DJI Mini 3 Pro,1581F4XF3229R006,53HFK5R0M30ACD,5HAZK6H0018AUR,52XPK6ACA001NV,180.6,0.7,59,13.23575,6.487126,0,8942,DJI Mini 3 Pro,1581F4XF3229R006,53HFK5R0M30ACD,5HAZK6H0018AUR,52XPK6ACA001NV,DJI Fly,, 1.8.0,61EABE4C-BCDC-32F4-D0CC-A1B5A0612123,1581F4XF3229R006W0A6,,,,,,,,,,
6/20/2023,8:53:27.70 AM,2m 7.2s,127.2,43.0666534357379,-77.6229175861634,7.8,60.6,7.5,542,554.9,1.924288,13.235805,1.11847,5.368656,-1.565858,6.71082,,4.47388,1.3,2.1,-53.8,306.2,P-GPS (Brake),Other,,24,5,True,,Mini 3 Pro,True,False,,Smart,RC,False,True,False,,,True,,False,False,False,False,False,False,False,False,False,False,0,Follow Yaw,-2.9,0,-23.4,336.6,False,False,False,False,False,True,,True,Normal,100,100,1024,1157,1024,1024,N,False,False,False,False,False,0,False,False,False,False,49,7.313,1095,2265,7.313,False,3.661,3.652,0.012,False,False,5.167,103.6,100.4,103.6,,,,,,,,,Idle,,,True,,False,8,Go Home,True,True,True,False,False,False,False,False,True,False,False,False,43.0666047727683,-77.6229698903817,22.5,313.7,1640.4,True,1,1,False,False,False,False,,True,False,False,,328,,16.4,Calm,41,, 1.8.0,DJI Mini 3 Pro,1581F4XF3229R006,53HFK5R0M30ACD,5HAZK6H0018AUR,52XPK6ACA001NV,180.6,0.7,59,13.23575,6.487126,0,8942,DJI Mini 3 Pro,1581F4XF3229R006,53HFK5R0M30ACD,5HAZK6H0018AUR,52XPK6ACA001NV,DJI Fly,, 1.8.0,61EABE4C-BCDC-32F4-D0CC-A1B5A0612123,1581F4XF3229R006W0A6,,,,,,,,,,
6/20/2023,8:53:27.90 AM,2m 7.4s,127.4,43.0666543822524,-77.6229194551485,7.8,60.6,7.5,542,555.5,1.924288,13.235805,1.11847,5.368656,-1.565858,6.71082,,4.47388,1.2,2,-53.8,306.2,P-GPS (Brake),Other,,24,5,True,,Mini 3 Pro,True,False,,Smart,RC,False,True,False,,,True,,False,False,False,False,False,False,False,False,False,False,0,Follow Yaw,-2.9,0,-23.4,336.6,False,False,False,False,False,True,,True,Normal,100,100,1024,1152,1024,1078,N,False,False,False,False,False,0,False,False,False,False,49,7.313,1095,2265,7.313,False,3.661,3.652,0.012,False,False,5.167,103.6,100.4,103.6,,,,,,,,,Idle,,,True,,False,8,Go Home,True,True,True,False,False,False,False,False,True,False,False,False,43.0666047727683,-77.6229698903817,22.5,313.7,1640.4,True,1,1,False,False,False,False,,True,False,False,,328,,16.4,Calm,41,, 1.8.0,DJI Mini 3 Pro,1581F4XF3229R006,53HFK5R0M30ACD,5HAZK6H0018AUR,52XPK6ACA001NV,180.6,0.7,59,13.23575,6.487126,0,8942,DJI Mini 3 Pro,1581F4XF3229R006,53HFK5R0M30ACD,5HAZK6H0018AUR,52XPK6ACA001NV,DJI Fly,, 1.8.0,61EABE4C-BCDC-32F4-D0CC-A1B5A0612123,1581F4XF3229R006W0A6,,,,,,,,,,
6/20/2023,8:53:28.11 AM,2m 7.6s,127.6,43.0666553141432,-77.6229212354968,7.8,60.6,7.5,542,556.1,1.747105,13.235805,1.11847,5.368656,-1.342164,6.71082,,4.47388,1.6,1.7,-53.8,306.2,P-GPS (Brake),Other,,24,5,True,,Mini 3 Pro,True,False,,Smart,RC,False,True,False,,,True,,False,False,False,False,False,False,False,False,False,False,0,Follow Yaw,-2.9,0,-23.4,336.6,False,False,False,False,False,True,,True,Normal,100,100,1024,1147,1024,1145,N,False,False,False,False,False,0,False,False,False,False,49,7.313,1095,2265,7.313,False,3.661,3.652,0.012,False,False,5.167,103.6,100.4,103.6,,,,,,,,,Idle,,,True,,False,8,Go Home,True,True,True,False,False,False,False,False,True,False,False,False,43.0666047727683,-77.6229698903817,22.5,313.7,1640.4,True,1,1,False,False,False,False,,True,False,False,,328,,16.4,Calm,41,, 1.8.0,DJI Mini 3 Pro,1581F4XF3229R006,53HFK5R0M30ACD,5HAZK6H0018AUR,52XPK6ACA001NV,180.6,0.7,59,13.23575,6.487126,0,8942,DJI Mini 3 Pro,1581F4XF3229R006,53HFK5R0M30ACD,5HAZK6H0018AUR,52XPK6ACA001NV,DJI Fly,, 1.8.0,61EABE4C-BCDC-32F4-D0CC-A1B5A0612123,1581F4XF3229R006W0A6,,,,,,,,,,
6/20/2023,8:53:28.31 AM,2m 7.8s,127.8,43.0666562319416,-77.6229228931492,7.8,60.6,7.5,542,556.7,1.747105,13.235805,1.11847,5.368656,-1.342164,6.71082,,4.47388,1.6,1.3,-53.8,306.2,P-GPS (Brake),Other,,24,5,True,,Mini 3 Pro,True,False,,Smart,RC,False,True,False,,,True,,False,False,False,False,False,False,False,False,False,False,0,Follow Yaw,-2.9,0,-23.3,336.7,False,False,False,False,False,True,,True,Normal,100,100,1024,1147,1024,1082,N,False,False,False,False,False,0,False,False,False,False,49,7.313,1095,2265,7.313,False,3.661,3.652,0.012,False,False,5.167,103.6,100.4,103.6,,,,,,,,,Idle,,,True,,False,8,Go Home,True,True,True,False,False,False,False,False,True,False,False,False,43.0666047727683,-77.6229698903817,22.5,313.7,1640.4,True,1,1,False,False,False,False,,True,False,False,,328,,16.4,Calm,41,, 1.8.0,DJI Mini 3 Pro,1581F4XF3229R006,53HFK5R0M30ACD,5HAZK6H0018AUR,52XPK6ACA001NV,180.6,0.7,59,13.23575,6.487126,0,8942,DJI Mini 3 Pro,1581F4XF3229R006,53HFK5R0M30ACD,5HAZK6H0018AUR,52XPK6ACA001NV,DJI Fly,, 1.8.0,61EABE4C-BCDC-32F4-D0CC-A1B5A0612123,1581F4XF3229R006W0A6,,,,,,,,,,
6/20/2023,8:53:28.51 AM,2m 8.0s,128,43.0666570904276,-77.6229244610331,7.8,60.6,7.5,542,557.2,1.61308,13.235805,0.894776,5.368656,-1.342164,6.71082,,4.47388,1.2,1.5,-53.8,306.2,P-GPS (Brake),Other,,24,5,True,,Mini 3 Pro,True,False,,Smart,RC,False,True,False,,,True,,False,False,False,False,False,False,False,False,False,False,0,Follow Yaw,-2.9,0,-23.1,336.9,False,False,False,False,False,True,,True,Normal,100,100,1024,1149,1024,1024,N,False,False,False,False,False,0,False,False,False,False,49,7.311,1094,2265,7.311,False,3.66,3.651,0.012,False,False,5.242,103.6,100.4,103.6,,,,,,,,,Idle,,,True,,False,8,Go Home,True,True,True,False,False,False,False,False,True,False,False,False,43.0666047727683,-77.6229698903817,22.6,313.7,1640.4,True,1,1,False,False,False,False,,True,False,False,,328,,16.4,Calm,41,, 1.8.0,DJI Mini 3 Pro,1581F4XF3229R006,53HFK5R0M30ACD,5HAZK6H0018AUR,52XPK6ACA001NV,180.6,0.7,59,13.23575,6.487126,0,8942,DJI Mini 3 Pro,1581F4XF3229R006,53HFK5R0M30ACD,5HAZK6H0018AUR,52XPK6ACA001NV,DJI Fly,, 1.8.0,61EABE4C-BCDC-32F4-D0CC-A1B5A0612123,1581F4XF3229R006W0A6,,,,,,,,,,
6/20/2023,8:53:28.71 AM,2m 8.2s,128.2,43.0666578666121,-77.6229260143676,7.8,60.6,7.5,542,557.7,1.61308,13.235805,0.894776,5.368656,-1.342164,6.71082,,4.47388,1.4,2.2,-53.5,306.5,P-GPS (Brake),Other,,24,5,True,,Mini 3 Pro,True,False,,Smart,RC,False,True,False,,,True,,False,False,False,False,False,False,False,False,False,False,0,Follow Yaw,-2.9,0,-23,337,False,False,False,False,False,True,,True,Normal,100,100,1024,1148,1024,1033,N,False,False,False,False,False,0,False,False,False,False,49,7.311,1094,2265,7.311,False,3.66,3.651,0.012,False,False,5.242,103.6,100.4,103.6,,,,,,,,,Idle,,,True,,False,8,Go Home,True,True,True,False,False,False,False,False,True,False,False,False,43.0666047727683,-77.6229698903817,22.6,313.7,1640.4,True,1,1,False,False,False,False,,True,False,False,,328,,16.4,Calm,41,, 1.8.0,DJI Mini 3 Pro,1581F4XF3229R006,53HFK5R0M30ACD,5HAZK6H0018AUR,52XPK6ACA001NV,180.6,0.7,59,13.23575,6.487126,0,8942,DJI Mini 3 Pro,1581F4XF3229R006,53HFK5R0M30ACD,5HAZK6H0018AUR,52XPK6ACA001NV,DJI Fly,, 1.8.0,61EABE4C-BCDC-32F4-D0CC-A1B5A0612123,1581F4XF3229R006W0A6,,,,,,,,,,
6/20/2023,8:53:28.91 AM,2m 8.4s,128.4,43.0666586279974,-77.6229274616341,7.8,60.6,7.5,542,558.2,1.43234,13.235805,0.894776,5.368656,-1.11847,6.71082,,4.47388,1.3,2,-53.4,306.6,P-GPS (Brake),Other,,24,5,True,,Mini 3 Pro,True,False,,Smart,RC,False,True,False,,,True,,False,False,False,False,False,False,False,False,False,False,0,Follow Yaw,-2.9,0,-22.9,337.1,False,False,False,False,False,True,,True,Normal,100,100,1024,1140,1024,1133,N,False,False,False,False,False,0,False,False,False,False,49,7.311,1094,2265,7.311,False,3.66,3.651,0.012,False,False,5.242,103.6,100.4,103.6,,,,,,,,,Idle,,,True,,False,8,Go Home,True,True,True,False,False,False,False,False,True,False,False,False,43.0666047727683,-77.6229698903817,22.6,313.7,1640.4,True,1,1,False,False,False,False,,True,False,False,,328,,16.4,Calm,41,, 1.8.0,DJI Mini 3 Pro,1581F4XF3229R006,53HFK5R0M30ACD,5HAZK6H0018AUR,52XPK6ACA001NV,180.6,0.7,59,13.23575,6.487126,0,8942,DJI Mini 3 Pro,1581F4XF3229R006,53HFK5R0M30ACD,5HAZK6H0018AUR,52XPK6ACA001NV,DJI Fly,, 1.8.0,61EABE4C-BCDC-32F4-D0CC-A1B5A0612123,1581F4XF3229R006W0A6,,,,,,,,,,
6/20/2023,8:53:29.12 AM,2m 8.6s,128.6,43.0666593928609,-77.6229288431215,7.8,60.6,7.5,542,558.6,1.304348,13.235805,0.671082,5.368656,-1.11847,6.71082,,4.47388,1.2,2.3,-53.3,306.7,P-GPS (Brake),Other,,24,5,True,,Mini 3 Pro,True,False,,Smart,RC,False,True,False,,,True,,False,False,False,False,False,False,False,False,False,False,0,Follow Yaw,-2.9,0,-22.8,337.2,False,False,False,False,False,True,,True,Normal,100,100,1024,1142,1024,1047,N,False,False,False,False,False,0,False,False,False,False,49,7.311,1094,2265,7.311,False,3.66,3.651,0.012,False,False,5.242,103.6,100.4,103.6,,,,,,,,,Idle,,,True,,False,8,Go Home,True,True,True,False,False,False,False,False,True,False,False,False,43.0666047727683,-77.6229698903817,22.7,313.7,1640.4,True,1,1,False,False,False,False,,True,False,False,,328,,16.4,Calm,41,, 1.8.0,DJI Mini 3 Pro,1581F4XF3229R006,53HFK5R0M30ACD,5HAZK6H0018AUR,52XPK6ACA001NV,180.6,0.7,59,13.23575,6.487126,0,8942,DJI Mini 3 Pro,1581F4XF3229R006,53HFK5R0M30ACD,5HAZK6H0018AUR,52XPK6ACA001NV,DJI Fly,, 1.8.0,61EABE4C-BCDC-32F4-D0CC-A1B5A0612123,1581F4XF3229R006W0A6,,,,,,,,,,
6/20/2023,8:53:29.32 AM,2m 8.8s,128.8,43.0666601332831,-77.6229301483376,7.8,60.6,7.5,542,559.1,1.304348,13.235805,0.671082,5.368656,-1.11847,6.71082,,4.47388,0.9,1.9,-53.1,306.9,P-GPS (Brake),Other,,24,5,True,,Mini 3 Pro,True,False,,Smart,RC,False,True,False,,,True,,False,False,False,False,False,False,False,False,False,False,0,Follow Yaw,-2.9,0,-22.8,337.2,False,False,False,False,False,True,,True,Normal,100,100,1024,1175,1024,1024,N,False,False,False,False,False,0,False,False,False,False,49,7.311,1094,2265,7.311,False,3.66,3.651,0.012,False,False,5.242,103.6,100.4,103.6,,,,,,,,,Idle,,,True,,False,8,Go Home,True,True,True,False,False,False,False,False,True,False,False,False,43.0666047727683,-77.6229698903817,22.8,313.7,1640.4,True,1,1,False,False,False,False,,True,False,False,,328,,16.4,Calm,41,, 1.8.0,DJI Mini 3 Pro,1581F4XF3229R006,53HFK5R0M30ACD,5HAZK6H0018AUR,52XPK6ACA001NV,180.6,0.7,59,13.23575,6.487126,0,8942,DJI Mini 3 Pro,1581F4XF3229R006,53HFK5R0M30ACD,5HAZK6H0018AUR,52XPK6ACA001NV,DJI Fly,, 1.8.0,61EABE4C-BCDC-32F4-D0CC-A1B5A0612123,1581F4XF3229R006W0A6,,,,,,,,,,
6/20/2023,8:53:29.52 AM,2m 9.0s,129,43.0666608347007,-77.6229313792671,7.8,60.6,7.5,542,559.5,1.11847,13.235805,0.671082,5.368656,-0.894776,6.71082,,4.47388,1.2,1.8,-53.2,306.8,P-GPS (Brake),Other,,24,5,True,,Mini 3 Pro,True,False,,Smart,RC,False,True,False,,,True,,False,False,False,False,False,False,False,False,False,False,0,Follow Yaw,-2.9,0,-22.7,337.3,False,False,False,False,False,True,,True,Normal,100,100,1024,1240,1024,1024,N,False,False,False,False,False,0,False,False,False,False,49,7.31,1092,2265,7.31,False,3.66,3.65,0.012,False,False,5.226,103.6,100.4,103.6,,,,,,,,,Idle,,,True,,False,8,Go Home,True,True,True,False,False,False,False,False,True,False,False,False,43.0666047727683,-77.6229698903817,22.8,313.7,1640.4,True,1,1,False,False,False,False,,True,False,False,,328,,16.4,Calm,41,, 1.8.0,DJI Mini 3 Pro,1581F4XF3229R006,53HFK5R0M30ACD,5HAZK6H0018AUR,52XPK6ACA001NV,180.6,0.7,59,13.23575,6.487126,0,8942,DJI Mini 3 Pro,1581F4XF3229R006,53HFK5R0M30ACD,5HAZK6H0018AUR,52XPK6ACA001NV,DJI Fly,, 1.8.0,61EABE4C-BCDC-32F4-D0CC-A1B5A0612123,1581F4XF3229R006W0A6,,,,,,,,,,
6/20/2023,8:53:29.72 AM,2m 9.2s,129.2,43.0666614733919,-77.6229325248813,7.8,60.6,7.5,542,559.9,1.11847,13.235805,0.671082,5.368656,-0.894776,6.71082,,4.47388,0,1.3,-53.3,306.7,P-GPS (Brake),Other,,24,5,True,,Mini 3 Pro,True,False,,Smart,RC,False,True,False,,,True,,False,False,False,False,False,False,False,False,False,False,0,Follow Yaw,-2.9,0,-22.7,337.3,False,False,False,False,False,True,,True,Normal,100,100,1024,1259,1024,1024,N,False,False,False,False,False,0,False,False,False,False,49,7.31,1092,2265,7.31,False,3.66,3.65,0.012,False,False,5.226,103.6,100.4,103.6,,,,,,,,,Idle,,,True,,False,8,Go Home,True,True,True,False,False,False,False,False,True,False,False,False,43.0666047727683,-77.6229698903817,22.9,313.7,1640.4,True,1,1,False,False,False,False,,True,False,False,,328,,16.4,Calm,41,, 1.8.0,DJI Mini 3 Pro,1581F4XF3229R006,53HFK5R0M30ACD,5HAZK6H0018AUR,52XPK6ACA001NV,180.6,0.7,59,13.23575,6.487126,0,8942,DJI Mini 3 Pro,1581F4XF3229R006,53HFK5R0M30ACD,5HAZK6H0018AUR,52XPK6ACA001NV,DJI Fly,, 1.8.0,61EABE4C-BCDC-32F4-D0CC-A1B5A0612123,1581F4XF3229R006W0A6,,,,,,,,,,
6/20/2023,8:53:29.92 AM,2m 9.4s,129.4,43.0666621350893,-77.6229337234313,7.8,60.6,7.5,542,560.3,1.11847,13.235805,0.671082,5.368656,-0.894776,6.71082,,4.47388,-1.5,1.6,-53.2,306.8,P-GPS (Brake),Other,,24,5,True,,Mini 3 Pro,True,False,,Smart,RC,False,True,False,,,True,,False,False,False,False,False,False,False,False,False,False,0,Follow Yaw,-2.9,0,-22.7,337.3,False,False,False,False,False,True,,True,Normal,100,100,1024,1261,1024,1024,N,False,False,False,False,False,0,False,False,False,False,49,7.31,1092,2265,7.31,False,3.66,3.65,0.012,False,False,5.226,103.6,100.4,103.6,,,,,,,,,Idle,,,True,,False,8,Go Home,True,True,True,False,False,False,False,False,True,False,False,False,43.0666047727683,-77.6229698903817,23,313.7,1640.4,True,1,1,False,False,False,False,,True,False,False,,328,,16.4,Calm,41,, 1.8.0,DJI Mini 3 Pro,1581F4XF3229R006,53HFK5R0M30ACD,5HAZK6H0018AUR,52XPK6ACA001NV,180.6,0.7,59,13.23575,6.487126,0,8942,DJI Mini 3 Pro,1581F4XF3229R006,53HFK5R0M30ACD,5HAZK6H0018AUR,52XPK6ACA001NV,DJI Fly,, 1.8.0,61EABE4C-BCDC-32F4-D0CC-A1B5A0612123,1581F4XF3229R006W0A6,,,,,,,,,,
6/20/2023,8:53:30.13 AM,2m 9.6s,129.6,43.0666628215577,-77.6229350809382,7.8,60.6,7.5,542,560.7,1.304348,13.235805,0.671082,5.368656,-1.11847,6.71082,,4.47388,-1.4,2,-53.2,306.8,P-GPS (Brake),Other,,24,5,True,,Mini 3 Pro,True,False,,Smart,RC,False,True,False,,,True,,False,False,False,False,False,False,False,False,False,False,0,Follow Yaw,-2.9,0,-22.7,337.3,False,False,False,False,False,True,,True,Normal,100,100,1024,1260,1024,1024,N,False,False,False,False,False,0,False,False,False,False,49,7.31,1092,2265,7.31,False,3.66,3.65,0.012,False,False,5.226,103.6,100.4,103.6,,,,,,,,,Idle,,,True,,False,8,Go Home,True,True,True,False,False,False,False,False,True,False,False,False,43.0666047727683,-77.6229698903817,23.1,313.7,1640.4,True,1,1,False,False,False,False,,True,False,False,,328,,16.4,Calm,41,, 1.8.0,DJI Mini 3 Pro,1581F4XF3229R006,53HFK5R0M30ACD,5HAZK6H0018AUR,52XPK6ACA001NV,180.6,0.7,59,13.23575,6.487126,0,8942,DJI Mini 3 Pro,1581F4XF3229R006,53HFK5R0M30ACD,5HAZK6H0018AUR,52XPK6ACA001NV,DJI Fly,, 1.8.0,61EABE4C-BCDC-32F4-D0CC-A1B5A0612123,1581F4XF3229R006W0A6,,,,,,,,,,
6/20/2023,8:53:30.33 AM,2m 9.8s,129.8,43.0666635853031,-77.6229366086887,7.8,60.6,7.5,542,561.2,1.61308,13.235805,0.894776,5.368656,-1.342164,6.71082,,4.47388,-1.5,2.1,-53.3,306.7,P-GPS (Brake),Other,,24,5,True,,Mini 3 Pro,True,False,,Smart,RC,False,True,False,,,True,,False,False,False,False,False,False,False,False,False,False,0,Follow Yaw,-2.9,0,-22.7,337.3,False,False,False,False,False,True,,True,Normal,100,100,1024,1261,1024,1024,N,False,False,False,False,False,0,False,False,False,False,49,7.31,1092,2265,7.31,False,3.66,3.65,0.012,False,False,5.226,103.6,100.4,103.6,,,,,,,,,Idle,,,True,,False,8,Go Home,True,True,True,False,False,False,False,False,True,False,False,False,43.0666047727683,-77.6229698903817,23.2,313.7,1640.4,True,1,1,False,False,False,False,,True,False,False,,328,,16.4,Calm,41,, 1.8.0,DJI Mini 3 Pro,1581F4XF3229R006,53HFK5R0M30ACD,5HAZK6H0018AUR,52XPK6ACA001NV,180.6,0.7,59,13.23575,6.487126,0,8942,DJI Mini 3 Pro,1581F4XF3229R006,53HFK5R0M30ACD,5HAZK6H0018AUR,52XPK6ACA001NV,DJI Fly,, 1.8.0,61EABE4C-BCDC-32F4-D0CC-A1B5A0612123,1581F4XF3229R006W0A6,,,,,,,,,,
6/20/2023,8:53:30.53 AM,2m 10.0s,130,43.0666643889315,-77.6229382872023,7.8,60.6,7.5,542,561.7,1.61308,13.235805,0.894776,5.368656,-1.342164,6.71082,,4.47388,-1.5,2.6,-53.2,306.8,P-GPS (Brake),Other,,24,5,True,,Mini 3 Pro,True,False,,Smart,RC,False,True,False,,,True,,False,False,False,False,False,False,False,False,False,False,0,Follow Yaw,-2.9,0,-22.7,337.3,False,False,False,False,False,True,,True,Normal,100,100,1024,1260,1024,1024,N,False,False,False,False,False,0,False,False,False,False,49,7.308,1091,2265,7.308,False,3.659,3.649,0.012,False,False,5.316,103.8,100.4,103.8,,,,,,,,,Idle,,,True,,False,8,Go Home,True,True,True,False,False,False,False,False,True,False,False,False,43.0666047727683,-77.6229698903817,23.3,313.7,1640.4,True,1,1,False,False,False,False,,True,False,False,,328,,16.4,Calm,41,, 1.8.0,DJI Mini 3 Pro,1581F4XF3229R006,53HFK5R0M30ACD,5HAZK6H0018AUR,52XPK6ACA001NV,180.6,0.7,59,13.23575,6.487126,0,8942,DJI Mini 3 Pro,1581F4XF3229R006,53HFK5R0M30ACD,5HAZK6H0018AUR,52XPK6ACA001NV,DJI Fly,, 1.8.0,61EABE4C-BCDC-32F4-D0CC-A1B5A0612123,1581F4XF3229R006W0A6,,,,,,,,,,
6/20/2023,8:53:30.73 AM,2m 10.2s,130.2,43.0666652646968,-77.6229400346845,7.8,60.6,7.5,542,562.3,1.61308,13.235805,0.894776,5.368656,-1.342164,6.71082,,4.47388,-1.8,2.5,-53.1,306.9,P-GPS (Brake),Other,,24,5,True,,Mini 3 Pro,True,False,,Smart,RC,False,True,False,,,True,,False,False,False,False,False,False,False,False,False,False,0,Follow Yaw,-2.9,0,-22.7,337.3,False,False,False,False,False,True,,True,Normal,100,100,1024,1259,1024,1024,N,False,False,False,False,False,0,False,False,False,False,49,7.308,1091,2265,7.308,False,3.659,3.649,0.012,False,False,5.316,103.8,100.4,103.8,,,,,,,,,Idle,,,True,,False,8,Go Home,True,True,True,False,False,False,False,False,True,False,False,False,43.0666047727683,-77.6229698903817,23.4,313.7,1640.4,True,1,1,False,False,False,False,,True,False,False,,328,,16.4,Calm,41,, 1.8.0,DJI Mini 3 Pro,1581F4XF3229R006,53HFK5R0M30ACD,5HAZK6H0018AUR,52XPK6ACA001NV,180.6,0.7,59,13.23575,6.487126,0,8942,DJI Mini 3 Pro,1581F4XF3229R006,53HFK5R0M30ACD,5HAZK6H0018AUR,52XPK6ACA001NV,DJI Fly,, 1.8.0,61EABE4C-BCDC-32F4-D0CC-A1B5A0612123,1581F4XF3229R006W0A6,,,,,,,,,,
6/20/2023,8:53:30.94 AM,2m 10.4s,130.4,43.0666662072233,-77.6229418717739,7.8,60.6,7.5,542,562.9,1.924288,13.235805,1.11847,5.368656,-1.565858,6.71082,,4.47388,-1.8,2.2,-53.2,306.8,P-GPS (Brake),Other,,24,5,True,,Mini 3 Pro,True,False,,Smart,RC,False,True,False,,,True,,False,False,False,False,False,False,False,False,False,False,0,Follow Yaw,-2.9,0,-22.7,337.3,False,False,False,False,False,True,,True,Normal,100,100,1024,1260,1024,1024,N,False,False,False,False,False,0,False,False,False,False,49,7.308,1091,2265,7.308,False,3.659,3.649,0.012,False,False,5.316,103.8,100.4,103.8,,,,,,,,,Idle,,,True,,False,8,Go Home,True,True,True,False,False,False,False,False,True,False,False,False,43.0666047727683,-77.6229698903817,23.6,313.7,1640.4,True,1,1,False,False,False,False,,True,False,False,,328,,16.4,Calm,41,, 1.8.0,DJI Mini 3 Pro,1581F4XF3229R006,53HFK5R0M30ACD,5HAZK6H0018AUR,52XPK6ACA001NV,180.6,0.7,59,13.23575,6.487126,0,8942,DJI Mini 3 Pro,1581F4XF3229R006,53HFK5R0M30ACD,5HAZK6H0018AUR,52XPK6ACA001NV,DJI Fly,, 1.8.0,61EABE4C-BCDC-32F4-D0CC-A1B5A0612123,1581F4XF3229R006W0A6,,,,,,,,,,
6/20/2023,8:53:31.14 AM,2m 10.6s,130.6,43.0666672235231,-77.6229437988807,7.8,60.6,7.5,542,563.5,1.924288,13.235805,1.11847,5.368656,-1.565858,6.71082,,4.47388,-1.5,2.1,-53.2,306.8,P-GPS (Brake),Other,,24,5,True,,Mini 3 Pro,True,False,,Smart,RC,False,True,False,,,True,,False,False,False,False,False,False,False,False,False,False,0,Follow Yaw,-2.9,0,-22.7,337.3,False,False,False,False,False,True,,True,Normal,100,100,1024,1259,1024,1024,N,False,False,False,False,False,0,False,False,False,False,49,7.308,1091,2265,7.308,False,3.659,3.649,0.012,False,False,5.316,103.8,100.4,103.8,,,,,,,,,Idle,,,True,,False,8,Go Home,True,True,True,False,False,False,False,False,True,False,False,False,43.0666047727683,-77.6229698903817,23.8,313.7,1640.4,True,1,1,False,False,False,False,,True,False,False,,328,,16.4,Calm,41,, 1.8.0,DJI Mini 3 Pro,1581F4XF3229R006,53HFK5R0M30ACD,5HAZK6H0018AUR,52XPK6ACA001NV,180.6,0.7,59,13.23575,6.487126,0,8942,DJI Mini 3 Pro,1581F4XF3229R006,53HFK5R0M30ACD,5HAZK6H0018AUR,52XPK6ACA001NV,DJI Fly,, 1.8.0,61EABE4C-BCDC-32F4-D0CC-A1B5A0612123,1581F4XF3229R006W0A6,,,,,,,,,,
6/20/2023,8:53:31.34 AM,2m 10.8s,130.8,43.0666682779496,-77.6229458298056,7.8,60.6,7.5,542,564.2,2.23694,13.235805,1.342164,5.368656,-1.789552,6.71082,,4.47388,-1.7,2.1,-53.2,306.8,P-GPS (Brake),Other,,24,5,True,,Mini 3 Pro,True,False,,Smart,RC,False,True,False,,,True,,False,False,False,False,False,False,False,False,False,False,0,Follow Yaw,-2.9,0,-22.7,337.3,False,False,False,False,False,True,,True,Normal,100,100,1024,1258,1024,1024,N,False,False,False,False,False,0,False,False,False,False,49,7.308,1091,2265,7.308,False,3.659,3.649,0.012,False,False,5.316,103.8,100.4,103.8,,,,,,,,,Idle,,,True,,False,8,Go Home,True,True,True,False,False,False,False,False,True,False,False,False,43.0666047727683,-77.6229698903817,24,313.7,1640.4,True,1,1,False,False,False,False,,True,False,False,,328,,16.4,Calm,41,, 1.8.0,DJI Mini 3 Pro,1581F4XF3229R006,53HFK5R0M30ACD,5HAZK6H0018AUR,52XPK6ACA001NV,180.6,0.7,59,13.23575,6.487126,0,8942,DJI Mini 3 Pro,1581F4XF3229R006,53HFK5R0M30ACD,5HAZK6H0018AUR,52XPK6ACA001NV,DJI Fly,, 1.8.0,61EABE4C-BCDC-32F4-D0CC-A1B5A0612123,1581F4XF3229R006W0A6,,,,,,,,,,
6/20/2023,8:53:31.54 AM,2m 11.0s,131,43.066669400371,-77.6229479626166,7.8,60.6,7.5,542,564.9,2.23694,13.235805,1.342164,5.368656,-1.789552,6.71082,,4.47388,-1.2,1.8,-53.1,306.9,P-GPS (Brake),Other,,24,5,True,,Mini 3 Pro,True,False,,Smart,RC,False,True,False,,,True,,False,False,False,False,False,False,False,False,False,False,0,Follow Yaw,-2.9,0,-22.7,337.3,False,False,False,False,False,True,,True,Normal,100,100,1024,1260,1024,1024,N,False,False,False,False,False,0,False,False,False,False,49,7.307,1089,2265,7.307,False,3.658,3.649,0.012,False,False,5.222,103.8,100.4,103.8,,,,,,,,,Idle,,,True,,False,8,Go Home,True,True,True,False,False,False,False,False,True,False,False,False,43.0666047727683,-77.6229698903817,24.2,313.7,1640.4,True,1,1,False,False,False,False,,True,False,False,,328,,16.4,Calm,41,, 1.8.0,DJI Mini 3 Pro,1581F4XF3229R006,53HFK5R0M30ACD,5HAZK6H0018AUR,52XPK6ACA001NV,180.6,0.7,59,13.23575,6.487126,0,8942,DJI Mini 3 Pro,1581F4XF3229R006,53HFK5R0M30ACD,5HAZK6H0018AUR,52XPK6ACA001NV,DJI Fly,, 1.8.0,61EABE4C-BCDC-32F4-D0CC-A1B5A0612123,1581F4XF3229R006W0A6,,,,,,,,,,
6/20/2023,8:53:31.75 AM,2m 11.2s,131.2,43.0666705555647,-77.6229501837492,7.8,60.6,7.5,542,565.6,2.23694,13.235805,1.342164,5.368656,-1.789552,6.71082,,4.47388,-1.4,1.7,-53.1,306.9,P-GPS (Brake),Other,,24,5,True,,Mini 3 Pro,True,False,,Smart,RC,False,True,False,,,True,,False,False,False,False,False,False,False,False,False,False,0,Follow Yaw,-2.9,0,-22.7,337.3,False,False,False,False,False,True,,True,Normal,100,100,1024,1260,1024,1024,N,False,False,False,False,False,0,False,False,False,False,49,7.307,1089,2265,7.307,False,3.658,3.649,0.012,False,False,5.222,103.8,100.4,103.8,,,,,,,,,Idle,,,True,,False,8,Go Home,True,True,True,False,False,False,False,False,True,False,False,False,43.0666047727683,-77.6229698903817,24.5,313.7,1640.4,True,1,1,False,False,False,False,,True,False,False,,328,,16.4,Calm,41,, 1.8.0,DJI Mini 3 Pro,1581F4XF3229R006,53HFK5R0M30ACD,5HAZK6H0018AUR,52XPK6ACA001NV,180.6,0.7,59,13.23575,6.487126,0,8942,DJI Mini 3 Pro,1581F4XF3229R006,53HFK5R0M30ACD,5HAZK6H0018AUR,52XPK6ACA001NV,DJI Fly,, 1.8.0,61EABE4C-BCDC-32F4-D0CC-A1B5A0612123,1581F4XF3229R006W0A6,,,,,,,,,,
6/20/2023,8:53:31.85 AM,2m 11.4s,131.4,43.066671697814,-77.622952469541,7.8,60.6,7.2,542,566.4,2.41962,13.235805,1.342164,5.368656,-2.013246,6.71082,,4.47388,-1.2,2.2,-53.2,306.8,P-GPS (Brake),Other,,24,5,True,,Mini 3 Pro,True,False,,Smart,RC,False,True,False,,,True,,False,False,False,False,False,False,False,False,False,False,0,Follow Yaw,-2.9,0,-22.7,337.3,False,False,False,False,False,True,,True,Normal,100,100,1024,1254,1024,1024,N,False,False,False,False,False,0,False,False,False,False,49,7.307,1089,2265,7.307,False,3.658,3.649,0.012,False,False,5.222,103.8,100.4,103.8,,,,,,,,,Idle,,,True,,False,8,Go Home,True,True,True,False,False,False,False,False,True,False,False,False,43.0666047727683,-77.6229698903817,24.8,313.7,1640.4,True,1,1,False,False,False,False,,True,False,False,,328,,16.4,Calm,41,, 1.8.0,DJI Mini 3 Pro,1581F4XF3229R006,53HFK5R0M30ACD,5HAZK6H0018AUR,52XPK6ACA001NV,180.6,0.7,59,13.23575,6.487126,0,8942,DJI Mini 3 Pro,1581F4XF3229R006,53HFK5R0M30ACD,5HAZK6H0018AUR,52XPK6ACA001NV,DJI Fly,, 1.8.0,61EABE4C-BCDC-32F4-D0CC-A1B5A0612123,1581F4XF3229R006W0A6,,,,,,,,,,
6/20/2023,8:53:32.15 AM,2m 11.6s,131.6,43.0666728818823,-77.6229548599072,7.8,60.6,7.2,542,567.1,2.550504,13.235805,1.565858,5.368656,-2.013246,6.71082,,4.47388,-1.2,1.8,-53.2,306.8,P-GPS (Brake),Other,,24,5,True,,Mini 3 Pro,True,False,,Smart,RC,False,True,False,,,True,,False,False,False,False,False,False,False,False,False,False,0,Follow Yaw,-2.9,0,-22.7,337.3,False,False,False,False,False,True,,True,Normal,100,100,1024,1249,1024,1024,N,False,False,False,False,False,0,False,False,False,False,49,7.307,1089,2265,7.307,False,3.658,3.649,0.012,False,False,5.222,103.8,100.4,103.8,,,,,,,,,Idle,,,True,,False,8,Go Home,True,True,True,False,False,False,False,False,True,False,False,False,43.0666047727683,-77.6229698903817,25.1,313.7,1640.4,True,1,1,False,False,False,False,,True,False,False,,328,,16.4,Calm,41,, 1.8.0,DJI Mini 3 Pro,1581F4XF3229R006,53HFK5R0M30ACD,5HAZK6H0018AUR,52XPK6ACA001NV,180.6,0.7,59,13.23575,6.487126,0,8942,DJI Mini 3 Pro,1581F4XF3229R006,53HFK5R0M30ACD,5HAZK6H0018AUR,52XPK6ACA001NV,DJI Fly,, 1.8.0,61EABE4C-BCDC-32F4-D0CC-A1B5A0612123,1581F4XF3229R006W0A6,,,,,,,,,,
6/20/2023,8:53:32.36 AM,2m 11.8s,131.8,43.0666741125241,-77.622957321967,7.8,60.6,7.2,542,567.9,2.550504,13.235805,1.565858,5.368656,-2.013246,6.71082,,4.47388,-1.1,1.7,-53.2,306.8,P-GPS (Brake),Other,,24,5,True,,Mini 3 Pro,True,False,,Smart,RC,False,True,False,,,True,,False,False,False,False,False,False,False,False,False,False,0,Follow Yaw,-2.9,0,-22.7,337.3,False,False,False,False,False,True,,True,Normal,100,100,1024,1242,1024,1045,N,False,False,False,False,False,0,False,False,False,False,49,7.307,1089,2265,7.307,False,3.658,3.649,0.012,False,False,5.222,103.8,100.4,103.8,,,,,,,,,Idle,,,True,,False,8,Go Home,True,True,True,False,False,False,False,False,True,False,False,False,43.0666047727683,-77.6229698903817,25.5,313.7,1640.4,True,1,1,False,False,False,False,,True,False,False,,328,,16.4,Calm,41,, 1.8.0,DJI Mini 3 Pro,1581F4XF3229R006,53HFK5R0M30ACD,5HAZK6H0018AUR,52XPK6ACA001NV,180.6,0.7,59,13.23575,6.487126,0,8942,DJI Mini 3 Pro,1581F4XF3229R006,53HFK5R0M30ACD,5HAZK6H0018AUR,52XPK6ACA001NV,DJI Fly,, 1.8.0,61EABE4C-BCDC-32F4-D0CC-A1B5A0612123,1581F4XF3229R006W0A6,,,,,,,,,,
6/20/2023,8:53:32.46 AM,2m 12.0s,132,43.0666753643645,-77.6229598193936,7.8,60.6,7.2,542,568.7,2.550504,13.235805,1.565858,5.368656,-2.013246,6.71082,,4.47388,-0.8,1.7,-53.2,306.8,P-GPS (Brake),Other,,24,5,True,,Mini 3 Pro,True,False,,Smart,RC,False,True,False,,,True,,False,False,False,False,False,False,False,False,False,False,0,Follow Yaw,-2.9,0,-22.7,337.3,False,False,False,False,False,True,,True,Normal,100,100,1024,1238,1024,1129,N,False,False,False,False,False,0,False,False,False,False,49,7.306,1088,2265,7.306,False,3.658,3.648,0.012,False,False,5.188,104,100.4,104,,,,,,,,,Idle,,,True,,False,8,Go Home,True,True,True,False,False,False,False,False,True,False,False,False,43.0666047727683,-77.6229698903817,25.8,313.7,1640.4,True,1,1,False,False,False,False,,True,False,False,,328,,16.4,Calm,41,, 1.8.0,DJI Mini 3 Pro,1581F4XF3229R006,53HFK5R0M30ACD,5HAZK6H0018AUR,52XPK6ACA001NV,180.6,0.7,59,13.23575,6.487126,0,8942,DJI Mini 3 Pro,1581F4XF3229R006,53HFK5R0M30ACD,5HAZK6H0018AUR,52XPK6ACA001NV,DJI Fly,, 1.8.0,61EABE4C-BCDC-32F4-D0CC-A1B5A0612123,1581F4XF3229R006W0A6,,,,,,,,,,
6/20/2023,8:53:32.66 AM,2m 12.2s,132.2,43.0666767044389,-77.6229623528201,7.8,60.6,7.2,542,569.6,2.550504,13.235805,1.565858,5.368656,-2.013246,6.71082,,4.47388,-0.9,1.8,-53.2,306.8,P-GPS (Brake),Other,,24,5,True,,Mini 3 Pro,True,False,,Smart,RC,False,True,False,,,True,,False,False,False,False,False,False,False,False,False,False,0,Follow Yaw,-2.9,0,-22.7,337.3,False,False,False,False,False,True,,True,Normal,100,100,1024,1237,1024,1194,N,False,False,False,False,False,0,False,False,False,False,49,7.306,1088,2265,7.306,False,3.658,3.648,0.012,False,False,5.188,104,100.4,104,,,,,,,,,Idle,,,True,,False,8,Go Home,True,True,True,False,False,False,False,False,True,False,False,False,43.0666047727683,-77.6229698903817,26.3,313.7,1640.4,True,1,1,False,False,False,False,,True,False,False,,328,,16.4,Calm,41,, 1.8.0,DJI Mini 3 Pro,1581F4XF3229R006,53HFK5R0M30ACD,5HAZK6H0018AUR,52XPK6ACA001NV,180.6,0.7,59,13.23575,6.487126,0,8942,DJI Mini 3 Pro,1581F4XF3229R006,53HFK5R0M30ACD,5HAZK6H0018AUR,52XPK6ACA001NV,DJI Fly,, 1.8.0,61EABE4C-BCDC-32F4-D0CC-A1B5A0612123,1581F4XF3229R006W0A6,,,,,,,,,,
6/20/2023,8:53:32.96 AM,2m 12.4s,132.4,43.0666780704366,-77.6229649038794,7.8,60.6,7.2,542,570.4,2.550504,13.235805,1.565858,5.368656,-2.013246,6.71082,,4.47388,-0.5,2.4,-53.1,306.9,P-GPS (Brake),Other,,24,5,True,,Mini 3 Pro,True,False,,Smart,RC,False,True,False,,,True,,False,False,False,False,False,False,False,False,False,False,0,Follow Yaw,-2.9,0,-22.3,337.7,False,False,False,False,False,True,,True,Normal,100,100,1024,1234,1024,1024,N,False,False,False,False,False,0,False,False,False,False,49,7.306,1088,2265,7.306,False,3.658,3.648,0.012,False,False,5.188,104,100.4,104,,,,,,,,,Idle,,,True,,False,8,Go Home,True,True,True,False,False,False,False,False,True,False,False,False,43.0666047727683,-77.6229698903817,26.7,313.7,1640.4,True,1,1,False,False,False,False,,True,False,False,,328,,16.4,Calm,41,, 1.8.0,DJI Mini 3 Pro,1581F4XF3229R006,53HFK5R0M30ACD,5HAZK6H0018AUR,52XPK6ACA001NV,180.6,0.7,59,13.23575,6.487126,0,8942,DJI Mini 3 Pro,1581F4XF3229R006,53HFK5R0M30ACD,5HAZK6H0018AUR,52XPK6ACA001NV,DJI Fly,, 1.8.0,61EABE4C-BCDC-32F4-D0CC-A1B5A0612123,1581F4XF3229R006W0A6,,,,,,,,,,
6/20/2023,8:53:33.16 AM,2m 12.6s,132.6,43.06667946844,-77.6229674587879,7.8,60.6,7.2,542,571.3,2.550504,13.235805,1.565858,5.368656,-2.013246,6.71082,,4.47388,-0.1,1.7,-52.6,307.4,P-GPS (Brake),Other,,24,5,True,,Mini 3 Pro,True,False,,Smart,RC,False,True,False,,,True,,False,False,False,False,False,False,False,False,False,False,0,Follow Yaw,-2.9,0,-22,338,False,False,False,False,False,True,,True,Normal,100,100,1024,1231,1024,1059,N,False,False,False,False,False,0,False,False,False,False,49,7.306,1088,2265,7.306,False,3.658,3.648,0.012,False,False,5.188,104,100.4,104,,,,,,,,,Idle,,,True,,False,8,Go Home,True,True,True,False,False,False,False,False,True,False,False,False,43.0666047727683,-77.6229698903817,27.2,313.7,1640.4,True,1,1,False,False,False,False,,True,False,False,,328,,16.4,Calm,41,, 1.8.0,DJI Mini 3 Pro,1581F4XF3229R006,53HFK5R0M30ACD,5HAZK6H0018AUR,52XPK6ACA001NV,180.6,0.7,59,13.23575,6.487126,0,8942,DJI Mini 3 Pro,1581F4XF3229R006,53HFK5R0M30ACD,5HAZK6H0018AUR,52XPK6ACA001NV,DJI Fly,, 1.8.0,61EABE4C-BCDC-32F4-D0CC-A1B5A0612123,1581F4XF3229R006W0A6,,,,,,,,,,
6/20/2023,8:53:33.27 AM,2m 12.8s,132.8,43.0666808405715,-77.6229699924409,7.8,60.6,7.2,542,572.1,2.550504,13.235805,1.565858,5.368656,-2.013246,6.71082,,4.47388,-0.3,1.5,-52.5,307.5,P-GPS (Brake),Other,,24,5,True,,Mini 3 Pro,True,False,,Smart,RC,False,True,False,,,True,,False,False,False,False,False,False,False,False,False,False,0,Follow Yaw,-2.9,0,-21.9,338.1,False,False,False,False,False,True,,True,Normal,100,100,1024,1231,1024,1024,N,False,False,False,False,False,0,False,False,False,False,49,7.306,1088,2265,7.306,False,3.658,3.648,0.012,False,False,5.188,104,100.4,104,,,,,,,,,Idle,,,True,,False,8,Go Home,True,True,True,False,False,False,False,False,True,False,False,False,43.0666047727683,-77.6229698903817,27.7,313.7,1640.4,True,1,1,False,False,False,False,,True,False,False,,328,,16.4,Calm,41,, 1.8.0,DJI Mini 3 Pro,1581F4XF3229R006,53HFK5R0M30ACD,5HAZK6H0018AUR,52XPK6ACA001NV,180.6,0.7,59,13.23575,6.487126,0,8942,DJI Mini 3 Pro,1581F4XF3229R006,53HFK5R0M30ACD,5HAZK6H0018AUR,52XPK6ACA001NV,DJI Fly,, 1.8.0,61EABE4C-BCDC-32F4-D0CC-A1B5A0612123,1581F4XF3229R006W0A6,,,,,,,,,,
6/20/2023,8:53:33.57 AM,2m 13.0s,133,43.0666821950725,-77.6229724941243,7.8,60.6,7.2,542,572.9,2.550504,13.235805,1.565858,5.368656,-2.013246,6.71082,,4.47388,-0.3,1.5,-52.3,307.7,P-GPS (Brake),Other,,24,5,True,,Mini 3 Pro,True,False,,Smart,RC,False,True,False,,,True,,False,False,False,False,False,False,False,False,False,False,0,Follow Yaw,-2.9,0,-21.8,338.2,False,False,False,False,False,True,,True,Normal,100,100,1024,1230,1024,1024,N,False,False,False,False,False,0,False,False,False,False,48,7.307,1087,2265,7.307,False,3.659,3.648,0.012,False,False,5.144,104,100.4,104,,,,,,,,,Idle,,,True,,False,8,Go Home,True,True,True,False,False,False,False,False,True,False,False,False,43.0666047727683,-77.6229698903817,28.2,313.7,1640.4,True,1,1,False,False,False,False,,True,False,False,,328,,16.4,Calm,41,, 1.8.0,DJI Mini 3 Pro,1581F4XF3229R006,53HFK5R0M30ACD,5HAZK6H0018AUR,52XPK6ACA001NV,180.6,0.7,59,13.23575,6.487126,0,8942,DJI Mini 3 Pro,1581F4XF3229R006,53HFK5R0M30ACD,5HAZK6H0018AUR,52XPK6ACA001NV,DJI Fly,, 1.8.0,61EABE4C-BCDC-32F4-D0CC-A1B5A0612123,1581F4XF3229R006W0A6,,,,,,,,,,
6/20/2023,8:53:33.67 AM,2m 13.2s,133.2,43.0666835514153,-77.6229749399887,7.8,60.6,7.2,542,573.7,2.550504,13.235805,1.565858,5.368656,-2.013246,6.71082,,4.47388,-0.4,1.2,-52.2,307.8,P-GPS (Brake),Other,,25,5,True,,Mini 3 Pro,True,False,,Smart,RC,False,True,False,,,True,,False,False,False,False,False,False,False,False,False,False,0,Follow Yaw,-2.9,0,-21.7,338.3,False,False,False,False,False,True,,True,Normal,100,100,1024,1228,1024,1071,N,False,False,False,False,False,0,False,False,False,False,48,7.307,1087,2265,7.307,False,3.659,3.648,0.012,False,False,5.144,104,100.4,104,,,,,,,,,Idle,,,True,,False,8,Go Home,True,True,True,False,False,False,False,False,True,False,False,False,43.0666047727683,-77.6229698903817,28.7,313.7,1640.4,True,1,1,False,False,False,False,,True,False,False,,328,,16.4,Calm,41,, 1.8.0,DJI Mini 3 Pro,1581F4XF3229R006,53HFK5R0M30ACD,5HAZK6H0018AUR,52XPK6ACA001NV,180.6,0.7,59,13.23575,6.487126,0,8942,DJI Mini 3 Pro,1581F4XF3229R006,53HFK5R0M30ACD,5HAZK6H0018AUR,52XPK6ACA001NV,DJI Fly,, 1.8.0,61EABE4C-BCDC-32F4-D0CC-A1B5A0612123,1581F4XF3229R006W0A6,,,,,,,,,,
6/20/2023,8:53:33.87 AM,2m 13.4s,133.4,43.0666848995169,-77.6229773469158,7.8,60.6,7.2,542,574.5,2.550504,13.235805,1.565858,5.368656,-2.013246,6.71082,,4.47388,-0.4,1.6,-52.1,307.9,P-GPS (Brake),Other,,25,5,True,,Mini 3 Pro,True,False,,Smart,RC,False,True,False,,,True,,False,False,False,False,False,False,False,False,False,False,0,Follow Yaw,-2.9,0,-21.7,338.3,False,False,False,False,False,True,,True,Normal,100,100,1024,1226,1024,1085,N,False,False,False,False,False,0,False,False,False,False,48,7.307,1087,2265,7.307,False,3.659,3.648,0.012,False,False,5.144,104,100.4,104,,,,,,,,,Idle,,,True,,False,8,Go Home,True,True,True,False,False,False,False,False,True,False,False,False,43.0666047727683,-77.6229698903817,29.2,313.7,1640.4,True,1,1,False,False,False,False,,True,False,False,,328,,16.4,Calm,41,, 1.8.0,DJI Mini 3 Pro,1581F4XF3229R006,53HFK5R0M30ACD,5HAZK6H0018AUR,52XPK6ACA001NV,180.6,0.7,59,13.23575,6.487126,0,8942,DJI Mini 3 Pro,1581F4XF3229R006,53HFK5R0M30ACD,5HAZK6H0018AUR,52XPK6ACA001NV,DJI Fly,, 1.8.0,61EABE4C-BCDC-32F4-D0CC-A1B5A0612123,1581F4XF3229R006W0A6,,,,,,,,,,
6/20/2023,8:53:34.18 AM,2m 13.6s,133.6,43.066686248655,-77.6229797844352,7.8,60.6,7.2,542,575.4,2.550504,13.235805,1.565858,5.368656,-2.013246,6.71082,,4.47388,-0.1,2.1,-52.1,307.9,P-GPS (Brake),Other,,25,5,True,,Mini 3 Pro,True,False,,Smart,RC,False,True,False,,,True,,False,False,False,False,False,False,False,False,False,False,0,Follow Yaw,-2.9,0,-21.6,338.4,False,False,False,False,False,True,,True,Normal,100,100,1024,1211,1024,1024,N,False,False,False,False,False,0,False,False,False,False,48,7.307,1087,2265,7.307,False,3.659,3.648,0.012,False,False,5.144,104,100.4,104,,,,,,,,,Idle,,,True,,False,8,Go Home,True,True,True,False,False,False,False,False,True,False,False,False,43.0666047727683,-77.6229698903817,29.8,313.7,1640.4,True,1,1,False,False,False,False,,True,False,False,,328,,16.4,Calm,41,, 1.8.0,DJI Mini 3 Pro,1581F4XF3229R006,53HFK5R0M30ACD,5HAZK6H0018AUR,52XPK6ACA001NV,180.6,0.7,59,13.23575,6.487126,0,8942,DJI Mini 3 Pro,1581F4XF3229R006,53HFK5R0M30ACD,5HAZK6H0018AUR,52XPK6ACA001NV,DJI Fly,, 1.8.0,61EABE4C-BCDC-32F4-D0CC-A1B5A0612123,1581F4XF3229R006W0A6,,,,,,,,,,
6/20/2023,8:53:34.28 AM,2m 13.8s,133.8,43.0666875763847,-77.6229821967781,7.8,60.6,7.2,542,576.2,2.550504,13.235805,1.565858,5.368656,-2.013246,6.71082,,4.47388,-0.1,2,-52,308,P-GPS (Brake),Other,,25,5,True,,Mini 3 Pro,True,False,,Smart,RC,False,True,False,,,True,,False,False,False,False,False,False,False,False,False,False,0,Follow Yaw,-2.9,0,-21.5,338.5,False,False,False,False,False,True,,True,Normal,100,100,1024,1211,1024,1024,N,False,False,False,False,False,0,False,False,False,False,48,7.307,1087,2265,7.307,False,3.659,3.648,0.012,False,False,5.144,104,100.4,104,,,,,,,,,Idle,,,True,,False,8,Go Home,True,True,True,False,False,False,False,False,True,False,False,False,43.0666047727683,-77.6229698903817,30.3,313.7,1640.4,True,1,1,False,False,False,False,,True,False,False,,328,,16.4,Calm,41,, 1.8.0,DJI Mini 3 Pro,1581F4XF3229R006,53HFK5R0M30ACD,5HAZK6H0018AUR,52XPK6ACA001NV,180.6,0.7,59,13.23575,6.487126,0,8942,DJI Mini 3 Pro,1581F4XF3229R006,53HFK5R0M30ACD,5HAZK6H0018AUR,52XPK6ACA001NV,DJI Fly,, 1.8.0,61EABE4C-BCDC-32F4-D0CC-A1B5A0612123,1581F4XF3229R006W0A6,,,,,,,,,,
6/20/2023,8:53:34.48 AM,2m 14.0s,134,43.0666889455778,-77.6229845711305,7.8,60.6,7.2,542,577,2.550504,13.235805,1.565858,5.368656,-2.013246,6.71082,,4.47388,0.2,1.9,-51.9,308.1,P-GPS (Brake),Other,,25,5,True,,Mini 3 Pro,True,False,,Smart,RC,False,True,False,,,True,,False,False,False,False,False,False,False,False,False,False,0,Follow Yaw,-2.9,0,-21.4,338.6,False,False,False,False,False,True,,True,Normal,100,100,1024,1210,1024,1024,N,False,False,False,False,False,0,False,False,False,False,48,7.306,1085,2265,7.306,False,3.659,3.648,0.012,False,False,5.073,104,100.4,104,,,,,,,,,Idle,,,True,,False,8,Go Home,True,True,True,False,False,False,False,False,True,False,False,False,43.0666047727683,-77.6229698903817,30.9,313.7,1640.4,True,1,1,False,False,False,False,,True,False,False,,328,,16.4,Calm,41,, 1.8.0,DJI Mini 3 Pro,1581F4XF3229R006,53HFK5R0M30ACD,5HAZK6H0018AUR,52XPK6ACA001NV,180.6,0.7,59,13.23575,6.487126,0,8942,DJI Mini 3 Pro,1581F4XF3229R006,53HFK5R0M30ACD,5HAZK6H0018AUR,52XPK6ACA001NV,DJI Fly,, 1.8.0,61EABE4C-BCDC-32F4-D0CC-A1B5A0612123,1581F4XF3229R006W0A6,,,,,,,,,,
6/20/2023,8:53:34.78 AM,2m 14.2s,134.2,43.0666903215644,-77.6229868971555,7.8,60.6,7.2,542,577.8,2.550504,13.235805,1.565858,5.368656,-2.013246,6.71082,,4.47388,0,1.7,-51.9,308.1,P-GPS (Brake),Other,,25,5,True,,Mini 3 Pro,True,False,,Smart,RC,False,True,False,,,True,,False,False,False,False,False,False,False,False,False,False,0,Follow Yaw,-2.9,0,-21.4,338.6,False,False,False,False,False,True,,True,Normal,100,100,1024,1211,1024,1024,N,False,False,False,False,False,0,False,False,False,False,48,7.31,1085,2265,7.31,False,3.66,3.65,0.012,False,False,5.073,104,100.4,104,,,,,,,,,Idle,,,True,,False,8,Go Home,True,True,True,False,False,False,False,False,True,False,False,False,43.0666047727683,-77.6229698903817,31.5,313.7,1640.4,True,1,1,False,False,False,False,,True,False,False,,328,,16.4,Calm,41,, 1.8.0,DJI Mini 3 Pro,1581F4XF3229R006,53HFK5R0M30ACD,5HAZK6H0018AUR,52XPK6ACA001NV,180.6,0.7,59,13.23575,6.487126,0,8942,DJI Mini 3 Pro,1581F4XF3229R006,53HFK5R0M30ACD,5HAZK6H0018AUR,52XPK6ACA001NV,DJI Fly,, 1.8.0,61EABE4C-BCDC-32F4-D0CC-A1B5A0612123,1581F4XF3229R006W0A6,,,,,,,,,,
6/20/2023,8:53:34.89 AM,2m 14.4s,134.4,43.066691699804,-77.6229891852222,7.8,60.6,7.2,542,578.6,2.377899,13.235805,1.565858,5.368656,-1.789552,6.71082,,4.47388,0,1.6,-51.9,308.1,P-GPS (Brake),Other,,25,5,True,,Mini 3 Pro,True,False,,Smart,RC,False,True,False,,,True,,False,False,False,False,False,False,False,False,False,False,0,Follow Yaw,-2.9,0,-21.4,338.6,False,False,False,False,False,True,,True,Normal,100,100,1024,1211,1024,1024,N,False,False,False,False,False,0,False,False,False,False,48,7.31,1085,2265,7.31,False,3.66,3.65,0.012,False,False,5.073,104,100.4,104,,,,,,,,,Idle,,,True,,False,8,Go Home,True,True,True,False,False,False,False,False,True,False,False,False,43.0666047727683,-77.6229698903817,32.1,313.7,1640.4,True,1,1,False,False,False,False,,True,False,False,,328,,16.4,Calm,41,, 1.8.0,DJI Mini 3 Pro,1581F4XF3229R006,53HFK5R0M30ACD,5HAZK6H0018AUR,52XPK6ACA001NV,180.6,0.7,59,13.23575,6.487126,0,8942,DJI Mini 3 Pro,1581F4XF3229R006,53HFK5R0M30ACD,5HAZK6H0018AUR,52XPK6ACA001NV,DJI Fly,, 1.8.0,61EABE4C-BCDC-32F4-D0CC-A1B5A0612123,1581F4XF3229R006W0A6,,,,,,,,,,
6/20/2023,8:53:35.09 AM,2m 14.6s,134.6,43.0666930217168,-77.622991401528,7.8,60.6,7.2,542,579.3,2.377899,13.235805,1.565858,5.368656,-1.789552,6.71082,,4.47388,0,1.7,-51.8,308.2,P-GPS (Brake),Other,,25,5,True,,Mini 3 Pro,True,False,,Smart,RC,False,True,False,,,True,,False,False,False,False,False,False,False,False,False,False,0,Follow Yaw,-2.9,0,-21.4,338.6,False,False,False,False,False,True,,True,Normal,100,100,1024,1201,1024,1024,N,False,False,False,False,False,0,False,False,False,False,48,7.31,1085,2265,7.31,False,3.66,3.65,0.012,False,False,5.073,104,100.4,104,,,,,,,,,Idle,,,True,,False,8,Go Home,True,True,True,False,False,False,False,False,True,False,False,False,43.0666047727683,-77.6229698903817,32.7,313.7,1640.4,True,1,1,False,False,False,False,,True,False,False,,328,,16.4,Calm,41,, 1.8.0,DJI Mini 3 Pro,1581F4XF3229R006,53HFK5R0M30ACD,5HAZK6H0018AUR,52XPK6ACA001NV,180.6,0.7,59,13.23575,6.487126,0,8942,DJI Mini 3 Pro,1581F4XF3229R006,53HFK5R0M30ACD,5HAZK6H0018AUR,52XPK6ACA001NV,DJI Fly,, 1.8.0,61EABE4C-BCDC-32F4-D0CC-A1B5A0612123,1581F4XF3229R006W0A6,,,,,,,,,,
6/20/2023,8:53:35.29 AM,2m 14.8s,134.8,43.066694335731,-77.6229935523301,7.8,60.6,7.2,542,580.1,2.377899,13.235805,1.565858,5.368656,-1.789552,6.71082,,4.47388,0.2,1.5,-51.8,308.2,P-GPS (Brake),Other,,25,5,True,,Mini 3 Pro,True,False,,Smart,RC,False,True,False,,,True,,False,False,False,False,False,False,False,False,False,False,0,Follow Yaw,-2.9,0,-21.4,338.6,False,False,False,False,False,True,,True,Normal,100,100,1024,1178,1024,1024,N,False,False,False,False,False,0,False,False,False,False,48,7.31,1085,2265,7.31,False,3.66,3.65,0.012,False,False,5.073,104,100.4,104,,,,,,,,,Idle,,,True,,False,8,Go Home,True,True,True,False,False,False,False,False,True,False,False,False,43.0666047727683,-77.6229698903817,33.2,313.7,1640.4,True,1,1,False,False,False,False,,True,False,False,,328,,16.4,Calm,41,, 1.8.0,DJI Mini 3 Pro,1581F4XF3229R006,53HFK5R0M30ACD,5HAZK6H0018AUR,52XPK6ACA001NV,180.6,0.7,59,13.23575,6.487126,0,8942,DJI Mini 3 Pro,1581F4XF3229R006,53HFK5R0M30ACD,5HAZK6H0018AUR,52XPK6ACA001NV,DJI Fly,, 1.8.0,61EABE4C-BCDC-32F4-D0CC-A1B5A0612123,1581F4XF3229R006W0A6,,,,,,,,,,
6/20/2023,8:53:35.49 AM,2m 15.0s,135,43.0666956293304,-77.6229956425846,7.8,60.6,7.2,542,580.8,2.23694,13.235805,1.342164,5.368656,-1.789552,6.71082,,4.47388,0.7,1,-51.9,308.1,P-GPS (Brake),Other,,25,5,True,,Mini 3 Pro,True,False,,Smart,RC,False,True,False,,,True,,False,False,False,False,False,False,False,False,False,False,0,Follow Yaw,-2.9,0,-21.4,338.6,False,False,False,False,False,True,,True,Normal,100,100,1024,1172,1024,1024,N,False,False,False,False,False,0,False,False,False,False,48,7.31,1085,2265,7.31,False,3.66,3.65,0.012,False,False,5.073,104,100.4,104,,,,,,,,,Idle,,,True,,False,8,Go Home,True,True,True,False,False,False,False,False,True,False,False,False,43.0666047727683,-77.6229698903817,33.8,313.7,1640.4,True,1,1,False,False,False,False,,True,False,False,,328,,16.4,Calm,41,, 1.8.0,DJI Mini 3 Pro,1581F4XF3229R006,53HFK5R0M30ACD,5HAZK6H0018AUR,52XPK6ACA001NV,180.6,0.7,59,13.23575,6.487126,0,8942,DJI Mini 3 Pro,1581F4XF3229R006,53HFK5R0M30ACD,5HAZK6H0018AUR,52XPK6ACA001NV,DJI Fly,, 1.8.0,61EABE4C-BCDC-32F4-D0CC-A1B5A0612123,1581F4XF3229R006W0A6,,,,,,,,,,
6/20/2023,8:53:35.69 AM,2m 15.2s,135.2,43.0666968556203,-77.6229977141898,7.8,60.6,7.2,542,581.5,2.23694,13.235805,1.342164,5.368656,-1.789552,6.71082,,4.47388,0.4,1.5,-51.9,308.1,P-GPS (Brake),Other,,25,5,True,,Mini 3 Pro,True,False,,Smart,RC,False,True,False,,,True,,False,False,False,False,False,False,False,False,False,False,0,Follow Yaw,-2.9,0,-21.4,338.6,False,False,False,False,False,True,,True,Normal,100,100,1024,1166,1024,1024,N,False,False,False,False,False,0,False,False,False,False,48,7.305,1084,2265,7.305,False,3.657,3.648,0.012,False,False,5.076,104,100.4,104,,,,,,,,,Idle,,,True,,False,8,Go Home,True,True,True,False,False,False,False,False,True,False,False,False,43.0666047727683,-77.6229698903817,34.4,313.7,1640.4,True,1,1,False,False,False,False,,True,False,False,,328,,16.4,Calm,41,, 1.8.0,DJI Mini 3 Pro,1581F4XF3229R006,53HFK5R0M30ACD,5HAZK6H0018AUR,52XPK6ACA001NV,180.6,0.7,59,13.23575,6.487126,0,8942,DJI Mini 3 Pro,1581F4XF3229R006,53HFK5R0M30ACD,5HAZK6H0018AUR,52XPK6ACA001NV,DJI Fly,, 1.8.0,61EABE4C-BCDC-32F4-D0CC-A1B5A0612123,1581F4XF3229R006W0A6,,,,,,,,,,
6/20/2023,8:53:35.90 AM,2m 15.4s,135.4,43.066698002984,-77.6229997067093,7.8,60.6,7.2,542,582.2,2.062356,13.235805,1.342164,5.368656,-1.565858,6.71082,,4.47388,0.8,2.3,-51.9,308.1,P-GPS (Brake),Other,,25,5,True,,Mini 3 Pro,True,False,,Smart,RC,False,True,False,,,True,,False,False,False,False,False,False,False,False,False,False,0,Follow Yaw,-2.9,0,-21.4,338.6,False,False,False,False,False,True,,True,Normal,100,100,1024,1257,1024,1024,N,False,False,False,False,False,0,False,False,False,False,48,7.305,1084,2265,7.305,False,3.657,3.648,0.012,False,False,5.076,104,100.4,104,,,,,,,,,Idle,,,True,,False,8,Go Home,True,True,True,False,False,False,False,False,True,False,False,False,43.0666047727683,-77.6229698903817,34.9,313.7,1640.4,True,1,1,False,False,False,False,,True,False,False,,328,,16.4,Calm,41,, 1.8.0,DJI Mini 3 Pro,1581F4XF3229R006,53HFK5R0M30ACD,5HAZK6H0018AUR,52XPK6ACA001NV,180.6,0.7,59,13.23575,6.487126,0,8942,DJI Mini 3 Pro,1581F4XF3229R006,53HFK5R0M30ACD,5HAZK6H0018AUR,52XPK6ACA001NV,DJI Fly,, 1.8.0,61EABE4C-BCDC-32F4-D0CC-A1B5A0612123,1581F4XF3229R006W0A6,,,,,,,,,,
6/20/2023,8:53:36.10 AM,2m 15.6s,135.6,43.0666991060571,-77.6230015739091,7.8,60.6,7.2,542,582.8,2.062356,13.235805,1.342164,5.368656,-1.565858,6.71082,,4.47388,1.1,1.6,-51.9,308.1,P-GPS (Brake),Other,,25,5,True,,Mini 3 Pro,True,False,,Smart,RC,False,True,False,,,True,,False,False,False,False,False,False,False,False,False,False,0,Follow Yaw,-2.9,0,-21.4,338.6,False,False,False,False,False,True,,True,Normal,100,100,1024,1277,1024,1024,N,False,False,False,False,False,0,False,False,False,False,48,7.305,1084,2265,7.305,False,3.657,3.648,0.012,False,False,5.076,104,100.4,104,,,,,,,,,Idle,,,True,,False,8,Go Home,True,True,True,False,False,False,False,False,True,False,False,False,43.0666047727683,-77.6229698903817,35.4,313.7,1640.4,True,1,1,False,False,False,False,,True,False,False,,328,,16.4,Calm,41,, 1.8.0,DJI Mini 3 Pro,1581F4XF3229R006,53HFK5R0M30ACD,5HAZK6H0018AUR,52XPK6ACA001NV,180.6,0.7,59,13.23575,6.487126,0,8942,DJI Mini 3 Pro,1581F4XF3229R006,53HFK5R0M30ACD,5HAZK6H0018AUR,52XPK6ACA001NV,DJI Fly,, 1.8.0,61EABE4C-BCDC-32F4-D0CC-A1B5A0612123,1581F4XF3229R006W0A6,,,,,,,,,,
6/20/2023,8:53:36.30 AM,2m 15.8s,135.8,43.0667001638632,-77.6230033751685,7.8,60.6,7.2,542,583.4,1.924288,13.235805,1.11847,5.368656,-1.565858,6.71082,,4.47388,-0.9,1.5,-51.9,308.1,P-GPS (Brake),Other,,25,5,True,,Mini 3 Pro,True,False,,Smart,RC,False,True,False,,,True,,False,False,False,False,False,False,False,False,False,False,0,Follow Yaw,-2.9,0,-21.4,338.6,False,False,False,False,False,True,,True,Normal,100,100,1024,1291,1024,1024,N,False,False,False,False,False,0,False,False,False,False,48,7.305,1084,2265,7.305,False,3.657,3.648,0.012,False,False,5.076,104,100.4,104,,,,,,,,,Idle,,,True,,False,8,Go Home,True,True,True,False,False,False,False,False,True,False,False,False,43.0666047727683,-77.6229698903817,35.9,313.7,1640.4,True,1,1,False,False,False,False,,True,False,False,,328,,16.4,Calm,41,, 1.8.0,DJI Mini 3 Pro,1581F4XF3229R006,53HFK5R0M30ACD,5HAZK6H0018AUR,52XPK6ACA001NV,180.6,0.7,59,13.23575,6.487126,0,8942,DJI Mini 3 Pro,1581F4XF3229R006,53HFK5R0M30ACD,5HAZK6H0018AUR,52XPK6ACA001NV,DJI Fly,, 1.8.0,61EABE4C-BCDC-32F4-D0CC-A1B5A0612123,1581F4XF3229R006W0A6,,,,,,,,,,
6/20/2023,8:53:36.50 AM,2m 16.0s,136,43.0667012202129,-77.6230051901507,7.8,60.6,7.2,542,584.1,2.062356,13.235805,1.342164,5.368656,-1.565858,6.71082,,4.47388,-2.7,1.5,-51.9,308.1,P-GPS (Brake),Other,,25,5,True,,Mini 3 Pro,True,False,,Smart,RC,False,True,False,,,True,,False,False,False,False,False,False,False,False,False,False,0,Follow Yaw,-2.9,0,-21.4,338.6,False,False,False,False,False,True,,True,Normal,100,100,1024,1289,1024,1024,N,False,False,False,False,False,0,False,False,False,False,48,7.305,1084,2265,7.305,False,3.657,3.648,0.012,False,False,5.076,104,100.4,104,,,,,,,,,Idle,,,True,,False,8,Go Home,True,True,True,False,False,False,False,False,True,False,False,False,43.0666047727683,-77.6229698903817,36.4,313.7,1640.4,True,1,1,False,False,False,False,,True,False,False,,328,,16.4,Calm,41,, 1.8.0,DJI Mini 3 Pro,1581F4XF3229R006,53HFK5R0M30ACD,5HAZK6H0018AUR,52XPK6ACA001NV,180.6,0.7,59,13.23575,6.487126,0,8942,DJI Mini 3 Pro,1581F4XF3229R006,53HFK5R0M30ACD,5HAZK6H0018AUR,52XPK6ACA001NV,DJI Fly,, 1.8.0,61EABE4C-BCDC-32F4-D0CC-A1B5A0612123,1581F4XF3229R006W0A6,,,,,,,,,,
6/20/2023,8:53:36.81 AM,2m 16.2s,136.2,43.0667023616141,-77.6230071285266,7.8,60.6,7.2,542,584.7,2.23694,13.235805,1.342164,5.368656,-1.789552,6.71082,,4.47388,-3.3,1.4,-52,308,P-GPS (Brake),Other,,25,5,True,,Mini 3 Pro,True,False,,Smart,RC,False,True,False,,,True,,False,False,False,False,False,False,False,False,False,False,0,Follow Yaw,-2.9,0,-21.4,338.6,False,False,False,False,False,True,,True,Normal,100,100,1024,1277,1024,1024,N,False,False,False,False,False,0,False,False,False,False,48,7.301,1082,2265,7.301,False,3.656,3.645,0.012,False,False,5.119,104,100.4,104,,,,,,,,,Idle,,,True,,False,8,Go Home,True,True,True,False,False,False,False,False,True,False,False,False,43.0666047727683,-77.6229698903817,36.9,313.7,1640.4,True,1,1,False,False,False,False,,True,False,False,,328,,16.4,Calm,41,, 1.8.0,DJI Mini 3 Pro,1581F4XF3229R006,53HFK5R0M30ACD,5HAZK6H0018AUR,52XPK6ACA001NV,180.6,0.7,59,13.23575,6.487126,0,8942,DJI Mini 3 Pro,1581F4XF3229R006,53HFK5R0M30ACD,5HAZK6H0018AUR,52XPK6ACA001NV,DJI Fly,, 1.8.0,61EABE4C-BCDC-32F4-D0CC-A1B5A0612123,1581F4XF3229R006W0A6,,,,,,,,,,
6/20/2023,8:53:36.91 AM,2m 16.4s,136.4,43.066703557269,-77.6230092434021,7.8,60.6,7.2,542,585.4,2.377899,13.235805,1.565858,5.368656,-1.789552,6.71082,,4.47388,-2.9,1.4,-51.9,308.1,P-GPS (Brake),Other,,25,5,True,,Mini 3 Pro,True,False,,Smart,RC,False,True,False,,,True,,False,False,False,False,False,False,False,False,False,False,0,Follow Yaw,-2.9,0,-21.4,338.6,False,False,False,False,False,True,,True,Normal,100,100,1024,1263,1024,1024,N,False,False,False,False,False,0,False,False,False,False,48,7.301,1082,2265,7.301,False,3.656,3.645,0.012,False,False,5.119,104,100.4,104,,,,,,,,,Idle,,,True,,False,8,Go Home,True,True,True,False,False,False,False,False,True,False,False,False,43.0666047727683,-77.6229698903817,37.5,313.7,1640.4,True,1,1,False,False,False,False,,True,False,False,,328,,16.4,Calm,41,, 1.8.0,DJI Mini 3 Pro,1581F4XF3229R006,53HFK5R0M30ACD,5HAZK6H0018AUR,52XPK6ACA001NV,180.6,0.7,59,13.23575,6.487126,0,8942,DJI Mini 3 Pro,1581F4XF3229R006,53HFK5R0M30ACD,5HAZK6H0018AUR,52XPK6ACA001NV,DJI Fly,, 1.8.0,61EABE4C-BCDC-32F4-D0CC-A1B5A0612123,1581F4XF3229R006W0A6,,,,,,,,,,
6/20/2023,8:53:37.11 AM,2m 16.6s,136.6,43.066704852676,-77.6230115108553,7.8,60.6,7.2,542,586.2,2.550504,13.235805,1.565858,5.368656,-2.013246,6.71082,,4.47388,-2.3,1.5,-52,308,P-GPS (Brake),Other,,25,5,True,,Mini 3 Pro,True,False,,Smart,RC,False,True,False,,,True,,False,False,False,False,False,False,False,False,False,False,0,Follow Yaw,-2.9,0,-21.4,338.6,False,False,False,False,False,True,,True,Normal,100,100,1024,1259,1024,1024,N,False,False,False,False,False,0,False,False,False,False,48,7.301,1082,2265,7.301,False,3.656,3.645,0.012,False,False,5.119,104,100.4,104,,,,,,,,,Idle,,,True,,False,8,Go Home,True,True,True,False,False,False,False,False,True,False,False,False,43.0666047727683,-77.6229698903817,38.1,313.7,1640.4,True,1,1,False,False,False,False,,True,False,False,,328,,16.4,Calm,41,, 1.8.0,DJI Mini 3 Pro,1581F4XF3229R006,53HFK5R0M30ACD,5HAZK6H0018AUR,52XPK6ACA001NV,180.6,0.7,59,13.23575,6.487126,0,8942,DJI Mini 3 Pro,1581F4XF3229R006,53HFK5R0M30ACD,5HAZK6H0018AUR,52XPK6ACA001NV,DJI Fly,, 1.8.0,61EABE4C-BCDC-32F4-D0CC-A1B5A0612123,1581F4XF3229R006W0A6,,,,,,,,,,
6/20/2023,8:53:37.31 AM,2m 16.8s,136.8,43.0667062009404,-77.6230139195704,7.8,60.6,7.2,542,587,2.550504,13.235805,1.565858,5.368656,-2.013246,6.71082,,4.47388,-1.6,1.6,-52,308,P-GPS (Brake),Other,,25,5,True,,Mini 3 Pro,True,False,,Smart,RC,False,True,False,,,True,,False,False,False,False,False,False,False,False,False,False,0,Follow Yaw,-2.9,0,-21.4,338.6,False,False,False,False,False,True,,True,Normal,100,100,1024,1261,1024,1024,N,False,False,False,False,False,0,False,False,False,False,48,7.301,1082,2265,7.301,False,3.656,3.645,0.012,False,False,5.119,104,100.4,104,,,,,,,,,Idle,,,True,,False,8,Go Home,True,True,True,False,False,False,False,False,True,False,False,False,43.0666047727683,-77.6229698903817,38.8,313.7,1640.4,True,1,1,False,False,False,False,,True,False,False,,328,,16.4,Calm,41,, 1.8.0,DJI Mini 3 Pro,1581F4XF3229R006,53HFK5R0M30ACD,5HAZK6H0018AUR,52XPK6ACA001NV,180.6,0.7,59,13.23575,6.487126,0,8942,DJI Mini 3 Pro,1581F4XF3229R006,53HFK5R0M30ACD,5HAZK6H0018AUR,52XPK6ACA001NV,DJI Fly,, 1.8.0,61EABE4C-BCDC-32F4-D0CC-A1B5A0612123,1581F4XF3229R006W0A6,,,,,,,,,,
6/20/2023,8:53:37.51 AM,2m 17.0s,137,43.0667075779464,-77.6230164228821,7.8,60.6,7.2,542,587.9,2.550504,13.235805,1.565858,5.368656,-2.013246,6.71082,,4.47388,-1.2,1.3,-51.9,308.1,P-GPS (Brake),Other,,25,5,True,,Mini 3 Pro,True,False,,Smart,RC,False,True,False,,,True,,False,False,False,False,False,False,False,False,False,False,0,Follow Yaw,-2.9,0,-21.4,338.6,False,False,False,False,False,True,,True,Normal,100,100,1024,1246,1024,1024,N,False,False,False,False,False,0,False,False,False,False,48,7.301,1082,2265,7.301,False,3.656,3.645,0.012,False,False,5.119,104,100.4,104,,,,,,,,,Idle,,,True,,False,8,Go Home,True,True,True,False,False,False,False,False,True,False,False,False,43.0666047727683,-77.6229698903817,39.5,313.7,1640.4,True,1,1,False,False,False,False,,True,False,False,,328,,16.4,Calm,41,, 1.8.0,DJI Mini 3 Pro,1581F4XF3229R006,53HFK5R0M30ACD,5HAZK6H0018AUR,52XPK6ACA001NV,180.6,0.7,59,13.23575,6.487126,0,8942,DJI Mini 3 Pro,1581F4XF3229R006,53HFK5R0M30ACD,5HAZK6H0018AUR,52XPK6ACA001NV,DJI Fly,, 1.8.0,61EABE4C-BCDC-32F4-D0CC-A1B5A0612123,1581F4XF3229R006W0A6,,,,,,,,,,
6/20/2023,8:53:37.72 AM,2m 17.2s,137.2,43.0667089676656,-77.6230189638619,7.8,60.6,7.2,542,588.7,2.550504,13.235805,1.565858,5.368656,-2.013246,6.71082,,4.47388,-1.6,1,-51.9,308.1,P-GPS (Brake),Other,,25,5,True,,Mini 3 Pro,True,False,,Smart,RC,False,True,False,,,True,,False,False,False,False,False,False,False,False,False,False,0,Follow Yaw,-2.9,0,-21.4,338.6,False,False,False,False,False,True,,True,Normal,100,100,1024,1234,1024,1024,N,False,False,False,False,False,0,False,False,False,False,48,7.304,1081,2265,7.304,False,3.657,3.647,0.012,False,False,5.146,104,100.4,104,,,,,,,,,Idle,,,True,,False,8,Go Home,True,True,True,False,False,False,False,False,True,False,False,False,43.0666047727683,-77.6229698903817,40.1,313.7,1640.4,True,1,1,False,False,False,False,,True,False,False,,328,,16.4,Calm,41,, 1.8.0,DJI Mini 3 Pro,1581F4XF3229R006,53HFK5R0M30ACD,5HAZK6H0018AUR,52XPK6ACA001NV,180.6,0.7,59,13.23575,6.487126,0,8942,DJI Mini 3 Pro,1581F4XF3229R006,53HFK5R0M30ACD,5HAZK6H0018AUR,52XPK6ACA001NV,DJI Fly,, 1.8.0,61EABE4C-BCDC-32F4-D0CC-A1B5A0612123,1581F4XF3229R006W0A6,,,,,,,,,,
6/20/2023,8:53:37.92 AM,2m 17.4s,137.4,43.0667103776711,-77.623021531141,7.8,60.6,7.2,542,589.6,2.86468,13.235805,1.789552,5.368656,-2.23694,6.71082,,4.47388,-1.2,1.5,-51.9,308.1,P-GPS (Brake),Other,,25,5,True,,Mini 3 Pro,True,False,,Smart,RC,False,True,False,,,True,,False,False,False,False,False,False,False,False,False,False,0,Follow Yaw,-2.9,0,-21.4,338.6,False,False,False,False,False,True,,True,Normal,100,100,1024,1234,1024,1024,N,False,False,False,False,False,0,False,False,False,False,48,7.304,1081,2265,7.304,False,3.657,3.647,0.012,False,False,5.146,104,100.4,104,,,,,,,,,Idle,,,True,,False,8,Go Home,True,True,True,False,False,False,False,False,True,False,False,False,43.0666047727683,-77.6229698903817,40.9,313.7,1640.4,True,1,1,False,False,False,False,,True,False,False,,328,,16.4,Calm,41,, 1.8.0,DJI Mini 3 Pro,1581F4XF3229R006,53HFK5R0M30ACD,5HAZK6H0018AUR,52XPK6ACA001NV,180.6,0.7,59,13.23575,6.487126,0,8942,DJI Mini 3 Pro,1581F4XF3229R006,53HFK5R0M30ACD,5HAZK6H0018AUR,52XPK6ACA001NV,DJI Fly,, 1.8.0,61EABE4C-BCDC-32F4-D0CC-A1B5A0612123,1581F4XF3229R006W0A6,,,,,,,,,,
6/20/2023,8:53:38.12 AM,2m 17.6s,137.6,43.0667117732157,-77.6230241309784,7.8,60.6,7.2,542,590.4,2.86468,13.235805,1.789552,5.368656,-2.23694,6.71082,,4.47388,-0.6,1.5,-51.9,308.1,P-GPS (Brake),Other,,25,5,True,,Mini 3 Pro,True,False,,Smart,RC,False,True,False,,,True,,False,False,False,False,False,False,False,False,False,False,0,Follow Yaw,-2.9,0,-21.4,338.6,False,False,False,False,False,True,,True,Normal,100,100,1024,1234,1024,1024,N,False,False,False,False,False,0,False,False,False,False,48,7.304,1081,2265,7.304,False,3.657,3.647,0.012,False,False,5.146,104,100.4,104,,,,,,,,,Idle,,,True,,False,8,Go Home,True,True,True,False,False,False,False,False,True,False,False,False,43.0666047727683,-77.6229698903817,41.6,313.7,1640.4,True,1,1,False,False,False,False,,True,False,False,,328,,16.4,Calm,41,, 1.8.0,DJI Mini 3 Pro,1581F4XF3229R006,53HFK5R0M30ACD,5HAZK6H0018AUR,52XPK6ACA001NV,180.6,0.7,59,13.23575,6.487126,0,8942,DJI Mini 3 Pro,1581F4XF3229R006,53HFK5R0M30ACD,5HAZK6H0018AUR,52XPK6ACA001NV,DJI Fly,, 1.8.0,61EABE4C-BCDC-32F4-D0CC-A1B5A0612123,1581F4XF3229R006W0A6,,,,,,,,,,
6/20/2023,8:53:38.32 AM,2m 17.8s,137.8,43.0667131954717,-77.6230267131324,7.8,60.6,7.2,542,591.3,2.86468,13.235805,1.789552,5.368656,-2.23694,6.71082,,4.47388,-0.2,1.6,-51.8,308.2,P-GPS (Brake),Other,,25,5,True,,Mini 3 Pro,True,False,,Smart,RC,False,True,False,,,True,,False,False,False,False,False,False,False,False,False,False,0,Follow Yaw,-2.9,0,-21.4,338.6,False,False,False,False,False,True,,True,Normal,100,100,1024,1183,1024,1024,N,False,False,False,False,False,0,False,False,False,False,48,7.304,1081,2265,7.304,False,3.657,3.647,0.012,False,False,5.146,104,100.4,104,,,,,,,,,Idle,,,True,,False,8,Go Home,True,True,True,False,False,False,False,False,True,False,False,False,43.0666047727683,-77.6229698903817,42.3,313.7,1640.4,True,1,1,False,False,False,False,,True,False,False,,328,,16.4,Calm,41,, 1.8.0,DJI Mini 3 Pro,1581F4XF3229R006,53HFK5R0M30ACD,5HAZK6H0018AUR,52XPK6ACA001NV,180.6,0.7,59,13.23575,6.487126,0,8942,DJI Mini 3 Pro,1581F4XF3229R006,53HFK5R0M30ACD,5HAZK6H0018AUR,52XPK6ACA001NV,DJI Fly,, 1.8.0,61EABE4C-BCDC-32F4-D0CC-A1B5A0612123,1581F4XF3229R006W0A6,,,,,,,,,,
6/20/2023,8:53:38.52 AM,2m 18.0s,138,43.0667146155604,-77.6230292275666,7.8,60.6,7.2,542,592.1,2.693632,13.235805,1.789552,5.368656,-2.013246,6.71082,,4.47388,0,1.3,-51.8,308.2,P-GPS (Brake),Other,,25,5,True,,Mini 3 Pro,True,False,,Smart,RC,False,True,False,,,True,,False,False,False,False,False,False,False,False,False,False,0,Follow Yaw,-2.9,0,-21.4,338.6,False,False,False,False,False,True,,True,Normal,100,100,1024,1084,1024,1024,N,False,False,False,False,False,0,False,False,False,False,48,7.304,1081,2265,7.304,False,3.657,3.647,0.012,False,False,5.146,104,100.4,104,,,,,,,,,Idle,,,True,,False,8,Go Home,True,True,True,False,False,False,False,False,True,False,False,False,43.0666047727683,-77.6229698903817,43,313.7,1640.4,True,1,1,False,False,False,False,,True,False,False,,328,,16.4,Calm,41,, 1.8.0,DJI Mini 3 Pro,1581F4XF3229R006,53HFK5R0M30ACD,5HAZK6H0018AUR,52XPK6ACA001NV,180.6,0.7,59,13.23575,6.487126,0,8942,DJI Mini 3 Pro,1581F4XF3229R006,53HFK5R0M30ACD,5HAZK6H0018AUR,52XPK6ACA001NV,DJI Fly,, 1.8.0,61EABE4C-BCDC-32F4-D0CC-A1B5A0612123,1581F4XF3229R006W0A6,,,,,,,,,,
6/20/2023,8:53:38.73 AM,2m 18.2s,138.2,43.0667159831086,-77.6230316501011,7.8,60.6,7.2,542,592.9,2.550504,13.235805,1.565858,5.368656,-2.013246,6.71082,,4.47388,1,0.7,-51.9,308.1,P-GPS (Brake),Other,,25,5,True,,Mini 3 Pro,True,False,,Smart,RC,False,True,False,,,True,,False,False,False,False,False,False,False,False,False,False,0,Follow Yaw,-2.9,0,-21.4,338.6,False,False,False,False,False,True,,True,Normal,100,100,1024,1077,1024,1024,N,False,False,False,False,False,0,False,False,False,False,48,7.307,1079,2265,7.307,False,3.658,3.649,0.012,False,False,4.972,104,100.4,104,,,,,,,,,Idle,,,True,,False,8,Go Home,True,True,True,False,False,False,False,False,True,False,False,False,43.0666047727683,-77.6229698903817,43.7,313.7,1640.4,True,1,1,False,False,False,False,,True,False,False,,328,,16.4,Calm,41,, 1.8.0,DJI Mini 3 Pro,1581F4XF3229R006,53HFK5R0M30ACD,5HAZK6H0018AUR,52XPK6ACA001NV,180.6,0.7,59,13.23575,6.487126,0,8942,DJI Mini 3 Pro,1581F4XF3229R006,53HFK5R0M30ACD,5HAZK6H0018AUR,52XPK6ACA001NV,DJI Fly,, 1.8.0,61EABE4C-BCDC-32F4-D0CC-A1B5A0612123,1581F4XF3229R006W0A6,,,,,,,,,,
6/20/2023,8:53:38.93 AM,2m 18.4s,138.4,43.0667172797578,-77.6230339471869,7.8,60.6,7.2,542,593.7,2.377899,13.235805,1.565858,5.368656,-1.789552,6.71082,,4.47388,2,1,-51.9,308.1,P-GPS (Brake),Other,,25,5,True,,Mini 3 Pro,True,False,,Smart,RC,False,True,False,,,True,,False,False,False,False,False,False,False,False,False,False,0,Follow Yaw,-2.9,0,-21.4,338.6,False,False,False,False,False,True,,True,Normal,100,100,1024,1122,1024,1024,N,False,False,False,False,False,0,False,False,False,False,48,7.307,1079,2265,7.307,False,3.658,3.649,0.012,False,False,4.972,104,100.4,104,,,,,,,,,Idle,,,True,,False,8,Go Home,True,True,True,False,False,False,False,False,True,False,False,False,43.0666047727683,-77.6229698903817,44.4,313.7,1640.4,True,1,1,False,False,False,False,,True,False,False,,328,,16.4,Calm,41,, 1.8.0,DJI Mini 3 Pro,1581F4XF3229R006,53HFK5R0M30ACD,5HAZK6H0018AUR,52XPK6ACA001NV,180.6,0.7,59,13.23575,6.487126,0,8942,DJI Mini 3 Pro,1581F4XF3229R006,53HFK5R0M30ACD,5HAZK6H0018AUR,52XPK6ACA001NV,DJI Fly,, 1.8.0,61EABE4C-BCDC-32F4-D0CC-A1B5A0612123,1581F4XF3229R006W0A6,,,,,,,,,,
6/20/2023,8:53:39.13 AM,2m 18.6s,138.6,43.066718522813,-77.6230360714083,7.8,60.6,7.2,542,594.4,2.377899,13.235805,1.565858,5.368656,-1.789552,6.71082,,4.47388,2.3,0.5,-51.9,308.1,P-GPS (Brake),Other,,25,5,True,,Mini 3 Pro,True,False,,Smart,RC,False,True,False,,,True,,False,False,False,False,False,False,False,False,False,False,0,Follow Yaw,-2.9,0,-21.4,338.6,False,False,False,False,False,True,,True,Normal,100,100,1024,1125,1024,1024,N,False,False,False,False,False,0,False,False,False,False,48,7.307,1079,2265,7.307,False,3.658,3.649,0.012,False,False,4.972,104,100.4,104,,,,,,,,,Idle,,,True,,False,8,Go Home,True,True,True,False,False,False,False,False,True,False,False,False,43.0666047727683,-77.6229698903817,45,313.7,1640.4,True,1,1,False,False,False,False,,True,False,False,,328,,16.4,Calm,41,, 1.8.0,DJI Mini 3 Pro,1581F4XF3229R006,53HFK5R0M30ACD,5HAZK6H0018AUR,52XPK6ACA001NV,180.6,0.7,59,13.23575,6.487126,0,8942,DJI Mini 3 Pro,1581F4XF3229R006,53HFK5R0M30ACD,5HAZK6H0018AUR,52XPK6ACA001NV,DJI Fly,, 1.8.0,61EABE4C-BCDC-32F4-D0CC-A1B5A0612123,1581F4XF3229R006W0A6,,,,,,,,,,
6/20/2023,8:53:39.33 AM,2m 18.8s,138.8,43.0667196636059,-77.6230379879556,7.8,60.6,7.2,542,595.1,2.062356,13.235805,1.342164,5.368656,-1.565858,6.71082,,4.47388,1.7,0.5,-51.9,308.1,P-GPS (Brake),Other,,25,5,True,,Mini 3 Pro,True,False,,Smart,RC,False,True,False,,,True,,False,False,False,False,False,False,False,False,False,False,0,Follow Yaw,-2.9,0,-21.4,338.6,False,False,False,False,False,True,,True,Normal,100,100,1024,1024,1024,1024,N,False,False,False,False,False,0,False,False,False,False,48,7.307,1079,2265,7.307,False,3.658,3.649,0.012,False,False,4.972,104,100.4,104,,,,,,,,,Idle,,,True,,False,8,Go Home,True,True,True,False,False,False,False,False,True,False,False,False,43.0666047727683,-77.6229698903817,45.6,313.7,1640.4,True,1,1,False,False,False,False,,True,False,False,,328,,16.4,Calm,41,, 1.8.0,DJI Mini 3 Pro,1581F4XF3229R006,53HFK5R0M30ACD,5HAZK6H0018AUR,52XPK6ACA001NV,180.6,0.7,59,13.23575,6.487126,0,8942,DJI Mini 3 Pro,1581F4XF3229R006,53HFK5R0M30ACD,5HAZK6H0018AUR,52XPK6ACA001NV,DJI Fly,, 1.8.0,61EABE4C-BCDC-32F4-D0CC-A1B5A0612123,1581F4XF3229R006W0A6,,,,,,,,,,
6/20/2023,8:53:39.54 AM,2m 19.0s,139,43.0667206984357,-77.6230396882861,7.8,60.6,7.2,542,595.7,1.898106,13.235805,1.342164,5.368656,-1.342164,6.71082,,4.47388,2.4,0.4,-51.8,308.2,P-GPS (Brake),Other,,25,5,True,,Mini 3 Pro,True,False,,Smart,RC,False,True,False,,,True,,False,False,False,False,False,False,False,False,False,False,0,Follow Yaw,-2.9,0,-21.4,338.6,False,False,False,False,False,True,,True,Normal,100,100,1024,1024,1024,1024,N,False,False,False,False,False,0,False,False,False,False,48,7.307,1079,2265,7.307,False,3.658,3.649,0.012,False,False,4.972,104,100.4,104,,,,,,,,,Idle,,,True,,False,8,Go Home,True,True,True,False,False,False,False,False,True,False,False,False,43.0666047727683,-77.6229698903817,46.2,313.7,1640.4,True,1,1,False,False,False,False,,True,False,False,,328,,16.4,Calm,41,, 1.8.0,DJI Mini 3 Pro,1581F4XF3229R006,53HFK5R0M30ACD,5HAZK6H0018AUR,52XPK6ACA001NV,180.6,0.7,59,13.23575,6.487126,0,8942,DJI Mini 3 Pro,1581F4XF3229R006,53HFK5R0M30ACD,5HAZK6H0018AUR,52XPK6ACA001NV,DJI Fly,, 1.8.0,61EABE4C-BCDC-32F4-D0CC-A1B5A0612123,1581F4XF3229R006W0A6,,,,,,,,,,
6/20/2023,8:53:39.74 AM,2m 19.2s,139.2,43.066721598775,-77.6230411239054,7.8,60.6,7.2,542,596.2,1.43234,13.235805,0.894776,5.368656,-1.11847,6.71082,,4.47388,7.5,0.1,-51.8,308.2,P-GPS (Brake),Other,,25,5,True,,Mini 3 Pro,True,False,,Smart,RC,False,True,False,,,True,,False,False,False,False,False,False,False,False,False,False,0,Follow Yaw,-2.9,0,-21.4,338.6,False,False,False,False,False,True,,True,Normal,100,100,1024,1132,1024,1024,N,False,False,False,False,False,0,False,False,False,False,48,7.306,1078,2265,7.306,False,3.658,3.648,0.012,False,False,4.877,104.2,100.4,104.1,,,,,,,,,Idle,,,True,,False,8,Go Home,True,True,True,False,False,False,False,False,True,False,False,False,43.0666047727683,-77.6229698903817,46.6,313.7,1640.4,True,1,1,False,False,False,False,,True,False,False,,328,,16.4,Calm,41,, 1.8.0,DJI Mini 3 Pro,1581F4XF3229R006,53HFK5R0M30ACD,5HAZK6H0018AUR,52XPK6ACA001NV,180.6,0.7,59,13.23575,6.487126,0,8942,DJI Mini 3 Pro,1581F4XF3229R006,53HFK5R0M30ACD,5HAZK6H0018AUR,52XPK6ACA001NV,DJI Fly,, 1.8.0,61EABE4C-BCDC-32F4-D0CC-A1B5A0612123,1581F4XF3229R006W0A6,,,,,,,,,,
6/20/2023,8:53:39.94 AM,2m 19.4s,139.4,43.0667222657881,-77.623042122465,7.8,60.6,7.2,542,596.5,0.949053,13.235805,0.671082,5.368656,-0.671082,6.71082,,4.47388,6.1,0.1,-51.8,308.2,P-GPS (Brake),Other,,25,5,True,,Mini 3 Pro,True,False,,Smart,RC,False,True,False,,,True,,False,False,False,False,False,False,False,False,False,False,0,Follow Yaw,-2.9,0,-21.4,338.6,False,False,False,False,False,True,,True,Normal,100,100,1024,1300,1024,1024,N,False,False,False,False,False,0,False,False,False,False,48,7.306,1078,2265,7.306,False,3.658,3.648,0.012,False,False,4.877,104.2,100.4,104.1,,,,,,,,,Idle,,,True,,False,8,Go Home,True,True,True,False,False,False,False,False,True,False,False,False,43.0666047727683,-77.6229698903817,46.9,313.7,1640.4,True,1,1,False,False,False,False,,True,False,False,,328,,16.4,Calm,41,, 1.8.0,DJI Mini 3 Pro,1581F4XF3229R006,53HFK5R0M30ACD,5HAZK6H0018AUR,52XPK6ACA001NV,180.6,0.7,59,13.23575,6.487126,0,8942,DJI Mini 3 Pro,1581F4XF3229R006,53HFK5R0M30ACD,5HAZK6H0018AUR,52XPK6ACA001NV,DJI Fly,, 1.8.0,61EABE4C-BCDC-32F4-D0CC-A1B5A0612123,1581F4XF3229R006W0A6,,,,,,,,,,
6/20/2023,8:53:40.14 AM,2m 19.6s,139.6,43.0667227022765,-77.6230427717193,7.8,60.6,7.2,542,596.8,0.632702,13.235805,0.447388,5.368656,-0.447388,6.71082,,4.47388,2,0,-51.8,308.2,P-GPS (Brake),Other,,25,5,True,,Mini 3 Pro,True,False,,Smart,RC,False,True,False,,,True,,False,False,False,False,False,False,False,False,False,False,0,Follow Yaw,-2.9,0,-21.4,338.6,False,False,False,False,False,True,,True,Normal,100,100,1024,1329,1024,1024,N,False,False,False,False,False,0,False,False,False,False,48,7.306,1078,2265,7.306,False,3.658,3.648,0.012,False,False,4.877,104.2,100.4,104.1,,,,,,,,,Idle,,,True,,False,8,Go Home,True,True,True,False,False,False,False,False,True,False,False,False,43.0666047727683,-77.6229698903817,47.2,313.7,1640.4,True,1,1,False,False,False,False,,True,False,False,,328,,16.4,Calm,41,, 1.8.0,DJI Mini 3 Pro,1581F4XF3229R006,53HFK5R0M30ACD,5HAZK6H0018AUR,52XPK6ACA001NV,180.6,0.7,59,13.23575,6.487126,0,8942,DJI Mini 3 Pro,1581F4XF3229R006,53HFK5R0M30ACD,5HAZK6H0018AUR,52XPK6ACA001NV,DJI Fly,, 1.8.0,61EABE4C-BCDC-32F4-D0CC-A1B5A0612123,1581F4XF3229R006W0A6,,,,,,,,,,
6/20/2023,8:53:40.24 AM,2m 19.8s,139.8,43.0667230163706,-77.6230432471183,7.8,60.6,7.2,542,597,0.632702,13.235805,0.447388,5.368656,-0.447388,6.71082,,4.47388,-2.8,0.1,-51.9,308.1,P-GPS (Brake),Other,,25,5,True,,Mini 3 Pro,True,False,,Smart,RC,False,True,False,,,True,,False,False,False,False,False,False,False,False,False,False,0,Follow Yaw,-2.9,0,-21.4,338.6,False,False,False,False,False,True,,True,Normal,100,100,1024,1317,1024,1024,N,False,False,False,False,False,0,False,False,False,False,48,7.306,1078,2265,7.306,False,3.658,3.648,0.012,False,False,4.877,104.2,100.4,104.1,,,,,,,,,Idle,,,True,,False,8,Go Home,True,True,True,False,False,False,False,False,True,False,False,False,43.0666047727683,-77.6229698903817,47.3,313.7,1640.4,True,1,1,False,False,False,False,,True,False,False,,328,,16.4,Calm,41,, 1.8.0,DJI Mini 3 Pro,1581F4XF3229R006,53HFK5R0M30ACD,5HAZK6H0018AUR,52XPK6ACA001NV,180.6,0.7,59,13.23575,6.487126,0,8942,DJI Mini 3 Pro,1581F4XF3229R006,53HFK5R0M30ACD,5HAZK6H0018AUR,52XPK6ACA001NV,DJI Fly,, 1.8.0,61EABE4C-BCDC-32F4-D0CC-A1B5A0612123,1581F4XF3229R006W0A6,,,,,,,,,,
6/20/2023,8:53:40.55 AM,2m 20.0s,140,43.0667234128948,-77.6230438909316,7.8,60.6,7.2,542,597.2,0.80654,13.235805,0.447388,5.368656,-0.671082,6.71082,,4.47388,-5.5,0.4,-51.9,308.1,P-GPS (Brake),Other,,25,5,True,,Mini 3 Pro,True,False,,Smart,RC,False,True,False,,,True,,False,False,False,False,False,False,False,False,False,False,0,Follow Yaw,-2.9,0,-21.4,338.6,False,False,False,False,False,True,,True,Normal,100,100,1024,1024,1024,1024,N,False,False,False,False,False,0,False,False,False,False,48,7.306,1078,2265,7.306,False,3.658,3.648,0.012,False,False,4.877,104.2,100.4,104.1,,,,,,,,,Idle,,,True,,False,8,Go Home,True,True,True,False,False,False,False,False,True,False,False,False,43.0666047727683,-77.6229698903817,47.5,313.7,1640.4,True,1,1,False,False,False,False,,True,False,False,,328,,16.4,Calm,41,, 1.8.0,DJI Mini 3 Pro,1581F4XF3229R006,53HFK5R0M30ACD,5HAZK6H0018AUR,52XPK6ACA001NV,180.6,0.7,59,13.23575,6.487126,0,8942,DJI Mini 3 Pro,1581F4XF3229R006,53HFK5R0M30ACD,5HAZK6H0018AUR,52XPK6ACA001NV,DJI Fly,, 1.8.0,61EABE4C-BCDC-32F4-D0CC-A1B5A0612123,1581F4XF3229R006W0A6,,,,,,,,,,
6/20/2023,8:53:40.75 AM,2m 20.2s,140.2,43.0667240280187,-77.6230448683544,7.8,60.6,7.2,542,597.5,1.265404,13.235805,0.894776,5.368656,-0.894776,6.71082,,4.47388,-3.2,0.3,-51.9,308.1,P-GPS (Brake),Other,,25,5,True,,Mini 3 Pro,True,False,,Smart,RC,False,True,False,,,True,,False,False,False,False,False,False,False,False,False,False,0,Follow Yaw,-2.9,0,-21.4,338.6,False,False,False,False,False,True,,True,Normal,100,100,1024,1024,1024,1024,N,False,False,False,False,False,0,False,False,False,False,48,7.299,1077,2265,7.299,False,3.655,3.644,0.012,False,False,5.028,104.2,100.4,104.1,,,,,,,,,Idle,,,True,,False,8,Go Home,True,True,True,False,False,False,False,False,True,False,False,False,43.0666047727683,-77.6229698903817,47.8,313.7,1640.4,True,1,1,False,False,False,False,,True,False,False,,328,,16.4,Calm,41,, 1.8.0,DJI Mini 3 Pro,1581F4XF3229R006,53HFK5R0M30ACD,5HAZK6H0018AUR,52XPK6ACA001NV,180.6,0.7,59,13.23575,6.487126,0,8942,DJI Mini 3 Pro,1581F4XF3229R006,53HFK5R0M30ACD,5HAZK6H0018AUR,52XPK6ACA001NV,DJI Fly,, 1.8.0,61EABE4C-BCDC-32F4-D0CC-A1B5A0612123,1581F4XF3229R006W0A6,,,,,,,,,,
6/20/2023,8:53:40.85 AM,2m 20.4s,140.4,43.0667247425434,-77.6230460379608,7.8,60.6,7.2,542,597.9,1.265404,13.235805,0.894776,5.368656,-0.894776,6.71082,,4.47388,2.8,0.1,-51.9,308.1,P-GPS (Brake),Other,,25,5,True,,Mini 3 Pro,True,False,,Smart,RC,False,True,False,,,True,,False,False,False,False,False,False,False,False,False,False,0,Follow Yaw,-2.9,0,-21.4,338.6,False,False,False,False,False,True,,True,Normal,100,100,1024,869,1024,1024,N,False,False,False,False,False,0,False,False,False,False,48,7.299,1077,2265,7.299,False,3.655,3.644,0.012,False,False,5.028,104.2,100.4,104.1,,,,,,,,,Idle,,,True,,False,8,Go Home,True,True,True,False,False,False,False,False,True,False,False,False,43.0666047727683,-77.6229698903817,48.2,313.7,1640.4,True,1,1,False,False,False,False,,True,False,False,,328,,16.4,Calm,41,, 1.8.0,DJI Mini 3 Pro,1581F4XF3229R006,53HFK5R0M30ACD,5HAZK6H0018AUR,52XPK6ACA001NV,180.6,0.7,59,13.23575,6.487126,0,8942,DJI Mini 3 Pro,1581F4XF3229R006,53HFK5R0M30ACD,5HAZK6H0018AUR,52XPK6ACA001NV,DJI Fly,, 1.8.0,61EABE4C-BCDC-32F4-D0CC-A1B5A0612123,1581F4XF3229R006W0A6,,,,,,,,,,
6/20/2023,8:53:41.15 AM,2m 20.6s,140.6,43.0667253697294,-77.6230470492201,7.8,60.6,7.2,542,598.3,0.949053,13.235805,0.671082,5.368656,-0.671082,6.71082,,4.47388,4.6,0.3,-51.9,308.1,P-GPS (Brake),Other,,25,5,True,,Mini 3 Pro,True,False,,Smart,RC,False,True,False,,,True,,False,False,False,False,False,False,False,False,False,False,0,Follow Yaw,-2.9,0,-21.4,338.6,False,False,False,False,False,True,,True,Normal,100,100,1024,657,1024,1024,N,False,False,False,False,False,0,False,False,False,False,48,7.299,1077,2265,7.299,False,3.655,3.644,0.012,False,False,5.028,104.2,100.4,104.1,,,,,,,,,Idle,,,True,,False,8,Go Home,True,True,True,False,False,False,False,False,True,False,False,False,43.0666047727683,-77.6229698903817,48.5,313.7,1640.4,True,1,1,False,False,False,False,,True,False,False,,328,,16.4,Calm,41,, 1.8.0,DJI Mini 3 Pro,1581F4XF3229R006,53HFK5R0M30ACD,5HAZK6H0018AUR,52XPK6ACA001NV,180.6,0.7,59,13.23575,6.487126,0,8942,DJI Mini 3 Pro,1581F4XF3229R006,53HFK5R0M30ACD,5HAZK6H0018AUR,52XPK6ACA001NV,DJI Fly,, 1.8.0,61EABE4C-BCDC-32F4-D0CC-A1B5A0612123,1581F4XF3229R006W0A6,,,,,,,,,,
6/20/2023,8:53:41.36 AM,2m 20.8s,140.8,43.0667257781614,-77.6230477176529,7.8,60.6,7.2,542,598.5,0.632702,13.235805,0.447388,5.368656,-0.447388,6.71082,,4.47388,4.9,0.4,-51.9,308.1,P-GPS (Brake),Other,,25,5,True,,Mini 3 Pro,True,False,,Smart,RC,False,True,False,,,True,,False,False,False,False,False,False,False,False,False,False,0,Follow Yaw,-2.9,0,-21.4,338.6,False,False,False,False,False,True,,True,Normal,100,100,1024,666,1024,1024,N,False,False,False,False,False,0,False,False,False,False,48,7.299,1077,2265,7.299,False,3.655,3.644,0.012,False,False,5.028,104.2,100.4,104.1,,,,,,,,,Idle,,,True,,False,8,Go Home,True,True,True,False,False,False,False,False,True,False,False,False,43.0666047727683,-77.6229698903817,48.7,313.7,1640.4,True,1,1,False,False,False,False,,True,False,False,,328,,16.4,Calm,41,, 1.8.0,DJI Mini 3 Pro,1581F4XF3229R006,53HFK5R0M30ACD,5HAZK6H0018AUR,52XPK6ACA001NV,180.6,0.7,59,13.23575,6.487126,0,8942,DJI Mini 3 Pro,1581F4XF3229R006,53HFK5R0M30ACD,5HAZK6H0018AUR,52XPK6ACA001NV,DJI Fly,, 1.8.0,61EABE4C-BCDC-32F4-D0CC-A1B5A0612123,1581F4XF3229R006W0A6,,,,,,,,,,
6/20/2023,8:53:41.46 AM,2m 21.0s,141,43.0667259449918,-77.6230480001882,7.8,60.6,7.2,542,598.6,,13.235805,,5.368656,,6.71082,,4.47388,9.5,0,-51.9,308.1,P-GPS (Brake),Other,,25,5,True,,Mini 3 Pro,True,False,,Smart,RC,False,True,False,,,True,,False,False,False,False,False,False,False,False,False,False,0,Follow Yaw,-2.9,0,-21.4,338.6,False,False,False,False,False,True,,True,Normal,100,100,1024,661,1024,1024,N,False,False,False,False,False,0,False,False,False,False,48,7.299,1077,2265,7.299,False,3.655,3.644,0.012,False,False,5.028,104.2,100.4,104.1,,,,,,,,,Idle,,,True,,False,8,Go Home,True,True,True,False,False,False,False,False,True,False,False,False,43.0666047727683,-77.6229698903817,48.8,313.7,1640.4,True,1,1,False,False,False,False,,True,False,False,,328,,16.4,Calm,41,, 1.8.0,DJI Mini 3 Pro,1581F4XF3229R006,53HFK5R0M30ACD,5HAZK6H0018AUR,52XPK6ACA001NV,180.6,0.7,59,13.23575,6.487126,0,8942,DJI Mini 3 Pro,1581F4XF3229R006,53HFK5R0M30ACD,5HAZK6H0018AUR,52XPK6ACA001NV,DJI Fly,, 1.8.0,61EABE4C-BCDC-32F4-D0CC-A1B5A0612123,1581F4XF3229R006W0A6,,,,,,,,,,
6/20/2023,8:53:41.76 AM,2m 21.2s,141.2,43.0667257531291,-77.6230476930861,7.8,60.6,7.2,542,598.7,0.316351,13.235805,-0.223694,5.368656,0.223694,6.71082,,4.47388,10.2,0,-51.9,308.1,P-GPS (Brake),Other,,25,5,True,,Mini 3 Pro,True,False,,Smart,RC,False,True,False,,,True,,False,False,False,False,False,False,False,False,False,False,0,Follow Yaw,-2.9,0,-21.4,338.6,False,False,False,False,False,True,,True,Normal,100,100,1024,700,1024,1024,N,False,False,False,False,False,0,False,False,False,False,48,7.297,1075,2265,7.297,False,3.654,3.643,0.012,False,False,5.086,104.2,100.4,104.1,,,,,,,,,Idle,,,True,,False,8,Go Home,True,True,True,False,False,False,False,False,True,False,False,False,43.0666047727683,-77.6229698903817,48.7,313.7,1640.4,True,1,1,False,False,False,False,,True,False,False,,328,,16.4,Calm,41,, 1.8.0,DJI Mini 3 Pro,1581F4XF3229R006,53HFK5R0M30ACD,5HAZK6H0018AUR,52XPK6ACA001NV,180.6,0.7,59,13.23575,6.487126,0,8942,DJI Mini 3 Pro,1581F4XF3229R006,53HFK5R0M30ACD,5HAZK6H0018AUR,52XPK6ACA001NV,DJI Fly,, 1.8.0,61EABE4C-BCDC-32F4-D0CC-A1B5A0612123,1581F4XF3229R006W0A6,,,,,,,,,,
6/20/2023,8:53:41.96 AM,2m 21.4s,141.4,43.066725163029,-77.6230467645916,7.8,60.6,7.2,542,599,1.11847,13.235805,-0.671082,5.368656,0.894776,6.71082,,4.47388,9.2,1.1,-51.8,308.2,P-GPS (Brake),Other,,25,5,True,,Mini 3 Pro,True,False,,Smart,RC,False,True,False,,,True,,False,False,False,False,False,False,False,False,False,False,0,Follow Yaw,-2.9,0,-21.4,338.6,False,False,False,False,False,True,,True,Normal,100,100,1024,740,1024,1024,N,False,False,False,False,False,0,False,False,False,False,48,7.297,1075,2265,7.297,False,3.654,3.643,0.012,False,False,5.086,104.2,100.4,104.1,,,,,,,,,Idle,,,True,,False,8,Go Home,True,True,True,False,False,False,False,False,True,False,False,False,43.0666047727683,-77.6229698903817,48.4,313.7,1640.4,True,1,1,False,False,False,False,,True,False,False,,328,,16.4,Calm,41,, 1.8.0,DJI Mini 3 Pro,1581F4XF3229R006,53HFK5R0M30ACD,5HAZK6H0018AUR,52XPK6ACA001NV,180.6,0.7,59,13.23575,6.487126,0,8942,DJI Mini 3 Pro,1581F4XF3229R006,53HFK5R0M30ACD,5HAZK6H0018AUR,52XPK6ACA001NV,DJI Fly,, 1.8.0,61EABE4C-BCDC-32F4-D0CC-A1B5A0612123,1581F4XF3229R006W0A6,,,,,,,,,,
6/20/2023,8:53:42.06 AM,2m 21.6s,141.6,43.0667242753772,-77.6230452737176,7.8,60.6,7.2,542,599.6,1.747105,13.235805,-1.11847,5.368656,1.342164,6.71082,,4.47388,6.5,0.9,-51.9,308.1,P-GPS (Brake),Other,,25,5,True,,Mini 3 Pro,True,False,,Smart,RC,False,True,False,,,True,,False,False,False,False,False,False,False,False,False,False,0,Follow Yaw,-2.9,0,-21.4,338.6,False,False,False,False,False,True,,True,Normal,100,100,1024,759,1024,1024,N,False,False,False,False,False,0,False,False,False,False,48,7.297,1075,2265,7.297,False,3.654,3.643,0.012,False,False,5.086,104.2,100.4,104.1,,,,,,,,,Idle,,,True,,False,8,Go Home,True,True,True,False,False,False,False,False,True,False,False,False,43.0666047727683,-77.6229698903817,48,313.7,1640.4,True,1,1,False,False,False,False,,True,False,False,,328,,16.4,Calm,41,, 1.8.0,DJI Mini 3 Pro,1581F4XF3229R006,53HFK5R0M30ACD,5HAZK6H0018AUR,52XPK6ACA001NV,180.6,0.7,59,13.23575,6.487126,0,8942,DJI Mini 3 Pro,1581F4XF3229R006,53HFK5R0M30ACD,5HAZK6H0018AUR,52XPK6ACA001NV,DJI Fly,, 1.8.0,61EABE4C-BCDC-32F4-D0CC-A1B5A0612123,1581F4XF3229R006W0A6,,,,,,,,,,
6/20/2023,8:53:42.26 AM,2m 21.8s,141.8,43.0667232027848,-77.6230434644374,7.8,60.6,7.2,542,600.2,1.924288,13.235805,-1.11847,5.368656,1.565858,6.71082,,4.47388,6,0.5,-51.8,308.2,P-GPS (Brake),Other,,25,5,True,,Mini 3 Pro,True,False,,Smart,RC,False,True,False,,,True,,False,False,False,False,False,False,False,False,False,False,0,Follow Yaw,-2.9,0,-21.4,338.6,False,False,False,False,False,True,,True,Normal,100,100,1024,759,1024,1024,N,False,False,False,False,False,0,False,False,False,False,48,7.297,1075,2265,7.297,False,3.654,3.643,0.012,False,False,5.086,104.2,100.4,104.1,,,,,,,,,Idle,,,True,,False,8,Go Home,True,True,True,False,False,False,False,False,True,False,False,False,43.0666047727683,-77.6229698903817,47.4,313.7,1640.4,True,1,1,False,False,False,False,,True,False,False,,328,,16.4,Calm,41,, 1.8.0,DJI Mini 3 Pro,1581F4XF3229R006,53HFK5R0M30ACD,5HAZK6H0018AUR,52XPK6ACA001NV,180.6,0.7,59,13.23575,6.487126,0,8942,DJI Mini 3 Pro,1581F4XF3229R006,53HFK5R0M30ACD,5HAZK6H0018AUR,52XPK6ACA001NV,DJI Fly,, 1.8.0,61EABE4C-BCDC-32F4-D0CC-A1B5A0612123,1581F4XF3229R006W0A6,,,,,,,,,,
6/20/2023,8:53:42.57 AM,2m 22.0s,142,43.0667219887712,-77.6230414225645,7.8,60.6,7.2,542,600.9,2.23694,13.235805,-1.342164,5.368656,1.789552,6.71082,,4.47388,5.5,1,-51.8,308.2,P-GPS (Brake),Other,,25,5,True,,Mini 3 Pro,True,False,,Smart,RC,False,True,False,,,True,,False,False,False,False,False,False,False,False,False,False,0,Follow Yaw,-2.9,0,-21.4,338.6,False,False,False,False,False,True,,True,Normal,100,100,1024,759,1024,1024,N,False,False,False,False,False,0,False,False,False,False,48,7.297,1075,2265,7.297,False,3.654,3.643,0.012,False,False,5.086,104.2,100.4,104.1,,,,,,,,,Idle,,,True,,False,8,Go Home,True,True,True,False,False,False,False,False,True,False,False,False,43.0666047727683,-77.6229698903817,46.8,313.7,1640.4,True,1,1,False,False,False,False,,True,False,False,,328,,16.4,Calm,41,, 1.8.0,DJI Mini 3 Pro,1581F4XF3229R006,53HFK5R0M30ACD,5HAZK6H0018AUR,52XPK6ACA001NV,180.6,0.7,59,13.23575,6.487126,0,8942,DJI Mini 3 Pro,1581F4XF3229R006,53HFK5R0M30ACD,5HAZK6H0018AUR,52XPK6ACA001NV,DJI Fly,, 1.8.0,61EABE4C-BCDC-32F4-D0CC-A1B5A0612123,1581F4XF3229R006W0A6,,,,,,,,,,
6/20/2023,8:53:42.67 AM,2m 22.2s,142.2,43.066720691805,-77.6230392275568,7.8,60.6,7.2,542,601.6,2.550504,13.235805,-1.565858,5.368656,2.013246,6.71082,,4.47388,5.2,1.4,-51.9,308.1,P-GPS (Brake),Other,,25,5,True,,Mini 3 Pro,True,False,,Smart,RC,False,True,False,,,True,,False,False,False,False,False,False,False,False,False,False,0,Follow Yaw,-2.9,0,-21.4,338.6,False,False,False,False,False,True,,True,Normal,100,100,1024,759,1024,1024,N,False,False,False,False,False,0,False,False,False,False,48,7.295,1074,2265,7.295,False,3.654,3.643,0.012,False,False,5.209,104.2,100.4,104.1,,,,,,,,,Idle,,,True,,False,8,Go Home,True,True,True,False,False,False,False,False,True,False,False,False,43.0666047727683,-77.6229698903817,46.1,313.7,1640.4,True,1,1,False,False,False,False,,True,False,False,,328,,16.4,Calm,41,, 1.8.0,DJI Mini 3 Pro,1581F4XF3229R006,53HFK5R0M30ACD,5HAZK6H0018AUR,52XPK6ACA001NV,180.6,0.7,59,13.23575,6.487126,0,8942,DJI Mini 3 Pro,1581F4XF3229R006,53HFK5R0M30ACD,5HAZK6H0018AUR,52XPK6ACA001NV,DJI Fly,, 1.8.0,61EABE4C-BCDC-32F4-D0CC-A1B5A0612123,1581F4XF3229R006W0A6,,,,,,,,,,
6/20/2023,8:53:42.87 AM,2m 22.4s,142.4,43.0667193383235,-77.6230368864326,7.8,60.6,7.2,542,602.4,2.550504,13.235805,-1.565858,5.368656,2.013246,6.71082,,4.47388,4.8,0.7,-51.8,308.2,P-GPS (Brake),Other,,25,5,True,,Mini 3 Pro,True,False,,Smart,RC,False,True,False,,,True,,False,False,False,False,False,False,False,False,False,False,0,Follow Yaw,-2.9,0,-21.4,338.6,False,False,False,False,False,True,,True,Normal,100,100,1024,767,1024,1024,N,False,False,False,False,False,0,False,False,False,False,48,7.297,1074,2265,7.297,False,3.654,3.643,0.012,False,False,5.209,104.2,100.4,104.1,,,,,,,,,Idle,,,True,,False,8,Go Home,True,True,True,False,False,False,False,False,True,False,False,False,43.0666047727683,-77.6229698903817,45.4,313.7,1640.4,True,1,1,False,False,False,False,,True,False,False,,328,,16.4,Calm,41,, 1.8.0,DJI Mini 3 Pro,1581F4XF3229R006,53HFK5R0M30ACD,5HAZK6H0018AUR,52XPK6ACA001NV,180.6,0.7,59,13.23575,6.487126,0,8942,DJI Mini 3 Pro,1581F4XF3229R006,53HFK5R0M30ACD,5HAZK6H0018AUR,52XPK6ACA001NV,DJI Fly,, 1.8.0,61EABE4C-BCDC-32F4-D0CC-A1B5A0612123,1581F4XF3229R006W0A6,,,,,,,,,,
6/20/2023,8:53:43.18 AM,2m 22.6s,142.6,43.0667179093425,-77.6230343910655,7.8,60.6,7.2,542,603.3,2.86468,13.235805,-1.789552,5.368656,2.23694,6.71082,,4.47388,5.2,0.6,-51.9,308.1,P-GPS (Brake),Other,,25,5,True,,Mini 3 Pro,True,False,,Smart,RC,False,True,False,,,True,,False,False,False,False,False,False,False,False,False,False,0,Follow Yaw,-2.9,0,-21.4,338.6,False,False,False,False,False,True,,True,Normal,100,100,1024,768,1024,1024,N,False,False,False,False,False,0,False,False,False,False,48,7.297,1074,2265,7.297,False,3.654,3.643,0.012,False,False,5.209,104.2,100.4,104.1,,,,,,,,,Idle,,,True,,False,8,Go Home,True,True,True,False,False,False,False,False,True,False,False,False,43.0666047727683,-77.6229698903817,44.7,313.7,1640.4,True,1,1,False,False,False,False,,True,False,False,,328,,16.4,Calm,41,, 1.8.0,DJI Mini 3 Pro,1581F4XF3229R006,53HFK5R0M30ACD,5HAZK6H0018AUR,52XPK6ACA001NV,180.6,0.7,59,13.23575,6.487126,0,8942,DJI Mini 3 Pro,1581F4XF3229R006,53HFK5R0M30ACD,5HAZK6H0018AUR,52XPK6ACA001NV,DJI Fly,, 1.8.0,61EABE4C-BCDC-32F4-D0CC-A1B5A0612123,1581F4XF3229R006W0A6,,,,,,,,,,
6/20/2023,8:53:43.28 AM,2m 22.8s,142.8,43.0667164105676,-77.6230317690945,7.8,60.6,7.2,542,604.2,2.86468,13.235805,-1.789552,5.368656,2.23694,6.71082,,4.47388,5,0.5,-51.8,308.2,P-GPS (Brake),Other,,25,5,True,,Mini 3 Pro,True,False,,Smart,RC,False,True,False,,,True,,False,False,False,False,False,False,False,False,False,False,0,Follow Yaw,-2.9,0,-21.4,338.6,False,False,False,False,False,True,,True,Normal,100,100,1024,775,1024,1024,N,False,False,False,False,False,0,False,False,False,False,48,7.297,1074,2265,7.297,False,3.654,3.643,0.012,False,False,5.209,104.2,100.4,104.1,,,,,,,,,Idle,,,True,,False,8,Go Home,True,True,True,False,False,False,False,False,True,False,False,False,43.0666047727683,-77.6229698903817,43.9,313.7,1640.4,True,1,1,False,False,False,False,,True,False,False,,328,,16.4,Calm,41,, 1.8.0,DJI Mini 3 Pro,1581F4XF3229R006,53HFK5R0M30ACD,5HAZK6H0018AUR,52XPK6ACA001NV,180.6,0.7,59,13.23575,6.487126,0,8942,DJI Mini 3 Pro,1581F4XF3229R006,53HFK5R0M30ACD,5HAZK6H0018AUR,52XPK6ACA001NV,DJI Fly,, 1.8.0,61EABE4C-BCDC-32F4-D0CC-A1B5A0612123,1581F4XF3229R006W0A6,,,,,,,,,,
6/20/2023,8:53:43.48 AM,2m 23.0s,143,43.0667148535639,-77.6230290931471,7.8,60.6,7.2,542,605.1,2.86468,13.235805,-1.789552,5.368656,2.23694,6.71082,,4.47388,5,0.8,-51.9,308.1,P-GPS (Brake),Other,,25,5,True,,Mini 3 Pro,True,False,,Smart,RC,False,True,False,,,True,,False,False,False,False,False,False,False,False,False,False,0,Follow Yaw,-2.9,0,-21.4,338.6,False,False,False,False,False,True,,True,Normal,100,100,1024,775,1024,1024,N,False,False,False,False,False,0,False,False,False,False,48,7.297,1074,2265,7.297,False,3.654,3.643,0.012,False,False,5.209,104.2,100.4,104.1,,,,,,,,,Idle,,,True,,False,8,Go Home,True,True,True,False,False,False,False,False,True,False,False,False,43.0666047727683,-77.6229698903817,43.1,313.7,1640.4,True,1,1,False,False,False,False,,True,False,False,,328,,16.4,Calm,41,, 1.8.0,DJI Mini 3 Pro,1581F4XF3229R006,53HFK5R0M30ACD,5HAZK6H0018AUR,52XPK6ACA001NV,180.6,0.7,59,13.23575,6.487126,0,8942,DJI Mini 3 Pro,1581F4XF3229R006,53HFK5R0M30ACD,5HAZK6H0018AUR,52XPK6ACA001NV,DJI Fly,, 1.8.0,61EABE4C-BCDC-32F4-D0CC-A1B5A0612123,1581F4XF3229R006W0A6,,,,,,,,,,
6/20/2023,8:53:43.68 AM,2m 23.2s,143.2,43.0667132808744,-77.623026353502,7.8,60.6,7.2,542,606,3.042567,13.235805,-1.789552,5.368656,2.460634,6.71082,,4.47388,5,1.2,-51.7,308.3,P-GPS (Brake),Other,,25,5,True,,Mini 3 Pro,True,False,,Smart,RC,False,True,False,,,True,,False,False,False,False,False,False,False,False,False,False,0,Follow Yaw,-2.9,0,-21.4,338.6,False,False,False,False,False,True,,True,Normal,100,100,1024,776,1024,1024,N,False,False,False,False,False,0,False,False,False,False,48,7.297,1074,2265,7.297,False,3.654,3.643,0.012,False,False,5.209,104.2,100.4,104.1,,,,,,,,,Idle,,,True,,False,8,Go Home,True,True,True,False,False,False,False,False,True,False,False,False,43.0666047727683,-77.6229698903817,42.3,313.7,1640.4,True,1,1,False,False,False,False,,True,False,False,,328,,16.4,Calm,41,, 1.8.0,DJI Mini 3 Pro,1581F4XF3229R006,53HFK5R0M30ACD,5HAZK6H0018AUR,52XPK6ACA001NV,180.6,0.7,59,13.23575,6.487126,0,8942,DJI Mini 3 Pro,1581F4XF3229R006,53HFK5R0M30ACD,5HAZK6H0018AUR,52XPK6ACA001NV,DJI Fly,, 1.8.0,61EABE4C-BCDC-32F4-D0CC-A1B5A0612123,1581F4XF3229R006W0A6,,,,,,,,,,
6/20/2023,8:53:43.88 AM,2m 23.4s,143.4,43.0667116710049,-77.6230235507103,7.8,60.6,7.2,542,607,3.179289,13.235805,-2.013246,5.368656,2.460634,6.71082,,4.47388,4.2,0.7,-51.8,308.2,P-GPS (Brake),Other,,25,5,True,,Mini 3 Pro,True,False,,Smart,RC,False,True,False,,,True,,False,False,False,False,False,False,False,False,False,False,0,Follow Yaw,-2.9,0,-21.4,338.6,False,False,False,False,False,True,,True,Normal,100,100,1024,776,1024,1024,N,False,False,False,False,False,0,False,False,False,False,48,7.296,1072,2265,7.296,False,3.653,3.643,0.012,False,False,5.055,104.2,100.4,104.1,,,,,,,,,Idle,,,True,,False,8,Go Home,True,True,True,False,False,False,False,False,True,False,False,False,43.0666047727683,-77.6229698903817,41.5,313.7,1640.4,True,1,1,False,False,False,False,,True,False,False,,328,,16.4,Calm,41,, 1.8.0,DJI Mini 3 Pro,1581F4XF3229R006,53HFK5R0M30ACD,5HAZK6H0018AUR,52XPK6ACA001NV,180.6,0.7,59,13.23575,6.487126,0,8942,DJI Mini 3 Pro,1581F4XF3229R006,53HFK5R0M30ACD,5HAZK6H0018AUR,52XPK6ACA001NV,DJI Fly,, 1.8.0,61EABE4C-BCDC-32F4-D0CC-A1B5A0612123,1581F4XF3229R006W0A6,,,,,,,,,,
6/20/2023,8:53:44.08 AM,2m 23.6s,143.6,43.0667099858501,-77.6230206953845,7.8,60.6,7.2,542,607.9,3.179289,13.235805,-2.013246,5.368656,2.460634,6.71082,,4.47388,3.8,0.9,-51.8,308.2,P-GPS (Brake),Other,,25,5,True,,Mini 3 Pro,True,False,,Smart,RC,False,True,False,,,True,,False,False,False,False,False,False,False,False,False,False,0,Follow Yaw,-2.9,0,-21.4,338.6,False,False,False,False,False,True,,True,Normal,100,100,1024,777,1024,1024,N,False,False,False,False,False,0,False,False,False,False,48,7.296,1072,2265,7.296,False,3.653,3.643,0.012,False,False,5.055,104.2,100.4,104.1,,,,,,,,,Idle,,,True,,False,8,Go Home,True,True,True,False,False,False,False,False,True,False,False,False,43.0666047727683,-77.6229698903817,40.7,313.7,1640.4,True,1,1,False,False,False,False,,True,False,False,,328,,16.4,Calm,41,, 1.8.0,DJI Mini 3 Pro,1581F4XF3229R006,53HFK5R0M30ACD,5HAZK6H0018AUR,52XPK6ACA001NV,180.6,0.7,59,13.23575,6.487126,0,8942,DJI Mini 3 Pro,1581F4XF3229R006,53HFK5R0M30ACD,5HAZK6H0018AUR,52XPK6ACA001NV,DJI Fly,, 1.8.0,61EABE4C-BCDC-32F4-D0CC-A1B5A0612123,1581F4XF3229R006W0A6,,,,,,,,,,
6/20/2023,8:53:44.29 AM,2m 23.8s,143.8,43.0667082579468,-77.6230177769063,7.8,60.6,7.2,542,608.9,3.179289,13.235805,-2.013246,5.368656,2.460634,6.71082,,4.47388,3.7,1.1,-51.8,308.2,P-GPS (Brake),Other,,25,5,True,,Mini 3 Pro,True,False,,Smart,RC,False,True,False,,,True,,False,False,False,False,False,False,False,False,False,False,0,Follow Yaw,-2.9,0,-21.4,338.6,False,False,False,False,False,True,,True,Normal,100,100,1024,786,1024,1024,N,False,False,False,False,False,0,False,False,False,False,48,7.296,1072,2265,7.296,False,3.653,3.643,0.012,False,False,5.055,104.2,100.4,104.1,,,,,,,,,Idle,,,True,,False,8,Go Home,True,True,True,False,False,False,False,False,True,False,False,False,43.0666047727683,-77.6229698903817,39.8,313.7,1640.4,True,1,1,False,False,False,False,,True,False,False,,328,,16.4,Calm,41,, 1.8.0,DJI Mini 3 Pro,1581F4XF3229R006,53HFK5R0M30ACD,5HAZK6H0018AUR,52XPK6ACA001NV,180.6,0.7,59,13.23575,6.487126,0,8942,DJI Mini 3 Pro,1581F4XF3229R006,53HFK5R0M30ACD,5HAZK6H0018AUR,52XPK6ACA001NV,DJI Fly,, 1.8.0,61EABE4C-BCDC-32F4-D0CC-A1B5A0612123,1581F4XF3229R006W0A6,,,,,,,,,,
6/20/2023,8:53:44.49 AM,2m 24.0s,144,43.0667065204145,-77.6230148398007,7.8,60.6,7.2,542,609.9,3.179289,13.235805,-2.013246,5.368656,2.460634,6.71082,,4.47388,3.5,1.1,-51.9,308.1,P-GPS (Brake),Other,,25,5,True,,Mini 3 Pro,True,False,,Smart,RC,False,True,False,,,True,,False,False,False,False,False,False,False,False,False,False,0,Follow Yaw,-2.9,0,-21.4,338.6,False,False,False,False,False,True,,True,Normal,100,100,1024,984,1024,1024,N,False,False,False,False,False,0,False,False,False,False,48,7.296,1072,2265,7.296,False,3.653,3.643,0.012,False,False,5.055,104.2,100.4,104.1,,,,,,,,,Idle,,,True,,False,8,Go Home,True,True,True,False,False,False,False,False,True,False,False,False,43.0666047727683,-77.6229698903817,39,313.7,1640.4,True,1,1,False,False,False,False,,True,False,False,,328,,16.4,Calm,41,, 1.8.0,DJI Mini 3 Pro,1581F4XF3229R006,53HFK5R0M30ACD,5HAZK6H0018AUR,52XPK6ACA001NV,180.6,0.7,59,13.23575,6.487126,0,8942,DJI Mini 3 Pro,1581F4XF3229R006,53HFK5R0M30ACD,5HAZK6H0018AUR,52XPK6ACA001NV,DJI Fly,, 1.8.0,61EABE4C-BCDC-32F4-D0CC-A1B5A0612123,1581F4XF3229R006W0A6,,,,,,,,,,
6/20/2023,8:53:44.69 AM,2m 24.2s,144.2,43.0667047903095,-77.6230119172828,7.8,60.6,7.2,542,610.9,3.179289,13.235805,-2.013246,5.368656,2.460634,6.71082,,4.47388,2.3,1.5,-51.9,308.1,P-GPS (Brake),Other,,25,5,True,,Mini 3 Pro,True,False,,Smart,RC,False,True,False,,,True,,False,False,False,False,False,False,False,False,False,False,0,Follow Yaw,-2.9,0,-21.4,338.6,False,False,False,False,False,True,,True,Normal,100,100,1024,1166,1024,1024,N,False,False,False,False,False,0,False,False,False,False,48,7.296,1072,2265,7.296,False,3.653,3.643,0.012,False,False,5.055,104.2,100.4,104.1,,,,,,,,,Idle,,,True,,False,8,Go Home,True,True,True,False,False,False,False,False,True,False,False,False,43.0666047727683,-77.6229698903817,38.1,313.7,1640.4,True,1,1,False,False,False,False,,True,False,False,,328,,16.4,Calm,41,, 1.8.0,DJI Mini 3 Pro,1581F4XF3229R006,53HFK5R0M30ACD,5HAZK6H0018AUR,52XPK6ACA001NV,180.6,0.7,59,13.23575,6.487126,0,8942,DJI Mini 3 Pro,1581F4XF3229R006,53HFK5R0M30ACD,5HAZK6H0018AUR,52XPK6ACA001NV,DJI Fly,, 1.8.0,61EABE4C-BCDC-32F4-D0CC-A1B5A0612123,1581F4XF3229R006W0A6,,,,,,,,,,
6/20/2023,8:53:44.89 AM,2m 24.4s,144.4,43.0667031074677,-77.6230090265931,7.8,60.6,7.2,542,611.9,3.179289,13.235805,-2.013246,5.368656,2.460634,6.71082,,4.47388,-0.4,1.1,-51.9,308.1,P-GPS (Brake),Other,,25,5,True,,Mini 3 Pro,True,False,,Smart,RC,False,True,False,,,True,,False,False,False,False,False,False,False,False,False,False,0,Follow Yaw,-2.9,0,-21.4,338.6,False,False,False,False,False,True,,True,Normal,100,100,1024,1318,1024,1024,N,False,False,False,False,False,0,False,False,False,False,48,7.294,1071,2265,7.294,False,3.653,3.641,0.012,False,False,5.226,104.2,100.4,104.1,,,,,,,,,Idle,,,True,,False,8,Go Home,True,True,True,False,False,False,False,False,True,False,False,False,43.0666047727683,-77.6229698903817,37.3,313.7,1640.4,True,1,1,False,False,False,False,,True,False,False,,328,,16.4,Calm,41,, 1.8.0,DJI Mini 3 Pro,1581F4XF3229R006,53HFK5R0M30ACD,5HAZK6H0018AUR,52XPK6ACA001NV,180.6,0.7,59,13.23575,6.487126,0,8942,DJI Mini 3 Pro,1581F4XF3229R006,53HFK5R0M30ACD,5HAZK6H0018AUR,52XPK6ACA001NV,DJI Fly,, 1.8.0,61EABE4C-BCDC-32F4-D0CC-A1B5A0612123,1581F4XF3229R006W0A6,,,,,,,,,,
6/20/2023,8:53:45.09 AM,2m 24.6s,144.6,43.0667015200262,-77.6230063415959,7.8,60.6,7.2,542,612.8,2.86468,13.235805,-1.789552,5.368656,2.23694,6.71082,,4.47388,-3,0.9,-51.9,308.1,P-GPS (Brake),Other,,25,5,True,,Mini 3 Pro,True,False,,Smart,RC,False,True,False,,,True,,False,False,False,False,False,False,False,False,False,False,0,Follow Yaw,-2.9,0,-21.4,338.6,False,False,False,False,False,True,,True,Normal,100,100,1024,1330,1024,1024,N,False,False,False,False,False,0,False,False,False,False,48,7.294,1071,2265,7.294,False,3.653,3.641,0.012,False,False,5.226,104.2,100.4,104.1,,,,,,,,,Idle,,,True,,False,8,Go Home,True,True,True,False,False,False,False,False,True,False,False,False,43.0666047727683,-77.6229698903817,36.6,313.7,1640.4,True,1,1,False,False,False,False,,True,False,False,,328,,16.4,Calm,41,, 1.8.0,DJI Mini 3 Pro,1581F4XF3229R006,53HFK5R0M30ACD,5HAZK6H0018AUR,52XPK6ACA001NV,180.6,0.7,59,13.23575,6.487126,0,8942,DJI Mini 3 Pro,1581F4XF3229R006,53HFK5R0M30ACD,5HAZK6H0018AUR,52XPK6ACA001NV,DJI Fly,, 1.8.0,61EABE4C-BCDC-32F4-D0CC-A1B5A0612123,1581F4XF3229R006W0A6,,,,,,,,,,
6/20/2023,8:53:45.30 AM,2m 24.8s,144.8,43.066700099098,-77.6230040339681,7.8,60.6,7.2,542,613.7,2.377899,13.235805,-1.565858,5.368656,1.789552,6.71082,,4.47388,-7.1,2,-52.1,307.9,P-GPS (Brake),Other,,25,5,True,,Mini 3 Pro,True,False,,Smart,RC,False,True,False,,,True,,False,False,False,False,False,False,False,False,False,False,0,Follow Yaw,-2.9,0,-21.4,338.6,False,False,False,False,False,True,,True,Normal,100,100,1024,1311,1024,1024,N,False,False,False,False,False,0,False,False,False,False,48,7.294,1071,2265,7.294,False,3.653,3.641,0.012,False,False,5.226,104.2,100.4,104.1,,,,,,,,,Idle,,,True,,False,8,Go Home,True,True,True,False,False,False,False,False,True,False,False,False,43.0666047727683,-77.6229698903817,35.9,313.7,1640.4,True,1,1,False,False,False,False,,True,False,False,,328,,16.4,Calm,41,, 1.8.0,DJI Mini 3 Pro,1581F4XF3229R006,53HFK5R0M30ACD,5HAZK6H0018AUR,52XPK6ACA001NV,180.6,0.7,59,13.23575,6.487126,0,8942,DJI Mini 3 Pro,1581F4XF3229R006,53HFK5R0M30ACD,5HAZK6H0018AUR,52XPK6ACA001NV,DJI Fly,, 1.8.0,61EABE4C-BCDC-32F4-D0CC-A1B5A0612123,1581F4XF3229R006W0A6,,,,,,,,,,
6/20/2023,8:53:45.50 AM,2m 25.0s,145,43.0666990531056,-77.6230022930819,7.8,60.6,7.2,542,614.3,1.747105,13.235805,-1.11847,5.368656,1.342164,6.71082,,4.47388,-7.4,1.9,-51.9,308.1,P-GPS (Brake),Other,,25,5,True,,Mini 3 Pro,True,False,,Smart,RC,False,True,False,,,True,,False,False,False,False,False,False,False,False,False,False,0,Follow Yaw,-2.9,0,-21.4,338.6,False,False,False,False,False,True,,True,Normal,100,100,1024,1259,1024,1024,N,False,False,False,False,False,0,False,False,False,False,48,7.294,1071,2265,7.294,False,3.653,3.641,0.012,False,False,5.226,104.2,100.4,104.1,,,,,,,,,Idle,,,True,,False,8,Go Home,True,True,True,False,False,False,False,False,True,False,False,False,43.0666047727683,-77.6229698903817,35.4,313.7,1640.4,True,1,1,False,False,False,False,,True,False,False,,328,,16.4,Calm,41,, 1.8.0,DJI Mini 3 Pro,1581F4XF3229R006,53HFK5R0M30ACD,5HAZK6H0018AUR,52XPK6ACA001NV,180.6,0.7,59,13.23575,6.487126,0,8942,DJI Mini 3 Pro,1581F4XF3229R006,53HFK5R0M30ACD,5HAZK6H0018AUR,52XPK6ACA001NV,DJI Fly,, 1.8.0,61EABE4C-BCDC-32F4-D0CC-A1B5A0612123,1581F4XF3229R006W0A6,,,,,,,,,,
6/20/2023,8:53:45.70 AM,2m 25.2s,145.2,43.0666983708606,-77.623001125727,7.8,60.6,7.2,542,614.7,0.949053,13.235805,-0.671082,5.368656,0.671082,6.71082,,4.47388,-6.2,1.4,-52.1,307.9,P-GPS (Brake),Other,,25,5,True,,Mini 3 Pro,True,False,,Smart,RC,False,True,False,,,True,,False,False,False,False,False,False,False,False,False,False,0,Follow Yaw,-2.9,0,-21.4,338.6,False,False,False,False,False,True,,True,Normal,100,100,1024,1258,1024,1024,N,False,False,False,False,False,0,False,False,False,False,48,7.294,1071,2265,7.294,False,3.653,3.641,0.012,False,False,5.226,104.2,100.4,104.1,,,,,,,,,Idle,,,True,,False,8,Go Home,True,True,True,False,False,False,False,False,True,False,False,False,43.0666047727683,-77.6229698903817,35.1,313.7,1640.4,True,1,1,False,False,False,False,,True,False,False,,328,,16.4,Calm,41,, 1.8.0,DJI Mini 3 Pro,1581F4XF3229R006,53HFK5R0M30ACD,5HAZK6H0018AUR,52XPK6ACA001NV,180.6,0.7,59,13.23575,6.487126,0,8942,DJI Mini 3 Pro,1581F4XF3229R006,53HFK5R0M30ACD,5HAZK6H0018AUR,52XPK6ACA001NV,DJI Fly,, 1.8.0,61EABE4C-BCDC-32F4-D0CC-A1B5A0612123,1581F4XF3229R006W0A6,,,,,,,,,,
6/20/2023,8:53:45.90 AM,2m 25.4s,145.4,43.0666980086038,-77.6230004832359,7.8,60.6,7.2,542,614.9,0.500194,13.235805,-0.223694,5.368656,0.447388,6.71082,,4.47388,-4.5,1.3,-52,308,P-GPS (Brake),Other,,25,5,True,,Mini 3 Pro,True,False,,Smart,RC,False,True,False,,,True,,False,False,False,False,False,False,False,False,False,False,0,Follow Yaw,-2.9,0,-21.4,338.6,False,False,False,False,False,True,,True,Normal,100,100,1024,1228,1024,1024,N,False,False,False,False,False,0,False,False,False,False,48,7.293,1070,2265,7.293,False,3.652,3.641,0.012,False,False,5.174,104.2,100.4,104.1,,,,,,,,,Idle,,,True,,False,8,Go Home,True,True,True,False,False,False,False,False,True,False,False,False,43.0666047727683,-77.6229698903817,34.9,313.7,1640.4,True,1,1,False,False,False,False,,True,False,False,,328,,16.4,Calm,41,, 1.8.0,DJI Mini 3 Pro,1581F4XF3229R006,53HFK5R0M30ACD,5HAZK6H0018AUR,52XPK6ACA001NV,180.6,0.7,59,13.23575,6.487126,0,8942,DJI Mini 3 Pro,1581F4XF3229R006,53HFK5R0M30ACD,5HAZK6H0018AUR,52XPK6ACA001NV,DJI Fly,, 1.8.0,61EABE4C-BCDC-32F4-D0CC-A1B5A0612123,1581F4XF3229R006W0A6,,,,,,,,,,
6/20/2023,8:53:46.21 AM,2m 25.6s,145.6,43.0666978343974,-77.6230002215999,7.8,60.6,7.2,542,615,,13.235805,,5.368656,,6.71082,,4.47388,-4,1,-51.9,308.1,P-GPS (Brake),Other,,25,5,True,,Mini 3 Pro,True,False,,Smart,RC,False,True,False,,,True,,False,False,False,False,False,False,False,False,False,False,0,Follow Yaw,-2.9,0,-21.4,338.6,False,False,False,False,False,True,,True,Normal,100,100,1024,1151,1024,1024,N,False,False,False,False,False,0,False,False,False,False,48,7.293,1070,2265,7.293,False,3.652,3.641,0.012,False,False,5.174,104.2,100.4,104.1,,,,,,,,,Idle,,,True,,False,8,Go Home,True,True,True,False,False,False,False,False,True,False,False,False,43.0666047727683,-77.6229698903817,34.8,313.7,1640.4,True,1,1,False,False,False,False,,True,False,False,,328,,16.4,Calm,41,, 1.8.0,DJI Mini 3 Pro,1581F4XF3229R006,53HFK5R0M30ACD,5HAZK6H0018AUR,52XPK6ACA001NV,180.6,0.7,59,13.23575,6.487126,0,8942,DJI Mini 3 Pro,1581F4XF3229R006,53HFK5R0M30ACD,5HAZK6H0018AUR,52XPK6ACA001NV,DJI Fly,, 1.8.0,61EABE4C-BCDC-32F4-D0CC-A1B5A0612123,1581F4XF3229R006W0A6,,,,,,,,,,
6/20/2023,8:53:46.31 AM,2m 25.8s,145.8,43.0666978060926,-77.6230002322152,7.8,60.6,7.2,542,615,,13.235805,,5.368656,,6.71082,,4.47388,-3.1,1.1,-51.9,308.1,P-GPS (Brake),Other,,25,5,True,,Mini 3 Pro,True,False,,Smart,RC,False,True,False,,,True,,False,False,False,False,False,False,False,False,False,False,0,Follow Yaw,-2.9,0,-21.4,338.6,False,False,False,False,False,True,,True,Normal,100,100,1024,1024,1024,1024,N,False,False,False,False,False,0,False,False,False,False,48,7.293,1070,2265,7.293,False,3.652,3.641,0.012,False,False,5.174,104.2,100.4,104.1,,,,,,,,,Idle,,,True,,False,8,Go Home,True,True,True,False,False,False,False,False,True,False,False,False,43.0666047727683,-77.6229698903817,34.8,313.7,1640.4,True,1,1,False,False,False,False,,True,False,False,,328,,16.4,Calm,41,, 1.8.0,DJI Mini 3 Pro,1581F4XF3229R006,53HFK5R0M30ACD,5HAZK6H0018AUR,52XPK6ACA001NV,180.6,0.7,59,13.23575,6.487126,0,8942,DJI Mini 3 Pro,1581F4XF3229R006,53HFK5R0M30ACD,5HAZK6H0018AUR,52XPK6ACA001NV,DJI Fly,, 1.8.0,61EABE4C-BCDC-32F4-D0CC-A1B5A0612123,1581F4XF3229R006W0A6,,,,,,,,,,
6/20/2023,8:53:46.51 AM,2m 26.0s,146,43.0666978923177,-77.6230004767013,7.8,60.6,7.2,542,615,0.223694,13.235805,,5.368656,-0.223694,6.71082,,4.47388,-1.2,1.2,-51.8,308.2,P-GPS (Brake),Other,,25,5,True,,Mini 3 Pro,True,False,,Smart,RC,False,True,False,,,True,,False,False,False,False,False,False,False,False,False,False,0,Follow Yaw,-2.9,0,-21.4,338.6,False,False,False,False,False,True,,True,Normal,100,100,1024,1024,1024,1024,N,False,False,False,False,False,0,False,False,False,False,48,7.293,1070,2265,7.293,False,3.652,3.641,0.012,False,False,5.174,104.2,100.4,104.1,,,,,,,,,Idle,,,True,,False,8,Go Home,True,True,True,False,False,False,False,False,True,False,False,False,43.0666047727683,-77.6229698903817,34.9,313.7,1640.4,True,1,1,False,False,False,False,,True,False,False,,328,,16.4,Calm,41,, 1.8.0,DJI Mini 3 Pro,1581F4XF3229R006,53HFK5R0M30ACD,5HAZK6H0018AUR,52XPK6ACA001NV,180.6,0.7,59,13.23575,6.487126,0,8942,DJI Mini 3 Pro,1581F4XF3229R006,53HFK5R0M30ACD,5HAZK6H0018AUR,52XPK6ACA001NV,DJI Fly,, 1.8.0,61EABE4C-BCDC-32F4-D0CC-A1B5A0612123,1581F4XF3229R006W0A6,,,,,,,,,,
6/20/2023,8:53:46.71 AM,2m 26.2s,146.2,43.0666980276393,-77.6230007857441,7.8,60.6,7.2,542,615.1,0.223694,13.235805,,5.368656,-0.223694,6.71082,,4.47388,0.8,1.3,-51.8,308.2,P-GPS (Brake),Other,,25,5,True,,Mini 3 Pro,True,False,,Smart,RC,False,True,False,,,True,,False,False,False,False,False,False,False,False,False,False,0,Follow Yaw,-2.9,0,-21.4,338.6,False,False,False,False,False,True,,True,Normal,100,100,1024,1024,1024,1024,N,False,False,False,False,False,0,False,False,False,False,48,7.293,1070,2265,7.293,False,3.652,3.641,0.012,False,False,5.174,104.2,100.4,104.1,,,,,,,,,Idle,,,True,,False,8,Go Home,True,True,True,False,False,False,False,False,True,False,False,False,43.0666047727683,-77.6229698903817,35,313.7,1640.4,True,1,1,False,False,False,False,,True,False,False,,328,,16.4,Calm,41,, 1.8.0,DJI Mini 3 Pro,1581F4XF3229R006,53HFK5R0M30ACD,5HAZK6H0018AUR,52XPK6ACA001NV,180.6,0.7,59,13.23575,6.487126,0,8942,DJI Mini 3 Pro,1581F4XF3229R006,53HFK5R0M30ACD,5HAZK6H0018AUR,52XPK6ACA001NV,DJI Fly,, 1.8.0,61EABE4C-BCDC-32F4-D0CC-A1B5A0612123,1581F4XF3229R006W0A6,,,,,,,,,,
6/20/2023,8:53:46.91 AM,2m 26.4s,146.4,43.0666981593542,-77.6230010888094,7.8,60.6,7.2,542,615.2,0.223694,13.235805,,5.368656,-0.223694,6.71082,,4.47388,1.2,1.4,-51.9,308.1,P-GPS (Brake),Other,,25,5,True,,Mini 3 Pro,True,False,,Smart,RC,False,True,False,,,True,,False,False,False,False,False,False,False,False,False,False,0,Follow Yaw,-2.9,0,-21.4,338.6,False,False,False,False,False,True,,True,Normal,100,100,1024,1024,1024,1024,N,False,False,False,False,False,0,False,False,False,False,48,7.292,1067,2265,7.292,False,3.652,3.64,0.012,False,False,5.084,104.2,100.4,104.1,,,,,,,,,Idle,,,True,,False,8,Go Home,True,True,True,False,False,False,False,False,True,False,False,False,43.0666047727683,-77.6229698903817,35,313.7,1640.4,True,1,1,False,False,False,False,,True,False,False,,328,,16.4,Calm,41,, 1.8.0,DJI Mini 3 Pro,1581F4XF3229R006,53HFK5R0M30ACD,5HAZK6H0018AUR,52XPK6ACA001NV,180.6,0.7,59,13.23575,6.487126,0,8942,DJI Mini 3 Pro,1581F4XF3229R006,53HFK5R0M30ACD,5HAZK6H0018AUR,52XPK6ACA001NV,DJI Fly,, 1.8.0,61EABE4C-BCDC-32F4-D0CC-A1B5A0612123,1581F4XF3229R006W0A6,,,,,,,,,,
6/20/2023,8:53:47.12 AM,2m 26.6s,146.6,43.0666982633898,-77.623001297407,7.8,60.6,7.2,542,615.3,,13.235805,,5.368656,,6.71082,,4.47388,0.8,1.2,-51.9,308.1,P-GPS (Brake),Other,,25,5,True,,Mini 3 Pro,True,False,,Smart,RC,False,True,False,,,True,,False,False,False,False,False,False,False,False,False,False,0,Follow Yaw,-2.9,0,-21.4,338.6,False,False,False,False,False,True,,True,Normal,100,100,1024,1024,1024,1024,N,False,False,False,False,False,0,False,False,False,False,48,7.292,1067,2265,7.292,False,3.652,3.64,0.012,False,False,5.084,104.2,100.4,104.1,,,,,,,,,Idle,,,True,,False,8,Go Home,True,True,True,False,False,False,False,False,True,False,False,False,43.0666047727683,-77.6229698903817,35.1,313.7,1640.4,True,1,1,False,False,False,False,,True,False,False,,328,,16.4,Calm,41,, 1.8.0,DJI Mini 3 Pro,1581F4XF3229R006,53HFK5R0M30ACD,5HAZK6H0018AUR,52XPK6ACA001NV,180.6,0.7,59,13.23575,6.487126,0,8942,DJI Mini 3 Pro,1581F4XF3229R006,53HFK5R0M30ACD,5HAZK6H0018AUR,52XPK6ACA001NV,DJI Fly,, 1.8.0,61EABE4C-BCDC-32F4-D0CC-A1B5A0612123,1581F4XF3229R006W0A6,,,,,,,,,,
6/20/2023,8:53:47.32 AM,2m 26.8s,146.8,43.0666983262617,-77.623001416116,7.8,60.6,7.2,542,615.3,,13.235805,,5.368656,,6.71082,,4.47388,1.3,1,-51.9,308.1,P-GPS (Brake),Other,,25,5,True,,Mini 3 Pro,True,False,,Smart,RC,False,True,False,,,True,,False,False,False,False,False,False,False,False,False,False,0,Follow Yaw,-2.9,0,-21.4,338.6,False,False,False,False,False,True,,True,Normal,100,100,1024,1144,1024,1024,N,False,False,False,False,False,0,False,False,False,False,48,7.292,1067,2265,7.292,False,3.652,3.64,0.012,False,False,5.084,104.2,100.4,104.1,,,,,,,,,Idle,,,True,,False,8,Go Home,True,True,True,False,False,False,False,False,True,False,False,False,43.0666047727683,-77.6229698903817,35.1,313.7,1640.4,True,1,1,False,False,False,False,,True,False,False,,328,,16.4,Calm,41,, 1.8.0,DJI Mini 3 Pro,1581F4XF3229R006,53HFK5R0M30ACD,5HAZK6H0018AUR,52XPK6ACA001NV,180.6,0.7,59,13.23575,6.487126,0,8942,DJI Mini 3 Pro,1581F4XF3229R006,53HFK5R0M30ACD,5HAZK6H0018AUR,52XPK6ACA001NV,DJI Fly,, 1.8.0,61EABE4C-BCDC-32F4-D0CC-A1B5A0612123,1581F4XF3229R006W0A6,,,,,,,,,,
6/20/2023,8:53:47.52 AM,2m 27.0s,147,43.0666983378612,-77.6230014867762,7.8,60.6,7.2,542,615.4,,13.235805,,5.368656,,6.71082,,4.47388,0.7,1,-51.8,308.2,P-GPS (Brake),Other,,25,5,True,,Mini 3 Pro,True,False,,Smart,RC,False,True,False,,,True,,False,False,False,False,False,False,False,False,False,False,0,Follow Yaw,-2.9,0,-21.4,338.6,False,False,False,False,False,True,,True,Normal,100,100,1024,1324,1024,1024,N,False,False,False,False,False,0,False,False,False,False,48,7.292,1067,2265,7.292,False,3.652,3.64,0.012,False,False,5.084,104.2,100.4,104.1,,,,,,,,,Idle,,,True,,False,8,Go Home,True,True,True,False,False,False,False,False,True,False,False,False,43.0666047727683,-77.6229698903817,35.1,313.7,1640.4,True,1,1,False,False,False,False,,True,False,False,,328,,16.4,Calm,41,, 1.8.0,DJI Mini 3 Pro,1581F4XF3229R006,53HFK5R0M30ACD,5HAZK6H0018AUR,52XPK6ACA001NV,180.6,0.7,59,13.23575,6.487126,0,8942,DJI Mini 3 Pro,1581F4XF3229R006,53HFK5R0M30ACD,5HAZK6H0018AUR,52XPK6ACA001NV,DJI Fly,, 1.8.0,61EABE4C-BCDC-32F4-D0CC-A1B5A0612123,1581F4XF3229R006W0A6,,,,,,,,,,
6/20/2023,8:53:47.72 AM,2m 27.2s,147.2,43.0666983324641,-77.6230015167518,7.8,60.6,7.2,542,615.4,,13.235805,,5.368656,,6.71082,,4.47388,-1,1.2,-51.8,308.2,P-GPS (Brake),Other,,25,5,True,,Mini 3 Pro,True,False,,Smart,RC,False,True,False,,,True,,False,False,False,False,False,False,False,False,False,False,0,Follow Yaw,-2.9,0,-21.4,338.6,False,False,False,False,False,True,,True,Normal,100,100,1024,1422,1024,1024,N,False,False,False,False,False,0,False,False,False,False,48,7.292,1067,2265,7.292,False,3.652,3.64,0.012,False,False,5.084,104.2,100.4,104.1,,,,,,,,,Idle,,,True,,False,8,Go Home,True,True,True,False,False,False,False,False,True,False,False,False,43.0666047727683,-77.6229698903817,35.1,313.7,1640.4,True,1,1,False,False,False,False,,True,False,False,,328,,16.4,Calm,41,, 1.8.0,DJI Mini 3 Pro,1581F4XF3229R006,53HFK5R0M30ACD,5HAZK6H0018AUR,52XPK6ACA001NV,180.6,0.7,59,13.23575,6.487126,0,8942,DJI Mini 3 Pro,1581F4XF3229R006,53HFK5R0M30ACD,5HAZK6H0018AUR,52XPK6ACA001NV,DJI Fly,, 1.8.0,61EABE4C-BCDC-32F4-D0CC-A1B5A0612123,1581F4XF3229R006W0A6,,,,,,,,,,
6/20/2023,8:53:47.93 AM,2m 27.4s,147.4,43.0666984147827,-77.6230016545367,7.8,60.6,7.2,542,615.4,0.223694,13.235805,,5.368656,-0.223694,6.71082,,4.47388,-8.2,1,-52,308,P-GPS (Brake),Other,,25,5,True,,Mini 3 Pro,True,False,,Smart,RC,False,True,False,,,True,,False,False,False,False,False,False,False,False,False,False,0,Follow Yaw,-2.9,0,-21.4,338.6,False,False,False,False,False,True,,True,Normal,100,100,1024,1413,1024,1024,N,False,False,False,False,False,0,False,False,False,False,48,7.291,1065,2265,7.291,False,3.651,3.64,0.012,False,False,5.112,104.2,100.4,104.1,,,,,,,,,Idle,,,True,,False,8,Go Home,True,True,True,False,False,False,False,False,True,False,False,False,43.0666047727683,-77.6229698903817,35.1,313.7,1640.4,True,1,1,False,False,False,False,,True,False,False,,328,,16.4,Calm,41,, 1.8.0,DJI Mini 3 Pro,1581F4XF3229R006,53HFK5R0M30ACD,5HAZK6H0018AUR,52XPK6ACA001NV,180.6,0.7,59,13.23575,6.487126,0,8942,DJI Mini 3 Pro,1581F4XF3229R006,53HFK5R0M30ACD,5HAZK6H0018AUR,52XPK6ACA001NV,DJI Fly,, 1.8.0,61EABE4C-BCDC-32F4-D0CC-A1B5A0612123,1581F4XF3229R006W0A6,,,,,,,,,,
6/20/2023,8:53:48.13 AM,2m 27.6s,147.6,43.0666987781447,-77.6230023477268,7.8,60.6,7.2,542,615.6,0.80654,13.235805,0.447388,5.368656,-0.671082,6.71082,,4.47388,-10.7,1,-52,308,P-GPS (Brake),Other,,25,5,True,,Mini 3 Pro,True,False,,Smart,RC,False,True,False,,,True,,False,False,False,False,False,False,False,False,False,False,0,Follow Yaw,-2.9,0,-21.4,338.6,False,False,False,False,False,True,,True,Normal,100,100,1024,1394,1024,1024,N,False,False,False,False,False,0,False,False,False,False,48,7.291,1065,2265,7.291,False,3.651,3.64,0.012,False,False,5.112,104.2,100.4,104.1,,,,,,,,,Idle,,,True,,False,8,Go Home,True,True,True,False,False,False,False,False,True,False,False,False,43.0666047727683,-77.6229698903817,35.3,313.7,1640.4,True,1,1,False,False,False,False,,True,False,False,,328,,16.4,Calm,41,, 1.8.0,DJI Mini 3 Pro,1581F4XF3229R006,53HFK5R0M30ACD,5HAZK6H0018AUR,52XPK6ACA001NV,180.6,0.7,59,13.23575,6.487126,0,8942,DJI Mini 3 Pro,1581F4XF3229R006,53HFK5R0M30ACD,5HAZK6H0018AUR,52XPK6ACA001NV,DJI Fly,, 1.8.0,61EABE4C-BCDC-32F4-D0CC-A1B5A0612123,1581F4XF3229R006W0A6,,,,,,,,,,
6/20/2023,8:53:48.33 AM,2m 27.8s,147.8,43.066699523313,-77.6230037220025,7.8,60.6,7.2,542,616.1,1.747105,13.235805,1.11847,5.368656,-1.342164,6.71082,,4.47388,-9.8,1.3,-52.1,307.9,P-GPS (Brake),Other,,25,5,True,,Mini 3 Pro,True,False,,Smart,RC,False,True,False,,,True,,False,False,False,False,False,False,False,False,False,False,0,Follow Yaw,-2.9,0,-21.4,338.6,False,False,False,False,False,True,,True,Normal,100,100,1024,1385,1024,1024,N,False,False,False,False,False,0,False,False,False,False,48,7.291,1065,2265,7.291,False,3.651,3.64,0.012,False,False,5.112,104.2,100.4,104.1,,,,,,,,,Idle,,,True,,False,8,Go Home,True,True,True,False,False,False,False,False,True,False,False,False,43.0666047727683,-77.6229698903817,35.7,313.7,1640.4,True,1,1,False,False,False,False,,True,False,False,,328,,16.4,Calm,41,, 1.8.0,DJI Mini 3 Pro,1581F4XF3229R006,53HFK5R0M30ACD,5HAZK6H0018AUR,52XPK6ACA001NV,180.6,0.7,59,13.23575,6.487126,0,8942,DJI Mini 3 Pro,1581F4XF3229R006,53HFK5R0M30ACD,5HAZK6H0018AUR,52XPK6ACA001NV,DJI Fly,, 1.8.0,61EABE4C-BCDC-32F4-D0CC-A1B5A0612123,1581F4XF3229R006W0A6,,,,,,,,,,
6/20/2023,8:53:48.53 AM,2m 28.0s,148,43.0667006542541,-77.6230057478718,7.8,60.6,7.2,542,616.8,2.550504,13.235805,1.565858,5.368656,-2.013246,6.71082,,4.47388,-8.3,1.4,-51.9,308.1,P-GPS (Brake),Other,,24,5,True,,Mini 3 Pro,True,False,,Smart,RC,False,True,False,,,True,,False,False,False,False,False,False,False,False,False,False,0,Follow Yaw,-2.9,0,-21.4,338.6,False,False,False,False,False,True,,True,Normal,100,100,1024,1372,1024,1024,N,False,False,False,False,False,0,False,False,False,False,48,7.291,1065,2265,7.291,False,3.651,3.64,0.012,False,False,5.112,104.2,100.4,104.1,,,,,,,,,Idle,,,True,,False,8,Go Home,True,True,True,False,False,False,False,False,True,False,False,False,43.0666047727683,-77.6229698903817,36.2,313.7,1640.4,True,1,1,False,False,False,False,,True,False,False,,328,,16.4,Calm,41,, 1.8.0,DJI Mini 3 Pro,1581F4XF3229R006,53HFK5R0M30ACD,5HAZK6H0018AUR,52XPK6ACA001NV,180.6,0.7,59,13.23575,6.487126,0,8942,DJI Mini 3 Pro,1581F4XF3229R006,53HFK5R0M30ACD,5HAZK6H0018AUR,52XPK6ACA001NV,DJI Fly,, 1.8.0,61EABE4C-BCDC-32F4-D0CC-A1B5A0612123,1581F4XF3229R006W0A6,,,,,,,,,,
6/20/2023,8:53:48.73 AM,2m 28.2s,148.2,43.0667021159175,-77.6230082876321,7.8,60.6,7.2,542,617.6,2.86468,13.235805,1.789552,5.368656,-2.23694,6.71082,,4.47388,-7.9,0.8,-52,308,P-GPS (Brake),Other,,24,5,True,,Mini 3 Pro,True,False,,Smart,RC,False,True,False,,,True,,False,False,False,False,False,False,False,False,False,False,0,Follow Yaw,-2.9,0,-21.4,338.6,False,False,False,False,False,True,,True,Normal,100,100,1024,1327,1024,1024,N,False,False,False,False,False,0,False,False,False,False,48,7.291,1065,2265,7.291,False,3.651,3.64,0.012,False,False,5.112,104.2,100.4,104.1,,,,,,,,,Idle,,,True,,False,8,Go Home,True,True,True,False,False,False,False,False,True,False,False,False,43.0666047727683,-77.6229698903817,36.9,313.7,1640.4,True,1,1,False,False,False,False,,True,False,False,,328,,16.4,Calm,41,, 1.8.0,DJI Mini 3 Pro,1581F4XF3229R006,53HFK5R0M30ACD,5HAZK6H0018AUR,52XPK6ACA001NV,180.6,0.7,59,13.23575,6.487126,0,8942,DJI Mini 3 Pro,1581F4XF3229R006,53HFK5R0M30ACD,5HAZK6H0018AUR,52XPK6ACA001NV,DJI Fly,, 1.8.0,61EABE4C-BCDC-32F4-D0CC-A1B5A0612123,1581F4XF3229R006W0A6,,,,,,,,,,
6/20/2023,8:53:48.94 AM,2m 28.4s,148.4,43.0667038165526,-77.6230112609838,7.8,60.6,7.2,542,618.6,3.35541,13.235805,2.013246,5.368656,-2.684328,6.71082,,4.47388,-7.1,0.9,-52,308,P-GPS (Brake),Other,,25,5,True,,Mini 3 Pro,True,False,,Smart,RC,False,True,False,,,True,,False,False,False,False,False,False,False,False,False,False,0,Follow Yaw,-2.9,0,-21.4,338.6,False,False,False,False,False,True,,True,Normal,100,100,1024,1308,1024,1024,N,False,False,False,False,False,0,False,False,False,False,47,7.29,1064,2265,7.29,False,3.65,3.64,0.012,False,False,5.145,104.2,100.4,104.1,,,,,,,,,Idle,,,True,,False,8,Go Home,True,True,True,False,False,False,False,False,True,False,False,False,43.0666047727683,-77.6229698903817,37.7,313.7,1640.4,True,1,1,False,False,False,False,,True,False,False,,328,,16.4,Calm,41,, 1.8.0,DJI Mini 3 Pro,1581F4XF3229R006,53HFK5R0M30ACD,5HAZK6H0018AUR,52XPK6ACA001NV,180.6,0.7,59,13.23575,6.487126,0,8942,DJI Mini 3 Pro,1581F4XF3229R006,53HFK5R0M30ACD,5HAZK6H0018AUR,52XPK6ACA001NV,DJI Fly,, 1.8.0,61EABE4C-BCDC-32F4-D0CC-A1B5A0612123,1581F4XF3229R006W0A6,,,,,,,,,,
6/20/2023,8:53:49.14 AM,2m 28.6s,148.6,43.0667056951806,-77.623014581454,7.8,60.6,7.2,542,619.8,3.668854,13.235805,2.23694,5.368656,-2.908022,6.71082,,4.47388,-4.7,1.4,-51.9,308.1,P-GPS (Brake),Other,,25,5,True,,Mini 3 Pro,True,False,,Smart,RC,False,True,False,,,True,,False,False,False,False,False,False,False,False,False,False,0,Follow Yaw,-2.9,0,-21.4,338.6,False,False,False,False,False,True,,True,Normal,100,100,1024,1024,1024,1024,N,False,False,False,False,False,0,False,False,False,False,47,7.29,1064,2265,7.29,False,3.65,3.64,0.012,False,False,5.145,104.2,100.4,104.1,,,,,,,,,Idle,,,True,,False,8,Go Home,True,True,True,False,False,False,False,False,True,False,False,False,43.0666047727683,-77.6229698903817,38.6,313.7,1640.4,True,1,1,False,False,False,False,,True,False,False,,328,,16.4,Calm,41,, 1.8.0,DJI Mini 3 Pro,1581F4XF3229R006,53HFK5R0M30ACD,5HAZK6H0018AUR,52XPK6ACA001NV,180.6,0.7,59,13.23575,6.487126,0,8942,DJI Mini 3 Pro,1581F4XF3229R006,53HFK5R0M30ACD,5HAZK6H0018AUR,52XPK6ACA001NV,DJI Fly,, 1.8.0,61EABE4C-BCDC-32F4-D0CC-A1B5A0612123,1581F4XF3229R006W0A6,,,,,,,,,,
6/20/2023,8:53:49.34 AM,2m 28.8s,148.8,43.0667077175086,-77.6230180769989,7.8,60.6,7.2,542,621,3.982758,13.235805,2.460634,5.368656,-3.131716,6.71082,,4.47388,-1.9,0.8,-52,308,P-GPS (Brake),Other,,25,5,True,,Mini 3 Pro,True,False,,Smart,RC,False,True,False,,,True,,False,False,False,False,False,False,False,False,False,False,0,Follow Yaw,-2.9,0,-21.4,338.6,False,False,False,False,False,True,,True,Normal,100,100,1024,1024,1024,1024,N,False,False,False,False,False,0,False,False,False,False,47,7.29,1064,2265,7.29,False,3.65,3.64,0.012,False,False,5.145,104.2,100.4,104.1,,,,,,,,,Idle,,,True,,False,8,Go Home,True,True,True,False,False,False,False,False,True,False,False,False,43.0666047727683,-77.6229698903817,39.6,313.7,1640.4,True,1,1,False,False,False,False,,True,False,False,,328,,16.4,Calm,41,, 1.8.0,DJI Mini 3 Pro,1581F4XF3229R006,53HFK5R0M30ACD,5HAZK6H0018AUR,52XPK6ACA001NV,180.6,0.7,59,13.23575,6.487126,0,8942,DJI Mini 3 Pro,1581F4XF3229R006,53HFK5R0M30ACD,5HAZK6H0018AUR,52XPK6ACA001NV,DJI Fly,, 1.8.0,61EABE4C-BCDC-32F4-D0CC-A1B5A0612123,1581F4XF3229R006W0A6,,,,,,,,,,
6/20/2023,8:53:49.54 AM,2m 29.0s,149,43.0667096935414,-77.6230215717729,7.8,60.6,7.2,542,622.1,3.668854,13.235805,2.23694,5.368656,-2.908022,6.71082,,4.47388,5.5,0.7,-51.8,308.2,P-GPS (Brake),Other,,25,5,True,,Mini 3 Pro,True,False,,Smart,RC,False,True,False,,,True,,False,False,False,False,False,False,False,False,False,False,0,Follow Yaw,-2.9,0,-21.4,338.6,False,False,False,False,False,True,,True,Normal,100,100,1024,1024,1024,1024,N,False,False,False,False,False,0,False,False,False,False,47,7.29,1064,2265,7.29,False,3.65,3.64,0.012,False,False,5.145,104.2,100.4,104.1,,,,,,,,,Idle,,,True,,False,8,Go Home,True,True,True,False,False,False,False,False,True,False,False,False,43.0666047727683,-77.6229698903817,40.6,313.7,1640.4,True,1,1,False,False,False,False,,True,False,False,,328,,16.4,Calm,41,, 1.8.0,DJI Mini 3 Pro,1581F4XF3229R006,53HFK5R0M30ACD,5HAZK6H0018AUR,52XPK6ACA001NV,180.6,0.7,59,13.23575,6.487126,0,8942,DJI Mini 3 Pro,1581F4XF3229R006,53HFK5R0M30ACD,5HAZK6H0018AUR,52XPK6ACA001NV,DJI Fly,, 1.8.0,61EABE4C-BCDC-32F4-D0CC-A1B5A0612123,1581F4XF3229R006W0A6,,,,,,,,,,
6/20/2023,8:53:49.75 AM,2m 29.2s,149.2,43.066711318994,-77.6230245946803,7.8,60.6,7.2,542,623.1,2.86468,13.235805,1.789552,5.368656,-2.23694,6.71082,,4.47388,13.1,0.7,-51.8,308.2,P-GPS (Brake),Other,,25,5,True,,Mini 3 Pro,True,False,,Smart,RC,False,True,False,,,True,,False,False,False,False,False,False,False,False,False,False,0,Follow Yaw,-2.9,0,-21.4,338.6,False,False,False,False,False,True,,True,Normal,100,100,1024,1024,1024,1024,N,False,False,False,False,False,0,False,False,False,False,47,7.29,1064,2265,7.29,False,3.65,3.64,0.012,False,False,5.145,104.2,100.4,104.1,,,,,,,,,Idle,,,True,,False,8,Go Home,True,True,True,False,False,False,False,False,True,False,False,False,43.0666047727683,-77.6229698903817,41.5,313.7,1640.4,True,1,1,False,False,False,False,,True,False,False,,328,,16.4,Calm,41,, 1.8.0,DJI Mini 3 Pro,1581F4XF3229R006,53HFK5R0M30ACD,5HAZK6H0018AUR,52XPK6ACA001NV,180.6,0.7,59,13.23575,6.487126,0,8942,DJI Mini 3 Pro,1581F4XF3229R006,53HFK5R0M30ACD,5HAZK6H0018AUR,52XPK6ACA001NV,DJI Fly,, 1.8.0,61EABE4C-BCDC-32F4-D0CC-A1B5A0612123,1581F4XF3229R006W0A6,,,,,,,,,,
6/20/2023,8:53:49.85 AM,2m 29.4s,149.4,43.0667123513052,-77.6230267844229,7.8,60.6,7.2,542,623.8,1.924288,13.235805,1.11847,5.368656,-1.565858,6.71082,,4.47388,10.6,2,-51.7,308.3,P-GPS (Brake),Other,,25,5,True,,Mini 3 Pro,True,False,,Smart,RC,False,True,False,,,True,,False,False,False,False,False,False,False,False,False,False,0,Follow Yaw,-2.9,0,-21.4,338.6,False,False,False,False,False,True,,True,Normal,100,100,1024,1024,1024,1024,N,False,False,False,False,False,0,False,False,False,False,47,7.291,1062,2265,7.291,False,3.651,3.64,0.012,False,False,5.007,104.2,100.4,104.1,,,,,,,,,Idle,,,True,,False,8,Go Home,True,True,True,False,False,False,False,False,True,False,False,False,43.0666047727683,-77.6229698903817,42,313.7,1640.4,True,1,1,False,False,False,False,,True,False,False,,328,,16.4,Calm,41,, 1.8.0,DJI Mini 3 Pro,1581F4XF3229R006,53HFK5R0M30ACD,5HAZK6H0018AUR,52XPK6ACA001NV,180.6,0.7,59,13.23575,6.487126,0,8942,DJI Mini 3 Pro,1581F4XF3229R006,53HFK5R0M30ACD,5HAZK6H0018AUR,52XPK6ACA001NV,DJI Fly,, 1.8.0,61EABE4C-BCDC-32F4-D0CC-A1B5A0612123,1581F4XF3229R006W0A6,,,,,,,,,,
6/20/2023,8:53:50.15 AM,2m 29.6s,149.6,43.0667129844794,-77.6230282220415,7.8,60.6,7.2,542,624.3,1.11847,13.235805,0.671082,5.368656,-0.894776,6.71082,,4.47388,7.7,2,-51.8,308.2,P-GPS (Brake),Other,,25,5,True,,Mini 3 Pro,True,False,,Smart,RC,False,True,False,,,True,,False,False,False,False,False,False,False,False,False,False,0,Follow Yaw,-2.9,0,-21.4,338.6,False,False,False,False,False,True,,True,Normal,100,100,1024,1024,1024,1024,N,False,False,False,False,False,0,False,False,False,False,47,7.291,1062,2265,7.291,False,3.651,3.64,0.012,False,False,5.007,104.2,100.4,104.1,,,,,,,,,Idle,,,True,,False,8,Go Home,True,True,True,False,False,False,False,False,True,False,False,False,43.0666047727683,-77.6229698903817,42.4,313.7,1640.4,True,1,1,False,False,False,False,,True,False,False,,328,,16.4,Calm,41,, 1.8.0,DJI Mini 3 Pro,1581F4XF3229R006,53HFK5R0M30ACD,5HAZK6H0018AUR,52XPK6ACA001NV,180.6,0.7,59,13.23575,6.487126,0,8942,DJI Mini 3 Pro,1581F4XF3229R006,53HFK5R0M30ACD,5HAZK6H0018AUR,52XPK6ACA001NV,DJI Fly,, 1.8.0,61EABE4C-BCDC-32F4-D0CC-A1B5A0612123,1581F4XF3229R006W0A6,,,,,,,,,,
6/20/2023,8:53:50.35 AM,2m 29.8s,149.8,43.0667133528701,-77.6230290682931,7.8,60.6,7.2,542,624.5,0.632702,13.235805,0.447388,5.368656,-0.447388,6.71082,,4.47388,5.1,1.1,-51.9,308.1,P-GPS (Brake),Other,,25,5,True,,Mini 3 Pro,True,False,,Smart,RC,False,True,False,,,True,,False,False,False,False,False,False,False,False,False,False,0,Follow Yaw,-2.9,0,-21.4,338.6,False,False,False,False,False,True,,True,Normal,100,100,1024,872,1024,1024,N,False,False,False,False,False,0,False,False,False,False,47,7.291,1062,2265,7.291,False,3.651,3.64,0.012,False,False,5.007,104.2,100.4,104.1,,,,,,,,,Idle,,,True,,False,8,Go Home,True,True,True,False,False,False,False,False,True,False,False,False,43.0666047727683,-77.6229698903817,42.6,313.7,1640.4,True,1,1,False,False,False,False,,True,False,False,,328,,16.4,Calm,41,, 1.8.0,DJI Mini 3 Pro,1581F4XF3229R006,53HFK5R0M30ACD,5HAZK6H0018AUR,52XPK6ACA001NV,180.6,0.7,59,13.23575,6.487126,0,8942,DJI Mini 3 Pro,1581F4XF3229R006,53HFK5R0M30ACD,5HAZK6H0018AUR,52XPK6ACA001NV,DJI Fly,, 1.8.0,61EABE4C-BCDC-32F4-D0CC-A1B5A0612123,1581F4XF3229R006W0A6,,,,,,,,,,
6/20/2023,8:53:50.45 AM,2m 30.0s,150,43.0667135284472,-77.6230295522406,7.8,60.6,7.2,542,624.7,0.316351,13.235805,0.223694,5.368656,-0.223694,6.71082,,4.47388,3.5,0.6,-51.8,308.2,P-GPS (Brake),Other,,25,5,True,,Mini 3 Pro,True,False,,Smart,RC,False,True,False,,,True,,False,False,False,False,False,False,False,False,False,False,0,Follow Yaw,-2.9,0,-21.4,338.6,False,False,False,False,False,True,,True,Normal,100,100,1024,515,1024,1024,N,False,False,False,False,False,0,False,False,False,False,47,7.291,1062,2265,7.291,False,3.651,3.64,0.012,False,False,5.007,104.2,100.4,104.1,,,,,,,,,Idle,,,True,,False,8,Go Home,True,True,True,False,False,False,False,False,True,False,False,False,43.0666047727683,-77.6229698903817,42.7,313.7,1640.4,True,1,1,False,False,False,False,,True,False,False,,328,,16.4,Calm,41,, 1.8.0,DJI Mini 3 Pro,1581F4XF3229R006,53HFK5R0M30ACD,5HAZK6H0018AUR,52XPK6ACA001NV,180.6,0.7,59,13.23575,6.487126,0,8942,DJI Mini 3 Pro,1581F4XF3229R006,53HFK5R0M30ACD,5HAZK6H0018AUR,52XPK6ACA001NV,DJI Fly,, 1.8.0,61EABE4C-BCDC-32F4-D0CC-A1B5A0612123,1581F4XF3229R006W0A6,,,,,,,,,,
6/20/2023,8:53:50.76 AM,2m 30.2s,150.2,43.0667135659784,-77.6230298087199,7.8,60.6,7.2,542,624.8,,13.235805,,5.368656,,6.71082,,4.47388,7.1,0.6,-51.8,308.2,P-GPS (Brake),Other,,25,5,True,,Mini 3 Pro,True,False,,Smart,RC,False,True,False,,,True,,False,False,False,False,False,False,False,False,False,False,0,Follow Yaw,-2.9,0,-21.4,338.6,False,False,False,False,False,True,,True,Normal,100,100,1024,478,1024,1024,N,False,False,False,False,False,0,False,False,False,False,47,7.291,1062,2265,7.291,False,3.651,3.64,0.012,False,False,5.007,104.2,100.4,104.1,,,,,,,,,Idle,,,True,,False,8,Go Home,True,True,True,False,False,False,False,False,True,False,False,False,43.0666047727683,-77.6229698903817,42.7,313.7,1640.4,True,1,1,False,False,False,False,,True,False,False,,328,,16.4,Calm,41,, 1.8.0,DJI Mini 3 Pro,1581F4XF3229R006,53HFK5R0M30ACD,5HAZK6H0018AUR,52XPK6ACA001NV,180.6,0.7,59,13.23575,6.487126,0,8942,DJI Mini 3 Pro,1581F4XF3229R006,53HFK5R0M30ACD,5HAZK6H0018AUR,52XPK6ACA001NV,DJI Fly,, 1.8.0,61EABE4C-BCDC-32F4-D0CC-A1B5A0612123,1581F4XF3229R006W0A6,,,,,,,,,,
6/20/2023,8:53:50.96 AM,2m 30.4s,150.4,43.0667133344257,-77.6230295800439,7.8,60.6,7.2,542,624.9,0.500194,13.235805,-0.223694,5.368656,0.447388,6.71082,,4.47388,17.6,0.2,-51.7,308.3,P-GPS (Brake),Other,,25,5,True,,Mini 3 Pro,True,False,,Smart,RC,False,True,False,,,True,,False,False,False,False,False,False,False,False,False,False,0,Follow Yaw,-2.9,0,-21.4,338.6,False,False,False,False,False,True,,True,Normal,100,100,1024,489,1024,1024,N,False,False,False,False,False,0,False,False,False,False,47,7.283,1061,2265,7.283,False,3.647,3.636,0.012,False,False,5.19,104.4,100.4,104.3,,,,,,,,,Idle,,,True,,False,8,Go Home,True,True,True,False,False,False,False,False,True,False,False,False,43.0666047727683,-77.6229698903817,42.6,313.7,1640.4,True,1,1,False,False,False,False,,True,False,False,,328,,16.4,Calm,41,, 1.8.0,DJI Mini 3 Pro,1581F4XF3229R006,53HFK5R0M30ACD,5HAZK6H0018AUR,52XPK6ACA001NV,180.6,0.7,59,13.23575,6.487126,0,8942,DJI Mini 3 Pro,1581F4XF3229R006,53HFK5R0M30ACD,5HAZK6H0018AUR,52XPK6ACA001NV,DJI Fly,, 1.8.0,61EABE4C-BCDC-32F4-D0CC-A1B5A0612123,1581F4XF3229R006W0A6,,,,,,,,,,
6/20/2023,8:53:51.06 AM,2m 30.6s,150.6,43.066712497481,-77.6230282901307,7.8,60.6,7.2,542,625.3,1.924288,13.235805,-1.11847,5.368656,1.565858,6.71082,,4.47388,20.1,0.3,-51.7,308.3,P-GPS (Brake),Other,,25,5,True,,Mini 3 Pro,True,False,,Smart,RC,False,True,False,,,True,,False,False,False,False,False,False,False,False,False,False,0,Follow Yaw,-2.9,0,-21.4,338.6,False,False,False,False,False,True,,True,Normal,100,100,1024,491,1024,1024,N,False,False,False,False,False,0,False,False,False,False,47,7.283,1061,2265,7.283,False,3.647,3.636,0.012,False,False,5.19,104.4,100.4,104.3,,,,,,,,,Idle,,,True,,False,8,Go Home,True,True,True,False,False,False,False,False,True,False,False,False,43.0666047727683,-77.6229698903817,42.2,313.7,1640.4,True,1,1,False,False,False,False,,True,False,False,,328,,16.4,Calm,41,, 1.8.0,DJI Mini 3 Pro,1581F4XF3229R006,53HFK5R0M30ACD,5HAZK6H0018AUR,52XPK6ACA001NV,180.6,0.7,59,13.23575,6.487126,0,8942,DJI Mini 3 Pro,1581F4XF3229R006,53HFK5R0M30ACD,5HAZK6H0018AUR,52XPK6ACA001NV,DJI Fly,, 1.8.0,61EABE4C-BCDC-32F4-D0CC-A1B5A0612123,1581F4XF3229R006W0A6,,,,,,,,,,
6/20/2023,8:53:51.36 AM,2m 30.8s,150.8,43.0667109227011,-77.6230257919962,7.8,60.6,7.2,542,626.2,3.35541,13.235805,-2.013246,5.368656,2.684328,6.71082,,4.47388,19.7,1.4,-51.7,308.3,P-GPS (Brake),Other,,25,5,True,,Mini 3 Pro,True,False,,Smart,RC,False,True,False,,,True,,False,False,False,False,False,False,False,False,False,False,0,Follow Yaw,-2.9,0,-21.4,338.6,False,False,False,False,False,True,,True,Normal,100,100,1024,505,1024,1024,N,False,False,False,False,False,0,False,False,False,False,47,7.283,1061,2265,7.283,False,3.647,3.636,0.012,False,False,5.19,104.4,100.4,104.3,,,,,,,,,Idle,,,True,,False,8,Go Home,True,True,True,False,False,False,False,False,True,False,False,False,43.0666047727683,-77.6229698903817,41.4,313.7,1640.4,True,1,1,False,False,False,False,,True,False,False,,328,,16.4,Calm,41,, 1.8.0,DJI Mini 3 Pro,1581F4XF3229R006,53HFK5R0M30ACD,5HAZK6H0018AUR,52XPK6ACA001NV,180.6,0.7,59,13.23575,6.487126,0,8942,DJI Mini 3 Pro,1581F4XF3229R006,53HFK5R0M30ACD,5HAZK6H0018AUR,52XPK6ACA001NV,DJI Fly,, 1.8.0,61EABE4C-BCDC-32F4-D0CC-A1B5A0612123,1581F4XF3229R006W0A6,,,,,,,,,,
6/20/2023,8:53:51.56 AM,2m 31.0s,151,43.0667086938356,-77.6230221036872,7.8,60.6,7.2,542,627.5,4.611569,13.235805,-2.908022,5.368656,3.579104,6.71082,,4.47388,19.6,1.6,-51.5,308.5,P-GPS (Brake),Other,,25,5,True,,Mini 3 Pro,True,False,,Smart,RC,False,True,False,,,True,,False,False,False,False,False,False,False,False,False,False,0,Follow Yaw,-2.9,0,-21.4,338.6,False,False,False,False,False,True,,True,Normal,100,100,1024,525,1024,1024,N,False,False,False,False,False,0,False,False,False,False,47,7.283,1061,2265,7.283,False,3.647,3.636,0.012,False,False,5.19,104.4,100.4,104.3,,,,,,,,,Idle,,,True,,False,8,Go Home,True,True,True,False,False,False,False,False,True,False,False,False,43.0666047727683,-77.6229698903817,40.3,313.7,1640.4,True,1,1,False,False,False,False,,True,False,False,,328,,16.4,Calm,41,, 1.8.0,DJI Mini 3 Pro,1581F4XF3229R006,53HFK5R0M30ACD,5HAZK6H0018AUR,52XPK6ACA001NV,180.6,0.7,59,13.23575,6.487126,0,8942,DJI Mini 3 Pro,1581F4XF3229R006,53HFK5R0M30ACD,5HAZK6H0018AUR,52XPK6ACA001NV,DJI Fly,, 1.8.0,61EABE4C-BCDC-32F4-D0CC-A1B5A0612123,1581F4XF3229R006W0A6,,,,,,,,,,
6/20/2023,8:53:51.67 AM,2m 31.2s,151.2,43.0667059258081,-77.6230173876111,7.8,60.6,7.2,542,629.1,5.729361,13.235805,-3.579104,5.368656,4.47388,6.71082,,4.47388,18.1,1.3,-51.7,308.3,P-GPS (Brake),Other,,25,5,True,,Mini 3 Pro,True,False,,Smart,RC,False,True,False,,,True,,False,False,False,False,False,False,False,False,False,False,0,Follow Yaw,-2.9,0,-21.4,338.6,False,False,False,False,False,True,,True,Normal,100,100,1024,539,1024,1024,N,False,False,False,False,False,0,False,False,False,False,47,7.283,1061,2265,7.283,False,3.647,3.636,0.012,False,False,5.19,104.4,100.4,104.3,,,,,,,,,Idle,,,True,,False,8,Go Home,True,True,True,False,False,False,False,False,True,False,False,False,43.0666047727683,-77.6229698903817,39,313.7,1640.4,True,1,1,False,False,False,False,,True,False,False,,328,,16.4,Calm,41,, 1.8.0,DJI Mini 3 Pro,1581F4XF3229R006,53HFK5R0M30ACD,5HAZK6H0018AUR,52XPK6ACA001NV,180.6,0.7,59,13.23575,6.487126,0,8942,DJI Mini 3 Pro,1581F4XF3229R006,53HFK5R0M30ACD,5HAZK6H0018AUR,52XPK6ACA001NV,DJI Fly,, 1.8.0,61EABE4C-BCDC-32F4-D0CC-A1B5A0612123,1581F4XF3229R006W0A6,,,,,,,,,,
6/20/2023,8:53:51.87 AM,2m 31.4s,151.4,43.0667027173944,-77.6230117822799,7.8,60.6,7.2,542,631,6.71082,13.235805,-4.026492,5.368656,5.368656,6.71082,,4.47388,17,1.1,-51.7,308.3,P-GPS (Brake),Other,,25,5,True,,Mini 3 Pro,True,False,,Smart,RC,False,True,False,,,True,,False,False,False,False,False,False,False,False,False,False,0,Follow Yaw,-2.9,0,-21.4,338.6,False,False,False,False,False,True,,True,Normal,100,100,1024,546,1024,1024,N,False,False,False,False,False,0,False,False,False,False,47,7.276,1059,2265,7.276,False,3.647,3.634,0.013,False,False,5.456,104.4,100.4,104.3,,,,,,,,,Idle,,,True,,False,8,Go Home,True,True,True,False,False,False,False,False,True,False,False,False,43.0666047727683,-77.6229698903817,37.4,313.7,1640.4,True,1,1,False,False,False,False,,True,False,False,,328,,16.4,Calm,41,, 1.8.0,DJI Mini 3 Pro,1581F4XF3229R006,53HFK5R0M30ACD,5HAZK6H0018AUR,52XPK6ACA001NV,180.6,0.7,59,13.23575,6.487126,0,8942,DJI Mini 3 Pro,1581F4XF3229R006,53HFK5R0M30ACD,5HAZK6H0018AUR,52XPK6ACA001NV,DJI Fly,, 1.8.0,61EABE4C-BCDC-32F4-D0CC-A1B5A0612123,1581F4XF3229R006W0A6,,,,,,,,,,
6/20/2023,8:53:52.07 AM,2m 31.6s,151.6,43.0666990971305,-77.6230054039401,7.8,60.6,7.2,542,633.1,7.4762,13.235805,-4.697574,5.368656,5.816044,6.71082,,4.47388,16.1,1.1,-51.8,308.2,P-GPS (Brake),Other,,25,5,True,,Mini 3 Pro,True,False,,Smart,RC,False,True,False,,,True,,False,False,False,False,False,False,False,False,False,False,0,Follow Yaw,-2.9,0,-21.4,338.6,False,False,False,False,False,True,,True,Normal,100,100,1024,547,1024,1024,N,False,False,False,False,False,0,False,False,False,False,47,7.281,1059,2265,7.281,False,3.647,3.634,0.013,False,False,5.456,104.4,100.4,104.3,,,,,,,,,Idle,,,True,,False,8,Go Home,True,True,True,False,False,False,False,False,True,False,False,False,43.0666047727683,-77.6229698903817,35.6,313.7,1640.4,True,1,1,False,False,False,False,,True,False,False,,328,,16.4,Calm,41,, 1.8.0,DJI Mini 3 Pro,1581F4XF3229R006,53HFK5R0M30ACD,5HAZK6H0018AUR,52XPK6ACA001NV,180.6,0.7,59,13.23575,6.487126,0,8942,DJI Mini 3 Pro,1581F4XF3229R006,53HFK5R0M30ACD,5HAZK6H0018AUR,52XPK6ACA001NV,DJI Fly,, 1.8.0,61EABE4C-BCDC-32F4-D0CC-A1B5A0612123,1581F4XF3229R006W0A6,,,,,,,,,,
6/20/2023,8:53:52.27 AM,2m 31.8s,151.8,43.0666951723844,-77.6229983892597,7.8,60.6,7.2,542,635.5,8.142584,13.235805,-4.921268,5.368656,6.487126,6.71082,,4.47388,15.8,0.8,-51.6,308.4,P-GPS (Brake),Other,,25,5,True,,Mini 3 Pro,True,False,,Smart,RC,False,True,False,,,True,,False,False,False,False,False,False,False,False,False,False,0,Follow Yaw,-2.9,0,-21.4,338.6,False,False,False,False,False,True,,True,Normal,100,100,1024,557,1024,1024,N,False,False,False,False,False,0,False,False,False,False,47,7.281,1059,2265,7.281,False,3.647,3.634,0.013,False,False,5.456,104.4,100.4,104.3,,,,,,,,,Idle,,,True,,False,8,Go Home,True,True,True,False,False,False,False,False,True,False,False,False,43.0666047727683,-77.6229698903817,33.8,313.7,1640.4,True,1,1,False,False,False,False,,True,False,False,,328,,16.4,Calm,41,, 1.8.0,DJI Mini 3 Pro,1581F4XF3229R006,53HFK5R0M30ACD,5HAZK6H0018AUR,52XPK6ACA001NV,180.6,0.7,59,13.23575,6.487126,0,8942,DJI Mini 3 Pro,1581F4XF3229R006,53HFK5R0M30ACD,5HAZK6H0018AUR,52XPK6ACA001NV,DJI Fly,, 1.8.0,61EABE4C-BCDC-32F4-D0CC-A1B5A0612123,1581F4XF3229R006W0A6,,,,,,,,,,
6/20/2023,8:53:52.58 AM,2m 32.0s,152,43.0666909291066,-77.6229908269106,7.8,60.6,7.2,542,638,8.769831,13.235805,-5.368656,5.368656,6.934514,6.934514,,4.47388,14.5,1.3,-51.7,308.3,P-GPS (Brake),Other,,25,5,True,,Mini 3 Pro,True,False,,Smart,RC,False,True,False,,,True,,False,False,False,False,False,False,False,False,False,False,0,Follow Yaw,-2.9,0,-21.4,338.6,False,False,False,False,False,True,,True,Normal,100,100,1024,572,1024,1024,N,False,False,False,False,False,0,False,False,False,False,47,7.281,1059,2265,7.281,False,3.647,3.634,0.013,False,False,5.456,104.4,100.4,104.3,,,,,,,,,Idle,,,True,,False,8,Go Home,True,True,True,False,False,False,False,False,True,False,False,False,43.0666047727683,-77.6229698903817,31.9,313.7,1640.4,True,1,1,False,False,False,False,,True,False,False,,328,,16.4,Calm,41,, 1.8.0,DJI Mini 3 Pro,1581F4XF3229R006,53HFK5R0M30ACD,5HAZK6H0018AUR,52XPK6ACA001NV,180.6,0.7,59,13.23575,6.487126,0,8942,DJI Mini 3 Pro,1581F4XF3229R006,53HFK5R0M30ACD,5HAZK6H0018AUR,52XPK6ACA001NV,DJI Fly,, 1.8.0,61EABE4C-BCDC-32F4-D0CC-A1B5A0612123,1581F4XF3229R006W0A6,,,,,,,,,,
6/20/2023,8:53:52.78 AM,2m 32.2s,152.2,43.066686389922,-77.6229828019105,7.8,60.6,7.2,542,640.7,9.223139,13.235805,-5.816044,5.368656,7.158208,7.158208,,4.47388,13.8,2.1,-51.6,308.4,P-GPS (Brake),Other,,25,5,True,,Mini 3 Pro,True,False,,Smart,RC,False,True,False,,,True,,False,False,False,False,False,False,False,False,False,False,0,Follow Yaw,-2.9,0,-21.4,338.6,False,False,False,False,False,True,,True,Normal,100,100,1024,578,1024,1024,N,False,False,False,False,False,0,False,False,False,False,47,7.281,1059,2265,7.281,False,3.647,3.634,0.013,False,False,5.456,104.4,100.4,104.3,,,,,,,,,Idle,,,True,,False,8,Go Home,True,True,True,False,False,False,False,False,True,False,False,False,43.0666047727683,-77.6229698903817,29.9,313.7,1640.4,True,1,1,False,False,False,False,,True,False,False,,328,,16.4,Calm,41,, 1.8.0,DJI Mini 3 Pro,1581F4XF3229R006,53HFK5R0M30ACD,5HAZK6H0018AUR,52XPK6ACA001NV,180.6,0.7,59,13.23575,6.487126,0,8942,DJI Mini 3 Pro,1581F4XF3229R006,53HFK5R0M30ACD,5HAZK6H0018AUR,52XPK6ACA001NV,DJI Fly,, 1.8.0,61EABE4C-BCDC-32F4-D0CC-A1B5A0612123,1581F4XF3229R006W0A6,,,,,,,,,,
6/20/2023,8:53:52.88 AM,2m 32.4s,152.4,43.0666816472924,-77.622974394286,7.8,60.6,7.2,542,643.6,9.712029,13.235805,-6.039738,5.368656,7.605596,7.605596,,4.47388,11.5,2.3,-51.7,308.3,P-GPS (Brake),Other,,25,5,True,,Mini 3 Pro,True,False,,Smart,RC,False,True,False,,,True,,False,False,False,False,False,False,False,False,False,False,0,Follow Yaw,-2.9,0,-21.4,338.6,False,False,False,False,False,True,,True,Normal,100,100,1024,580,1024,1024,N,False,False,False,False,False,0,False,False,False,False,47,7.283,1058,2265,7.283,False,3.648,3.635,0.013,False,False,5.293,104.4,100.4,104.3,,,,,,,,,Idle,,,True,,False,8,Go Home,True,True,True,False,False,False,False,False,True,False,False,False,43.0666047727683,-77.6229698903817,28,313.7,1640.4,True,1,1,False,False,False,False,,True,False,False,,328,,16.4,Calm,41,, 1.8.0,DJI Mini 3 Pro,1581F4XF3229R006,53HFK5R0M30ACD,5HAZK6H0018AUR,52XPK6ACA001NV,180.6,0.7,59,13.23575,6.487126,0,8942,DJI Mini 3 Pro,1581F4XF3229R006,53HFK5R0M30ACD,5HAZK6H0018AUR,52XPK6ACA001NV,DJI Fly,, 1.8.0,61EABE4C-BCDC-32F4-D0CC-A1B5A0612123,1581F4XF3229R006W0A6,,,,,,,,,,
6/20/2023,8:53:53.18 AM,2m 32.6s,152.6,43.0666767835793,-77.622965672107,7.8,60.6,7.2,542,646.5,10.026383,13.235805,-6.263432,5.368656,7.82929,7.82929,,4.47388,11.1,2.3,-51.6,308.4,P-GPS (Brake),Other,,25,5,True,,Mini 3 Pro,True,False,,Smart,RC,False,True,False,,,True,,False,False,False,False,False,False,False,False,False,False,0,Follow Yaw,-2.9,0,-21.4,338.6,False,False,False,False,False,True,,True,Normal,100,100,1024,580,1106,1024,N,False,False,False,False,False,0,False,False,False,False,47,7.283,1058,2265,7.283,False,3.648,3.635,0.013,False,False,5.293,104.4,100.4,104.3,,,,,,,,,Idle,,,True,,False,8,Go Home,True,True,True,False,False,False,False,False,True,False,False,False,43.0666047727683,-77.6229698903817,26.2,313.7,1640.4,True,1,1,False,False,False,False,,True,False,False,,328,,16.4,Calm,41,, 1.8.0,DJI Mini 3 Pro,1581F4XF3229R006,53HFK5R0M30ACD,5HAZK6H0018AUR,52XPK6ACA001NV,180.6,0.7,59,13.23575,6.487126,0,8942,DJI Mini 3 Pro,1581F4XF3229R006,53HFK5R0M30ACD,5HAZK6H0018AUR,52XPK6ACA001NV,DJI Fly,, 1.8.0,61EABE4C-BCDC-32F4-D0CC-A1B5A0612123,1581F4XF3229R006W0A6,,,,,,,,,,
6/20/2023,8:53:53.28 AM,2m 32.8s,152.8,43.066671780274,-77.6229566892762,7.8,60.6,7.2,542,649.5,10.202016,13.235805,-6.263432,5.368656,8.052984,8.052984,,4.47388,11,1.8,-51.6,308.4,P-GPS (Brake),Other,,25,5,True,,Mini 3 Pro,True,False,,Smart,RC,False,True,False,,,True,,False,False,False,False,False,False,False,False,False,False,0,Follow Yaw,-2.9,0,-21.4,338.6,False,False,False,False,False,True,,True,Normal,100,100,1024,580,1134,1024,N,False,False,False,False,False,0,False,False,False,False,47,7.283,1058,2265,7.283,False,3.648,3.635,0.013,False,False,5.293,104.4,100.4,104.3,,,,,,,,,Idle,,,True,,False,8,Go Home,True,True,True,False,False,False,False,False,True,False,False,False,43.0666047727683,-77.6229698903817,24.6,313.7,1640.4,True,1,1,False,False,False,False,,True,False,False,,328,,16.4,Calm,41,, 1.8.0,DJI Mini 3 Pro,1581F4XF3229R006,53HFK5R0M30ACD,5HAZK6H0018AUR,52XPK6ACA001NV,180.6,0.7,59,13.23575,6.487126,0,8942,DJI Mini 3 Pro,1581F4XF3229R006,53HFK5R0M30ACD,5HAZK6H0018AUR,52XPK6ACA001NV,DJI Fly,, 1.8.0,61EABE4C-BCDC-32F4-D0CC-A1B5A0612123,1581F4XF3229R006W0A6,,,,,,,,,,
6/20/2023,8:53:53.48 AM,2m 33.0s,153,43.0666666935578,-77.6229475108756,7.8,60.6,7.2,542,652.6,10.340858,13.235805,-6.487126,5.368656,8.052984,8.052984,,4.47388,10.4,2.4,-51.7,308.3,P-GPS (Brake),Other,,25,5,True,,Mini 3 Pro,True,False,,Smart,RC,False,True,False,,,True,,False,False,False,False,False,False,False,False,False,False,0,Follow Yaw,-2.9,0,-21.4,338.6,False,False,False,False,False,True,,True,Normal,100,100,1024,580,1186,1024,N,False,False,False,False,False,0,False,False,False,False,47,7.283,1058,2265,7.283,False,3.648,3.635,0.013,False,False,5.293,104.4,100.4,104.3,,,,,,,,,Idle,,,True,,False,8,Go Home,True,True,True,False,False,False,False,False,True,False,False,False,43.0666047727683,-77.6229698903817,23.3,313.7,1640.4,True,1,1,False,False,False,False,,True,False,False,,328,,16.4,Calm,41,, 1.8.0,DJI Mini 3 Pro,1581F4XF3229R006,53HFK5R0M30ACD,5HAZK6H0018AUR,52XPK6ACA001NV,180.6,0.7,59,13.23575,6.487126,0,8942,DJI Mini 3 Pro,1581F4XF3229R006,53HFK5R0M30ACD,5HAZK6H0018AUR,52XPK6ACA001NV,DJI Fly,, 1.8.0,61EABE4C-BCDC-32F4-D0CC-A1B5A0612123,1581F4XF3229R006W0A6,,,,,,,,,,
6/20/2023,8:53:53.69 AM,2m 33.2s,153.2,43.0666615452718,-77.6229381005887,7.8,60.6,7.2,542,655.7,10.515997,13.235805,-6.487126,5.368656,8.276678,8.276678,-0.223694,4.47388,10.3,1.6,-51.8,308.2,P-GPS (Brake),Other,,25,5,True,,Mini 3 Pro,True,False,,Smart,RC,False,True,False,,,True,,False,False,False,False,False,False,False,False,False,False,0,Follow Yaw,-2.9,0,-21.4,338.6,False,False,False,False,False,True,,True,Normal,100,100,1024,580,1264,1024,N,False,False,False,False,False,0,False,False,False,False,47,7.283,1058,2265,7.283,False,3.648,3.635,0.013,False,False,5.293,104.4,100.4,104.3,,,,,,,,,Idle,,,True,,False,8,Go Home,True,True,True,False,False,False,False,False,True,False,False,False,43.0666047727683,-77.6229698903817,22.3,313.7,1640.4,True,1,1,False,False,False,False,,True,False,False,,328,,16.4,Calm,41,, 1.8.0,DJI Mini 3 Pro,1581F4XF3229R006,53HFK5R0M30ACD,5HAZK6H0018AUR,52XPK6ACA001NV,180.6,0.7,59,13.23575,6.487126,0,8942,DJI Mini 3 Pro,1581F4XF3229R006,53HFK5R0M30ACD,5HAZK6H0018AUR,52XPK6ACA001NV,DJI Fly,, 1.8.0,61EABE4C-BCDC-32F4-D0CC-A1B5A0612123,1581F4XF3229R006W0A6,,,,,,,,,,
6/20/2023,8:53:53.89 AM,2m 33.4s,153.4,43.0666563225444,-77.6229284831657,8.2,60.6,7.2,542,658.9,10.830116,13.235805,-6.71082,5.368656,8.500372,8.500372,-0.671082,4.47388,9.1,1.1,-51.7,308.3,P-GPS (Brake),Other,,25,5,True,,Mini 3 Pro,True,False,,Smart,RC,False,True,False,,,True,,False,False,False,False,False,False,False,False,False,False,0,Follow Yaw,-2.9,0,-21.4,338.6,False,False,False,False,False,True,,True,Normal,100,100,1024,580,1416,1024,N,False,False,False,False,False,0,False,False,False,False,47,7.277,1057,2265,7.277,False,3.639,3.626,0.013,False,False,5.404,104.4,100.4,104.3,,,,,,,,,Idle,,,True,,False,8,Go Home,True,True,True,False,False,False,False,False,True,False,False,False,43.0666047727683,-77.6229698903817,21.8,313.7,1640.4,True,1,1,False,False,False,False,,True,False,False,,328,,16.4,Calm,41,, 1.8.0,DJI Mini 3 Pro,1581F4XF3229R006,53HFK5R0M30ACD,5HAZK6H0018AUR,52XPK6ACA001NV,180.6,0.7,59,13.23575,6.487126,0,8942,DJI Mini 3 Pro,1581F4XF3229R006,53HFK5R0M30ACD,5HAZK6H0018AUR,52XPK6ACA001NV,DJI Fly,, 1.8.0,61EABE4C-BCDC-32F4-D0CC-A1B5A0612123,1581F4XF3229R006W0A6,,,,,,,,,,
6/20/2023,8:53:54.09 AM,2m 33.6s,153.6,43.0666510481719,-77.6229187709144,8.2,60.6,7.5,542,662.1,10.830116,13.235805,-6.71082,5.368656,8.500372,8.500372,-0.894776,4.47388,10,1.2,-51.7,308.3,P-GPS (Brake),Other,,25,5,True,,Mini 3 Pro,True,False,,Smart,RC,False,True,False,,,True,,False,False,False,False,False,False,False,False,False,False,0,Follow Yaw,-2.9,0,-21.4,338.6,False,False,False,False,False,True,,True,Normal,100,100,1024,581,1541,1024,N,False,False,False,False,False,0,False,False,False,False,47,7.265,1057,2265,7.265,False,3.639,3.626,0.013,False,False,5.404,104.4,100.4,104.3,,,,,,,,,Idle,,,True,,False,8,Go Home,True,True,True,False,False,False,False,False,True,False,False,False,43.0666047727683,-77.6229698903817,21.6,313.7,1640.4,True,1,1,False,False,False,False,,True,False,False,,328,,16.4,Calm,41,, 1.8.0,DJI Mini 3 Pro,1581F4XF3229R006,53HFK5R0M30ACD,5HAZK6H0018AUR,52XPK6ACA001NV,180.6,0.7,59,13.23575,6.487126,0,8942,DJI Mini 3 Pro,1581F4XF3229R006,53HFK5R0M30ACD,5HAZK6H0018AUR,52XPK6ACA001NV,DJI Fly,, 1.8.0,61EABE4C-BCDC-32F4-D0CC-A1B5A0612123,1581F4XF3229R006W0A6,,,,,,,,,,
6/20/2023,8:53:54.29 AM,2m 33.8s,153.8,43.0666456750538,-77.6229089184479,8.8,60.6,8.2,543,665.4,11.006563,13.235805,-6.71082,5.368656,8.724066,8.724066,-2.013246,4.47388,7,1,-51.8,308.2,P-GPS (Brake),Other,,25,5,True,,Mini 3 Pro,True,False,,Smart,RC,False,True,False,,,True,,False,False,False,False,False,False,False,False,False,False,0,Follow Yaw,-2.9,0,-21.4,338.6,False,False,False,False,False,True,,True,Normal,100,100,1024,581,1542,1024,N,False,False,False,False,False,0,False,False,False,False,47,7.265,1057,2265,7.265,False,3.639,3.626,0.013,False,False,5.404,104.4,100.4,104.3,,,,,,,,,Idle,,,True,,False,8,Go Home,True,True,True,False,False,False,False,False,True,False,False,False,43.0666047727683,-77.6229698903817,22,313.7,1640.4,True,1,1,False,False,False,False,,True,False,False,,328,,16.4,Calm,41,, 1.8.0,DJI Mini 3 Pro,1581F4XF3229R006,53HFK5R0M30ACD,5HAZK6H0018AUR,52XPK6ACA001NV,180.6,0.7,59,13.23575,6.487126,0,8942,DJI Mini 3 Pro,1581F4XF3229R006,53HFK5R0M30ACD,5HAZK6H0018AUR,52XPK6ACA001NV,DJI Fly,, 1.8.0,61EABE4C-BCDC-32F4-D0CC-A1B5A0612123,1581F4XF3229R006W0A6,,,,,,,,,,
6/20/2023,8:53:54.49 AM,2m 34.0s,154,43.0666402506076,-77.6228989468296,9.5,60.6,8.8,544,668.7,11.006563,13.235805,-6.71082,5.368656,8.724066,8.724066,-3.579104,4.47388,10.4,0.9,-51.7,308.3,P-GPS (Brake),Other,,24,5,True,,Mini 3 Pro,True,False,,Smart,RC,False,True,False,,,True,,False,False,False,False,False,False,False,False,False,False,0,Follow Yaw,-2.9,0,-21.4,338.6,False,False,False,False,False,True,,True,Normal,100,100,1024,581,1537,1024,N,False,False,False,False,False,0,False,False,False,False,47,7.265,1057,2265,7.265,False,3.639,3.626,0.013,False,False,5.404,104.4,100.4,104.3,,,,,,,,,Idle,,,True,,False,8,Go Home,True,True,True,False,False,False,False,False,True,False,False,False,43.0666047727683,-77.6229698903817,22.9,313.7,1640.4,True,1,1,False,False,False,False,,True,False,False,,328,,16.4,Calm,41,, 1.8.0,DJI Mini 3 Pro,1581F4XF3229R006,53HFK5R0M30ACD,5HAZK6H0018AUR,52XPK6ACA001NV,180.6,0.7,59,13.23575,6.487126,0,8942,DJI Mini 3 Pro,1581F4XF3229R006,53HFK5R0M30ACD,5HAZK6H0018AUR,52XPK6ACA001NV,DJI Fly,, 1.8.0,61EABE4C-BCDC-32F4-D0CC-A1B5A0612123,1581F4XF3229R006W0A6,,,,,,,,,,
6/20/2023,8:53:54.70 AM,2m 34.2s,154.2,43.0666347036408,-77.6228888116929,10.8,60.6,10.1,545,672.1,11.32033,13.235805,-6.934514,5.368656,8.94776,8.94776,-4.026492,4.47388,11.1,1.4,-51.7,308.3,P-GPS (Brake),Other,,24,5,True,,Mini 3 Pro,True,False,,Smart,RC,False,True,False,,,True,,False,False,False,False,False,False,False,False,False,False,0,Follow Yaw,-2.9,0,-21.4,338.6,False,False,False,False,False,True,,True,Normal,100,100,1024,581,1534,1024,N,False,False,False,False,False,0,False,False,False,False,47,7.265,1057,2265,7.265,False,3.639,3.626,0.013,False,False,5.404,104.4,100.4,104.3,,,,,,,,,Idle,,,True,,False,8,Go Home,True,True,True,False,False,False,False,False,True,False,False,False,43.0666047727683,-77.6229698903817,24.2,313.7,1640.4,True,1,1,False,False,False,False,,True,False,False,,328,,16.4,Calm,41,, 1.8.0,DJI Mini 3 Pro,1581F4XF3229R006,53HFK5R0M30ACD,5HAZK6H0018AUR,52XPK6ACA001NV,180.6,0.7,59,13.23575,6.487126,0,8942,DJI Mini 3 Pro,1581F4XF3229R006,53HFK5R0M30ACD,5HAZK6H0018AUR,52XPK6ACA001NV,DJI Fly,, 1.8.0,61EABE4C-BCDC-32F4-D0CC-A1B5A0612123,1581F4XF3229R006W0A6,,,,,,,,,,
6/20/2023,8:53:54.90 AM,2m 34.4s,154.4,43.0666291049624,-77.622878474974,12.1,60.6,11.4,546,675.5,11.32033,13.235805,-6.934514,5.368656,8.94776,8.94776,-4.250186,4.47388,8.7,0.9,-51.8,308.2,P-GPS (Brake),Other,,24,5,True,,Mini 3 Pro,True,False,,Smart,RC,False,True,False,,,True,,False,False,False,False,False,False,False,False,False,False,0,Follow Yaw,-2.9,0,-21.4,338.6,False,False,False,False,False,True,,True,Normal,100,100,1024,582,1532,1024,N,False,False,False,False,False,0,False,False,False,False,47,7.233,1055,2265,7.233,False,3.639,3.626,0.013,False,False,6.494,104.4,100.4,104.3,,,,,,,,,Idle,,,True,,False,8,Go Home,True,True,True,False,False,False,False,False,True,False,False,False,43.0666047727683,-77.6229698903817,25.9,313.7,1640.4,True,1,1,False,False,False,False,,True,False,False,,328,,16.4,Calm,41,, 1.8.0,DJI Mini 3 Pro,1581F4XF3229R006,53HFK5R0M30ACD,5HAZK6H0018AUR,52XPK6ACA001NV,180.6,0.7,59,13.23575,6.487126,0,8942,DJI Mini 3 Pro,1581F4XF3229R006,53HFK5R0M30ACD,5HAZK6H0018AUR,52XPK6ACA001NV,DJI Fly,, 1.8.0,61EABE4C-BCDC-32F4-D0CC-A1B5A0612123,1581F4XF3229R006W0A6,,,,,,,,,,
6/20/2023,8:53:55.10 AM,2m 34.6s,154.6,43.0666235237069,-77.6228681281762,13.1,60.6,12.7,547,678.9,11.32033,13.235805,-6.934514,5.368656,8.94776,8.94776,-4.250186,4.47388,8.5,0.8,-51.8,308.2,P-GPS (Brake),Other,,24,5,True,,Mini 3 Pro,True,False,,Smart,RC,False,True,False,,,True,,False,False,False,False,False,False,False,False,False,False,0,Follow Yaw,-2.9,0,-21.4,338.6,False,False,False,False,False,True,,True,Normal,100,100,1024,584,1528,1024,N,False,False,False,False,False,0,False,False,False,False,47,7.245,1055,2265,7.245,False,3.628,3.617,0.013,False,False,6.494,104.4,100.4,104.3,,,,,,,,,Idle,,,True,,False,8,Go Home,True,True,True,False,False,False,False,False,True,False,False,False,43.0666047727683,-77.6229698903817,27.9,313.7,1640.4,True,1,1,False,False,False,False,,True,False,False,,328,,16.4,Calm,41,, 1.8.0,DJI Mini 3 Pro,1581F4XF3229R006,53HFK5R0M30ACD,5HAZK6H0018AUR,52XPK6ACA001NV,180.6,0.7,59,13.23575,6.487126,0,8942,DJI Mini 3 Pro,1581F4XF3229R006,53HFK5R0M30ACD,5HAZK6H0018AUR,52XPK6ACA001NV,DJI Fly,, 1.8.0,61EABE4C-BCDC-32F4-D0CC-A1B5A0612123,1581F4XF3229R006W0A6,,,,,,,,,,
6/20/2023,8:53:55.30 AM,2m 34.8s,154.8,43.0666179652134,-77.6228578400982,14.4,60.6,14.1,548,682.4,11.32033,13.235805,-6.934514,5.368656,8.94776,8.94776,-4.026492,4.47388,9.9,1.1,-51.7,308.3,P-GPS (Brake),Other,,24,5,True,,Mini 3 Pro,True,False,,Smart,RC,False,True,False,,,True,,False,False,False,False,False,False,False,False,False,False,0,Follow Yaw,-2.9,0,-21.4,338.6,False,False,False,False,False,True,,True,Normal,100,100,1024,700,1530,1024,N,False,False,False,False,False,0,False,False,False,False,47,7.245,1055,2265,7.245,False,3.628,3.617,0.013,False,False,6.494,104.4,100.4,104.3,,,,,,,,,Idle,,,True,,False,8,Go Home,True,True,True,False,False,False,False,False,True,False,False,False,43.0666047727683,-77.6229698903817,30.2,313.7,1640.4,True,1,1,False,False,False,False,,True,False,False,,328,,16.4,Calm,41,, 1.8.0,DJI Mini 3 Pro,1581F4XF3229R006,53HFK5R0M30ACD,5HAZK6H0018AUR,52XPK6ACA001NV,180.6,0.7,59,13.23575,6.487126,0,8942,DJI Mini 3 Pro,1581F4XF3229R006,53HFK5R0M30ACD,5HAZK6H0018AUR,52XPK6ACA001NV,DJI Fly,, 1.8.0,61EABE4C-BCDC-32F4-D0CC-A1B5A0612123,1581F4XF3229R006W0A6,,,,,,,,,,
6/20/2023,8:53:55.51 AM,2m 35.0s,155,43.066612395144,-77.6228475837987,15.7,60.6,15.4,550,685.8,11.32033,13.235805,-6.934514,5.368656,8.94776,8.94776,-4.026492,4.47388,9.2,0.9,-51.9,308.1,P-GPS (Brake),Other,,24,5,True,,Mini 3 Pro,True,False,,Smart,RC,False,True,False,,,True,,False,False,False,False,False,False,False,False,False,False,0,Follow Yaw,-2.9,0,-21.4,338.6,False,False,False,False,False,True,,True,Normal,100,100,1024,793,1530,1024,N,False,False,False,False,False,0,False,False,False,False,47,7.245,1055,2265,7.245,False,3.628,3.617,0.013,False,False,6.494,104.4,100.4,104.3,,,,,,,,,Idle,,,True,,False,8,Go Home,True,True,True,False,False,False,False,False,True,False,False,False,43.0666047727683,-77.6229698903817,32.7,313.7,1640.4,True,1,1,False,False,False,False,,True,False,False,,328,,16.4,Calm,41,, 1.8.0,DJI Mini 3 Pro,1581F4XF3229R006,53HFK5R0M30ACD,5HAZK6H0018AUR,52XPK6ACA001NV,180.6,0.7,59,13.23575,6.487126,0,8942,DJI Mini 3 Pro,1581F4XF3229R006,53HFK5R0M30ACD,5HAZK6H0018AUR,52XPK6ACA001NV,DJI Fly,, 1.8.0,61EABE4C-BCDC-32F4-D0CC-A1B5A0612123,1581F4XF3229R006W0A6,,,,,,,,,,
6/20/2023,8:53:55.71 AM,2m 35.2s,155.2,43.0666068618391,-77.6228373686354,17,60.6,16.7,551,689.2,11.32033,13.235805,-6.934514,5.368656,8.94776,8.94776,-4.026492,4.47388,4.1,1.1,-51.8,308.2,P-GPS (Brake),Other,,24,5,True,,Mini 3 Pro,True,False,,Smart,RC,False,True,False,,,True,,False,False,False,False,False,False,False,False,False,False,0,Follow Yaw,-2.9,0,-21.4,338.6,False,False,False,False,False,True,,True,Normal,100,100,1024,929,1529,1024,N,False,False,False,False,False,0,False,False,False,False,47,7.245,1055,2265,7.245,False,3.628,3.617,0.013,False,False,6.494,104.4,100.4,104.3,,,,,,,,,Idle,,,True,,False,8,Go Home,True,True,True,False,False,False,False,False,True,False,False,False,43.0666047727683,-77.6229698903817,35.3,313.7,1640.4,True,1,1,False,False,False,False,,True,False,False,,328,,16.4,Calm,41,, 1.8.0,DJI Mini 3 Pro,1581F4XF3229R006,53HFK5R0M30ACD,5HAZK6H0018AUR,52XPK6ACA001NV,180.6,0.7,59,13.23575,6.487126,0,8942,DJI Mini 3 Pro,1581F4XF3229R006,53HFK5R0M30ACD,5HAZK6H0018AUR,52XPK6ACA001NV,DJI Fly,, 1.8.0,61EABE4C-BCDC-32F4-D0CC-A1B5A0612123,1581F4XF3229R006W0A6,,,,,,,,,,
6/20/2023,8:53:55.91 AM,2m 35.4s,155.4,43.066601549283,-77.6228275133194,18,60.6,18,552,692.4,10.692947,13.235805,-6.487126,5.368656,8.500372,8.94776,-4.250186,4.47388,0,1.2,-51.9,308.1,P-GPS (Brake),Other,,24,5,True,,Mini 3 Pro,True,False,,Smart,RC,False,True,False,,,True,,False,False,False,False,False,False,False,False,False,False,0,Follow Yaw,-2.9,0,-21.4,338.6,False,False,False,False,False,True,,True,Normal,100,100,1024,1024,1024,1024,N,False,False,False,False,False,0,False,False,False,False,47,7.245,1055,2265,7.245,False,3.628,3.617,0.013,False,False,6.494,104.4,100.4,104.3,,,,,,,,,Idle,,,True,,False,8,Go Home,True,True,True,False,False,False,False,False,True,False,False,False,43.0666047727683,-77.6229698903817,37.9,313.7,1640.4,True,1,1,False,False,False,False,,True,False,False,,328,,16.4,Calm,41,, 1.8.0,DJI Mini 3 Pro,1581F4XF3229R006,53HFK5R0M30ACD,5HAZK6H0018AUR,52XPK6ACA001NV,180.6,0.7,59,13.23575,6.487126,0,8942,DJI Mini 3 Pro,1581F4XF3229R006,53HFK5R0M30ACD,5HAZK6H0018AUR,52XPK6ACA001NV,DJI Fly,, 1.8.0,61EABE4C-BCDC-32F4-D0CC-A1B5A0612123,1581F4XF3229R006W0A6,,,,,,,,,,
6/20/2023,8:53:56.11 AM,2m 35.6s,155.6,43.0665965594717,-77.6228182375795,19.3,60.6,19.3,553,695.5,9.888185,13.235805,-6.039738,5.368656,7.82929,8.94776,-3.802798,4.47388,-4.9,1.4,-51.8,308.2,P-GPS (Brake),Other,,24,5,True,,Mini 3 Pro,True,False,,Smart,RC,False,True,False,,,True,,False,False,False,False,False,False,False,False,False,False,0,Follow Yaw,-2.9,0,-21.4,338.6,False,False,False,False,False,True,,True,Normal,100,100,1024,1024,1024,1024,N,False,False,False,False,False,0,False,False,False,False,47,7.266,1053,2265,7.266,False,3.638,3.628,0.013,False,False,6.116,104.5,100.4,104.5,,,,,,,,,Idle,,,True,,False,8,Go Home,True,True,True,False,False,False,False,False,True,False,False,False,43.0666047727683,-77.6229698903817,40.5,313.7,1640.4,True,1,1,False,False,False,False,,True,False,False,,328,,16.4,Calm,41,, 1.8.0,DJI Mini 3 Pro,1581F4XF3229R006,53HFK5R0M30ACD,5HAZK6H0018AUR,52XPK6ACA001NV,180.6,0.7,59,13.23575,6.487126,0,8942,DJI Mini 3 Pro,1581F4XF3229R006,53HFK5R0M30ACD,5HAZK6H0018AUR,52XPK6ACA001NV,DJI Fly,, 1.8.0,61EABE4C-BCDC-32F4-D0CC-A1B5A0612123,1581F4XF3229R006W0A6,,,,,,,,,,
6/20/2023,8:53:56.31 AM,2m 35.8s,155.8,43.0665921213039,-77.622810031895,20.3,60.6,20.3,554,698.2,8.2797,13.235805,-5.144962,5.368656,6.487126,8.94776,-2.684328,4.47388,-39.6,-1.8,-51.8,308.2,P-GPS (Brake),Other,,24,5,True,,Mini 3 Pro,True,False,,Smart,RC,False,True,False,,,True,,False,False,False,False,False,False,False,False,False,False,0,Follow Yaw,-2.9,0,-21.4,338.6,False,False,False,False,False,True,,True,Normal,100,100,1024,1024,1038,1024,N,False,False,False,False,False,0,False,False,False,False,47,7.266,1053,2265,7.266,False,3.638,3.628,0.013,False,False,6.116,104.5,100.4,104.5,,,,,,,,,Idle,,,True,,False,8,Go Home,True,True,True,False,False,False,False,False,True,False,False,False,43.0666047727683,-77.6229698903817,42.8,313.7,1640.4,True,1,1,False,False,False,False,,True,False,False,,328,,16.4,Calm,41,, 1.8.0,DJI Mini 3 Pro,1581F4XF3229R006,53HFK5R0M30ACD,5HAZK6H0018AUR,52XPK6ACA001NV,180.6,0.7,59,13.23575,6.487126,0,8942,DJI Mini 3 Pro,1581F4XF3229R006,53HFK5R0M30ACD,5HAZK6H0018AUR,52XPK6ACA001NV,DJI Fly,, 1.8.0,61EABE4C-BCDC-32F4-D0CC-A1B5A0612123,1581F4XF3229R006W0A6,,,,,,,,,,
6/20/2023,8:53:56.52 AM,2m 36.0s,156,43.0665888140194,-77.6228041426623,20.9,60.6,20.6,555,700.2,5.7031,13.235805,-3.802798,5.368656,4.250186,8.94776,-0.894776,4.47388,-31.5,0.6,-52.5,307.5,P-GPS (Brake),Other,,24,5,True,,Mini 3 Pro,True,False,,Smart,RC,False,True,False,,,True,,False,False,False,False,False,False,False,False,False,False,0,Follow Yaw,-2.9,0,-21.4,338.6,False,False,False,False,False,True,,True,Normal,100,100,1024,1024,1426,1024,N,False,False,False,False,False,0,False,False,False,False,47,7.266,1053,2265,7.266,False,3.638,3.628,0.013,False,False,6.116,104.5,100.4,104.5,,,,,,,,,Idle,,,True,,False,8,Go Home,True,True,True,False,False,False,False,False,True,False,False,False,43.0666047727683,-77.6229698903817,44.5,313.7,1640.4,True,1,1,False,False,False,False,,True,False,False,,328,,16.4,Calm,41,, 1.8.0,DJI Mini 3 Pro,1581F4XF3229R006,53HFK5R0M30ACD,5HAZK6H0018AUR,52XPK6ACA001NV,180.6,0.7,59,13.23575,6.487126,0,8942,DJI Mini 3 Pro,1581F4XF3229R006,53HFK5R0M30ACD,5HAZK6H0018AUR,52XPK6ACA001NV,DJI Fly,, 1.8.0,61EABE4C-BCDC-32F4-D0CC-A1B5A0612123,1581F4XF3229R006W0A6,,,,,,,,,,
6/20/2023,8:53:56.72 AM,2m 36.2s,156.2,43.066586463266,-77.6228001422207,20.9,60.6,18,555,701.6,3.32545,13.235805,-2.23694,5.368656,2.460634,8.94776,,4.47388,-31,5.5,-53.8,306.2,P-GPS (Brake),Other,,24,5,True,,Mini 3 Pro,True,False,,Smart,RC,False,True,False,,,True,,False,False,False,False,False,False,False,False,False,False,0,Follow Yaw,-2.9,0,-21.4,338.6,False,False,False,False,False,True,,True,Normal,100,100,1024,1024,1441,1024,N,False,False,False,False,False,0,False,False,False,False,47,7.266,1053,2265,7.266,False,3.638,3.628,0.013,False,False,6.116,104.5,100.4,104.5,,,,,,,,,Idle,,,True,,False,8,Go Home,True,True,True,False,False,False,False,False,True,False,False,False,43.0666047727683,-77.6229698903817,45.7,313.7,1640.4,True,1,1,False,False,False,False,,True,False,False,,328,,16.4,Calm,41,, 1.8.0,DJI Mini 3 Pro,1581F4XF3229R006,53HFK5R0M30ACD,5HAZK6H0018AUR,52XPK6ACA001NV,180.6,0.7,59,13.23575,6.487126,0,8942,DJI Mini 3 Pro,1581F4XF3229R006,53HFK5R0M30ACD,5HAZK6H0018AUR,52XPK6ACA001NV,DJI Fly,, 1.8.0,61EABE4C-BCDC-32F4-D0CC-A1B5A0612123,1581F4XF3229R006W0A6,,,,,,,,,,
6/20/2023,8:53:56.92 AM,2m 36.4s,156.4,43.0665855189115,-77.6227985831051,20.9,60.6,18.3,555,702.1,0.80654,13.235805,-0.671082,5.368656,0.447388,8.94776,-1.342164,4.47388,-6.8,2.9,-52.1,307.9,P-GPS (Brake),Other,,24,5,True,,Mini 3 Pro,True,False,,Smart,RC,False,True,False,,,True,,False,False,False,False,False,False,False,False,False,False,0,Follow Yaw,-2.9,0,-21.4,338.6,False,False,False,False,False,True,,True,Normal,100,100,1024,1024,1430,1024,N,False,False,False,False,False,0,False,False,False,False,47,7.266,1053,2265,7.266,False,3.638,3.628,0.013,False,False,6.116,104.5,100.4,104.5,,,,,,,,,Idle,,,True,,False,8,Go Home,True,True,True,False,False,False,False,False,True,False,False,False,43.0666047727683,-77.6229698903817,46.1,313.7,1640.4,True,1,1,False,False,False,False,,True,False,False,,328,,16.4,Calm,41,, 1.8.0,DJI Mini 3 Pro,1581F4XF3229R006,53HFK5R0M30ACD,5HAZK6H0018AUR,52XPK6ACA001NV,180.6,0.7,59,13.23575,6.487126,0,8942,DJI Mini 3 Pro,1581F4XF3229R006,53HFK5R0M30ACD,5HAZK6H0018AUR,52XPK6ACA001NV,DJI Fly,, 1.8.0,61EABE4C-BCDC-32F4-D0CC-A1B5A0612123,1581F4XF3229R006W0A6,,,,,,,,,,
6/20/2023,8:53:57.12 AM,2m 36.6s,156.6,43.0665852012621,-77.6227980619732,21.6,60.6,19.3,556,702.3,0.316351,13.235805,-0.223694,5.368656,0.223694,8.94776,-2.460634,4.47388,-2,3.8,-51.9,308.1,P-GPS (Brake),Other,,24,5,True,,Mini 3 Pro,True,False,,Smart,RC,False,True,False,,,True,,False,False,False,False,False,False,False,False,False,False,0,Follow Yaw,-2.9,0,-21.4,338.6,False,False,False,False,False,True,,True,Normal,100,100,1024,1024,1024,1024,N,False,False,False,False,False,0,False,False,False,False,47,7.205,1052,2265,7.205,False,3.605,3.6,0.013,False,False,4.729,104.5,100.4,104.5,,,,,,,,,Idle,,,True,,False,8,Go Home,True,True,True,False,False,False,False,False,True,False,False,False,43.0666047727683,-77.6229698903817,46.3,313.7,1640.4,True,1,1,False,False,False,False,,True,False,False,,328,,16.4,Calm,41,, 1.8.0,DJI Mini 3 Pro,1581F4XF3229R006,53HFK5R0M30ACD,5HAZK6H0018AUR,52XPK6ACA001NV,180.6,0.7,59,13.23575,6.487126,0,8942,DJI Mini 3 Pro,1581F4XF3229R006,53HFK5R0M30ACD,5HAZK6H0018AUR,52XPK6ACA001NV,DJI Fly,, 1.8.0,61EABE4C-BCDC-32F4-D0CC-A1B5A0612123,1581F4XF3229R006W0A6,,,,,,,,,,
6/20/2023,8:53:57.32 AM,2m 36.8s,156.8,43.0665851782859,-77.6227977660698,22.6,60.6,20.6,557,702.4,0.316351,13.235805,-0.223694,5.368656,0.223694,8.94776,-2.013246,4.47388,-1,2.2,-51.8,308.2,P-GPS (Brake),Other,,24,5,True,,Mini 3 Pro,True,False,,Smart,RC,False,True,False,,,True,,False,False,False,False,False,False,False,False,False,False,0,Follow Yaw,-2.9,0,-21.4,338.6,False,False,False,False,False,True,,True,Normal,100,100,1024,1024,1024,1024,N,False,False,False,False,False,0,False,False,False,False,47,7.205,1052,2265,7.205,False,3.605,3.6,0.013,False,False,4.729,104.5,100.4,104.5,,,,,,,,,Idle,,,True,,False,8,Go Home,True,True,True,False,False,False,False,False,True,False,False,False,43.0666047727683,-77.6229698903817,46.4,313.7,1640.4,True,1,1,False,False,False,False,,True,False,False,,328,,16.4,Calm,41,, 1.8.0,DJI Mini 3 Pro,1581F4XF3229R006,53HFK5R0M30ACD,5HAZK6H0018AUR,52XPK6ACA001NV,180.6,0.7,59,13.23575,6.487126,0,8942,DJI Mini 3 Pro,1581F4XF3229R006,53HFK5R0M30ACD,5HAZK6H0018AUR,52XPK6ACA001NV,DJI Fly,, 1.8.0,61EABE4C-BCDC-32F4-D0CC-A1B5A0612123,1581F4XF3229R006W0A6,,,,,,,,,,
6/20/2023,8:53:57.53 AM,2m 37.0s,157,43.0665851485301,-77.6227975719044,22.9,60.6,21.3,557,702.4,0.223694,13.235805,,5.368656,0.223694,8.94776,-0.447388,4.47388,-2.9,1.3,-51.9,308.1,P-GPS (Brake),Other,,25,5,True,,Mini 3 Pro,True,False,,Smart,RC,False,True,False,,,True,,False,False,False,False,False,False,False,False,False,False,0,Follow Yaw,-2.9,0,-21.4,338.6,False,False,False,False,False,True,,True,Normal,100,100,1024,1024,1024,1024,N,False,False,False,False,False,0,False,False,False,False,47,7.205,1052,2265,7.205,False,3.605,3.6,0.013,False,False,4.729,104.5,100.4,104.5,,,,,,,,,Idle,,,True,,False,8,Go Home,True,True,True,False,False,False,False,False,True,False,False,False,43.0666047727683,-77.6229698903817,46.4,313.7,1640.4,True,1,1,False,False,False,False,,True,False,False,,328,,16.4,Calm,41,, 1.8.0,DJI Mini 3 Pro,1581F4XF3229R006,53HFK5R0M30ACD,5HAZK6H0018AUR,52XPK6ACA001NV,180.6,0.7,59,13.23575,6.487126,0,8942,DJI Mini 3 Pro,1581F4XF3229R006,53HFK5R0M30ACD,5HAZK6H0018AUR,52XPK6ACA001NV,DJI Fly,, 1.8.0,61EABE4C-BCDC-32F4-D0CC-A1B5A0612123,1581F4XF3229R006W0A6,,,,,,,,,,
6/20/2023,8:53:57.73 AM,2m 37.2s,157.2,43.0665851451997,-77.6227975674718,22.9,60.6,21.6,557,702.4,,13.235805,,5.368656,,8.94776,,4.47388,-2.9,0.6,-51.8,308.2,P-GPS (Brake),Other,,25,5,True,,Mini 3 Pro,True,False,,Smart,RC,False,True,False,,,True,,False,False,False,False,False,False,False,False,False,False,0,Follow Yaw,-2.9,0,-21.4,338.6,False,False,False,False,False,True,,True,Normal,100,100,1024,1024,1024,1024,N,False,False,False,False,False,0,False,False,False,False,47,7.205,1052,2265,7.205,False,3.605,3.6,0.013,False,False,4.729,104.5,100.4,104.5,,,,,,,,,Idle,,,True,,False,8,Go Home,True,True,True,False,False,False,False,False,True,False,False,False,43.0666047727683,-77.6229698903817,46.4,313.7,1640.4,True,1,1,False,False,False,False,,True,False,False,,328,,16.4,Calm,41,, 1.8.0,DJI Mini 3 Pro,1581F4XF3229R006,53HFK5R0M30ACD,5HAZK6H0018AUR,52XPK6ACA001NV,180.6,0.7,59,13.23575,6.487126,0,8942,DJI Mini 3 Pro,1581F4XF3229R006,53HFK5R0M30ACD,5HAZK6H0018AUR,52XPK6ACA001NV,DJI Fly,, 1.8.0,61EABE4C-BCDC-32F4-D0CC-A1B5A0612123,1581F4XF3229R006W0A6,,,,,,,,,,
6/20/2023,8:53:57.93 AM,2m 37.4s,157.4,43.066585158323,-77.6227977792737,22.9,60.6,21.6,557,702.5,,13.235805,,5.368656,,8.94776,,4.47388,-0.5,1.4,-51.8,308.2,P-GPS (Brake),Other,,25,5,True,,Mini 3 Pro,True,False,,Smart,RC,False,True,False,,,True,,False,False,False,False,False,False,False,False,False,False,0,Follow Yaw,-2.9,0,-21.4,338.6,False,False,False,False,False,True,,True,Normal,100,100,1024,1024,1024,1024,N,False,False,False,False,False,0,False,False,False,False,47,7.205,1052,2265,7.205,False,3.605,3.6,0.013,False,False,4.729,104.5,100.4,104.5,,,,,,,,,Idle,,,True,,False,8,Go Home,True,True,True,False,False,False,False,False,True,False,False,False,43.0666047727683,-77.6229698903817,46.4,313.7,1640.4,True,1,1,False,False,False,False,,True,False,False,,328,,16.4,Calm,41,, 1.8.0,DJI Mini 3 Pro,1581F4XF3229R006,53HFK5R0M30ACD,5HAZK6H0018AUR,52XPK6ACA001NV,180.6,0.7,59,13.23575,6.487126,0,8942,DJI Mini 3 Pro,1581F4XF3229R006,53HFK5R0M30ACD,5HAZK6H0018AUR,52XPK6ACA001NV,DJI Fly,, 1.8.0,61EABE4C-BCDC-32F4-D0CC-A1B5A0612123,1581F4XF3229R006W0A6,,,,,,,,,,
6/20/2023,8:53:58.13 AM,2m 37.6s,157.6,43.0665851768467,-77.6227980943848,22.9,60.6,21.6,557,702.6,,13.235805,,5.368656,,8.94776,,4.47388,1.3,1.7,-51.8,308.2,P-GPS (Brake),Other,,25,5,True,,Mini 3 Pro,True,False,,Smart,RC,False,True,False,,,True,,False,False,False,False,False,False,False,False,False,False,0,Follow Yaw,-2.9,0,-21.4,338.6,False,False,False,False,False,True,,True,Normal,100,100,1024,1024,1024,1024,N,False,False,False,False,False,0,False,False,False,False,47,7.276,1050,2265,7.276,False,3.644,3.632,0.013,False,False,6.037,104.5,100.4,104.5,,,,,,,,,Idle,,,True,,False,8,Go Home,True,True,True,False,False,False,False,False,True,False,False,False,43.0666047727683,-77.6229698903817,46.3,313.7,1640.4,True,1,1,False,False,False,False,,True,False,False,,328,,16.4,Calm,41,, 1.8.0,DJI Mini 3 Pro,1581F4XF3229R006,53HFK5R0M30ACD,5HAZK6H0018AUR,52XPK6ACA001NV,180.6,0.7,59,13.23575,6.487126,0,8942,DJI Mini 3 Pro,1581F4XF3229R006,53HFK5R0M30ACD,5HAZK6H0018AUR,52XPK6ACA001NV,DJI Fly,, 1.8.0,61EABE4C-BCDC-32F4-D0CC-A1B5A0612123,1581F4XF3229R006W0A6,,,,,,,,,,
6/20/2023,8:53:58.33 AM,2m 37.8s,157.8,43.0665851562617,-77.6227983678557,22.9,60.6,21.9,557,702.6,,13.235805,,5.368656,,8.94776,,4.47388,1.4,1.8,-51.8,308.2,P-GPS (Brake),Other,,25,5,True,,Mini 3 Pro,True,False,,Smart,RC,False,True,False,,,True,,False,False,False,False,False,False,False,False,False,False,0,Follow Yaw,-2.9,0,-21.4,338.6,False,False,False,False,False,True,,True,Normal,100,100,1024,1123,1024,1024,N,False,False,False,False,False,0,False,False,False,False,47,7.276,1050,2265,7.276,False,3.644,3.632,0.013,False,False,6.037,104.5,100.4,104.5,,,,,,,,,Idle,,,True,,False,8,Go Home,True,True,True,False,False,False,False,False,True,False,False,False,43.0666047727683,-77.6229698903817,46.2,313.7,1640.4,True,1,1,False,False,False,False,,True,False,False,,328,,16.4,Calm,41,, 1.8.0,DJI Mini 3 Pro,1581F4XF3229R006,53HFK5R0M30ACD,5HAZK6H0018AUR,52XPK6ACA001NV,180.6,0.7,59,13.23575,6.487126,0,8942,DJI Mini 3 Pro,1581F4XF3229R006,53HFK5R0M30ACD,5HAZK6H0018AUR,52XPK6ACA001NV,DJI Fly,, 1.8.0,61EABE4C-BCDC-32F4-D0CC-A1B5A0612123,1581F4XF3229R006W0A6,,,,,,,,,,
6/20/2023,8:53:58.54 AM,2m 38.0s,158,43.0665850777628,-77.6227985239338,22.9,60.6,21.9,557,702.7,,13.235805,,5.368656,,8.94776,,4.47388,0.4,2,-51.8,308.2,P-GPS (Brake),Other,,25,5,True,,Mini 3 Pro,True,False,,Smart,RC,False,True,False,,,True,,False,False,False,False,False,False,False,False,False,False,0,Follow Yaw,-2.9,0,-21.4,338.6,False,False,False,False,False,True,,True,Normal,100,100,1024,1206,1024,1024,N,False,False,False,False,False,0,False,False,False,False,47,7.276,1050,2265,7.276,False,3.644,3.632,0.013,False,False,6.037,104.5,100.4,104.5,,,,,,,,,Idle,,,True,,False,8,Go Home,True,True,True,False,False,False,False,False,True,False,False,False,43.0666047727683,-77.6229698903817,46.2,313.7,1640.4,True,1,1,False,False,False,False,,True,False,False,,328,,16.4,Calm,41,, 1.8.0,DJI Mini 3 Pro,1581F4XF3229R006,53HFK5R0M30ACD,5HAZK6H0018AUR,52XPK6ACA001NV,180.6,0.7,59,13.23575,6.487126,0,8942,DJI Mini 3 Pro,1581F4XF3229R006,53HFK5R0M30ACD,5HAZK6H0018AUR,52XPK6ACA001NV,DJI Fly,, 1.8.0,61EABE4C-BCDC-32F4-D0CC-A1B5A0612123,1581F4XF3229R006W0A6,,,,,,,,,,
6/20/2023,8:53:58.74 AM,2m 38.2s,158.2,43.0665850110711,-77.622798652877,22.9,60.6,21.9,557,702.7,,13.235805,,5.368656,,8.94776,,4.47388,-0.8,1.6,-51.9,308.1,P-GPS (Brake),Other,,25,5,True,,Mini 3 Pro,True,False,,Smart,RC,False,True,False,,,True,,False,False,False,False,False,False,False,False,False,False,0,Follow Yaw,-2.9,0,-21.4,338.6,False,False,False,False,False,True,,True,Normal,100,100,1024,1211,1024,1024,N,False,False,False,False,False,0,False,False,False,False,47,7.276,1050,2265,7.276,False,3.644,3.632,0.013,False,False,6.037,104.5,100.4,104.5,,,,,,,,,Idle,,,True,,False,8,Go Home,True,True,True,False,False,False,False,False,True,False,False,False,43.0666047727683,-77.6229698903817,46.2,313.7,1640.4,True,1,1,False,False,False,False,,True,False,False,,328,,16.4,Calm,41,, 1.8.0,DJI Mini 3 Pro,1581F4XF3229R006,53HFK5R0M30ACD,5HAZK6H0018AUR,52XPK6ACA001NV,180.6,0.7,59,13.23575,6.487126,0,8942,DJI Mini 3 Pro,1581F4XF3229R006,53HFK5R0M30ACD,5HAZK6H0018AUR,52XPK6ACA001NV,DJI Fly,, 1.8.0,61EABE4C-BCDC-32F4-D0CC-A1B5A0612123,1581F4XF3229R006W0A6,,,,,,,,,,
6/20/2023,8:53:58.84 AM,2m 38.4s,158.4,43.0665850054448,-77.6227988108078,22.9,60.6,21.9,557,702.8,,13.235805,,5.368656,,8.94776,,4.47388,-1.9,1.4,-51.9,308.1,P-GPS (Brake),Other,,25,5,True,,Mini 3 Pro,True,False,,Smart,RC,False,True,False,,,True,,False,False,False,False,False,False,False,False,False,False,0,Follow Yaw,-2.9,0,-21.4,338.6,False,False,False,False,False,True,,True,Normal,100,100,1024,1211,1024,1024,N,False,False,False,False,False,0,False,False,False,False,47,7.276,1050,2265,7.276,False,3.644,3.632,0.013,False,False,6.037,104.5,100.4,104.5,,,,,,,,,Idle,,,True,,False,8,Go Home,True,True,True,False,False,False,False,False,True,False,False,False,43.0666047727683,-77.6229698903817,46.1,313.7,1640.4,True,1,1,False,False,False,False,,True,False,False,,328,,16.4,Calm,41,, 1.8.0,DJI Mini 3 Pro,1581F4XF3229R006,53HFK5R0M30ACD,5HAZK6H0018AUR,52XPK6ACA001NV,180.6,0.7,59,13.23575,6.487126,0,8942,DJI Mini 3 Pro,1581F4XF3229R006,53HFK5R0M30ACD,5HAZK6H0018AUR,52XPK6ACA001NV,DJI Fly,, 1.8.0,61EABE4C-BCDC-32F4-D0CC-A1B5A0612123,1581F4XF3229R006W0A6,,,,,,,,,,
6/20/2023,8:53:59.14 AM,2m 38.6s,158.6,43.0665850743671,-77.6227991064884,22.9,60.6,21.9,557,702.8,0.316351,13.235805,0.223694,5.368656,-0.223694,8.94776,,4.47388,-2.3,1.4,-52,308,P-GPS (Brake),Other,,25,5,True,,Mini 3 Pro,True,False,,Smart,RC,False,True,False,,,True,,False,False,False,False,False,False,False,False,False,False,0,Follow Yaw,-2.9,0,-21.4,338.6,False,False,False,False,False,True,,True,Normal,100,100,1024,1024,1024,1024,N,False,False,False,False,False,0,False,False,False,False,47,7.276,1049,2265,7.276,False,3.644,3.632,0.013,False,False,4.998,104.5,100.4,104.5,,,,,,,,,Idle,,,True,,False,8,Go Home,True,True,True,False,False,False,False,False,True,False,False,False,43.0666047727683,-77.6229698903817,46,313.7,1640.4,True,1,1,False,False,False,False,,True,False,False,,328,,16.4,Calm,41,, 1.8.0,DJI Mini 3 Pro,1581F4XF3229R006,53HFK5R0M30ACD,5HAZK6H0018AUR,52XPK6ACA001NV,180.6,0.7,59,13.23575,6.487126,0,8942,DJI Mini 3 Pro,1581F4XF3229R006,53HFK5R0M30ACD,5HAZK6H0018AUR,52XPK6ACA001NV,DJI Fly,, 1.8.0,61EABE4C-BCDC-32F4-D0CC-A1B5A0612123,1581F4XF3229R006W0A6,,,,,,,,,,
6/20/2023,8:53:59.34 AM,2m 38.8s,158.8,43.0665852521448,-77.6227995629846,22.9,60.6,21.9,557,703,0.316351,13.235805,0.223694,5.368656,-0.223694,8.94776,,4.47388,-0.9,1.4,-51.9,308.1,P-GPS (Brake),Other,,25,5,True,,Mini 3 Pro,True,False,,Smart,RC,False,True,False,,,True,,False,False,False,False,False,False,False,False,False,False,0,Follow Yaw,-2.9,0,-21.4,338.6,False,False,False,False,False,True,,True,Normal,100,100,1024,1024,1024,1024,N,False,False,False,False,False,0,False,False,False,False,47,7.276,1049,2265,7.276,False,3.644,3.632,0.013,False,False,4.998,104.5,100.4,104.5,,,,,,,,,Idle,,,True,,False,8,Go Home,True,True,True,False,False,False,False,False,True,False,False,False,43.0666047727683,-77.6229698903817,45.9,313.7,1640.4,True,1,1,False,False,False,False,,True,False,False,,328,,16.4,Calm,41,, 1.8.0,DJI Mini 3 Pro,1581F4XF3229R006,53HFK5R0M30ACD,5HAZK6H0018AUR,52XPK6ACA001NV,180.6,0.7,59,13.23575,6.487126,0,8942,DJI Mini 3 Pro,1581F4XF3229R006,53HFK5R0M30ACD,5HAZK6H0018AUR,52XPK6ACA001NV,DJI Fly,, 1.8.0,61EABE4C-BCDC-32F4-D0CC-A1B5A0612123,1581F4XF3229R006W0A6,,,,,,,,,,
6/20/2023,8:53:59.44 AM,2m 39.0s,159,43.0665855104475,-77.6228000741608,22.9,60.6,21.9,557,703.1,0.316351,13.235805,0.223694,5.368656,-0.223694,8.94776,,4.47388,1.5,1.3,-51.9,308.1,P-GPS (Brake),Other,,25,5,True,,Mini 3 Pro,True,False,,Smart,RC,False,True,False,,,True,,False,False,False,False,False,False,False,False,False,False,0,Follow Yaw,-2.9,0,-21.4,338.6,False,False,False,False,False,True,,True,Normal,100,100,1024,1024,1024,1024,N,False,False,False,False,False,0,False,False,False,False,47,7.276,1049,2265,7.276,False,3.644,3.632,0.013,False,False,4.998,104.5,100.4,104.5,,,,,,,,,Idle,,,True,,False,8,Go Home,True,True,True,False,False,False,False,False,True,False,False,False,43.0666047727683,-77.6229698903817,45.8,313.7,1640.4,True,1,1,False,False,False,False,,True,False,False,,328,,16.4,Calm,41,, 1.8.0,DJI Mini 3 Pro,1581F4XF3229R006,53HFK5R0M30ACD,5HAZK6H0018AUR,52XPK6ACA001NV,180.6,0.7,59,13.23575,6.487126,0,8942,DJI Mini 3 Pro,1581F4XF3229R006,53HFK5R0M30ACD,5HAZK6H0018AUR,52XPK6ACA001NV,DJI Fly,, 1.8.0,61EABE4C-BCDC-32F4-D0CC-A1B5A0612123,1581F4XF3229R006W0A6,,,,,,,,,,
6/20/2023,8:53:59.75 AM,2m 39.2s,159.2,43.0665857108181,-77.6228005278777,22.9,60.6,21.9,557,703.3,0.316351,13.235805,0.223694,5.368656,-0.223694,8.94776,,4.47388,1.8,1.2,-51.8,308.2,P-GPS (Brake),Other,,25,5,True,,Mini 3 Pro,True,False,,Smart,RC,False,True,False,,,True,,False,False,False,False,False,False,False,False,False,False,0,Follow Yaw,-2.9,0,-21.4,338.6,False,False,False,False,False,True,,True,Normal,100,100,1024,1024,1024,1024,N,False,False,False,False,False,0,False,False,False,False,47,7.276,1049,2265,7.276,False,3.644,3.632,0.013,False,False,4.998,104.5,100.4,104.5,,,,,,,,,Idle,,,True,,False,8,Go Home,True,True,True,False,False,False,False,False,True,False,False,False,43.0666047727683,-77.6229698903817,45.6,313.7,1640.4,True,1,1,False,False,False,False,,True,False,False,,328,,16.4,Calm,41,, 1.8.0,DJI Mini 3 Pro,1581F4XF3229R006,53HFK5R0M30ACD,5HAZK6H0018AUR,52XPK6ACA001NV,180.6,0.7,59,13.23575,6.487126,0,8942,DJI Mini 3 Pro,1581F4XF3229R006,53HFK5R0M30ACD,5HAZK6H0018AUR,52XPK6ACA001NV,DJI Fly,, 1.8.0,61EABE4C-BCDC-32F4-D0CC-A1B5A0612123,1581F4XF3229R006W0A6,,,,,,,,,,
6/20/2023,8:53:59.95 AM,2m 39.4s,159.4,43.0665858697402,-77.622800913781,22.9,60.6,21.9,557,703.4,0.223694,13.235805,,5.368656,-0.223694,8.94776,,4.47388,2,1.2,-51.9,308.1,P-GPS (Brake),Other,,25,5,True,,Mini 3 Pro,True,False,,Smart,RC,False,True,False,,,True,,False,False,False,False,False,False,False,False,False,False,0,Follow Yaw,-2.9,0,-21.4,338.6,False,False,False,False,False,True,,True,Normal,100,100,1024,1024,1024,1024,N,False,False,False,False,False,0,False,False,False,False,47,7.276,1049,2265,7.276,False,3.644,3.632,0.013,False,False,4.998,104.5,100.4,104.5,,,,,,,,,Idle,,,True,,False,8,Go Home,True,True,True,False,False,False,False,False,True,False,False,False,43.0666047727683,-77.6229698903817,45.5,313.7,1640.4,True,1,1,False,False,False,False,,True,False,False,,328,,16.4,Calm,41,, 1.8.0,DJI Mini 3 Pro,1581F4XF3229R006,53HFK5R0M30ACD,5HAZK6H0018AUR,52XPK6ACA001NV,180.6,0.7,59,13.23575,6.487126,0,8942,DJI Mini 3 Pro,1581F4XF3229R006,53HFK5R0M30ACD,5HAZK6H0018AUR,52XPK6ACA001NV,DJI Fly,, 1.8.0,61EABE4C-BCDC-32F4-D0CC-A1B5A0612123,1581F4XF3229R006W0A6,,,,,,,,,,
6/20/2023,8:54:00.15 AM,2m 39.6s,159.6,43.0665859673153,-77.6228011642096,23.2,60.6,22.3,557,703.5,,13.235805,,5.368656,,8.94776,,4.47388,2.1,1.1,-51.9,308.1,P-GPS (Brake),Other,,25,5,True,,Mini 3 Pro,True,False,,Smart,RC,False,True,False,,,True,,False,False,False,False,False,False,False,False,False,False,0,Follow Yaw,-2.9,0,-21.4,338.6,False,False,False,False,False,True,,True,Normal,100,100,1024,1024,1024,1024,N,False,False,False,False,False,0,False,False,False,False,47,7.275,1047,2265,7.275,False,3.643,3.632,0.013,False,False,4.964,104.5,100.4,104.5,,,,,,,,,Idle,,,True,,False,8,Go Home,True,True,True,False,False,False,False,False,True,False,False,False,43.0666047727683,-77.6229698903817,45.4,313.7,1640.4,True,1,1,False,False,False,False,,True,False,False,,328,,16.4,Calm,41,, 1.8.0,DJI Mini 3 Pro,1581F4XF3229R006,53HFK5R0M30ACD,5HAZK6H0018AUR,52XPK6ACA001NV,180.6,0.7,59,13.23575,6.487126,0,8942,DJI Mini 3 Pro,1581F4XF3229R006,53HFK5R0M30ACD,5HAZK6H0018AUR,52XPK6ACA001NV,DJI Fly,, 1.8.0,61EABE4C-BCDC-32F4-D0CC-A1B5A0612123,1581F4XF3229R006W0A6,,,,,,,,,,
6/20/2023,8:54:00.36 AM,2m 39.8s,159.8,43.0665860106024,-77.6228013254941,23.2,60.6,22.3,557,703.5,,13.235805,,5.368656,,8.94776,,4.47388,1.4,1.1,-51.8,308.2,P-GPS (Brake),Other,,25,5,True,,Mini 3 Pro,True,False,,Smart,RC,False,True,False,,,True,,False,False,False,False,False,False,False,False,False,False,0,Follow Yaw,-2.9,0,-21.4,338.6,False,False,False,False,False,True,,True,Normal,100,100,1024,1032,1024,1024,N,False,False,False,False,False,0,False,False,False,False,47,7.275,1047,2265,7.275,False,3.643,3.632,0.013,False,False,4.964,104.5,100.4,104.5,,,,,,,,,Idle,,,True,,False,8,Go Home,True,True,True,False,False,False,False,False,True,False,False,False,43.0666047727683,-77.6229698903817,45.4,313.7,1640.4,True,1,1,False,False,False,False,,True,False,False,,328,,16.4,Calm,41,, 1.8.0,DJI Mini 3 Pro,1581F4XF3229R006,53HFK5R0M30ACD,5HAZK6H0018AUR,52XPK6ACA001NV,180.6,0.7,59,13.23575,6.487126,0,8942,DJI Mini 3 Pro,1581F4XF3229R006,53HFK5R0M30ACD,5HAZK6H0018AUR,52XPK6ACA001NV,DJI Fly,, 1.8.0,61EABE4C-BCDC-32F4-D0CC-A1B5A0612123,1581F4XF3229R006W0A6,,,,,,,,,,
6/20/2023,8:54:00.46 AM,2m 40.0s,160,43.0665860152038,-77.6228014144504,23.2,60.6,22.3,557,703.6,,13.235805,,5.368656,,8.94776,,4.47388,0.9,1,-51.8,308.2,P-GPS (Brake),Other,,25,5,True,,Mini 3 Pro,True,False,,Smart,RC,False,True,False,,,True,,False,False,False,False,False,False,False,False,False,False,0,Follow Yaw,-2.9,0,-21.4,338.6,False,False,False,False,False,True,,True,Normal,100,100,1024,1112,1000,1024,N,False,False,False,False,False,0,False,False,False,False,47,7.275,1047,2265,7.275,False,3.643,3.632,0.013,False,False,4.964,104.5,100.4,104.5,,,,,,,,,Idle,,,True,,False,8,Go Home,True,True,True,False,False,False,False,False,True,False,False,False,43.0666047727683,-77.6229698903817,45.4,313.7,1640.4,True,1,1,False,False,False,False,,True,False,False,,328,,16.4,Calm,41,, 1.8.0,DJI Mini 3 Pro,1581F4XF3229R006,53HFK5R0M30ACD,5HAZK6H0018AUR,52XPK6ACA001NV,180.6,0.7,59,13.23575,6.487126,0,8942,DJI Mini 3 Pro,1581F4XF3229R006,53HFK5R0M30ACD,5HAZK6H0018AUR,52XPK6ACA001NV,DJI Fly,, 1.8.0,61EABE4C-BCDC-32F4-D0CC-A1B5A0612123,1581F4XF3229R006W0A6,,,,,,,,,,
6/20/2023,8:54:00.66 AM,2m 40.2s,160.2,43.0665859825139,-77.6228014479879,23.2,60.6,22.3,557,703.6,,13.235805,,5.368656,,8.94776,,4.47388,0.3,1.2,-51.9,308.1,P-GPS (Brake),Other,,25,5,True,,Mini 3 Pro,True,False,,Smart,RC,False,True,False,,,True,,False,False,False,False,False,False,False,False,False,False,0,Follow Yaw,-2.9,0,-21.4,338.6,False,False,False,False,False,True,,True,Normal,100,100,1024,1039,592,1024,N,False,False,False,False,False,0,False,False,False,False,47,7.275,1047,2265,7.275,False,3.643,3.632,0.013,False,False,4.964,104.5,100.4,104.5,,,,,,,,,Idle,,,True,,False,8,Go Home,True,True,True,False,False,False,False,False,True,False,False,False,43.0666047727683,-77.6229698903817,45.4,313.7,1640.4,True,1,1,False,False,False,False,,True,False,False,,328,,16.4,Calm,41,, 1.8.0,DJI Mini 3 Pro,1581F4XF3229R006,53HFK5R0M30ACD,5HAZK6H0018AUR,52XPK6ACA001NV,180.6,0.7,59,13.23575,6.487126,0,8942,DJI Mini 3 Pro,1581F4XF3229R006,53HFK5R0M30ACD,5HAZK6H0018AUR,52XPK6ACA001NV,DJI Fly,, 1.8.0,61EABE4C-BCDC-32F4-D0CC-A1B5A0612123,1581F4XF3229R006W0A6,,,,,,,,,,
6/20/2023,8:54:00.96 AM,2m 40.4s,160.4,43.0665859581263,-77.6228015290171,23.2,60.6,22.3,557,703.6,,13.235805,,5.368656,,8.94776,,4.47388,-1,1.4,-51.9,308.1,P-GPS (Brake),Other,,25,5,True,,Mini 3 Pro,True,False,,Smart,RC,False,True,False,,,True,,False,False,False,False,False,False,False,False,False,False,0,Follow Yaw,-2.9,0,-21.4,338.6,False,False,False,False,False,False,,True,Normal,100,100,1024,1024,364,1024,N,False,False,False,False,False,0,False,False,False,False,47,7.275,1047,2265,7.275,False,3.643,3.632,0.013,False,False,4.964,104.5,100.4,104.5,,,,,,,,,Idle,,,True,,False,8,Go Home,True,True,True,False,False,False,False,False,True,False,False,False,43.0666047727683,-77.6229698903817,45.3,313.7,1640.4,True,1,1,False,False,False,False,,True,False,False,,328,,16.4,Calm,41,, 1.8.0,DJI Mini 3 Pro,1581F4XF3229R006,53HFK5R0M30ACD,5HAZK6H0018AUR,52XPK6ACA001NV,180.6,0.7,59,13.23575,6.487126,0,8942,DJI Mini 3 Pro,1581F4XF3229R006,53HFK5R0M30ACD,5HAZK6H0018AUR,52XPK6ACA001NV,DJI Fly,, 1.8.0,61EABE4C-BCDC-32F4-D0CC-A1B5A0612123,1581F4XF3229R006W0A6,,,,,,,,,,
6/20/2023,8:54:01.06 AM,2m 40.6s,160.6,43.0665859839574,-77.622801658664,22.9,60.6,21.6,557,703.6,,13.235805,,5.368656,,8.94776,1.565858,4.47388,0.5,1.9,-51.7,308.3,P-GPS (Brake),Other,,25,5,True,,Mini 3 Pro,True,False,,Smart,RC,False,True,False,,,True,,False,False,False,False,False,False,False,False,False,False,0,Follow Yaw,-2.9,0,-21.4,338.6,False,False,False,False,False,False,,True,Normal,100,100,1024,1064,364,1024,N,False,False,False,False,False,0,False,False,False,False,47,7.278,1046,2265,7.278,False,3.643,3.635,0.013,False,False,4.96,104.5,100.4,104.5,,,,,,,,,Idle,,,True,,False,8,Go Home,True,True,True,False,False,False,False,False,True,False,False,False,43.0666047727683,-77.6229698903817,45.3,313.7,1640.4,True,1,1,False,False,False,False,,True,False,False,,328,,16.4,Calm,41,, 1.8.0,DJI Mini 3 Pro,1581F4XF3229R006,53HFK5R0M30ACD,5HAZK6H0018AUR,52XPK6ACA001NV,180.6,0.7,59,13.23575,6.487126,0,8942,DJI Mini 3 Pro,1581F4XF3229R006,53HFK5R0M30ACD,5HAZK6H0018AUR,52XPK6ACA001NV,DJI Fly,, 1.8.0,61EABE4C-BCDC-32F4-D0CC-A1B5A0612123,1581F4XF3229R006W0A6,,,,,,,,,,
6/20/2023,8:54:01.26 AM,2m 40.8s,160.8,43.0665860143632,-77.6228018354391,22.3,60.6,20.9,556,703.7,,13.235805,,5.368656,,8.94776,3.35541,4.47388,-0.5,1,-52.1,307.9,P-GPS (Brake),Other,,25,5,True,,Mini 3 Pro,True,False,,Smart,RC,False,True,False,,,True,,False,False,False,False,False,False,False,False,False,False,0,Follow Yaw,-2.9,0,-21.4,338.6,False,False,False,False,False,False,,True,Normal,100,100,1024,1584,364,1024,N,False,False,False,False,False,0,False,False,False,False,47,7.278,1046,2265,7.278,False,3.643,3.635,0.013,False,False,4.96,104.5,100.4,104.5,,,,,,,,,Idle,,,True,,False,8,Go Home,True,True,True,False,False,False,False,False,True,False,False,False,43.0666047727683,-77.6229698903817,45.3,313.7,1640.4,True,1,1,False,False,False,False,,True,False,False,,328,,16.4,Calm,41,, 1.8.0,DJI Mini 3 Pro,1581F4XF3229R006,53HFK5R0M30ACD,5HAZK6H0018AUR,52XPK6ACA001NV,180.6,0.7,59,13.23575,6.487126,0,8942,DJI Mini 3 Pro,1581F4XF3229R006,53HFK5R0M30ACD,5HAZK6H0018AUR,52XPK6ACA001NV,DJI Fly,, 1.8.0,61EABE4C-BCDC-32F4-D0CC-A1B5A0612123,1581F4XF3229R006W0A6,,,,,,,,,,
6/20/2023,8:54:01.57 AM,2m 41.0s,161,43.0665860344813,-77.6228020513451,20.9,60.6,19.6,555,703.7,,13.235805,,5.368656,,8.94776,4.921268,4.921268,-2.3,1.6,-52.2,307.8,P-GPS (Brake),Other,,25,5,True,,Mini 3 Pro,True,False,,Smart,RC,False,True,False,,,True,,False,False,False,False,False,False,False,False,False,False,0,Follow Yaw,-2.9,0,-21.4,338.6,False,False,False,False,False,False,,True,Normal,100,100,1024,1590,533,1024,N,False,False,False,False,False,0,False,False,False,False,47,7.278,1046,2265,7.278,False,3.643,3.635,0.013,False,False,4.96,104.5,100.4,104.5,,,,,,,,,Idle,,,True,,False,8,Go Home,True,True,True,False,False,False,False,False,True,False,False,False,43.0666047727683,-77.6229698903817,45.2,313.7,1640.4,True,1,1,False,False,False,False,,True,False,False,,328,,16.4,Calm,41,, 1.8.0,DJI Mini 3 Pro,1581F4XF3229R006,53HFK5R0M30ACD,5HAZK6H0018AUR,52XPK6ACA001NV,180.6,0.7,59,13.23575,6.487126,0,8942,DJI Mini 3 Pro,1581F4XF3229R006,53HFK5R0M30ACD,5HAZK6H0018AUR,52XPK6ACA001NV,DJI Fly,, 1.8.0,61EABE4C-BCDC-32F4-D0CC-A1B5A0612123,1581F4XF3229R006W0A6,,,,,,,,,,
6/20/2023,8:54:01.67 AM,2m 41.2s,161.2,43.0665861778408,-77.6228024987767,19.3,60.6,18.3,553,703.9,0.500194,13.235805,0.223694,5.368656,-0.447388,8.94776,5.368656,5.368656,-10.9,0,-52.1,307.9,P-GPS (Brake),Other,,25,5,True,,Mini 3 Pro,True,False,,Smart,RC,False,True,False,,,True,,False,False,False,False,False,False,False,False,False,False,0,Follow Yaw,-2.9,0,-21.4,338.6,False,False,False,False,False,False,,True,Normal,100,100,1024,1594,845,1024,N,False,False,False,False,False,0,False,False,False,False,47,7.278,1046,2265,7.278,False,3.643,3.635,0.013,False,False,4.96,104.5,100.4,104.5,,,,,,,,,Idle,,,True,,False,8,Go Home,True,True,True,False,False,False,False,False,True,False,False,False,43.0666047727683,-77.6229698903817,45.1,313.7,1640.4,True,1,1,False,False,False,False,,True,False,False,,328,,16.4,Calm,41,, 1.8.0,DJI Mini 3 Pro,1581F4XF3229R006,53HFK5R0M30ACD,5HAZK6H0018AUR,52XPK6ACA001NV,180.6,0.7,59,13.23575,6.487126,0,8942,DJI Mini 3 Pro,1581F4XF3229R006,53HFK5R0M30ACD,5HAZK6H0018AUR,52XPK6ACA001NV,DJI Fly,, 1.8.0,61EABE4C-BCDC-32F4-D0CC-A1B5A0612123,1581F4XF3229R006W0A6,,,,,,,,,,
6/20/2023,8:54:01.87 AM,2m 41.4s,161.4,43.0665866467707,-77.6228035757037,17.7,60.6,16.4,552,704.2,1.304348,13.235805,0.671082,5.368656,-1.11847,8.94776,4.921268,5.368656,-13.3,2.9,-52.6,307.4,P-GPS (Brake),Other,,25,5,True,,Mini 3 Pro,True,False,,Smart,RC,False,True,False,,,True,,False,False,False,False,False,False,False,False,False,False,0,Follow Yaw,-2.9,0,-21.4,338.6,False,False,False,False,False,False,,True,Normal,100,100,1024,1591,952,1024,N,False,False,False,False,False,0,False,False,False,False,47,7.278,1046,2265,7.278,False,3.643,3.635,0.013,False,False,4.96,104.5,100.4,104.5,,,,,,,,,Idle,,,True,,False,8,Go Home,True,True,True,False,False,False,False,False,True,False,False,False,43.0666047727683,-77.6229698903817,44.8,313.7,1640.4,True,1,1,False,False,False,False,,True,False,False,,328,,16.4,Calm,41,, 1.8.0,DJI Mini 3 Pro,1581F4XF3229R006,53HFK5R0M30ACD,5HAZK6H0018AUR,52XPK6ACA001NV,180.6,0.7,59,13.23575,6.487126,0,8942,DJI Mini 3 Pro,1581F4XF3229R006,53HFK5R0M30ACD,5HAZK6H0018AUR,52XPK6ACA001NV,DJI Fly,, 1.8.0,61EABE4C-BCDC-32F4-D0CC-A1B5A0612123,1581F4XF3229R006W0A6,,,,,,,,,,
6/20/2023,8:54:02.17 AM,2m 41.6s,161.6,43.0665878114094,-77.6228056313493,16.4,60.6,15,550,704.9,2.86468,13.235805,1.789552,5.368656,-2.23694,8.94776,2.908022,5.368656,-13.6,3.4,-52,308,P-GPS (Brake),Other,,25,5,True,,Mini 3 Pro,True,False,,Smart,RC,False,True,False,,,True,,False,False,False,False,False,False,False,False,False,False,0,Follow Yaw,-2.9,0,-21.4,338.6,False,False,False,False,False,False,,True,Normal,100,100,1024,1561,986,1024,N,False,False,False,False,False,0,False,False,False,False,47,7.229,1045,2265,7.229,False,3.627,3.602,0.025,False,False,3.85,104.5,100.4,104.5,,,,,,,,,Idle,,,True,,False,8,Go Home,True,True,True,False,False,False,False,False,True,False,False,False,43.0666047727683,-77.6229698903817,44.2,313.7,1640.4,True,1,1,False,False,False,False,,True,False,False,,328,,16.4,Calm,41,, 1.8.0,DJI Mini 3 Pro,1581F4XF3229R006,53HFK5R0M30ACD,5HAZK6H0018AUR,52XPK6ACA001NV,180.6,0.7,59,13.23575,6.487126,0,8942,DJI Mini 3 Pro,1581F4XF3229R006,53HFK5R0M30ACD,5HAZK6H0018AUR,52XPK6ACA001NV,DJI Fly,, 1.8.0,61EABE4C-BCDC-32F4-D0CC-A1B5A0612123,1581F4XF3229R006W0A6,,,,,,,,,,
6/20/2023,8:54:02.27 AM,2m 41.8s,161.8,43.0665898038519,-77.6228087659622,16,60.6,14.4,550,706,4.124713,13.235805,2.684328,5.368656,-3.131716,8.94776,1.11847,5.368656,-10.4,1.2,-51.7,308.3,P-GPS (Brake),Other,,25,5,True,,Mini 3 Pro,True,False,,Smart,RC,False,True,False,,,True,,False,False,False,False,False,False,False,False,False,False,0,Follow Yaw,-2.9,0,-21.4,338.6,False,False,False,False,False,False,,True,Normal,100,100,1024,1184,1024,1024,N,False,False,False,False,False,0,False,False,False,False,47,7.229,1045,2265,7.229,False,3.627,3.602,0.025,False,False,3.85,104.5,100.4,104.5,,,,,,,,,Idle,,,True,,False,8,Go Home,True,True,True,False,False,False,False,False,True,False,False,False,43.0666047727683,-77.6229698903817,43.2,313.7,1640.4,True,1,1,False,False,False,False,,True,False,False,,328,,16.4,Calm,41,, 1.8.0,DJI Mini 3 Pro,1581F4XF3229R006,53HFK5R0M30ACD,5HAZK6H0018AUR,52XPK6ACA001NV,180.6,0.7,59,13.23575,6.487126,0,8942,DJI Mini 3 Pro,1581F4XF3229R006,53HFK5R0M30ACD,5HAZK6H0018AUR,52XPK6ACA001NV,DJI Fly,, 1.8.0,61EABE4C-BCDC-32F4-D0CC-A1B5A0612123,1581F4XF3229R006W0A6,,,,,,,,,,
6/20/2023,8:54:02.48 AM,2m 42.0s,162,43.0665922995881,-77.6228127837355,15.7,60.6,14.4,550,707.4,4.926349,13.235805,3.131716,5.368656,-3.802798,8.94776,0.223694,5.368656,-10.6,0.1,-51.8,308.2,P-GPS (Brake),Other,,25,5,True,,Mini 3 Pro,True,False,,Smart,RC,False,True,False,,,True,,False,False,False,False,False,False,False,False,False,False,0,Follow Yaw,-2.9,0,-21.4,338.6,False,False,False,False,False,False,,True,Normal,100,100,1024,1024,994,1024,N,False,False,False,False,False,0,False,False,False,False,47,7.229,1045,2265,7.229,False,3.627,3.602,0.025,False,False,3.85,104.5,100.4,104.5,,,,,,,,,Idle,,,True,,False,8,Go Home,True,True,True,False,False,False,False,False,True,False,False,False,43.0666047727683,-77.6229698903817,42.1,313.7,1640.4,True,1,1,False,False,False,False,,True,False,False,,328,,16.4,Calm,41,, 1.8.0,DJI Mini 3 Pro,1581F4XF3229R006,53HFK5R0M30ACD,5HAZK6H0018AUR,52XPK6ACA001NV,180.6,0.7,59,13.23575,6.487126,0,8942,DJI Mini 3 Pro,1581F4XF3229R006,53HFK5R0M30ACD,5HAZK6H0018AUR,52XPK6ACA001NV,DJI Fly,, 1.8.0,61EABE4C-BCDC-32F4-D0CC-A1B5A0612123,1581F4XF3229R006W0A6,,,,,,,,,,
6/20/2023,8:54:02.68 AM,2m 42.2s,162.2,43.0665949754472,-77.6228174531787,15.7,60.6,14.7,550,709,5.415058,13.235805,3.35541,5.368656,-4.250186,8.94776,,5.368656,-2.6,0.9,-51.8,308.2,P-GPS (Brake),Other,,25,5,True,,Mini 3 Pro,True,False,,Smart,RC,False,True,False,,,True,,False,False,False,False,False,False,False,False,False,False,0,Follow Yaw,-2.9,0,-21.4,338.6,False,False,False,False,False,False,,True,Normal,100,100,1024,1024,367,1024,N,False,False,False,False,False,0,False,False,False,False,47,7.229,1045,2265,7.229,False,3.627,3.602,0.025,False,False,3.85,104.5,100.4,104.5,,,,,,,,,Idle,,,True,,False,8,Go Home,True,True,True,False,False,False,False,False,True,False,False,False,43.0666047727683,-77.6229698903817,40.7,313.7,1640.4,True,1,1,False,False,False,False,,True,False,False,,328,,16.4,Calm,41,, 1.8.0,DJI Mini 3 Pro,1581F4XF3229R006,53HFK5R0M30ACD,5HAZK6H0018AUR,52XPK6ACA001NV,180.6,0.7,59,13.23575,6.487126,0,8942,DJI Mini 3 Pro,1581F4XF3229R006,53HFK5R0M30ACD,5HAZK6H0018AUR,52XPK6ACA001NV,DJI Fly,, 1.8.0,61EABE4C-BCDC-32F4-D0CC-A1B5A0612123,1581F4XF3229R006W0A6,,,,,,,,,,
6/20/2023,8:54:02.88 AM,2m 42.4s,162.4,43.0665975745941,-77.6228221639222,15.7,60.6,14.7,550,710.6,4.926349,13.235805,3.131716,5.368656,-3.802798,8.94776,,5.368656,15.5,0.6,-51.7,308.3,P-GPS (Brake),Other,,25,5,True,,Mini 3 Pro,True,False,,Smart,RC,False,True,False,,,True,,False,False,False,False,False,False,False,False,False,False,0,Follow Yaw,-2.9,0,-21.4,338.6,False,False,False,False,False,False,,True,Normal,100,100,1024,1024,364,1024,N,False,False,False,False,False,0,False,False,False,False,47,7.229,1045,2265,7.229,False,3.627,3.602,0.025,False,False,3.85,104.5,100.4,104.5,,,,,,,,,Idle,,,True,,False,8,Go Home,True,True,True,False,False,False,False,False,True,False,False,False,43.0666047727683,-77.6229698903817,39.4,313.7,1640.4,True,1,1,False,False,False,False,,True,False,False,,328,,16.4,Calm,41,, 1.8.0,DJI Mini 3 Pro,1581F4XF3229R006,53HFK5R0M30ACD,5HAZK6H0018AUR,52XPK6ACA001NV,180.6,0.7,59,13.23575,6.487126,0,8942,DJI Mini 3 Pro,1581F4XF3229R006,53HFK5R0M30ACD,5HAZK6H0018AUR,52XPK6ACA001NV,DJI Fly,, 1.8.0,61EABE4C-BCDC-32F4-D0CC-A1B5A0612123,1581F4XF3229R006W0A6,,,,,,,,,,
6/20/2023,8:54:03.08 AM,2m 42.6s,162.6,43.0665996821877,-77.6228261365958,15.7,60.6,14.7,550,711.9,3.982758,13.235805,2.460634,5.368656,-3.131716,8.94776,1.565858,5.368656,22,1.3,-51.6,308.4,P-GPS (Brake),Other,,25,5,True,,Mini 3 Pro,True,False,,Smart,RC,False,True,False,,,True,,False,False,False,False,False,False,False,False,False,False,0,Follow Yaw,-2.9,0,-21.4,338.6,False,False,False,False,False,False,,True,Normal,100,100,1024,1024,364,1024,N,False,False,False,False,False,0,False,False,False,False,47,7.276,1043,2265,7.276,False,3.645,3.631,0.025,False,False,6.289,104.5,100.4,104.5,,,,,,,,,Idle,,,True,,False,8,Go Home,True,True,True,False,False,False,False,False,True,False,False,False,43.0666047727683,-77.6229698903817,38.3,313.7,1640.4,True,1,1,False,False,False,False,,True,False,False,,328,,16.4,Calm,41,, 1.8.0,DJI Mini 3 Pro,1581F4XF3229R006,53HFK5R0M30ACD,5HAZK6H0018AUR,52XPK6ACA001NV,180.6,0.7,59,13.23575,6.487126,0,8942,DJI Mini 3 Pro,1581F4XF3229R006,53HFK5R0M30ACD,5HAZK6H0018AUR,52XPK6ACA001NV,DJI Fly,, 1.8.0,61EABE4C-BCDC-32F4-D0CC-A1B5A0612123,1581F4XF3229R006W0A6,,,,,,,,,,
6/20/2023,8:54:03.29 AM,2m 42.8s,162.8,43.0666011923806,-77.622829236569,14.7,60.6,14.1,549,712.9,2.730533,13.235805,1.565858,5.368656,-2.23694,8.94776,3.35541,5.368656,17.8,-1.1,-51.6,308.4,P-GPS (Brake),Other,,25,5,True,,Mini 3 Pro,True,False,,Smart,RC,False,True,False,,,True,,False,False,False,False,False,False,False,False,False,False,0,Follow Yaw,-2.9,0,-21.4,338.6,False,False,False,False,False,False,,True,Normal,100,100,1024,1024,364,1024,N,False,False,False,False,False,0,False,False,False,False,47,7.276,1043,2265,7.276,False,3.645,3.631,0.025,False,False,6.289,104.5,100.4,104.5,,,,,,,,,Idle,,,True,,False,8,Go Home,True,True,True,False,False,False,False,False,True,False,False,False,43.0666047727683,-77.6229698903817,37.5,313.7,1640.4,True,1,1,False,False,False,False,,True,False,False,,328,,16.4,Calm,41,, 1.8.0,DJI Mini 3 Pro,1581F4XF3229R006,53HFK5R0M30ACD,5HAZK6H0018AUR,52XPK6ACA001NV,180.6,0.7,59,13.23575,6.487126,0,8942,DJI Mini 3 Pro,1581F4XF3229R006,53HFK5R0M30ACD,5HAZK6H0018AUR,52XPK6ACA001NV,DJI Fly,, 1.8.0,61EABE4C-BCDC-32F4-D0CC-A1B5A0612123,1581F4XF3229R006W0A6,,,,,,,,,,
6/20/2023,8:54:03.49 AM,2m 43.0s,163,43.0666021322817,-77.6228315841427,13.7,60.6,13.1,548,713.6,1.803478,13.235805,0.894776,5.368656,-1.565858,8.94776,4.250186,5.368656,11.7,3.5,-51.9,308.1,P-GPS (Brake),Other,,24,5,True,,Mini 3 Pro,True,False,,Smart,RC,False,True,False,,,True,,False,False,False,False,False,False,False,False,False,False,0,Follow Yaw,-2.9,0,-21.4,338.6,False,False,False,False,False,False,,True,Normal,100,100,1024,1048,364,1024,N,False,False,False,False,False,0,False,False,False,False,47,7.276,1043,2265,7.276,False,3.645,3.631,0.025,False,False,6.289,104.5,100.4,104.5,,,,,,,,,Idle,,,True,,False,8,Go Home,True,True,True,False,False,False,False,False,True,False,False,False,43.0666047727683,-77.6229698903817,36.8,313.7,1640.4,True,1,1,False,False,False,False,,True,False,False,,328,,16.4,Calm,41,, 1.8.0,DJI Mini 3 Pro,1581F4XF3229R006,53HFK5R0M30ACD,5HAZK6H0018AUR,52XPK6ACA001NV,180.6,0.7,59,13.23575,6.487126,0,8942,DJI Mini 3 Pro,1581F4XF3229R006,53HFK5R0M30ACD,5HAZK6H0018AUR,52XPK6ACA001NV,DJI Fly,, 1.8.0,61EABE4C-BCDC-32F4-D0CC-A1B5A0612123,1581F4XF3229R006W0A6,,,,,,,,,,
6/20/2023,8:54:03.69 AM,2m 43.2s,163.2,43.066602791783,-77.6228331599215,12.1,60.6,11.8,546,714.1,1.265404,13.235805,0.894776,5.368656,-0.894776,8.94776,4.47388,5.368656,10.9,-0.5,-52.3,307.7,P-GPS (Brake),Other,,24,5,True,,Mini 3 Pro,True,False,,Smart,RC,False,True,False,,,True,,False,False,False,False,False,False,False,False,False,False,0,Follow Yaw,-2.9,0,-21.4,338.6,False,False,False,False,False,False,,True,Normal,100,100,1024,1641,1024,1024,N,False,False,False,False,False,0,False,False,False,False,47,7.276,1043,2265,7.276,False,3.645,3.631,0.025,False,False,6.289,104.5,100.4,104.5,,,,,,,,,Idle,,,True,,False,8,Go Home,True,True,True,False,False,False,False,False,True,False,False,False,43.0666047727683,-77.6229698903817,36.4,313.7,1640.4,True,1,1,False,False,False,False,,True,False,False,,328,,16.4,Calm,41,, 1.8.0,DJI Mini 3 Pro,1581F4XF3229R006,53HFK5R0M30ACD,5HAZK6H0018AUR,52XPK6ACA001NV,180.6,0.7,59,13.23575,6.487126,0,8942,DJI Mini 3 Pro,1581F4XF3229R006,53HFK5R0M30ACD,5HAZK6H0018AUR,52XPK6ACA001NV,DJI Fly,, 1.8.0,61EABE4C-BCDC-32F4-D0CC-A1B5A0612123,1581F4XF3229R006W0A6,,,,,,,,,,
6/20/2023,8:54:03.89 AM,2m 43.4s,163.4,43.0666031646901,-77.6228341432368,11.1,60.6,10.8,545,714.4,0.632702,13.235805,0.447388,5.368656,-0.447388,8.94776,3.579104,5.368656,4.8,4.6,-51.9,308.1,P-GPS (Brake),Other,,24,5,True,,Mini 3 Pro,True,False,,Smart,RC,False,True,False,,,True,,False,False,False,False,False,False,False,False,False,False,0,Follow Yaw,-2.9,0,-21.4,338.6,False,False,False,False,False,False,,True,Normal,100,100,1024,1684,1024,1024,N,False,False,False,False,False,0,False,False,False,False,47,7.276,1043,2265,7.276,False,3.645,3.631,0.025,False,False,6.289,104.5,100.4,104.5,,,,,,,,,Idle,,,True,,False,8,Go Home,True,True,True,False,False,False,False,False,True,False,False,False,43.0666047727683,-77.6229698903817,36.1,313.7,1640.4,True,1,1,False,False,False,False,,True,False,False,,328,,16.4,Calm,41,, 1.8.0,DJI Mini 3 Pro,1581F4XF3229R006,53HFK5R0M30ACD,5HAZK6H0018AUR,52XPK6ACA001NV,180.6,0.7,59,13.23575,6.487126,0,8942,DJI Mini 3 Pro,1581F4XF3229R006,53HFK5R0M30ACD,5HAZK6H0018AUR,52XPK6ACA001NV,DJI Fly,, 1.8.0,61EABE4C-BCDC-32F4-D0CC-A1B5A0612123,1581F4XF3229R006W0A6,,,,,,,,,,
6/20/2023,8:54:04.09 AM,2m 43.6s,163.6,43.0666035204504,-77.6228348205641,10.1,60.6,10.1,544,714.6,0.80654,13.235805,0.671082,5.368656,-0.447388,8.94776,1.565858,5.368656,-7.8,1.6,-51.9,308.1,P-GPS (Brake),Other,,24,5,True,,Mini 3 Pro,True,False,,Smart,RC,False,True,False,,,True,,False,False,False,False,False,False,False,False,False,False,0,Follow Yaw,-2.9,0,-21.4,338.6,False,False,False,False,False,False,,True,Normal,100,100,1024,1684,1024,1024,N,False,False,False,False,False,0,False,False,False,False,47,7.276,1043,2265,7.276,False,3.645,3.631,0.025,False,False,6.289,104.5,100.4,104.5,,,,,,,,,Idle,,,True,,False,8,Go Home,True,True,True,False,False,False,False,False,True,False,False,False,43.0666047727683,-77.6229698903817,36,313.7,1640.4,True,1,1,False,False,False,False,,True,False,False,,328,,16.4,Calm,41,, 1.8.0,DJI Mini 3 Pro,1581F4XF3229R006,53HFK5R0M30ACD,5HAZK6H0018AUR,52XPK6ACA001NV,180.6,0.7,59,13.23575,6.487126,0,8942,DJI Mini 3 Pro,1581F4XF3229R006,53HFK5R0M30ACD,5HAZK6H0018AUR,52XPK6ACA001NV,DJI Fly,, 1.8.0,61EABE4C-BCDC-32F4-D0CC-A1B5A0612123,1581F4XF3229R006W0A6,,,,,,,,,,
6/20/2023,8:54:04.30 AM,2m 43.8s,163.8,43.0666042309857,-77.6228360231744,10.1,60.6,9.8,544,715,1.747105,13.235805,1.11847,5.368656,-1.342164,8.94776,0.223694,5.368656,-10.9,-1,-51.8,308.2,P-GPS (Brake),Other,,24,5,True,,Mini 3 Pro,True,False,,Smart,RC,False,True,False,,,True,,False,False,False,False,False,False,False,False,False,False,0,Follow Yaw,-2.9,0,-21.4,338.6,False,False,False,False,False,False,,True,Normal,100,100,1024,1649,1024,1024,N,False,False,False,False,False,0,False,False,False,False,47,7.231,1042,2265,7.231,False,3.624,3.607,0.025,False,False,4.743,104.5,100.4,104.5,,,,,,,,,Idle,,,True,,False,8,Go Home,True,True,True,False,False,False,False,False,True,False,False,False,43.0666047727683,-77.6229698903817,35.6,313.7,1640.4,True,1,1,False,False,False,False,,True,False,False,,328,,16.4,Calm,41,, 1.8.0,DJI Mini 3 Pro,1581F4XF3229R006,53HFK5R0M30ACD,5HAZK6H0018AUR,52XPK6ACA001NV,180.6,0.7,59,13.23575,6.487126,0,8942,DJI Mini 3 Pro,1581F4XF3229R006,53HFK5R0M30ACD,5HAZK6H0018AUR,52XPK6ACA001NV,DJI Fly,, 1.8.0,61EABE4C-BCDC-32F4-D0CC-A1B5A0612123,1581F4XF3229R006W0A6,,,,,,,,,,
6/20/2023,8:54:04.50 AM,2m 44.0s,164,43.0666052970471,-77.6228381315769,10.1,60.6,9.8,544,715.7,2.550504,13.235805,1.565858,5.368656,-2.013246,8.94776,,5.368656,-13.1,1.5,-52,308,P-GPS (Brake),Other,,24,5,True,,Mini 3 Pro,True,False,,Smart,RC,False,True,False,,,True,,False,False,False,False,False,False,False,False,False,False,0,Follow Yaw,-2.9,0,-21.4,338.6,False,False,False,False,False,False,,True,Normal,100,100,1024,1448,1024,1024,N,False,False,False,False,False,0,False,False,False,False,47,7.231,1042,2265,7.231,False,3.624,3.607,0.025,False,False,4.743,104.5,100.4,104.5,,,,,,,,,Idle,,,True,,False,8,Go Home,True,True,True,False,False,False,False,False,True,False,False,False,43.0666047727683,-77.6229698903817,35.1,313.7,1640.4,True,1,1,False,False,False,False,,True,False,False,,328,,16.4,Calm,41,, 1.8.0,DJI Mini 3 Pro,1581F4XF3229R006,53HFK5R0M30ACD,5HAZK6H0018AUR,52XPK6ACA001NV,180.6,0.7,59,13.23575,6.487126,0,8942,DJI Mini 3 Pro,1581F4XF3229R006,53HFK5R0M30ACD,5HAZK6H0018AUR,52XPK6ACA001NV,DJI Fly,, 1.8.0,61EABE4C-BCDC-32F4-D0CC-A1B5A0612123,1581F4XF3229R006W0A6,,,,,,,,,,
6/20/2023,8:54:04.70 AM,2m 44.2s,164.2,43.0666068598714,-77.6228411042838,10.1,60.6,9.5,544,716.6,3.668854,13.235805,2.23694,5.368656,-2.908022,8.94776,,5.368656,-15.9,0.9,-51.9,308.1,P-GPS (Brake),Other,,24,5,True,,Mini 3 Pro,True,False,,Smart,RC,False,True,False,,,True,,False,False,False,False,False,False,False,False,False,False,0,Follow Yaw,-2.9,0,-21.4,338.6,False,False,False,False,False,False,,True,Normal,100,100,1024,1471,1024,1024,N,False,False,False,False,False,0,False,False,False,False,47,7.231,1042,2265,7.231,False,3.624,3.607,0.025,False,False,4.743,104.5,100.4,104.5,,,,,,,,,Idle,,,True,,False,8,Go Home,True,True,True,False,False,False,False,False,True,False,False,False,43.0666047727683,-77.6229698903817,34.3,313.7,1640.4,True,1,1,False,False,False,False,,True,False,False,,328,,16.4,Calm,41,, 1.8.0,DJI Mini 3 Pro,1581F4XF3229R006,53HFK5R0M30ACD,5HAZK6H0018AUR,52XPK6ACA001NV,180.6,0.7,59,13.23575,6.487126,0,8942,DJI Mini 3 Pro,1581F4XF3229R006,53HFK5R0M30ACD,5HAZK6H0018AUR,52XPK6ACA001NV,DJI Fly,, 1.8.0,61EABE4C-BCDC-32F4-D0CC-A1B5A0612123,1581F4XF3229R006W0A6,,,,,,,,,,
6/20/2023,8:54:04.90 AM,2m 44.4s,164.4,43.0666089340603,-77.6228450080297,10.1,60.6,9.5,544,717.9,4.78726,13.235805,2.908022,5.368656,-3.802798,8.94776,,5.368656,-12.3,0.4,-51.9,308.1,P-GPS (Brake),Other,,24,5,True,,Mini 3 Pro,True,False,,Smart,RC,False,True,False,,,True,,False,False,False,False,False,False,False,False,False,False,0,Follow Yaw,-2.9,0,-21.4,338.6,False,False,False,False,False,False,,True,Normal,100,100,1024,1395,1024,1024,N,False,False,False,False,False,0,False,False,False,False,47,7.231,1042,2265,7.231,False,3.624,3.607,0.025,False,False,4.743,104.5,100.4,104.5,,,,,,,,,Idle,,,True,,False,8,Go Home,True,True,True,False,False,False,False,False,True,False,False,False,43.0666047727683,-77.6229698903817,33.3,313.7,1640.4,True,1,1,False,False,False,False,,True,False,False,,328,,16.4,Calm,41,, 1.8.0,DJI Mini 3 Pro,1581F4XF3229R006,53HFK5R0M30ACD,5HAZK6H0018AUR,52XPK6ACA001NV,180.6,0.7,59,13.23575,6.487126,0,8942,DJI Mini 3 Pro,1581F4XF3229R006,53HFK5R0M30ACD,5HAZK6H0018AUR,52XPK6ACA001NV,DJI Fly,, 1.8.0,61EABE4C-BCDC-32F4-D0CC-A1B5A0612123,1581F4XF3229R006W0A6,,,,,,,,,,
6/20/2023,8:54:05.10 AM,2m 44.6s,164.6,43.066611366025,-77.6228496339915,10.1,60.6,9.8,544,719.5,5.415058,13.235805,3.35541,5.368656,-4.250186,8.94776,,5.368656,-11.8,1.4,-52,308,P-GPS (Brake),Other,,24,5,True,,Mini 3 Pro,True,False,,Smart,RC,False,True,False,,,True,,False,False,False,False,False,False,False,False,False,False,0,Follow Yaw,-2.9,0,-21.4,338.6,False,False,False,False,False,False,,True,Normal,100,100,1024,1378,1024,1024,N,False,False,False,False,False,0,False,False,False,False,47,7.231,1042,2265,7.231,False,3.624,3.607,0.025,False,False,4.743,104.5,100.4,104.5,,,,,,,,,Idle,,,True,,False,8,Go Home,True,True,True,False,False,False,False,False,True,False,False,False,43.0666047727683,-77.6229698903817,32.1,313.7,1640.4,True,1,1,False,False,False,False,,True,False,False,,328,,16.4,Calm,41,, 1.8.0,DJI Mini 3 Pro,1581F4XF3229R006,53HFK5R0M30ACD,5HAZK6H0018AUR,52XPK6ACA001NV,180.6,0.7,59,13.23575,6.487126,0,8942,DJI Mini 3 Pro,1581F4XF3229R006,53HFK5R0M30ACD,5HAZK6H0018AUR,52XPK6ACA001NV,DJI Fly,, 1.8.0,61EABE4C-BCDC-32F4-D0CC-A1B5A0612123,1581F4XF3229R006W0A6,,,,,,,,,,
6/20/2023,8:54:05.31 AM,2m 44.8s,164.8,43.0666141174627,-77.622854830852,10.1,60.6,9.8,544,721.2,5.905691,13.235805,3.579104,5.368656,-4.697574,8.94776,,5.368656,-8.2,1.8,-51.9,308.1,P-GPS (Brake),Other,,24,5,True,,Mini 3 Pro,True,False,,Smart,RC,False,True,False,,,True,,False,False,False,False,False,False,False,False,False,False,0,Follow Yaw,-2.9,0,-21.4,338.6,False,False,False,False,False,False,,True,Normal,100,100,1024,1024,1024,1024,N,False,False,False,False,False,0,False,False,False,False,46,7.267,1040,2265,7.267,False,3.638,3.629,0.025,False,False,6.185,104.5,100.4,104.5,,,,,,,,,Idle,,,True,,False,8,Go Home,True,True,True,False,False,False,False,False,True,False,False,False,43.0666047727683,-77.6229698903817,30.8,313.7,1640.4,True,1,1,False,False,False,False,,True,False,False,,328,,16.4,Calm,41,, 1.8.0,DJI Mini 3 Pro,1581F4XF3229R006,53HFK5R0M30ACD,5HAZK6H0018AUR,52XPK6ACA001NV,180.6,0.7,59,13.23575,6.487126,0,8942,DJI Mini 3 Pro,1581F4XF3229R006,53HFK5R0M30ACD,5HAZK6H0018AUR,52XPK6ACA001NV,DJI Fly,, 1.8.0,61EABE4C-BCDC-32F4-D0CC-A1B5A0612123,1581F4XF3229R006W0A6,,,,,,,,,,
6/20/2023,8:54:05.51 AM,2m 45.0s,165,43.066617106435,-77.6228603376171,10.1,60.6,9.8,544,723,6.219336,13.235805,3.802798,5.368656,-4.921268,8.94776,,5.368656,-5,1.2,-51.9,308.1,P-GPS (Brake),Other,,24,5,True,,Mini 3 Pro,True,False,,Smart,RC,False,True,False,,,True,,False,False,False,False,False,False,False,False,False,False,0,Follow Yaw,-2.9,0,-21.4,338.6,False,False,False,False,False,False,,True,Normal,100,100,1024,1067,1024,1024,N,False,False,False,False,False,0,False,False,False,False,46,7.267,1040,2265,7.267,False,3.638,3.629,0.025,False,False,6.185,104.5,100.4,104.5,,,,,,,,,Idle,,,True,,False,8,Go Home,True,True,True,False,False,False,False,False,True,False,False,False,43.0666047727683,-77.6229698903817,29.5,313.7,1640.4,True,1,1,False,False,False,False,,True,False,False,,328,,16.4,Calm,41,, 1.8.0,DJI Mini 3 Pro,1581F4XF3229R006,53HFK5R0M30ACD,5HAZK6H0018AUR,52XPK6ACA001NV,180.6,0.7,59,13.23575,6.487126,0,8942,DJI Mini 3 Pro,1581F4XF3229R006,53HFK5R0M30ACD,5HAZK6H0018AUR,52XPK6ACA001NV,DJI Fly,, 1.8.0,61EABE4C-BCDC-32F4-D0CC-A1B5A0612123,1581F4XF3229R006W0A6,,,,,,,,,,
6/20/2023,8:54:05.71 AM,2m 45.2s,165.2,43.0666201307455,-77.622865915233,10.1,60.6,9.8,544,724.8,6.219336,13.235805,3.802798,5.368656,-4.921268,8.94776,,5.368656,8.1,1.1,-51.7,308.3,P-GPS (Brake),Other,,24,5,True,,Mini 3 Pro,True,False,,Smart,RC,False,True,False,,,True,,False,False,False,False,False,False,False,False,False,False,0,Follow Yaw,-2.9,0,-21.4,338.6,False,False,False,False,False,False,,True,Normal,100,100,1024,1136,1024,1024,N,False,False,False,False,False,0,False,False,False,False,46,7.267,1040,2265,7.267,False,3.638,3.629,0.025,False,False,6.185,104.5,100.4,104.5,,,,,,,,,Idle,,,True,,False,8,Go Home,True,True,True,False,False,False,False,False,True,False,False,False,43.0666047727683,-77.6229698903817,28.2,313.7,1640.4,True,1,1,False,False,False,False,,True,False,False,,328,,16.4,Calm,41,, 1.8.0,DJI Mini 3 Pro,1581F4XF3229R006,53HFK5R0M30ACD,5HAZK6H0018AUR,52XPK6ACA001NV,180.6,0.7,59,13.23575,6.487126,0,8942,DJI Mini 3 Pro,1581F4XF3229R006,53HFK5R0M30ACD,5HAZK6H0018AUR,52XPK6ACA001NV,DJI Fly,, 1.8.0,61EABE4C-BCDC-32F4-D0CC-A1B5A0612123,1581F4XF3229R006W0A6,,,,,,,,,,
6/20/2023,8:54:05.91 AM,2m 45.4s,165.4,43.066622762827,-77.6228709250929,10.1,60.6,9.5,544,726.5,5.101008,13.235805,3.131716,5.368656,-4.026492,8.94776,,5.368656,9.6,1.1,-51.6,308.4,P-GPS (Brake),Other,,24,5,True,,Mini 3 Pro,True,False,,Smart,RC,False,True,False,,,True,,False,False,False,False,False,False,False,False,False,False,0,Follow Yaw,-2.9,0,-21.4,338.6,False,False,False,False,False,False,,True,Normal,100,100,1024,1494,1024,1024,N,False,False,False,False,False,0,False,False,False,False,46,7.267,1040,2265,7.267,False,3.638,3.629,0.025,False,False,6.185,104.5,100.4,104.5,,,,,,,,,Idle,,,True,,False,8,Go Home,True,True,True,False,False,False,False,False,True,False,False,False,43.0666047727683,-77.6229698903817,27.1,313.7,1640.4,True,1,1,False,False,False,False,,True,False,False,,328,,16.4,Calm,41,, 1.8.0,DJI Mini 3 Pro,1581F4XF3229R006,53HFK5R0M30ACD,5HAZK6H0018AUR,52XPK6ACA001NV,180.6,0.7,59,13.23575,6.487126,0,8942,DJI Mini 3 Pro,1581F4XF3229R006,53HFK5R0M30ACD,5HAZK6H0018AUR,52XPK6ACA001NV,DJI Fly,, 1.8.0,61EABE4C-BCDC-32F4-D0CC-A1B5A0612123,1581F4XF3229R006W0A6,,,,,,,,,,
6/20/2023,8:54:06.11 AM,2m 45.6s,165.6,43.0666249176624,-77.6228752252666,10.1,60.6,9.5,544,727.9,4.343351,13.235805,2.460634,5.368656,-3.579104,8.94776,,5.368656,3.6,1.7,-51.8,308.2,P-GPS (Brake),Other,,24,5,True,,Mini 3 Pro,True,False,,Smart,RC,False,True,False,,,True,,False,False,False,False,False,False,False,False,False,False,0,Follow Yaw,-2.9,0,-21.4,338.6,False,False,False,False,False,False,,True,Normal,100,100,1024,1477,1024,1024,N,False,False,False,False,False,0,False,False,False,False,46,7.267,1040,2265,7.267,False,3.638,3.629,0.025,False,False,6.185,104.5,100.4,104.5,,,,,,,,,Idle,,,True,,False,8,Go Home,True,True,True,False,False,False,False,False,True,False,False,False,43.0666047727683,-77.6229698903817,26.2,313.7,1640.4,True,1,1,False,False,False,False,,True,False,False,,328,,16.4,Calm,41,, 1.8.0,DJI Mini 3 Pro,1581F4XF3229R006,53HFK5R0M30ACD,5HAZK6H0018AUR,52XPK6ACA001NV,180.6,0.7,59,13.23575,6.487126,0,8942,DJI Mini 3 Pro,1581F4XF3229R006,53HFK5R0M30ACD,5HAZK6H0018AUR,52XPK6ACA001NV,DJI Fly,, 1.8.0,61EABE4C-BCDC-32F4-D0CC-A1B5A0612123,1581F4XF3229R006W0A6,,,,,,,,,,
6/20/2023,8:54:06.32 AM,2m 45.8s,165.8,43.0666268576246,-77.6228791900132,10.1,60.6,9.5,544,729.1,4.160948,13.235805,2.460634,5.368656,-3.35541,8.94776,,5.368656,-7.2,2.6,-52.1,307.9,P-GPS (Brake),Other,,24,5,True,,Mini 3 Pro,True,False,,Smart,RC,False,True,False,,,True,,False,False,False,False,False,False,False,False,False,False,0,Follow Yaw,-2.9,0,-21.4,338.6,False,False,False,False,False,False,,True,Normal,100,100,1024,1387,1024,1024,N,False,False,False,False,False,0,False,False,False,False,46,7.268,1039,2265,7.268,False,3.638,3.63,0.025,False,False,4.768,104.5,100.4,104.5,,,,,,,,,Idle,,,True,,False,8,Go Home,True,True,True,False,False,False,False,False,True,False,False,False,43.0666047727683,-77.6229698903817,25.4,313.7,1640.4,True,1,1,False,False,False,False,,True,False,False,,328,,16.4,Calm,41,, 1.8.0,DJI Mini 3 Pro,1581F4XF3229R006,53HFK5R0M30ACD,5HAZK6H0018AUR,52XPK6ACA001NV,180.6,0.7,59,13.23575,6.487126,0,8942,DJI Mini 3 Pro,1581F4XF3229R006,53HFK5R0M30ACD,5HAZK6H0018AUR,52XPK6ACA001NV,DJI Fly,, 1.8.0,61EABE4C-BCDC-32F4-D0CC-A1B5A0612123,1581F4XF3229R006W0A6,,,,,,,,,,
6/20/2023,8:54:06.52 AM,2m 46.0s,166,43.0666289789059,-77.6228833972554,10.1,60.6,9.5,544,730.5,4.78726,13.235805,2.908022,5.368656,-3.802798,8.94776,,5.368656,-12.1,2,-52.1,307.9,P-GPS (Brake),Other,,24,5,True,,Mini 3 Pro,True,False,,Smart,RC,False,True,False,,,True,,False,False,False,False,False,False,False,False,False,False,0,Follow Yaw,-2.9,0,-21.4,338.6,False,False,False,False,False,False,,True,Normal,100,100,1024,1257,1024,1024,N,False,False,False,False,False,0,False,False,False,False,46,7.268,1039,2265,7.268,False,3.638,3.63,0.025,False,False,4.768,104.5,100.4,104.5,,,,,,,,,Idle,,,True,,False,8,Go Home,True,True,True,False,False,False,False,False,True,False,False,False,43.0666047727683,-77.6229698903817,24.6,313.7,1640.4,True,1,1,False,False,False,False,,True,False,False,,328,,16.4,Calm,41,, 1.8.0,DJI Mini 3 Pro,1581F4XF3229R006,53HFK5R0M30ACD,5HAZK6H0018AUR,52XPK6ACA001NV,180.6,0.7,59,13.23575,6.487126,0,8942,DJI Mini 3 Pro,1581F4XF3229R006,53HFK5R0M30ACD,5HAZK6H0018AUR,52XPK6ACA001NV,DJI Fly,, 1.8.0,61EABE4C-BCDC-32F4-D0CC-A1B5A0612123,1581F4XF3229R006W0A6,,,,,,,,,,
6/20/2023,8:54:06.72 AM,2m 46.2s,166.2,43.0666314440381,-77.6228881546465,10.1,60.6,9.5,544,732.1,5.415058,13.235805,3.35541,5.368656,-4.250186,8.94776,,5.368656,-5,1.6,-51.9,308.1,P-GPS (Brake),Other,,24,5,True,,Mini 3 Pro,True,False,,Smart,RC,False,True,False,,,True,,False,False,False,False,False,False,False,False,False,False,0,Follow Yaw,-2.9,0,-21.4,338.6,False,False,False,False,False,False,,True,Normal,100,100,1024,1024,1024,1024,N,False,False,False,False,False,0,False,False,False,False,46,7.268,1039,2265,7.268,False,3.638,3.63,0.025,False,False,4.768,104.5,100.4,104.5,,,,,,,,,Idle,,,True,,False,8,Go Home,True,True,True,False,False,False,False,False,True,False,False,False,43.0666047727683,-77.6229698903817,23.8,313.7,1640.4,True,1,1,False,False,False,False,,True,False,False,,328,,16.4,Calm,41,, 1.8.0,DJI Mini 3 Pro,1581F4XF3229R006,53HFK5R0M30ACD,5HAZK6H0018AUR,52XPK6ACA001NV,180.6,0.7,59,13.23575,6.487126,0,8942,DJI Mini 3 Pro,1581F4XF3229R006,53HFK5R0M30ACD,5HAZK6H0018AUR,52XPK6ACA001NV,DJI Fly,, 1.8.0,61EABE4C-BCDC-32F4-D0CC-A1B5A0612123,1581F4XF3229R006W0A6,,,,,,,,,,
6/20/2023,8:54:06.92 AM,2m 46.4s,166.4,43.0666340333294,-77.6228931618152,10.1,60.6,9.5,544,733.7,5.415058,13.235805,3.35541,5.368656,-4.250186,8.94776,,5.368656,-0.2,1.5,-51.9,308.1,P-GPS (Brake),Other,,24,5,True,,Mini 3 Pro,True,False,,Smart,RC,False,True,False,,,True,,False,False,False,False,False,False,False,False,False,False,0,Follow Yaw,-2.9,0,-21.4,338.6,False,False,False,False,False,False,,True,Normal,100,100,1024,1024,1024,1024,N,False,False,False,False,False,0,False,False,False,False,46,7.268,1039,2265,7.268,False,3.638,3.63,0.025,False,False,4.768,104.5,100.4,104.5,,,,,,,,,Idle,,,True,,False,8,Go Home,True,True,True,False,False,False,False,False,True,False,False,False,43.0666047727683,-77.6229698903817,23,313.7,1640.4,True,1,1,False,False,False,False,,True,False,False,,328,,16.4,Calm,41,, 1.8.0,DJI Mini 3 Pro,1581F4XF3229R006,53HFK5R0M30ACD,5HAZK6H0018AUR,52XPK6ACA001NV,180.6,0.7,59,13.23575,6.487126,0,8942,DJI Mini 3 Pro,1581F4XF3229R006,53HFK5R0M30ACD,5HAZK6H0018AUR,52XPK6ACA001NV,DJI Fly,, 1.8.0,61EABE4C-BCDC-32F4-D0CC-A1B5A0612123,1581F4XF3229R006W0A6,,,,,,,,,,
6/20/2023,8:54:07.12 AM,2m 46.6s,166.6,43.0666365421032,-77.622898076709,10.1,60.6,9.5,544,735.3,5.279367,13.235805,3.131716,5.368656,-4.250186,8.94776,,5.368656,2.3,1.7,-51.8,308.2,P-GPS (Brake),Other,,24,5,True,,Mini 3 Pro,True,False,,Smart,RC,False,True,False,,,True,,False,False,False,False,False,False,False,False,False,False,0,Follow Yaw,-2.9,0,-21.4,338.6,False,False,False,False,False,False,,True,Normal,100,100,1024,1024,1024,1024,N,False,False,False,False,False,0,False,False,False,False,46,7.268,1039,2265,7.268,False,3.638,3.63,0.025,False,False,4.768,104.5,100.4,104.5,,,,,,,,,Idle,,,True,,False,8,Go Home,True,True,True,False,False,False,False,False,True,False,False,False,43.0666047727683,-77.6229698903817,22.3,313.7,1640.4,True,1,1,False,False,False,False,,True,False,False,,328,,16.4,Calm,41,, 1.8.0,DJI Mini 3 Pro,1581F4XF3229R006,53HFK5R0M30ACD,5HAZK6H0018AUR,52XPK6ACA001NV,180.6,0.7,59,13.23575,6.487126,0,8942,DJI Mini 3 Pro,1581F4XF3229R006,53HFK5R0M30ACD,5HAZK6H0018AUR,52XPK6ACA001NV,DJI Fly,, 1.8.0,61EABE4C-BCDC-32F4-D0CC-A1B5A0612123,1581F4XF3229R006W0A6,,,,,,,,,,
6/20/2023,8:54:07.32 AM,2m 46.8s,166.8,43.0666387930477,-77.6229024697674,10.1,60.6,9.5,544,736.7,4.297021,13.235805,2.684328,5.368656,-3.35541,8.94776,,5.368656,17.8,2.2,-51.5,308.5,P-GPS (Brake),Other,,24,5,True,,Mini 3 Pro,True,False,,Smart,RC,False,True,False,,,True,,False,False,False,False,False,False,False,False,False,False,0,Follow Yaw,-2.9,0,-21.4,338.6,False,False,False,False,False,False,,True,Normal,100,100,1024,1024,1024,1024,N,False,False,False,False,False,0,False,False,False,False,46,7.271,1037,2265,7.271,False,3.64,3.631,0.025,False,False,4.899,104.5,100.4,104.5,,,,,,,,,Idle,,,True,,False,8,Go Home,True,True,True,False,False,False,False,False,True,False,False,False,43.0666047727683,-77.6229698903817,21.8,313.7,1640.4,True,1,1,False,False,False,False,,True,False,False,,328,,16.4,Calm,41,, 1.8.0,DJI Mini 3 Pro,1581F4XF3229R006,53HFK5R0M30ACD,5HAZK6H0018AUR,52XPK6ACA001NV,180.6,0.7,59,13.23575,6.487126,0,8942,DJI Mini 3 Pro,1581F4XF3229R006,53HFK5R0M30ACD,5HAZK6H0018AUR,52XPK6ACA001NV,DJI Fly,, 1.8.0,61EABE4C-BCDC-32F4-D0CC-A1B5A0612123,1581F4XF3229R006W0A6,,,,,,,,,,
6/20/2023,8:54:07.53 AM,2m 47.0s,167,43.0666404148037,-77.6229055946474,10.1,60.6,9.5,544,737.7,2.86468,13.235805,1.789552,5.368656,-2.23694,8.94776,,5.368656,15.8,0.7,-51.7,308.3,P-GPS (Brake),Other,,24,5,True,,Mini 3 Pro,True,False,,Smart,RC,False,True,False,,,True,,False,False,False,False,False,False,False,False,False,False,0,Follow Yaw,-2.9,0,-21.4,338.6,False,False,False,False,False,False,,True,Normal,100,100,1024,1123,1024,1024,N,False,False,False,False,False,0,False,False,False,False,46,7.271,1037,2265,7.271,False,3.64,3.631,0.025,False,False,4.899,104.5,100.4,104.5,,,,,,,,,Idle,,,True,,False,8,Go Home,True,True,True,False,False,False,False,False,True,False,False,False,43.0666047727683,-77.6229698903817,21.5,313.7,1640.4,True,1,1,False,False,False,False,,True,False,False,,328,,16.4,Calm,41,, 1.8.0,DJI Mini 3 Pro,1581F4XF3229R006,53HFK5R0M30ACD,5HAZK6H0018AUR,52XPK6ACA001NV,180.6,0.7,59,13.23575,6.487126,0,8942,DJI Mini 3 Pro,1581F4XF3229R006,53HFK5R0M30ACD,5HAZK6H0018AUR,52XPK6ACA001NV,DJI Fly,, 1.8.0,61EABE4C-BCDC-32F4-D0CC-A1B5A0612123,1581F4XF3229R006W0A6,,,,,,,,,,
6/20/2023,8:54:07.73 AM,2m 47.2s,167.2,43.0666413810389,-77.6229075407804,10.1,60.6,9.1,544,738.4,1.43234,13.235805,0.894776,5.368656,-1.11847,8.94776,,5.368656,10.6,0.6,-51.8,308.2,P-GPS (Brake),Other,,24,5,True,,Mini 3 Pro,True,False,,Smart,RC,False,True,False,,,True,,False,False,False,False,False,False,False,False,False,False,0,Follow Yaw,-2.9,0,-21.4,338.6,False,False,False,False,False,False,,True,Normal,100,100,1024,1641,1024,1024,N,False,False,False,False,False,0,False,False,False,False,46,7.271,1037,2265,7.271,False,3.64,3.631,0.025,False,False,4.899,104.5,100.4,104.5,,,,,,,,,Idle,,,True,,False,8,Go Home,True,True,True,False,False,False,False,False,True,False,False,False,43.0666047727683,-77.6229698903817,21.3,313.7,1640.4,True,1,1,False,False,False,False,,True,False,False,,328,,16.4,Calm,41,, 1.8.0,DJI Mini 3 Pro,1581F4XF3229R006,53HFK5R0M30ACD,5HAZK6H0018AUR,52XPK6ACA001NV,180.6,0.7,59,13.23575,6.487126,0,8942,DJI Mini 3 Pro,1581F4XF3229R006,53HFK5R0M30ACD,5HAZK6H0018AUR,52XPK6ACA001NV,DJI Fly,, 1.8.0,61EABE4C-BCDC-32F4-D0CC-A1B5A0612123,1581F4XF3229R006W0A6,,,,,,,,,,
6/20/2023,8:54:07.83 AM,2m 47.4s,167.4,43.0666419147951,-77.6229087416493,10.1,60.6,9.1,544,738.8,0.949053,13.235805,0.671082,5.368656,-0.671082,8.94776,,5.368656,1.2,0.8,-51.9,308.1,P-GPS (Brake),Other,,24,5,True,,Mini 3 Pro,True,False,,Smart,RC,False,True,False,,,True,,False,False,False,False,False,False,False,False,False,False,0,Follow Yaw,-2.9,0,-21.4,338.6,False,False,False,False,False,False,,True,Normal,100,100,1024,1596,1024,1024,N,False,False,False,False,False,0,False,False,False,False,46,7.271,1037,2265,7.271,False,3.64,3.631,0.025,False,False,4.899,104.5,100.4,104.5,,,,,,,,,Idle,,,True,,False,8,Go Home,True,True,True,False,False,False,False,False,True,False,False,False,43.0666047727683,-77.6229698903817,21.1,313.7,1640.4,True,1,1,False,False,False,False,,True,False,False,,328,,16.4,Calm,41,, 1.8.0,DJI Mini 3 Pro,1581F4XF3229R006,53HFK5R0M30ACD,5HAZK6H0018AUR,52XPK6ACA001NV,180.6,0.7,59,13.23575,6.487126,0,8942,DJI Mini 3 Pro,1581F4XF3229R006,53HFK5R0M30ACD,5HAZK6H0018AUR,52XPK6ACA001NV,DJI Fly,, 1.8.0,61EABE4C-BCDC-32F4-D0CC-A1B5A0612123,1581F4XF3229R006W0A6,,,,,,,,,,
6/20/2023,8:54:08.13 AM,2m 47.6s,167.6,43.0666423625274,-77.6229098365411,10.1,60.6,9.1,544,739.1,1.11847,13.235805,0.671082,5.368656,-0.894776,8.94776,,5.368656,-7.3,0.9,-51.9,308.1,P-GPS (Brake),Other,,24,5,True,,Mini 3 Pro,True,False,,Smart,RC,False,True,False,,,True,,False,False,False,False,False,False,False,False,False,False,0,Follow Yaw,-2.9,0,-21.4,338.6,False,False,False,False,False,False,,True,Normal,100,100,1024,1091,1024,1024,N,False,False,False,False,False,0,False,False,False,False,46,7.271,1037,2265,7.271,False,3.64,3.631,0.025,False,False,4.899,104.5,100.4,104.5,,,,,,,,,Idle,,,True,,False,8,Go Home,True,True,True,False,False,False,False,False,True,False,False,False,43.0666047727683,-77.6229698903817,21,313.7,1640.4,True,1,1,False,False,False,False,,True,False,False,,328,,16.4,Calm,41,, 1.8.0,DJI Mini 3 Pro,1581F4XF3229R006,53HFK5R0M30ACD,5HAZK6H0018AUR,52XPK6ACA001NV,180.6,0.7,59,13.23575,6.487126,0,8942,DJI Mini 3 Pro,1581F4XF3229R006,53HFK5R0M30ACD,5HAZK6H0018AUR,52XPK6ACA001NV,DJI Fly,, 1.8.0,61EABE4C-BCDC-32F4-D0CC-A1B5A0612123,1581F4XF3229R006W0A6,,,,,,,,,,
6/20/2023,8:54:08.33 AM,2m 47.8s,167.8,43.0666430766367,-77.6229113250932,10.1,60.6,9.5,544,739.6,1.747105,13.235805,1.11847,5.368656,-1.342164,8.94776,,5.368656,-9.5,0.8,-51.9,308.1,P-GPS (Brake),Other,,24,5,True,,Mini 3 Pro,True,False,,Smart,RC,False,True,False,,,True,,False,False,False,False,False,False,False,False,False,False,0,Follow Yaw,-2.9,0,-21.4,338.6,False,False,False,False,False,False,,True,Normal,100,100,1024,1024,1024,1024,N,False,False,False,False,False,0,False,False,False,False,46,7.265,1036,2265,7.265,False,3.638,3.627,0.025,False,False,4.976,104.7,100.4,104.7,,,,,,,,,Idle,,,True,,False,8,Go Home,True,True,True,False,False,False,False,False,True,False,False,False,43.0666047727683,-77.6229698903817,20.9,313.7,1640.4,True,1,1,False,False,False,False,,True,False,False,,328,,16.4,Calm,41,, 1.8.0,DJI Mini 3 Pro,1581F4XF3229R006,53HFK5R0M30ACD,5HAZK6H0018AUR,52XPK6ACA001NV,180.6,0.7,59,13.23575,6.487126,0,8942,DJI Mini 3 Pro,1581F4XF3229R006,53HFK5R0M30ACD,5HAZK6H0018AUR,52XPK6ACA001NV,DJI Fly,, 1.8.0,61EABE4C-BCDC-32F4-D0CC-A1B5A0612123,1581F4XF3229R006W0A6,,,,,,,,,,
6/20/2023,8:54:08.43 AM,2m 48.0s,168,43.0666441130771,-77.6229132645773,10.1,60.6,9.5,544,740.2,2.23694,13.235805,1.342164,5.368656,-1.789552,8.94776,,5.368656,-2.3,0.2,-51.8,308.2,P-GPS (Brake),Other,,24,5,True,,Mini 3 Pro,True,False,,Smart,RC,False,True,False,,,True,,False,False,False,False,False,False,False,False,False,False,0,Follow Yaw,-2.9,0,-21.4,338.6,False,False,False,False,False,False,,True,Normal,100,100,1024,1024,1024,1024,N,False,False,False,False,False,0,False,False,False,False,46,7.265,1036,2265,7.265,False,3.638,3.627,0.025,False,False,4.976,104.7,100.4,104.7,,,,,,,,,Idle,,,True,,False,8,Go Home,True,True,True,False,False,False,False,False,True,False,False,False,43.0666047727683,-77.6229698903817,20.8,313.7,1640.4,True,1,1,False,False,False,False,,True,False,False,,328,,16.4,Calm,41,, 1.8.0,DJI Mini 3 Pro,1581F4XF3229R006,53HFK5R0M30ACD,5HAZK6H0018AUR,52XPK6ACA001NV,180.6,0.7,59,13.23575,6.487126,0,8942,DJI Mini 3 Pro,1581F4XF3229R006,53HFK5R0M30ACD,5HAZK6H0018AUR,52XPK6ACA001NV,DJI Fly,, 1.8.0,61EABE4C-BCDC-32F4-D0CC-A1B5A0612123,1581F4XF3229R006W0A6,,,,,,,,,,
6/20/2023,8:54:08.74 AM,2m 48.2s,168.2,43.0666452136531,-77.6229152875766,10.1,60.6,9.5,544,740.9,2.062356,13.235805,1.342164,5.368656,-1.565858,8.94776,,5.368656,8,0.2,-51.8,308.2,P-GPS (Brake),Other,,24,5,True,,Mini 3 Pro,True,False,,Smart,RC,False,True,False,,,True,,False,False,False,False,False,False,False,False,False,False,0,Follow Yaw,-2.9,0,-21.4,338.6,False,False,False,False,False,False,,True,Normal,100,100,1024,1362,1024,1024,N,False,False,False,False,False,0,False,False,False,False,46,7.265,1036,2265,7.265,False,3.638,3.627,0.025,False,False,4.976,104.7,100.4,104.7,,,,,,,,,Idle,,,True,,False,8,Go Home,True,True,True,False,False,False,False,False,True,False,False,False,43.0666047727683,-77.6229698903817,20.7,313.7,1640.4,True,1,1,False,False,False,False,,True,False,False,,328,,16.4,Calm,41,, 1.8.0,DJI Mini 3 Pro,1581F4XF3229R006,53HFK5R0M30ACD,5HAZK6H0018AUR,52XPK6ACA001NV,180.6,0.7,59,13.23575,6.487126,0,8942,DJI Mini 3 Pro,1581F4XF3229R006,53HFK5R0M30ACD,5HAZK6H0018AUR,52XPK6ACA001NV,DJI Fly,, 1.8.0,61EABE4C-BCDC-32F4-D0CC-A1B5A0612123,1581F4XF3229R006W0A6,,,,,,,,,,
6/20/2023,8:54:08.94 AM,2m 48.4s,168.4,43.0666460373064,-77.6229168666857,10.1,60.6,9.1,544,741.4,1.43234,13.235805,0.894776,5.368656,-1.11847,8.94776,,5.368656,6.1,0.3,-51.8,308.2,P-GPS (Brake),Other,,24,5,True,,Mini 3 Pro,True,False,,Smart,RC,False,True,False,,,True,,False,False,False,False,False,False,False,False,False,False,0,Follow Yaw,-2.9,0,-21.4,338.6,False,False,False,False,False,False,,True,Normal,100,100,1024,1605,1024,1024,N,False,False,False,False,False,0,False,False,False,False,46,7.265,1036,2265,7.265,False,3.638,3.627,0.025,False,False,4.976,104.7,100.4,104.7,,,,,,,,,Idle,,,True,,False,8,Go Home,True,True,True,False,False,False,False,False,True,False,False,False,43.0666047727683,-77.6229698903817,20.6,313.7,1640.4,True,1,1,False,False,False,False,,True,False,False,,328,,16.4,Calm,41,, 1.8.0,DJI Mini 3 Pro,1581F4XF3229R006,53HFK5R0M30ACD,5HAZK6H0018AUR,52XPK6ACA001NV,180.6,0.7,59,13.23575,6.487126,0,8942,DJI Mini 3 Pro,1581F4XF3229R006,53HFK5R0M30ACD,5HAZK6H0018AUR,52XPK6ACA001NV,DJI Fly,, 1.8.0,61EABE4C-BCDC-32F4-D0CC-A1B5A0612123,1581F4XF3229R006W0A6,,,,,,,,,,
6/20/2023,8:54:09.14 AM,2m 48.6s,168.6,43.0666466398456,-77.6229180850445,10.1,60.6,9.1,544,741.8,1.11847,13.235805,0.671082,5.368656,-0.894776,8.94776,,5.368656,-3.7,0.8,-52,308,P-GPS (Brake),Other,,24,5,True,,Mini 3 Pro,True,False,,Smart,RC,False,True,False,,,True,,False,False,False,False,False,False,False,False,False,False,0,Follow Yaw,-2.9,0,-21.4,338.6,False,False,False,False,False,False,,True,Normal,100,100,1024,1620,1024,1024,N,False,False,False,False,False,0,False,False,False,False,46,7.265,1036,2265,7.265,False,3.638,3.627,0.025,False,False,4.976,104.7,100.4,104.7,,,,,,,,,Idle,,,True,,False,8,Go Home,True,True,True,False,False,False,False,False,True,False,False,False,43.0666047727683,-77.6229698903817,20.5,313.7,1640.4,True,1,1,False,False,False,False,,True,False,False,,328,,16.4,Calm,41,, 1.8.0,DJI Mini 3 Pro,1581F4XF3229R006,53HFK5R0M30ACD,5HAZK6H0018AUR,52XPK6ACA001NV,180.6,0.7,59,13.23575,6.487126,0,8942,DJI Mini 3 Pro,1581F4XF3229R006,53HFK5R0M30ACD,5HAZK6H0018AUR,52XPK6ACA001NV,DJI Fly,, 1.8.0,61EABE4C-BCDC-32F4-D0CC-A1B5A0612123,1581F4XF3229R006W0A6,,,,,,,,,,
6/20/2023,8:54:09.34 AM,2m 48.8s,168.8,43.0666473306573,-77.6229194612931,10.1,60.6,9.1,544,742.2,1.61308,13.235805,0.894776,5.368656,-1.342164,8.94776,,5.368656,-9.9,0.6,-52,308,P-GPS (Brake),Other,,24,5,True,,Mini 3 Pro,True,False,,Smart,RC,False,True,False,,,True,,False,False,False,False,False,False,False,False,False,False,0,Follow Yaw,-2.9,0,-21.4,338.6,False,False,False,False,False,False,,True,Normal,100,100,1024,1464,1024,1024,N,False,False,False,False,False,0,False,False,False,False,46,7.267,1035,2265,7.267,False,3.639,3.628,0.025,False,False,4.944,104.5,100.4,104.7,,,,,,,,,Idle,,,True,,False,8,Go Home,True,True,True,False,False,False,False,False,True,False,False,False,43.0666047727683,-77.6229698903817,20.5,313.7,1640.4,True,1,1,False,False,False,False,,True,False,False,,328,,16.4,Calm,41,, 1.8.0,DJI Mini 3 Pro,1581F4XF3229R006,53HFK5R0M30ACD,5HAZK6H0018AUR,52XPK6ACA001NV,180.6,0.7,59,13.23575,6.487126,0,8942,DJI Mini 3 Pro,1581F4XF3229R006,53HFK5R0M30ACD,5HAZK6H0018AUR,52XPK6ACA001NV,DJI Fly,, 1.8.0,61EABE4C-BCDC-32F4-D0CC-A1B5A0612123,1581F4XF3229R006W0A6,,,,,,,,,,
6/20/2023,8:54:09.55 AM,2m 49.0s,169,43.0666483395425,-77.6229214691947,10.1,60.6,9.1,544,742.9,2.41962,13.235805,1.342164,5.368656,-2.013246,8.94776,,5.368656,-15.2,1,-52.1,307.9,P-GPS (Brake),Other,,24,5,True,,Mini 3 Pro,True,False,,Smart,RC,False,True,False,,,True,,False,False,False,False,False,False,False,False,False,False,0,Follow Yaw,-2.9,0,-21.4,338.6,False,False,False,False,False,False,,True,Normal,100,100,1024,1024,1024,1024,N,False,False,False,False,False,0,False,False,False,False,46,7.267,1035,2265,7.267,False,3.639,3.628,0.025,False,False,4.944,104.5,100.4,104.7,,,,,,,,,Idle,,,True,,False,8,Go Home,True,True,True,False,False,False,False,False,True,False,False,False,43.0666047727683,-77.6229698903817,20.4,313.7,1640.4,True,1,1,False,False,False,False,,True,False,False,,328,,16.4,Calm,41,, 1.8.0,DJI Mini 3 Pro,1581F4XF3229R006,53HFK5R0M30ACD,5HAZK6H0018AUR,52XPK6ACA001NV,180.6,0.7,59,13.23575,6.487126,0,8942,DJI Mini 3 Pro,1581F4XF3229R006,53HFK5R0M30ACD,5HAZK6H0018AUR,52XPK6ACA001NV,DJI Fly,, 1.8.0,61EABE4C-BCDC-32F4-D0CC-A1B5A0612123,1581F4XF3229R006W0A6,,,,,,,,,,
6/20/2023,8:54:09.65 AM,2m 49.2s,169.2,43.0666498402493,-77.622924372927,10.1,60.6,9.1,544,743.8,3.536912,13.235805,2.013246,5.368656,-2.908022,8.94776,,5.368656,-9.9,1.8,-52,308,P-GPS (Brake),Other,,24,5,True,,Mini 3 Pro,True,False,,Smart,RC,False,True,False,,,True,,False,False,False,False,False,False,False,False,False,False,0,Follow Yaw,-2.9,0,-21.4,338.6,False,False,False,False,False,False,,True,Normal,100,100,1024,1024,1024,1024,N,False,False,False,False,False,0,False,False,False,False,46,7.267,1035,2265,7.267,False,3.639,3.628,0.025,False,False,4.944,104.5,100.4,104.7,,,,,,,,,Idle,,,True,,False,8,Go Home,True,True,True,False,False,False,False,False,True,False,False,False,43.0666047727683,-77.6229698903817,20.4,313.7,1640.4,True,1,1,False,False,False,False,,True,False,False,,328,,16.4,Calm,41,, 1.8.0,DJI Mini 3 Pro,1581F4XF3229R006,53HFK5R0M30ACD,5HAZK6H0018AUR,52XPK6ACA001NV,180.6,0.7,59,13.23575,6.487126,0,8942,DJI Mini 3 Pro,1581F4XF3229R006,53HFK5R0M30ACD,5HAZK6H0018AUR,52XPK6ACA001NV,DJI Fly,, 1.8.0,61EABE4C-BCDC-32F4-D0CC-A1B5A0612123,1581F4XF3229R006W0A6,,,,,,,,,,
6/20/2023,8:54:09.95 AM,2m 49.4s,169.4,43.0666516479226,-77.6229277863287,10.1,60.6,9.1,544,744.9,3.668854,13.235805,2.23694,5.368656,-2.908022,8.94776,,5.368656,6.8,1.8,-51.7,308.3,P-GPS (Brake),Other,,24,5,True,,Mini 3 Pro,True,False,,Smart,RC,False,True,False,,,True,,False,False,False,False,False,False,False,False,False,False,0,Follow Yaw,-2.9,0,-21.4,338.6,False,False,False,False,False,False,,True,Normal,100,100,1024,1024,1024,1024,N,False,False,False,False,False,0,False,False,False,False,46,7.267,1035,2265,7.267,False,3.639,3.628,0.025,False,False,4.944,104.5,100.4,104.7,,,,,,,,,Idle,,,True,,False,8,Go Home,True,True,True,False,False,False,False,False,True,False,False,False,43.0666047727683,-77.6229698903817,20.4,313.7,1640.4,True,1,1,False,False,False,False,,True,False,False,,328,,16.4,Calm,41,, 1.8.0,DJI Mini 3 Pro,1581F4XF3229R006,53HFK5R0M30ACD,5HAZK6H0018AUR,52XPK6ACA001NV,180.6,0.7,59,13.23575,6.487126,0,8942,DJI Mini 3 Pro,1581F4XF3229R006,53HFK5R0M30ACD,5HAZK6H0018AUR,52XPK6ACA001NV,DJI Fly,, 1.8.0,61EABE4C-BCDC-32F4-D0CC-A1B5A0612123,1581F4XF3229R006W0A6,,,,,,,,,,
6/20/2023,8:54:10.15 AM,2m 49.6s,169.6,43.0666532336208,-77.6229307841358,10.1,60.6,9.1,544,745.9,2.730533,13.235805,1.565858,5.368656,-2.23694,8.94776,,5.368656,12.9,1.8,-51.6,308.4,P-GPS (Brake),Other,,24,5,True,,Mini 3 Pro,True,False,,Smart,RC,False,True,False,,,True,,False,False,False,False,False,False,False,False,False,False,0,Follow Yaw,-2.9,0,-21.4,338.6,False,False,False,False,False,False,,True,Normal,100,100,1024,1024,1024,1024,N,False,False,False,False,False,0,False,False,False,False,46,7.267,1035,2265,7.267,False,3.639,3.628,0.025,False,False,4.944,104.5,100.4,104.7,,,,,,,,,Idle,,,True,,False,8,Go Home,True,True,True,False,False,False,False,False,True,False,False,False,43.0666047727683,-77.6229698903817,20.5,313.7,1640.4,True,1,1,False,False,False,False,,True,False,False,,328,,16.4,Calm,41,, 1.8.0,DJI Mini 3 Pro,1581F4XF3229R006,53HFK5R0M30ACD,5HAZK6H0018AUR,52XPK6ACA001NV,180.6,0.7,59,13.23575,6.487126,0,8942,DJI Mini 3 Pro,1581F4XF3229R006,53HFK5R0M30ACD,5HAZK6H0018AUR,52XPK6ACA001NV,DJI Fly,, 1.8.0,61EABE4C-BCDC-32F4-D0CC-A1B5A0612123,1581F4XF3229R006W0A6,,,,,,,,,,
6/20/2023,8:54:10.25 AM,2m 49.8s,169.8,43.0666543031206,-77.6229328951944,10.1,60.6,9.1,544,746.6,1.803478,13.235805,0.894776,5.368656,-1.565858,8.94776,,5.368656,10.1,1.6,-51.8,308.2,P-GPS (Brake),Other,,24,5,True,,Mini 3 Pro,True,False,,Smart,RC,False,True,False,,,True,,False,False,False,False,False,False,False,False,False,False,0,Follow Yaw,-2.9,0,-21.4,338.6,False,False,False,False,False,False,,True,Normal,100,100,1024,1184,1024,1024,N,False,False,False,False,False,0,False,False,False,False,46,7.264,1033,2265,7.264,False,3.638,3.626,0.025,False,False,4.937,104.7,100.4,104.7,,,,,,,,,Idle,,,True,,False,8,Go Home,True,True,True,False,False,False,False,False,True,False,False,False,43.0666047727683,-77.6229698903817,20.5,313.7,1640.4,True,1,1,False,False,False,False,,True,False,False,,328,,16.4,Calm,41,, 1.8.0,DJI Mini 3 Pro,1581F4XF3229R006,53HFK5R0M30ACD,5HAZK6H0018AUR,52XPK6ACA001NV,180.6,0.7,59,13.23575,6.487126,0,8942,DJI Mini 3 Pro,1581F4XF3229R006,53HFK5R0M30ACD,5HAZK6H0018AUR,52XPK6ACA001NV,DJI Fly,, 1.8.0,61EABE4C-BCDC-32F4-D0CC-A1B5A0612123,1581F4XF3229R006W0A6,,,,,,,,,,
6/20/2023,8:54:10.46 AM,2m 50.0s,170,43.0666549390747,-77.6229342519919,10.1,60.6,9.1,544,747,1.000389,13.235805,0.447388,5.368656,-0.894776,8.94776,,5.368656,5.9,1.7,-51.8,308.2,P-GPS (Brake),Other,,24,5,True,,Mini 3 Pro,True,False,,Smart,RC,False,True,False,,,True,,False,False,False,False,False,False,False,False,False,False,0,Follow Yaw,-2.9,0,-21.4,338.6,False,False,False,False,False,False,,True,Normal,100,100,1024,1328,1024,1024,N,False,False,False,False,False,0,False,False,False,False,46,7.264,1033,2265,7.264,False,3.638,3.626,0.025,False,False,4.937,104.7,100.4,104.7,,,,,,,,,Idle,,,True,,False,8,Go Home,True,True,True,False,False,False,False,False,True,False,False,False,43.0666047727683,-77.6229698903817,20.6,313.7,1640.4,True,1,1,False,False,False,False,,True,False,False,,328,,16.4,Calm,41,, 1.8.0,DJI Mini 3 Pro,1581F4XF3229R006,53HFK5R0M30ACD,5HAZK6H0018AUR,52XPK6ACA001NV,180.6,0.7,59,13.23575,6.487126,0,8942,DJI Mini 3 Pro,1581F4XF3229R006,53HFK5R0M30ACD,5HAZK6H0018AUR,52XPK6ACA001NV,DJI Fly,, 1.8.0,61EABE4C-BCDC-32F4-D0CC-A1B5A0612123,1581F4XF3229R006W0A6,,,,,,,,,,
6/20/2023,8:54:10.76 AM,2m 50.2s,170.2,43.0666553096156,-77.6229351719056,10.1,60.6,9.1,544,747.3,0.80654,13.235805,0.447388,5.368656,-0.671082,8.94776,,5.368656,0.7,1.5,-51.9,308.1,P-GPS (Brake),Other,,24,5,True,,Mini 3 Pro,True,False,,Smart,RC,False,True,False,,,True,,False,False,False,False,False,False,False,False,False,False,0,Follow Yaw,-2.9,0,-21.4,338.6,False,False,False,False,False,False,,True,Normal,100,100,1024,1348,1024,1024,N,False,False,False,False,False,0,False,False,False,False,46,7.264,1033,2265,7.264,False,3.638,3.626,0.025,False,False,4.937,104.7,100.4,104.7,,,,,,,,,Idle,,,True,,False,8,Go Home,True,True,True,False,False,False,False,False,True,False,False,False,43.0666047727683,-77.6229698903817,20.6,313.7,1640.4,True,1,1,False,False,False,False,,True,False,False,,328,,16.4,Calm,41,, 1.8.0,DJI Mini 3 Pro,1581F4XF3229R006,53HFK5R0M30ACD,5HAZK6H0018AUR,52XPK6ACA001NV,180.6,0.7,59,13.23575,6.487126,0,8942,DJI Mini 3 Pro,1581F4XF3229R006,53HFK5R0M30ACD,5HAZK6H0018AUR,52XPK6ACA001NV,DJI Fly,, 1.8.0,61EABE4C-BCDC-32F4-D0CC-A1B5A0612123,1581F4XF3229R006W0A6,,,,,,,,,,
6/20/2023,8:54:10.86 AM,2m 50.4s,170.4,43.0666556159611,-77.6229360128891,10.1,60.6,9.1,544,747.6,0.80654,13.235805,0.447388,5.368656,-0.671082,8.94776,,5.368656,-4.4,1.8,-51.9,308.1,P-GPS (Brake),Other,,24,5,True,,Mini 3 Pro,True,False,,Smart,RC,False,True,False,,,True,,False,False,False,False,False,False,False,False,False,False,0,Follow Yaw,-2.9,0,-21.4,338.6,False,False,False,False,False,False,,True,Normal,100,100,1024,1024,1024,1024,N,False,False,False,False,False,0,False,False,False,False,46,7.264,1033,2265,7.264,False,3.638,3.626,0.025,False,False,4.937,104.7,100.4,104.7,,,,,,,,,Idle,,,True,,False,8,Go Home,True,True,True,False,False,False,False,False,True,False,False,False,43.0666047727683,-77.6229698903817,20.6,313.7,1640.4,True,1,1,False,False,False,False,,True,False,False,,328,,16.4,Calm,41,, 1.8.0,DJI Mini 3 Pro,1581F4XF3229R006,53HFK5R0M30ACD,5HAZK6H0018AUR,52XPK6ACA001NV,180.6,0.7,59,13.23575,6.487126,0,8942,DJI Mini 3 Pro,1581F4XF3229R006,53HFK5R0M30ACD,5HAZK6H0018AUR,52XPK6ACA001NV,DJI Fly,, 1.8.0,61EABE4C-BCDC-32F4-D0CC-A1B5A0612123,1581F4XF3229R006W0A6,,,,,,,,,,
6/20/2023,8:54:11.06 AM,2m 50.6s,170.6,43.0666560593158,-77.6229371019441,10.1,60.6,9.1,544,747.9,1.304348,13.235805,0.671082,5.368656,-1.11847,8.94776,,5.368656,-4.6,1.6,-51.9,308.1,P-GPS (Brake),Other,,24,5,True,,Mini 3 Pro,True,False,,Smart,RC,False,True,False,,,True,,False,False,False,False,False,False,False,False,False,False,0,Follow Yaw,-2.9,0,-21.4,338.6,False,False,False,False,False,False,,True,Normal,100,100,1024,1024,1024,1024,N,False,False,False,False,False,0,False,False,False,False,46,7.264,1033,2265,7.264,False,3.638,3.626,0.025,False,False,4.937,104.7,100.4,104.7,,,,,,,,,Idle,,,True,,False,8,Go Home,True,True,True,False,False,False,False,False,True,False,False,False,43.0666047727683,-77.6229698903817,20.6,313.7,1640.4,True,1,1,False,False,False,False,,True,False,False,,328,,16.4,Calm,41,, 1.8.0,DJI Mini 3 Pro,1581F4XF3229R006,53HFK5R0M30ACD,5HAZK6H0018AUR,52XPK6ACA001NV,180.6,0.7,59,13.23575,6.487126,0,8942,DJI Mini 3 Pro,1581F4XF3229R006,53HFK5R0M30ACD,5HAZK6H0018AUR,52XPK6ACA001NV,DJI Fly,, 1.8.0,61EABE4C-BCDC-32F4-D0CC-A1B5A0612123,1581F4XF3229R006W0A6,,,,,,,,,,
6/20/2023,8:54:11.37 AM,2m 50.8s,170.8,43.0666566598932,-77.6229384437142,10.1,60.6,9.1,544,748.3,1.43234,13.235805,0.894776,5.368656,-1.11847,8.94776,,5.368656,3.4,1.5,-51.8,308.2,P-GPS (Brake),Other,,24,5,True,,Mini 3 Pro,True,False,,Smart,RC,False,True,False,,,True,,False,False,False,False,False,False,False,False,False,False,0,Follow Yaw,-2.9,0,-21.4,338.6,False,False,False,False,False,False,,True,Normal,100,100,1024,1024,364,1024,N,False,False,False,False,False,0,False,False,False,False,46,7.26,1032,2265,7.26,False,3.636,3.624,0.025,False,False,4.932,104.7,100.4,104.7,,,,,,,,,Idle,,,True,,False,8,Go Home,True,True,True,False,False,False,False,False,True,False,False,False,43.0666047727683,-77.6229698903817,20.7,313.7,1640.4,True,1,1,False,False,False,False,,True,False,False,,328,,16.4,Calm,41,, 1.8.0,DJI Mini 3 Pro,1581F4XF3229R006,53HFK5R0M30ACD,5HAZK6H0018AUR,52XPK6ACA001NV,180.6,0.7,59,13.23575,6.487126,0,8942,DJI Mini 3 Pro,1581F4XF3229R006,53HFK5R0M30ACD,5HAZK6H0018AUR,52XPK6ACA001NV,DJI Fly,, 1.8.0,61EABE4C-BCDC-32F4-D0CC-A1B5A0612123,1581F4XF3229R006W0A6,,,,,,,,,,
6/20/2023,8:54:11.47 AM,2m 51.0s,171,43.0666571439275,-77.6229396446007,10.1,60.6,9.1,544,748.7,1.000389,13.235805,0.447388,5.368656,-0.894776,8.94776,,5.368656,6.7,1.8,-51.7,308.3,P-GPS (Brake),Other,,24,5,True,,Mini 3 Pro,True,False,,Smart,RC,False,True,False,,,True,,False,False,False,False,False,False,False,False,False,False,0,Follow Yaw,-2.9,0,-21.4,338.6,False,False,False,False,False,False,,True,Normal,100,100,1024,1024,364,1024,N,False,False,False,False,False,0,False,False,False,False,46,7.26,1032,2265,7.26,False,3.636,3.624,0.025,False,False,4.932,104.7,100.4,104.7,,,,,,,,,Idle,,,True,,False,8,Go Home,True,True,True,False,False,False,False,False,True,False,False,False,43.0666047727683,-77.6229698903817,20.7,313.7,1640.4,True,1,1,False,False,False,False,,True,False,False,,328,,16.4,Calm,41,, 1.8.0,DJI Mini 3 Pro,1581F4XF3229R006,53HFK5R0M30ACD,5HAZK6H0018AUR,52XPK6ACA001NV,180.6,0.7,59,13.23575,6.487126,0,8942,DJI Mini 3 Pro,1581F4XF3229R006,53HFK5R0M30ACD,5HAZK6H0018AUR,52XPK6ACA001NV,DJI Fly,, 1.8.0,61EABE4C-BCDC-32F4-D0CC-A1B5A0612123,1581F4XF3229R006W0A6,,,,,,,,,,
6/20/2023,8:54:11.67 AM,2m 51.2s,171.2,43.0666574694926,-77.6229405350285,9.8,60.6,8.8,544,749,0.707382,13.235805,0.223694,5.368656,-0.671082,8.94776,1.565858,5.368656,6.1,1.9,-51.8,308.2,P-GPS (Brake),Other,,24,5,True,,Mini 3 Pro,True,False,,Smart,RC,False,True,False,,,True,,False,False,False,False,False,False,False,False,False,False,0,Follow Yaw,-2.9,0,-21.4,338.6,False,False,False,False,False,False,,True,Normal,100,100,1024,1024,364,1024,N,False,False,False,False,False,0,False,False,False,False,46,7.26,1032,2265,7.26,False,3.636,3.624,0.025,False,False,4.932,104.7,100.4,104.7,,,,,,,,,Idle,,,True,,False,8,Go Home,True,True,True,False,False,False,False,False,True,False,False,False,43.0666047727683,-77.6229698903817,20.7,313.7,1640.4,True,1,1,False,False,False,False,,True,False,False,,328,,16.4,Calm,41,, 1.8.0,DJI Mini 3 Pro,1581F4XF3229R006,53HFK5R0M30ACD,5HAZK6H0018AUR,52XPK6ACA001NV,180.6,0.7,59,13.23575,6.487126,0,8942,DJI Mini 3 Pro,1581F4XF3229R006,53HFK5R0M30ACD,5HAZK6H0018AUR,52XPK6ACA001NV,DJI Fly,, 1.8.0,61EABE4C-BCDC-32F4-D0CC-A1B5A0612123,1581F4XF3229R006W0A6,,,,,,,,,,
6/20/2023,8:54:11.97 AM,2m 51.4s,171.4,43.0666576290583,-77.6229411389193,9.1,60.6,8.2,543,749.1,0.500194,13.235805,0.223694,5.368656,-0.447388,8.94776,2.23694,5.368656,3.6,1.7,-51.8,308.2,P-GPS (Brake),Other,,24,5,True,,Mini 3 Pro,True,False,,Smart,RC,False,True,False,,,True,,False,False,False,False,False,False,False,False,False,False,0,Follow Yaw,-2.9,0,-21.4,338.6,False,False,False,False,False,False,,True,Normal,100,100,1024,1024,364,1024,N,False,False,False,False,False,0,False,False,False,False,46,7.26,1032,2265,7.26,False,3.636,3.624,0.025,False,False,4.932,104.7,100.4,104.7,,,,,,,,,Idle,,,True,,False,8,Go Home,True,True,True,False,False,False,False,False,True,False,False,False,43.0666047727683,-77.6229698903817,20.7,313.7,1640.4,True,1,1,False,False,False,False,,True,False,False,,328,,16.4,Calm,41,, 1.8.0,DJI Mini 3 Pro,1581F4XF3229R006,53HFK5R0M30ACD,5HAZK6H0018AUR,52XPK6ACA001NV,180.6,0.7,59,13.23575,6.487126,0,8942,DJI Mini 3 Pro,1581F4XF3229R006,53HFK5R0M30ACD,5HAZK6H0018AUR,52XPK6ACA001NV,DJI Fly,, 1.8.0,61EABE4C-BCDC-32F4-D0CC-A1B5A0612123,1581F4XF3229R006W0A6,,,,,,,,,,
6/20/2023,8:54:12.07 AM,2m 51.6s,171.6,43.066657658721,-77.6229415208591,8.5,60.6,7.2,543,749.2,0.223694,13.235805,,5.368656,-0.223694,8.94776,2.013246,5.368656,2.7,1.7,-51.8,308.2,P-GPS (Brake),Other,,24,5,True,,Mini 3 Pro,True,False,,Smart,RC,False,True,False,,,True,,False,False,False,False,False,False,False,False,False,False,0,Follow Yaw,-2.9,0,-21.4,338.6,False,False,False,False,False,False,,True,Normal,100,100,1024,1024,364,1024,N,False,False,False,False,False,0,False,False,False,False,46,7.26,1032,2265,7.26,False,3.636,3.624,0.025,False,False,4.932,104.7,100.4,104.7,,,,,,,,,Idle,,,True,,False,8,Go Home,True,True,True,False,False,False,False,False,True,False,False,False,43.0666047727683,-77.6229698903817,20.7,313.7,1640.4,True,1,1,False,False,False,False,,True,False,False,,328,,16.4,Calm,41,, 1.8.0,DJI Mini 3 Pro,1581F4XF3229R006,53HFK5R0M30ACD,5HAZK6H0018AUR,52XPK6ACA001NV,180.6,0.7,59,13.23575,6.487126,0,8942,DJI Mini 3 Pro,1581F4XF3229R006,53HFK5R0M30ACD,5HAZK6H0018AUR,52XPK6ACA001NV,DJI Fly,, 1.8.0,61EABE4C-BCDC-32F4-D0CC-A1B5A0612123,1581F4XF3229R006W0A6,,,,,,,,,,
6/20/2023,8:54:12.28 AM,2m 51.8s,171.8,43.0666575742863,-77.6229417383482,7.8,60.6,6.8,542,749.3,,13.235805,,5.368656,,8.94776,1.789552,5.368656,1.7,1.6,-51.8,308.2,P-GPS (Brake),Other,,24,5,True,,Mini 3 Pro,True,False,,Smart,RC,False,True,False,,,True,,False,False,False,False,False,False,False,False,False,False,0,Follow Yaw,-2.9,0,-21.4,338.6,False,False,False,False,False,False,,True,Normal,100,100,1024,1024,364,1024,N,False,False,False,False,False,0,False,False,False,False,46,7.261,1030,2265,7.261,False,3.636,3.625,0.025,False,False,4.538,104.7,100.4,104.7,,,,,,,,,Idle,,,True,,False,8,Go Home,True,True,True,False,False,False,False,False,True,False,False,False,43.0666047727683,-77.6229698903817,20.6,313.7,1640.4,True,1,1,False,False,False,False,,True,False,False,,328,,16.4,Calm,41,, 1.8.0,DJI Mini 3 Pro,1581F4XF3229R006,53HFK5R0M30ACD,5HAZK6H0018AUR,52XPK6ACA001NV,180.6,0.7,59,13.23575,6.487126,0,8942,DJI Mini 3 Pro,1581F4XF3229R006,53HFK5R0M30ACD,5HAZK6H0018AUR,52XPK6ACA001NV,DJI Fly,, 1.8.0,61EABE4C-BCDC-32F4-D0CC-A1B5A0612123,1581F4XF3229R006W0A6,,,,,,,,,,
6/20/2023,8:54:12.48 AM,2m 52.0s,172,43.0666573825093,-77.6229418622374,7.2,60.6,6.2,541,749.4,,13.235805,,5.368656,,8.94776,1.565858,5.368656,0.8,2.4,-51.9,308.1,P-GPS (Brake),Other,,24,5,True,,Mini 3 Pro,True,False,,Smart,RC,False,True,False,,,True,,False,False,False,False,False,False,False,False,False,False,0,Follow Yaw,-2.9,0,-21.4,338.6,False,False,False,False,False,False,,True,Normal,100,100,1024,1024,364,1020,N,False,False,False,False,False,0,False,False,False,False,46,7.261,1030,2265,7.261,False,3.636,3.625,0.025,False,False,4.538,104.7,100.4,104.7,,,,,,,,,Idle,,,True,,False,8,Go Home,True,True,True,False,False,False,False,False,True,False,False,False,43.0666047727683,-77.6229698903817,20.5,313.7,1640.4,True,1,1,False,False,False,False,,True,False,False,,328,,16.4,Calm,41,, 1.8.0,DJI Mini 3 Pro,1581F4XF3229R006,53HFK5R0M30ACD,5HAZK6H0018AUR,52XPK6ACA001NV,180.6,0.7,59,13.23575,6.487126,0,8942,DJI Mini 3 Pro,1581F4XF3229R006,53HFK5R0M30ACD,5HAZK6H0018AUR,52XPK6ACA001NV,DJI Fly,, 1.8.0,61EABE4C-BCDC-32F4-D0CC-A1B5A0612123,1581F4XF3229R006W0A6,,,,,,,,,,
6/20/2023,8:54:12.68 AM,2m 52.2s,172.2,43.0666571388131,-77.6229418956282,6.8,60.6,5.9,541,749.5,,13.235805,,5.368656,,8.94776,1.342164,5.368656,0.3,2.7,-51.9,308.1,P-GPS (Brake),Other,,24,5,True,,Mini 3 Pro,True,False,,Smart,RC,False,True,False,,,True,,False,False,False,False,False,False,False,False,False,False,0,Follow Yaw,-2.9,0,-21.4,338.6,False,False,False,False,False,False,,True,Normal,100,100,1024,1024,364,1024,N,False,False,False,False,False,0,False,False,False,False,46,7.261,1030,2265,7.261,False,3.636,3.625,0.025,False,False,4.538,104.7,100.4,104.7,,,,,,,,,Idle,,,True,,False,8,Go Home,True,True,True,False,False,False,False,False,True,False,False,False,43.0666047727683,-77.6229698903817,20.5,313.7,1640.4,True,1,1,False,False,False,False,,True,False,False,,328,,16.4,Calm,41,, 1.8.0,DJI Mini 3 Pro,1581F4XF3229R006,53HFK5R0M30ACD,5HAZK6H0018AUR,52XPK6ACA001NV,180.6,0.7,59,13.23575,6.487126,0,8942,DJI Mini 3 Pro,1581F4XF3229R006,53HFK5R0M30ACD,5HAZK6H0018AUR,52XPK6ACA001NV,DJI Fly,, 1.8.0,61EABE4C-BCDC-32F4-D0CC-A1B5A0612123,1581F4XF3229R006W0A6,,,,,,,,,,
6/20/2023,8:54:12.88 AM,2m 52.4s,172.4,43.0666569296497,-77.6229418624338,6.5,60.6,5.2,541,749.5,,13.235805,,5.368656,,8.94776,1.11847,5.368656,0,2.6,-52,308,P-GPS (Brake),Other,,24,5,True,,Mini 3 Pro,True,False,,Smart,RC,False,True,False,,,True,,False,False,False,False,False,False,False,False,False,False,0,Follow Yaw,-2.9,0,-21.4,338.6,False,False,False,False,False,False,,True,Normal,100,100,1024,1024,364,1024,N,False,False,False,False,False,0,False,False,False,False,46,7.261,1030,2265,7.261,False,3.636,3.625,0.025,False,False,4.538,104.7,100.4,104.7,,,,,,,,,Idle,,,True,,False,8,Go Home,True,True,True,False,False,False,False,False,True,False,False,False,43.0666047727683,-77.6229698903817,20.4,313.7,1640.4,True,1,1,False,False,False,False,,True,False,False,,328,,16.4,Calm,41,, 1.8.0,DJI Mini 3 Pro,1581F4XF3229R006,53HFK5R0M30ACD,5HAZK6H0018AUR,52XPK6ACA001NV,180.6,0.7,59,13.23575,6.487126,0,8942,DJI Mini 3 Pro,1581F4XF3229R006,53HFK5R0M30ACD,5HAZK6H0018AUR,52XPK6ACA001NV,DJI Fly,, 1.8.0,61EABE4C-BCDC-32F4-D0CC-A1B5A0612123,1581F4XF3229R006W0A6,,,,,,,,,,
6/20/2023,8:54:13.09 AM,2m 52.6s,172.6,43.0666567656464,-77.6229418744709,6.2,60.6,4.9,540,749.6,,13.235805,,5.368656,,8.94776,0.894776,5.368656,-0.1,1.7,-52,308,P-GPS (Brake),Other,,24,5,True,,Mini 3 Pro,True,False,,Smart,RC,False,True,False,,,True,,False,False,False,False,False,False,False,False,False,False,0,Follow Yaw,-2.9,0,-21.4,338.6,False,False,False,False,False,False,,True,Normal,100,100,1024,1024,364,1024,N,False,False,False,False,False,0,False,False,False,False,46,7.261,1030,2265,7.261,False,3.636,3.625,0.025,False,False,4.538,104.7,100.4,104.7,,,,,,,,,Idle,,,True,,False,8,Go Home,True,True,True,False,False,False,False,False,True,False,False,False,43.0666047727683,-77.6229698903817,20.3,313.7,1640.4,True,1,1,False,False,False,False,,True,False,False,,328,,16.4,Calm,41,, 1.8.0,DJI Mini 3 Pro,1581F4XF3229R006,53HFK5R0M30ACD,5HAZK6H0018AUR,52XPK6ACA001NV,180.6,0.7,59,13.23575,6.487126,0,8942,DJI Mini 3 Pro,1581F4XF3229R006,53HFK5R0M30ACD,5HAZK6H0018AUR,52XPK6ACA001NV,DJI Fly,, 1.8.0,61EABE4C-BCDC-32F4-D0CC-A1B5A0612123,1581F4XF3229R006W0A6,,,,,,,,,,
6/20/2023,8:54:13.29 AM,2m 52.8s,172.8,43.0666566376623,-77.6229419676341,5.9,60.6,4.5,540,749.7,,13.235805,,5.368656,,8.94776,0.894776,5.368656,0.5,1,-52,308,P-GPS (Brake),Other,,24,5,True,,Mini 3 Pro,True,False,,Smart,RC,False,True,False,,,True,,False,False,False,False,False,False,False,False,False,False,0,Follow Yaw,-2.9,0,-21.4,338.6,False,False,False,False,False,False,,True,Normal,100,100,1024,1024,364,1024,N,False,False,False,False,False,0,False,False,False,False,46,7.259,1029,2265,7.259,False,3.635,3.624,0.025,False,False,5.212,104.7,100.4,104.7,,,,,,,,,Idle,,,True,,False,8,Go Home,True,True,True,False,False,False,False,False,True,False,False,False,43.0666047727683,-77.6229698903817,20.3,313.7,1640.4,True,1,1,False,False,False,False,,True,False,False,,328,,16.4,Calm,41,, 1.8.0,DJI Mini 3 Pro,1581F4XF3229R006,53HFK5R0M30ACD,5HAZK6H0018AUR,52XPK6ACA001NV,180.6,0.7,59,13.23575,6.487126,0,8942,DJI Mini 3 Pro,1581F4XF3229R006,53HFK5R0M30ACD,5HAZK6H0018AUR,52XPK6ACA001NV,DJI Fly,, 1.8.0,61EABE4C-BCDC-32F4-D0CC-A1B5A0612123,1581F4XF3229R006W0A6,,,,,,,,,,
6/20/2023,8:54:13.49 AM,2m 53.0s,173,43.0666565219202,-77.6229420615917,5.5,60.6,4.2,540,749.7,,13.235805,,5.368656,,8.94776,0.671082,5.368656,-0.5,2.1,-51.9,308.1,P-GPS (Brake),Other,,24,5,True,,Mini 3 Pro,True,False,,Smart,RC,False,True,False,,,True,,False,False,False,False,False,False,False,False,False,False,0,Follow Yaw,-2.9,0,-21.4,338.6,False,False,False,False,False,False,,True,Normal,100,100,1024,1024,364,1024,N,False,False,False,False,False,0,False,False,False,False,46,7.259,1029,2265,7.259,False,3.635,3.624,0.025,False,False,5.212,104.7,100.4,104.7,,,,,,,,,Idle,,,True,,False,8,Go Home,True,True,True,False,False,False,False,False,True,False,False,False,43.0666047727683,-77.6229698903817,20.2,313.7,1640.4,True,1,1,False,False,False,False,,True,False,False,,328,,16.4,Calm,41,, 1.8.0,DJI Mini 3 Pro,1581F4XF3229R006,53HFK5R0M30ACD,5HAZK6H0018AUR,52XPK6ACA001NV,180.6,0.7,59,13.23575,6.487126,0,8942,DJI Mini 3 Pro,1581F4XF3229R006,53HFK5R0M30ACD,5HAZK6H0018AUR,52XPK6ACA001NV,DJI Fly,, 1.8.0,61EABE4C-BCDC-32F4-D0CC-A1B5A0612123,1581F4XF3229R006W0A6,,,,,,,,,,
6/20/2023,8:54:13.79 AM,2m 53.2s,173.2,43.0666564439321,-77.6229421296134,5.2,60.6,4.2,539,749.7,,13.235805,,5.368656,,8.94776,0.671082,5.368656,0,1.8,-51.8,308.2,P-GPS (Brake),Other,,24,5,True,,Mini 3 Pro,True,False,,Smart,RC,False,True,False,,,True,,False,False,False,False,False,False,False,False,False,False,0,Follow Yaw,-2.9,0,-21.4,338.6,False,False,False,False,False,False,,True,Normal,100,100,1024,1024,364,1024,N,False,False,False,False,False,0,False,False,False,False,46,7.259,1029,2265,7.259,False,3.635,3.624,0.025,False,False,5.212,104.7,100.4,104.7,,,,,,,,,Idle,,,True,,False,8,Go Home,True,True,True,False,False,False,False,False,True,False,False,False,43.0666047727683,-77.6229698903817,20.2,313.7,1640.4,True,1,1,False,False,False,False,,True,False,False,,328,,16.4,Calm,41,, 1.8.0,DJI Mini 3 Pro,1581F4XF3229R006,53HFK5R0M30ACD,5HAZK6H0018AUR,52XPK6ACA001NV,180.6,0.7,59,13.23575,6.487126,0,8942,DJI Mini 3 Pro,1581F4XF3229R006,53HFK5R0M30ACD,5HAZK6H0018AUR,52XPK6ACA001NV,DJI Fly,, 1.8.0,61EABE4C-BCDC-32F4-D0CC-A1B5A0612123,1581F4XF3229R006W0A6,,,,,,,,,,
6/20/2023,8:54:13.89 AM,2m 53.4s,173.4,43.0666564236244,-77.622942181101,5.2,60.6,3.9,539,749.8,,13.235805,,5.368656,,8.94776,0.671082,5.368656,0.6,1.2,-51.8,308.2,P-GPS (Brake),Other,,24,5,True,,Mini 3 Pro,True,False,,Smart,RC,False,True,False,,,True,,False,False,False,False,False,False,False,False,False,False,0,Follow Yaw,-2.9,0,-21.4,338.6,False,False,False,False,False,False,,True,Normal,100,100,1024,1024,364,1024,N,False,False,False,False,False,0,False,False,False,False,46,7.259,1029,2265,7.259,False,3.635,3.624,0.025,False,False,5.212,104.7,100.4,104.7,,,,,,,,,Idle,,,True,,False,8,Go Home,True,True,True,False,False,False,False,False,True,False,False,False,43.0666047727683,-77.6229698903817,20.2,313.7,1640.4,True,1,1,False,False,False,False,,True,False,False,,328,,16.4,Calm,41,, 1.8.0,DJI Mini 3 Pro,1581F4XF3229R006,53HFK5R0M30ACD,5HAZK6H0018AUR,52XPK6ACA001NV,180.6,0.7,59,13.23575,6.487126,0,8942,DJI Mini 3 Pro,1581F4XF3229R006,53HFK5R0M30ACD,5HAZK6H0018AUR,52XPK6ACA001NV,DJI Fly,, 1.8.0,61EABE4C-BCDC-32F4-D0CC-A1B5A0612123,1581F4XF3229R006W0A6,,,,,,,,,,
6/20/2023,8:54:14.10 AM,2m 53.6s,173.6,43.0666563847096,-77.6229422041873,4.9,60.6,3.6,539,749.8,,13.235805,,5.368656,,8.94776,0.671082,5.368656,0,1.2,-51.8,308.2,P-GPS (Brake),Other,,24,5,True,,Mini 3 Pro,True,False,,Smart,RC,False,True,False,,,True,,False,False,False,False,False,False,False,False,False,False,0,Follow Yaw,-2.9,0,-21.4,338.6,False,False,False,False,False,False,,True,Normal,100,100,1024,1024,364,1024,N,False,False,False,False,False,0,False,False,False,False,46,7.259,1029,2265,7.259,False,3.635,3.624,0.025,False,False,5.212,104.7,100.4,104.7,,,,,,,,,Idle,,,True,,False,8,Go Home,True,True,True,False,False,False,False,False,True,False,False,False,43.0666047727683,-77.6229698903817,20.2,313.7,1640.4,True,1,1,False,False,False,False,,True,False,False,,328,,16.4,Calm,41,, 1.8.0,DJI Mini 3 Pro,1581F4XF3229R006,53HFK5R0M30ACD,5HAZK6H0018AUR,52XPK6ACA001NV,180.6,0.7,59,13.23575,6.487126,0,8942,DJI Mini 3 Pro,1581F4XF3229R006,53HFK5R0M30ACD,5HAZK6H0018AUR,52XPK6ACA001NV,DJI Fly,, 1.8.0,61EABE4C-BCDC-32F4-D0CC-A1B5A0612123,1581F4XF3229R006W0A6,,,,,,,,,,
6/20/2023,8:54:14.30 AM,2m 53.8s,173.8,43.0666563381103,-77.6229422278189,4.5,60.6,3.6,539,749.8,,13.235805,,5.368656,,8.94776,0.447388,5.368656,0.5,1.3,-51.8,308.2,P-GPS (Brake),Other,,24,5,True,,Mini 3 Pro,True,False,,Smart,RC,False,True,False,,,True,,False,False,False,False,False,False,False,False,False,False,0,Follow Yaw,-2.9,0,-21.4,338.6,False,False,False,False,False,False,,True,Normal,100,100,1024,1024,364,1024,N,False,False,False,False,False,0,False,False,False,False,46,7.26,1028,2265,7.26,False,3.635,3.624,0.025,False,False,5.047,104.7,100.4,104.7,,,,,,,,,Idle,,,True,,False,8,Go Home,True,True,True,False,False,False,False,False,True,False,False,False,43.0666047727683,-77.6229698903817,20.2,313.7,1640.4,True,1,1,False,False,False,False,,True,False,False,,328,,16.4,Calm,41,, 1.8.0,DJI Mini 3 Pro,1581F4XF3229R006,53HFK5R0M30ACD,5HAZK6H0018AUR,52XPK6ACA001NV,180.6,0.7,59,13.23575,6.487126,0,8942,DJI Mini 3 Pro,1581F4XF3229R006,53HFK5R0M30ACD,5HAZK6H0018AUR,52XPK6ACA001NV,DJI Fly,, 1.8.0,61EABE4C-BCDC-32F4-D0CC-A1B5A0612123,1581F4XF3229R006W0A6,,,,,,,,,,
6/20/2023,8:54:14.50 AM,2m 54.0s,174,43.0666562745188,-77.6229422038971,4.5,60.6,3.2,539,749.8,,13.235805,,5.368656,,8.94776,0.447388,5.368656,0,2.7,-51.8,308.2,P-GPS (Brake),Other,,24,5,True,,Mini 3 Pro,True,False,,Smart,RC,False,True,False,,,True,,False,False,False,False,False,False,False,False,False,False,0,Follow Yaw,-2.9,0,-21.4,338.6,False,False,False,False,False,False,,True,Normal,100,100,1024,1024,364,1024,N,False,False,False,False,False,0,False,False,False,False,46,7.26,1028,2265,7.26,False,3.636,3.624,0.025,False,False,5.047,104.7,100.4,104.7,,,,,,,,,Idle,,,True,,False,8,Go Home,True,True,True,False,False,False,False,False,True,False,False,False,43.0666047727683,-77.6229698903817,20.1,313.7,1640.4,True,1,1,False,False,False,False,,True,False,False,,328,,16.4,Calm,41,, 1.8.0,DJI Mini 3 Pro,1581F4XF3229R006,53HFK5R0M30ACD,5HAZK6H0018AUR,52XPK6ACA001NV,180.6,0.7,59,13.23575,6.487126,0,8942,DJI Mini 3 Pro,1581F4XF3229R006,53HFK5R0M30ACD,5HAZK6H0018AUR,52XPK6ACA001NV,DJI Fly,, 1.8.0,61EABE4C-BCDC-32F4-D0CC-A1B5A0612123,1581F4XF3229R006W0A6,,,,,,,,,,
6/20/2023,8:54:14.70 AM,2m 54.2s,174.2,43.066656237146,-77.6229421329203,4.2,60.6,3.2,538,749.8,,13.235805,,5.368656,,8.94776,0.447388,5.368656,-0.1,2,-51.8,308.2,P-GPS (Brake),Other,,24,5,True,,Mini 3 Pro,True,False,,Smart,RC,False,True,False,,,True,,False,False,False,False,False,False,False,False,False,False,0,Follow Yaw,-2.9,0,-21.4,338.6,False,False,False,False,False,False,,True,Normal,100,100,1024,1024,364,1024,N,False,False,False,False,False,0,False,False,False,False,46,7.26,1028,2265,7.26,False,3.636,3.624,0.025,False,False,5.047,104.7,100.4,104.7,,,,,,,,,Idle,,,True,,False,8,Go Home,True,True,True,False,False,False,False,False,True,False,False,False,43.0666047727683,-77.6229698903817,20.1,313.7,1640.4,True,1,1,False,False,False,False,,True,False,False,,328,,16.4,Calm,41,, 1.8.0,DJI Mini 3 Pro,1581F4XF3229R006,53HFK5R0M30ACD,5HAZK6H0018AUR,52XPK6ACA001NV,180.6,0.7,59,13.23575,6.487126,0,8942,DJI Mini 3 Pro,1581F4XF3229R006,53HFK5R0M30ACD,5HAZK6H0018AUR,52XPK6ACA001NV,DJI Fly,, 1.8.0,61EABE4C-BCDC-32F4-D0CC-A1B5A0612123,1581F4XF3229R006W0A6,,,,,,,,,,
6/20/2023,8:54:14.91 AM,2m 54.4s,174.4,43.0666562483129,-77.6229420340933,4.2,60.6,2.9,538,749.9,,13.235805,,5.368656,,8.94776,0.447388,5.368656,-0.2,1.2,-51.8,308.2,P-GPS (Brake),Other,,24,5,True,,Mini 3 Pro,True,False,,Smart,RC,False,True,False,,,True,,False,False,False,False,False,False,False,False,False,False,0,Follow Yaw,-2.9,0,-21.4,338.6,False,False,False,False,False,False,,True,Normal,100,100,1024,1024,364,1003,N,False,False,False,False,False,0,False,False,False,False,46,7.26,1028,2265,7.26,False,3.636,3.624,0.025,False,False,5.047,104.7,100.4,104.7,,,,,,,,,Idle,,,True,,False,8,Go Home,True,True,True,False,False,False,False,False,True,False,False,False,43.0666047727683,-77.6229698903817,20.1,313.7,1640.4,True,1,1,False,False,False,False,,True,False,False,,328,,16.4,Calm,41,, 1.8.0,DJI Mini 3 Pro,1581F4XF3229R006,53HFK5R0M30ACD,5HAZK6H0018AUR,52XPK6ACA001NV,180.6,0.7,59,13.23575,6.487126,0,8942,DJI Mini 3 Pro,1581F4XF3229R006,53HFK5R0M30ACD,5HAZK6H0018AUR,52XPK6ACA001NV,DJI Fly,, 1.8.0,61EABE4C-BCDC-32F4-D0CC-A1B5A0612123,1581F4XF3229R006W0A6,,,,,,,,,,
6/20/2023,8:54:15.11 AM,2m 54.6s,174.6,43.0666562712548,-77.6229419474119,3.9,60.6,2.9,538,749.9,,13.235805,,5.368656,,8.94776,0.447388,5.368656,0.1,0.8,-51.8,308.2,P-GPS (Brake),Other,,24,5,True,,Mini 3 Pro,True,False,,Smart,RC,False,True,False,,,True,,False,False,False,False,False,False,False,False,False,False,0,Follow Yaw,-2.9,0,-21.4,338.6,False,False,False,False,False,False,,True,Normal,100,100,1024,1024,364,1017,N,False,False,False,False,False,0,False,False,False,False,46,7.26,1028,2265,7.26,False,3.636,3.624,0.025,False,False,5.047,104.7,100.4,104.7,,,,,,,,,Idle,,,True,,False,8,Go Home,True,True,True,False,False,False,False,False,True,False,False,False,43.0666047727683,-77.6229698903817,20.2,313.7,1640.4,True,1,1,False,False,False,False,,True,False,False,,328,,16.4,Calm,41,, 1.8.0,DJI Mini 3 Pro,1581F4XF3229R006,53HFK5R0M30ACD,5HAZK6H0018AUR,52XPK6ACA001NV,180.6,0.7,59,13.23575,6.487126,0,8942,DJI Mini 3 Pro,1581F4XF3229R006,53HFK5R0M30ACD,5HAZK6H0018AUR,52XPK6ACA001NV,DJI Fly,, 1.8.0,61EABE4C-BCDC-32F4-D0CC-A1B5A0612123,1581F4XF3229R006W0A6,,,,,,,,,,
6/20/2023,8:54:15.31 AM,2m 54.8s,174.8,43.0666562685905,-77.6229418650224,3.9,60.6,2.6,538,749.9,,13.235805,,5.368656,,8.94776,0.223694,5.368656,-0.2,1.3,-51.8,308.2,P-GPS (Brake),Other,,24,5,True,,Mini 3 Pro,True,False,,Smart,RC,False,True,False,,,True,,False,False,False,False,False,False,False,False,False,False,0,Follow Yaw,-2.9,0,-21.4,338.6,False,False,False,False,False,False,,True,Normal,100,100,1024,1024,364,1019,N,False,False,False,False,False,0,False,False,False,False,46,7.26,1028,2265,7.26,False,3.636,3.624,0.025,False,False,5.047,104.7,100.4,104.7,,,,,,,,,Idle,,,True,,False,8,Go Home,True,True,True,False,False,False,False,False,True,False,False,False,43.0666047727683,-77.6229698903817,20.2,313.7,1640.4,True,1,1,False,False,False,False,,True,False,False,,328,,16.4,Calm,41,, 1.8.0,DJI Mini 3 Pro,1581F4XF3229R006,53HFK5R0M30ACD,5HAZK6H0018AUR,52XPK6ACA001NV,180.6,0.7,59,13.23575,6.487126,0,8942,DJI Mini 3 Pro,1581F4XF3229R006,53HFK5R0M30ACD,5HAZK6H0018AUR,52XPK6ACA001NV,DJI Fly,, 1.8.0,61EABE4C-BCDC-32F4-D0CC-A1B5A0612123,1581F4XF3229R006W0A6,,,,,,,,,,
6/20/2023,8:54:15.51 AM,2m 55.0s,175,43.0666562552477,-77.6229418180084,3.6,60.6,2.6,538,749.9,,13.235805,,5.368656,,8.94776,0.223694,5.368656,-0.5,1.1,-51.8,308.2,P-GPS (Brake),Other,,24,5,True,,Mini 3 Pro,True,False,,Smart,RC,False,True,False,,,True,,False,False,False,False,False,False,False,False,False,False,0,Follow Yaw,-2.9,0,-21.4,338.6,False,False,False,False,False,False,,True,Normal,100,100,1024,1024,364,1019,N,False,False,False,False,False,0,False,False,False,False,46,7.262,1026,2265,7.262,False,3.637,3.625,0.025,False,False,4.968,104.7,100.4,104.7,,,,,,,,,Idle,,,True,,False,8,Go Home,True,True,True,False,False,False,False,False,True,False,False,False,43.0666047727683,-77.6229698903817,20.2,313.7,1640.4,True,1,1,False,False,False,False,,True,False,False,,328,,16.4,Calm,41,, 1.8.0,DJI Mini 3 Pro,1581F4XF3229R006,53HFK5R0M30ACD,5HAZK6H0018AUR,52XPK6ACA001NV,180.6,0.7,59,13.23575,6.487126,0,8942,DJI Mini 3 Pro,1581F4XF3229R006,53HFK5R0M30ACD,5HAZK6H0018AUR,52XPK6ACA001NV,DJI Fly,, 1.8.0,61EABE4C-BCDC-32F4-D0CC-A1B5A0612123,1581F4XF3229R006W0A6,,,,,,,,,,
6/20/2023,8:54:15.71 AM,2m 55.2s,175.2,43.0666562417849,-77.6229417920257,3.6,60.6,2.2,538,749.9,,13.235805,,5.368656,,8.94776,0.223694,5.368656,-0.4,1.7,-51.8,308.2,P-GPS (Brake),Other,,24,5,True,,Mini 3 Pro,True,False,,Smart,RC,False,True,False,,,True,,False,False,False,False,False,False,False,False,False,False,0,Follow Yaw,-2.9,0,-21.4,338.6,False,False,False,False,False,False,,True,Normal,100,100,1024,1024,364,1017,N,False,False,False,False,False,0,False,False,False,False,46,7.262,1026,2265,7.262,False,3.637,3.625,0.025,False,False,4.968,104.7,100.4,104.7,,,,,,,,,Idle,,,True,,False,8,Go Home,True,True,True,False,False,False,False,False,True,False,False,False,43.0666047727683,-77.6229698903817,20.2,313.7,1640.4,True,1,1,False,False,False,False,,True,False,False,,328,,16.4,Calm,41,, 1.8.0,DJI Mini 3 Pro,1581F4XF3229R006,53HFK5R0M30ACD,5HAZK6H0018AUR,52XPK6ACA001NV,180.6,0.7,59,13.23575,6.487126,0,8942,DJI Mini 3 Pro,1581F4XF3229R006,53HFK5R0M30ACD,5HAZK6H0018AUR,52XPK6ACA001NV,DJI Fly,, 1.8.0,61EABE4C-BCDC-32F4-D0CC-A1B5A0612123,1581F4XF3229R006W0A6,,,,,,,,,,
6/20/2023,8:54:15.92 AM,2m 55.4s,175.4,43.0666562557489,-77.6229417693498,3.6,60.6,2.2,538,749.9,,13.235805,,5.368656,,8.94776,0.223694,5.368656,-0.1,1.6,-51.9,308.1,P-GPS (Brake),Other,,24,5,True,,Mini 3 Pro,True,False,,Smart,RC,False,True,False,,,True,,False,False,False,False,False,False,False,False,False,False,0,Follow Yaw,-2.9,0,-21.4,338.6,False,False,False,False,False,False,,True,Normal,100,100,1024,1024,364,1014,N,False,False,False,False,False,0,False,False,False,False,46,7.262,1026,2265,7.262,False,3.637,3.625,0.025,False,False,4.968,104.7,100.4,104.7,,,,,,,,,Idle,,,True,,False,8,Go Home,True,True,True,False,False,False,False,False,True,False,False,False,43.0666047727683,-77.6229698903817,20.2,313.7,1640.4,True,1,1,False,False,False,False,,True,False,False,,328,,16.4,Calm,41,, 1.8.0,DJI Mini 3 Pro,1581F4XF3229R006,53HFK5R0M30ACD,5HAZK6H0018AUR,52XPK6ACA001NV,180.6,0.7,59,13.23575,6.487126,0,8942,DJI Mini 3 Pro,1581F4XF3229R006,53HFK5R0M30ACD,5HAZK6H0018AUR,52XPK6ACA001NV,DJI Fly,, 1.8.0,61EABE4C-BCDC-32F4-D0CC-A1B5A0612123,1581F4XF3229R006W0A6,,,,,,,,,,
6/20/2023,8:54:16.12 AM,2m 55.6s,175.6,43.0666562822889,-77.6229417256574,3.2,60.6,2.2,537,750,,13.235805,,5.368656,,8.94776,0.223694,5.368656,0.1,1.3,-51.9,308.1,P-GPS (Brake),Other,,24,5,True,,Mini 3 Pro,True,False,,Smart,RC,False,True,False,,,True,,False,False,False,False,False,False,False,False,False,False,0,Follow Yaw,-2.9,0,-21.4,338.6,False,False,False,False,False,False,,True,Normal,100,100,1024,1024,364,1014,N,False,False,False,False,False,0,False,False,False,False,46,7.262,1026,2265,7.262,False,3.637,3.625,0.025,False,False,4.968,104.7,100.4,104.7,,,,,,,,,Idle,,,True,,False,8,Go Home,True,True,True,False,False,False,False,False,True,False,False,False,43.0666047727683,-77.6229698903817,20.2,313.7,1640.4,True,1,1,False,False,False,False,,True,False,False,,328,,16.4,Calm,41,, 1.8.0,DJI Mini 3 Pro,1581F4XF3229R006,53HFK5R0M30ACD,5HAZK6H0018AUR,52XPK6ACA001NV,180.6,0.7,59,13.23575,6.487126,0,8942,DJI Mini 3 Pro,1581F4XF3229R006,53HFK5R0M30ACD,5HAZK6H0018AUR,52XPK6ACA001NV,DJI Fly,, 1.8.0,61EABE4C-BCDC-32F4-D0CC-A1B5A0612123,1581F4XF3229R006W0A6,,,,,,,,,,
6/20/2023,8:54:16.32 AM,2m 55.8s,175.8,43.066656297585,-77.6229416902701,3.2,60.6,2.2,537,750,,13.235805,,5.368656,,8.94776,0.223694,5.368656,-0.8,1.6,-52,308,P-GPS (Brake),Other,,24,5,True,,Mini 3 Pro,True,False,,Smart,RC,False,True,False,,,True,,False,False,False,False,False,False,False,False,False,False,0,Follow Yaw,-2.9,0,-21.4,338.6,False,False,False,False,False,False,,True,Normal,100,100,1024,1024,364,1024,N,False,False,False,False,False,0,False,False,False,False,46,7.262,1026,2265,7.262,False,3.637,3.625,0.025,False,False,4.968,104.7,100.4,104.7,,,,,,,,,Idle,,,True,,False,8,Go Home,True,True,True,False,False,False,False,False,True,False,False,False,43.0666047727683,-77.6229698903817,20.2,313.7,1640.4,True,1,1,False,False,False,False,,True,False,False,,328,,16.4,Calm,41,, 1.8.0,DJI Mini 3 Pro,1581F4XF3229R006,53HFK5R0M30ACD,5HAZK6H0018AUR,52XPK6ACA001NV,180.6,0.7,59,13.23575,6.487126,0,8942,DJI Mini 3 Pro,1581F4XF3229R006,53HFK5R0M30ACD,5HAZK6H0018AUR,52XPK6ACA001NV,DJI Fly,, 1.8.0,61EABE4C-BCDC-32F4-D0CC-A1B5A0612123,1581F4XF3229R006W0A6,,,,,,,,,,
6/20/2023,8:54:16.52 AM,2m 56.0s,176,43.0666563597758,-77.6229416617603,3.2,60.6,1.9,537,750,,13.235805,,5.368656,,8.94776,,5.368656,-0.3,1.1,-52,308,P-GPS (Brake),Other,,24,5,True,,Mini 3 Pro,True,False,,Smart,RC,False,True,False,,,True,,False,False,False,False,False,False,False,False,False,False,0,Follow Yaw,-2.9,0,-21.4,338.6,False,False,False,False,False,False,,True,Normal,100,100,1024,1024,364,1024,N,False,False,False,False,False,0,False,False,False,False,46,7.259,1025,2265,7.259,False,3.635,3.624,0.025,False,False,4.941,104.9,100.4,104.9,,,,,,,,,Idle,,,True,,False,8,Go Home,True,True,True,False,False,False,False,False,True,False,False,False,43.0666047727683,-77.6229698903817,20.2,313.7,1640.4,True,1,1,False,False,False,False,,True,False,False,,328,,16.4,Calm,41,, 1.8.0,DJI Mini 3 Pro,1581F4XF3229R006,53HFK5R0M30ACD,5HAZK6H0018AUR,52XPK6ACA001NV,180.6,0.7,59,13.23575,6.487126,0,8942,DJI Mini 3 Pro,1581F4XF3229R006,53HFK5R0M30ACD,5HAZK6H0018AUR,52XPK6ACA001NV,DJI Fly,, 1.8.0,61EABE4C-BCDC-32F4-D0CC-A1B5A0612123,1581F4XF3229R006W0A6,,,,,,,,,,
6/20/2023,8:54:16.73 AM,2m 56.2s,176.2,43.0666564130529,-77.6229416524584,3.2,60.6,1.9,537,750,,13.235805,,5.368656,,8.94776,,5.368656,0,1,-52,308,P-GPS (Brake),Other,,24,5,True,,Mini 3 Pro,True,False,,Smart,RC,False,True,False,,,True,,False,False,False,False,False,False,False,False,False,False,0,Follow Yaw,-2.9,0,-21.4,338.6,False,False,False,False,False,False,,True,Normal,100,100,1024,1024,364,1024,N,False,False,False,False,False,0,False,False,False,False,46,7.259,1025,2265,7.259,False,3.635,3.624,0.025,False,False,4.941,104.9,100.4,104.9,,,,,,,,,Idle,,,True,,False,8,Go Home,True,True,True,False,False,False,False,False,True,False,False,False,43.0666047727683,-77.6229698903817,20.2,313.7,1640.4,True,1,1,False,False,False,False,,True,False,False,,328,,16.4,Calm,41,, 1.8.0,DJI Mini 3 Pro,1581F4XF3229R006,53HFK5R0M30ACD,5HAZK6H0018AUR,52XPK6ACA001NV,180.6,0.7,59,13.23575,6.487126,0,8942,DJI Mini 3 Pro,1581F4XF3229R006,53HFK5R0M30ACD,5HAZK6H0018AUR,52XPK6ACA001NV,DJI Fly,, 1.8.0,61EABE4C-BCDC-32F4-D0CC-A1B5A0612123,1581F4XF3229R006W0A6,,,,,,,,,,
6/20/2023,8:54:16.93 AM,2m 56.4s,176.4,43.0666564771114,-77.6229416657063,3.2,60.6,1.9,537,750,,13.235805,,5.368656,,8.94776,,5.368656,0,1.4,-51.9,308.1,P-GPS (Brake),Other,,24,5,True,,Mini 3 Pro,True,False,,Smart,RC,False,True,False,,,True,,False,False,False,False,False,False,False,False,False,False,0,Follow Yaw,-2.9,0,-21.4,338.6,False,False,False,False,False,False,,True,Normal,100,100,1024,1024,364,1015,N,False,False,False,False,False,0,False,False,False,False,46,7.259,1025,2265,7.259,False,3.635,3.624,0.025,False,False,4.941,104.9,100.4,104.9,,,,,,,,,Idle,,,True,,False,8,Go Home,True,True,True,False,False,False,False,False,True,False,False,False,43.0666047727683,-77.6229698903817,20.3,313.7,1640.4,True,1,1,False,False,False,False,,True,False,False,,328,,16.4,Calm,41,, 1.8.0,DJI Mini 3 Pro,1581F4XF3229R006,53HFK5R0M30ACD,5HAZK6H0018AUR,52XPK6ACA001NV,180.6,0.7,59,13.23575,6.487126,0,8942,DJI Mini 3 Pro,1581F4XF3229R006,53HFK5R0M30ACD,5HAZK6H0018AUR,52XPK6ACA001NV,DJI Fly,, 1.8.0,61EABE4C-BCDC-32F4-D0CC-A1B5A0612123,1581F4XF3229R006W0A6,,,,,,,,,,
6/20/2023,8:54:17.13 AM,2m 56.6s,176.6,43.0666564981644,-77.622941686846,2.9,60.6,1.9,537,750,,13.235805,,5.368656,,8.94776,,5.368656,0,1.6,-51.9,308.1,Confirm Landing,Other,Landing (Vert Low Limit),24,5,True,,Mini 3 Pro,True,False,,Smart,RC,False,True,False,,,True,,False,False,False,False,False,False,False,False,False,False,0,Follow Yaw,-2.5,0,-21.4,338.6,False,False,False,False,False,False,,True,Normal,100,100,1024,1024,364,1020,N,False,False,False,False,False,0,False,False,False,False,46,7.259,1025,2265,7.259,False,3.635,3.624,0.025,False,False,4.941,104.9,100.4,104.9,,,,,,,,,Idle,,,True,,False,8,Go Home,True,True,True,False,False,False,False,False,False,False,False,False,43.0666047727683,-77.6229698903817,20.3,313.7,1640.4,True,1,1,False,False,False,False,,True,False,False,,328,,16.4,Calm,41,, 1.8.0,DJI Mini 3 Pro,1581F4XF3229R006,53HFK5R0M30ACD,5HAZK6H0018AUR,52XPK6ACA001NV,180.6,0.7,59,13.23575,6.487126,0,8942,DJI Mini 3 Pro,1581F4XF3229R006,53HFK5R0M30ACD,5HAZK6H0018AUR,52XPK6ACA001NV,DJI Fly,, 1.8.0,61EABE4C-BCDC-32F4-D0CC-A1B5A0612123,1581F4XF3229R006W0A6,,,,,,,,,,
6/20/2023,8:54:17.33 AM,2m 56.8s,176.8,43.0666565089714,-77.6229416896838,2.9,60.6,1.6,537,750,,13.235805,,5.368656,,8.94776,0.447388,5.368656,-0.2,1.8,-51.9,308.1,Confirm Landing,Other,Landing (Vert Low Limit),24,5,True,,Mini 3 Pro,True,False,,Smart,RC,False,True,False,,,True,,False,False,False,False,False,False,False,False,False,False,0,Follow Yaw,-1.9,0,-21.4,338.6,False,False,False,False,False,False,,True,Normal,100,100,1024,1024,364,1013,N,False,False,False,False,False,0,False,False,False,False,46,7.259,1025,2265,7.259,False,3.635,3.624,0.025,False,False,4.941,104.9,100.4,104.9,,,,,,,,,Idle,,,True,,False,8,Go Home,True,True,True,False,False,False,False,False,False,False,False,False,43.0666047727683,-77.6229698903817,20.3,313.7,1640.4,True,1,1,False,False,False,False,,True,False,False,,328,,16.4,Calm,41,, 1.8.0,DJI Mini 3 Pro,1581F4XF3229R006,53HFK5R0M30ACD,5HAZK6H0018AUR,52XPK6ACA001NV,180.6,0.7,59,13.23575,6.487126,0,8942,DJI Mini 3 Pro,1581F4XF3229R006,53HFK5R0M30ACD,5HAZK6H0018AUR,52XPK6ACA001NV,DJI Fly,, 1.8.0,61EABE4C-BCDC-32F4-D0CC-A1B5A0612123,1581F4XF3229R006W0A6,,,,,,,,,,
6/20/2023,8:54:17.54 AM,2m 57.0s,177,43.0666565293819,-77.6229416766,2.9,60.6,1.6,537,750.1,,13.235805,,5.368656,,8.94776,0.447388,5.368656,-0.5,1.2,-51.9,308.1,Confirm Landing,Other,Landing (Vert Low Limit),24,5,True,,Mini 3 Pro,True,False,,Smart,RC,False,True,False,,,True,,False,False,False,False,False,False,False,False,False,False,0,Follow Yaw,-1.3,0,-21.4,338.6,False,False,False,False,False,False,,True,Normal,100,100,1024,1024,364,1020,N,False,False,False,False,False,0,False,False,False,False,46,7.259,1024,2265,7.259,False,3.635,3.624,0.025,False,False,5.048,104.9,100.4,104.9,,,,,,,,,Idle,,,True,,False,8,Go Home,True,True,True,False,False,False,False,False,False,False,False,False,43.0666047727683,-77.6229698903817,20.3,313.7,1640.4,True,1,1,False,False,False,False,,True,False,False,,328,,16.4,Calm,41,, 1.8.0,DJI Mini 3 Pro,1581F4XF3229R006,53HFK5R0M30ACD,5HAZK6H0018AUR,52XPK6ACA001NV,180.6,0.7,59,13.23575,6.487126,0,8942,DJI Mini 3 Pro,1581F4XF3229R006,53HFK5R0M30ACD,5HAZK6H0018AUR,52XPK6ACA001NV,DJI Fly,, 1.8.0,61EABE4C-BCDC-32F4-D0CC-A1B5A0612123,1581F4XF3229R006W0A6,,,,,,,,,,
6/20/2023,8:54:17.74 AM,2m 57.2s,177.2,43.0666565511373,-77.6229416759698,2.6,60.6,1.3,537,750.1,,13.235805,,5.368656,,8.94776,0.447388,5.368656,0,1.3,-52,308,Confirm Landing,Other,Landing (Vert Low Limit),24,5,True,,Mini 3 Pro,True,False,,Smart,RC,False,True,False,,,True,,False,False,False,False,False,False,False,False,False,False,0,Follow Yaw,-0.7,0,-21.4,338.6,False,False,False,False,False,False,,True,Normal,100,100,1024,1024,364,1024,N,False,False,False,False,False,0,False,False,False,False,46,7.259,1024,2265,7.259,False,3.635,3.624,0.025,False,False,5.048,104.9,100.4,104.9,,,,,,,,,Idle,,,True,,False,8,Go Home,True,True,True,False,False,False,False,False,False,False,False,False,43.0666047727683,-77.6229698903817,20.3,313.7,1640.4,True,1,1,False,False,False,False,,True,False,False,,328,,16.4,Calm,41,, 1.8.0,DJI Mini 3 Pro,1581F4XF3229R006,53HFK5R0M30ACD,5HAZK6H0018AUR,52XPK6ACA001NV,180.6,0.7,59,13.23575,6.487126,0,8942,DJI Mini 3 Pro,1581F4XF3229R006,53HFK5R0M30ACD,5HAZK6H0018AUR,52XPK6ACA001NV,DJI Fly,, 1.8.0,61EABE4C-BCDC-32F4-D0CC-A1B5A0612123,1581F4XF3229R006W0A6,,,,,,,,,,
6/20/2023,8:54:17.94 AM,2m 57.4s,177.4,43.0666565574982,-77.6229416722408,2.2,60.6,1.3,536,750.1,,13.235805,,5.368656,,8.94776,0.447388,5.368656,0,1.6,-51.9,308.1,Confirm Landing,Other,Landing (Vert Low Limit),24,5,True,,Mini 3 Pro,True,False,,Smart,RC,False,True,False,,,True,,False,False,False,False,False,False,False,False,False,False,0,Follow Yaw,-0.1,0,-21.4,338.6,False,False,False,False,False,False,,True,Normal,100,100,1024,1024,364,1024,N,False,False,False,False,False,0,False,False,False,False,46,7.259,1024,2265,7.259,False,3.635,3.624,0.025,False,False,5.048,104.9,100.4,104.9,,,,,,,,,Idle,,,True,,False,8,Go Home,True,True,True,False,False,False,False,False,False,False,False,False,43.0666047727683,-77.6229698903817,20.3,313.7,1640.4,True,1,1,False,False,False,False,,True,False,False,,328,,16.4,Calm,41,, 1.8.0,DJI Mini 3 Pro,1581F4XF3229R006,53HFK5R0M30ACD,5HAZK6H0018AUR,52XPK6ACA001NV,180.6,0.7,59,13.23575,6.487126,0,8942,DJI Mini 3 Pro,1581F4XF3229R006,53HFK5R0M30ACD,5HAZK6H0018AUR,52XPK6ACA001NV,DJI Fly,, 1.8.0,61EABE4C-BCDC-32F4-D0CC-A1B5A0612123,1581F4XF3229R006W0A6,,,,,,,,,,
6/20/2023,8:54:18.14 AM,2m 57.6s,177.6,43.0666565539601,-77.622941660104,2.2,60.6,0.9,536,750.1,,13.235805,,5.368656,,8.94776,0.447388,5.368656,-0.1,1.2,-51.9,308.1,Confirm Landing,Other,Landing (Vert Low Limit),24,5,True,,Mini 3 Pro,True,False,,Smart,RC,False,True,False,,,True,,False,False,False,False,False,False,False,False,False,False,0,Follow Yaw,0,0,-21.4,338.6,False,False,False,False,False,False,,True,Normal,100,100,1024,1024,364,1024,N,False,False,False,False,False,0,False,False,False,False,46,7.259,1024,2265,7.259,False,3.635,3.624,0.025,False,False,5.048,104.9,100.4,104.9,,,,,,,,,Idle,,,True,,False,8,Go Home,True,True,True,False,False,False,False,False,False,False,False,False,43.0666047727683,-77.6229698903817,20.3,313.7,1640.4,True,1,1,False,False,False,False,,True,False,False,,328,,16.4,Calm,41,, 1.8.0,DJI Mini 3 Pro,1581F4XF3229R006,53HFK5R0M30ACD,5HAZK6H0018AUR,52XPK6ACA001NV,180.6,0.7,59,13.23575,6.487126,0,8942,DJI Mini 3 Pro,1581F4XF3229R006,53HFK5R0M30ACD,5HAZK6H0018AUR,52XPK6ACA001NV,DJI Fly,, 1.8.0,61EABE4C-BCDC-32F4-D0CC-A1B5A0612123,1581F4XF3229R006W0A6,,,,,,,,,,
6/20/2023,8:54:18.35 AM,2m 57.8s,177.8,43.0666565462285,-77.6229416616196,1.9,60.6,0.9,536,750.1,,13.235805,,5.368656,,8.94776,0.447388,5.368656,-0.4,1.9,-52,308,Confirm Landing,Other,Landing (Vert Low Limit),24,5,True,,Mini 3 Pro,True,False,,Smart,RC,False,True,False,,,True,,False,False,False,False,False,False,False,False,False,False,0,Follow Yaw,0,0,-21.4,338.6,False,False,False,False,False,False,,True,Normal,100,100,1024,1024,591,1024,N,False,False,False,False,False,0,False,False,False,False,46,7.259,1024,2265,7.259,False,3.635,3.624,0.025,False,False,5.048,104.9,100.4,104.9,,,,,,,,,Idle,,,True,,False,8,Go Home,True,True,True,False,False,False,False,False,False,False,False,False,43.0666047727683,-77.6229698903817,20.3,313.7,1640.4,True,1,1,False,False,False,False,,True,False,False,,328,,16.4,Calm,41,, 1.8.0,DJI Mini 3 Pro,1581F4XF3229R006,53HFK5R0M30ACD,5HAZK6H0018AUR,52XPK6ACA001NV,180.6,0.7,59,13.23575,6.487126,0,8942,DJI Mini 3 Pro,1581F4XF3229R006,53HFK5R0M30ACD,5HAZK6H0018AUR,52XPK6ACA001NV,DJI Fly,, 1.8.0,61EABE4C-BCDC-32F4-D0CC-A1B5A0612123,1581F4XF3229R006W0A6,,,,,,,,,,
6/20/2023,8:54:18.45 AM,2m 58.0s,178,43.0666565409942,-77.622941665375,1.9,60.6,0.6,536,750.1,,13.235805,,5.368656,,8.94776,0.447388,5.368656,0.5,1.6,-51.9,308.1,Confirm Landing,Other,Landing (Vert Low Limit),24,5,True,,Mini 3 Pro,True,False,,Smart,RC,False,True,False,,,True,,False,False,False,False,False,False,False,False,False,False,0,Follow Yaw,0,0,-21.4,338.6,False,False,False,False,False,False,,True,Normal,100,100,1024,1024,1024,1024,N,False,False,False,False,False,0,False,False,False,False,46,7.256,1022,2265,7.256,False,3.634,3.622,0.025,False,False,4.908,104.9,100.4,104.9,,,,,,,,,Idle,,,True,,False,8,Go Home,True,True,True,False,False,False,False,False,False,False,False,False,43.0666047727683,-77.6229698903817,20.3,313.7,1640.4,True,1,1,False,False,False,False,,True,False,False,,328,,16.4,Calm,41,, 1.8.0,DJI Mini 3 Pro,1581F4XF3229R006,53HFK5R0M30ACD,5HAZK6H0018AUR,52XPK6ACA001NV,180.6,0.7,59,13.23575,6.487126,0,8942,DJI Mini 3 Pro,1581F4XF3229R006,53HFK5R0M30ACD,5HAZK6H0018AUR,52XPK6ACA001NV,DJI Fly,, 1.8.0,61EABE4C-BCDC-32F4-D0CC-A1B5A0612123,1581F4XF3229R006W0A6,,,,,,,,,,
6/20/2023,8:54:18.75 AM,2m 58.2s,178.2,43.0666565501136,-77.6229416757675,1.6,60.6,0.6,536,750.1,,13.235805,,5.368656,,8.94776,0.447388,5.368656,0,1.4,-51.9,308.1,Confirm Landing,Other,Landing (Vert Low Limit),24,5,True,,Mini 3 Pro,True,False,,Smart,RC,False,True,False,,,True,,False,False,False,False,False,False,False,False,False,False,0,Follow Yaw,0,0,-21.4,338.6,False,False,False,False,False,False,,True,Normal,100,100,1024,1024,1024,1024,N,False,False,False,False,False,0,False,False,False,False,46,7.256,1022,2265,7.256,False,3.634,3.622,0.025,False,False,4.908,104.9,100.4,104.9,,,,,,,,,Idle,,,True,,False,8,Go Home,True,True,True,False,False,False,False,False,False,False,False,False,43.0666047727683,-77.6229698903817,20.3,313.7,1640.4,True,1,1,False,False,False,False,,True,False,False,,328,,16.4,Calm,41,, 1.8.0,DJI Mini 3 Pro,1581F4XF3229R006,53HFK5R0M30ACD,5HAZK6H0018AUR,52XPK6ACA001NV,180.6,0.7,59,13.23575,6.487126,0,8942,DJI Mini 3 Pro,1581F4XF3229R006,53HFK5R0M30ACD,5HAZK6H0018AUR,52XPK6ACA001NV,DJI Fly,, 1.8.0,61EABE4C-BCDC-32F4-D0CC-A1B5A0612123,1581F4XF3229R006W0A6,,,,,,,,,,
6/20/2023,8:54:18.95 AM,2m 58.4s,178.4,43.0666565772148,-77.6229416534229,1.6,60.6,0.3,536,750.1,,13.235805,,5.368656,,8.94776,0.223694,5.368656,0.4,1.4,-51.8,308.2,Confirm Landing,Other,Landing (Vert Low Limit),24,5,True,,Mini 3 Pro,True,False,,Smart,RC,False,True,False,,,True,,False,False,False,False,False,False,False,False,False,False,0,Follow Yaw,0,0,-21.4,338.6,False,False,False,False,False,False,,True,Normal,100,100,1024,1024,1024,1024,N,False,False,False,False,False,0,False,False,False,False,46,7.256,1022,2265,7.256,False,3.634,3.622,0.025,False,False,4.908,104.9,100.4,104.9,,,,,,,,,Idle,,,True,,False,8,Go Home,True,True,True,False,False,False,False,False,False,False,False,False,43.0666047727683,-77.6229698903817,20.3,313.7,1640.4,True,1,1,False,False,False,False,,True,False,False,,328,,16.4,Calm,41,, 1.8.0,DJI Mini 3 Pro,1581F4XF3229R006,53HFK5R0M30ACD,5HAZK6H0018AUR,52XPK6ACA001NV,180.6,0.7,59,13.23575,6.487126,0,8942,DJI Mini 3 Pro,1581F4XF3229R006,53HFK5R0M30ACD,5HAZK6H0018AUR,52XPK6ACA001NV,DJI Fly,, 1.8.0,61EABE4C-BCDC-32F4-D0CC-A1B5A0612123,1581F4XF3229R006W0A6,,,,,,,,,,
6/20/2023,8:54:19.15 AM,2m 58.6s,178.6,43.0666566195135,-77.622941626587,1.6,60.6,0.3,536,750.1,,13.235805,,5.368656,,8.94776,0.223694,5.368656,0.5,1,-51.9,308.1,Confirm Landing,Other,Landing (Vert Low Limit),24,5,True,,Mini 3 Pro,True,False,,Smart,RC,False,True,False,,,True,,False,False,False,False,False,False,False,False,False,False,0,Follow Yaw,0,0,-21.4,338.6,False,False,False,False,False,False,,True,Normal,100,100,1024,1024,1024,1024,N,False,False,False,False,False,0,False,False,False,False,46,7.256,1022,2265,7.256,False,3.634,3.622,0.025,False,False,4.908,104.9,100.4,104.9,,,,,,,,,Idle,,,True,,False,8,Go Home,True,True,True,False,False,False,False,False,False,False,False,False,43.0666047727683,-77.6229698903817,20.3,313.7,1640.4,True,1,1,False,False,False,False,,True,False,False,,328,,16.4,Calm,41,, 1.8.0,DJI Mini 3 Pro,1581F4XF3229R006,53HFK5R0M30ACD,5HAZK6H0018AUR,52XPK6ACA001NV,180.6,0.7,59,13.23575,6.487126,0,8942,DJI Mini 3 Pro,1581F4XF3229R006,53HFK5R0M30ACD,5HAZK6H0018AUR,52XPK6ACA001NV,DJI Fly,, 1.8.0,61EABE4C-BCDC-32F4-D0CC-A1B5A0612123,1581F4XF3229R006W0A6,,,,,,,,,,
6/20/2023,8:54:19.26 AM,2m 58.8s,178.8,43.0666566670722,-77.6229416431213,1.3,60.6,0.3,535,750.1,,13.235805,,5.368656,,8.94776,0.223694,5.368656,0.9,0.7,-51.9,308.1,Confirm Landing,Other,Landing (Vert Low Limit),24,5,True,,Mini 3 Pro,True,False,,Smart,RC,False,True,False,,,True,,False,False,False,False,False,False,False,False,False,False,0,Follow Yaw,0,0,-21.4,338.6,False,False,False,False,False,False,,True,Normal,100,100,1024,1024,1024,1024,N,False,False,False,False,False,0,False,False,False,False,46,7.256,1022,2265,7.256,False,3.634,3.622,0.025,False,False,4.908,104.9,100.4,104.9,,,,,,,,,Idle,,,True,,False,8,Go Home,True,True,True,False,False,False,False,False,False,False,False,False,43.0666047727683,-77.6229698903817,20.3,313.7,1640.4,True,1,1,False,False,False,False,,True,False,False,,328,,16.4,Calm,41,, 1.8.0,DJI Mini 3 Pro,1581F4XF3229R006,53HFK5R0M30ACD,5HAZK6H0018AUR,52XPK6ACA001NV,180.6,0.7,59,13.23575,6.487126,0,8942,DJI Mini 3 Pro,1581F4XF3229R006,53HFK5R0M30ACD,5HAZK6H0018AUR,52XPK6ACA001NV,DJI Fly,, 1.8.0,61EABE4C-BCDC-32F4-D0CC-A1B5A0612123,1581F4XF3229R006W0A6,,,,,,,,,,
6/20/2023,8:54:19.56 AM,2m 59.0s,179,43.0666567034212,-77.6229416821818,1.3,60.6,0.3,535,750.1,,13.235805,,5.368656,,8.94776,0.223694,5.368656,1.7,1.1,-51.8,308.2,Confirm Landing,Other,Landing (Vert Low Limit),24,5,True,,Mini 3 Pro,True,False,,Smart,RC,False,True,False,,,True,,False,False,False,False,False,False,False,False,False,False,0,Follow Yaw,0,0,-21.4,338.6,False,False,False,False,False,False,,True,Normal,100,100,1024,1024,1024,1024,N,False,False,False,False,False,0,False,False,False,False,46,7.256,1021,2265,7.256,False,3.633,3.623,0.025,False,False,5.05,104.9,100.4,104.9,,,,,,,,,Idle,,,True,,False,8,Go Home,True,True,True,False,False,False,False,False,False,False,False,False,43.0666047727683,-77.6229698903817,20.3,313.7,1640.4,True,1,1,False,False,False,False,,True,False,False,,328,,16.4,Calm,41,, 1.8.0,DJI Mini 3 Pro,1581F4XF3229R006,53HFK5R0M30ACD,5HAZK6H0018AUR,52XPK6ACA001NV,180.6,0.7,59,13.23575,6.487126,0,8942,DJI Mini 3 Pro,1581F4XF3229R006,53HFK5R0M30ACD,5HAZK6H0018AUR,52XPK6ACA001NV,DJI Fly,, 1.8.0,61EABE4C-BCDC-32F4-D0CC-A1B5A0612123,1581F4XF3229R006W0A6,,,,,,,,,,
6/20/2023,8:54:19.76 AM,2m 59.2s,179.2,43.0666567329297,-77.622941680461,1.3,60.6,0,535,750.2,,13.235805,,5.368656,,8.94776,0.223694,5.368656,1.4,0,-51.9,308.1,Confirm Landing,Other,Landing (Vert Low Limit),24,5,True,,Mini 3 Pro,True,False,,Smart,RC,False,True,False,,,True,,False,False,False,False,False,False,False,False,False,False,0,Follow Yaw,0,0,-21.4,338.6,False,False,False,False,False,False,,True,Normal,100,100,1024,1024,1024,1024,N,False,False,False,False,False,0,False,False,False,False,46,7.256,1021,2265,7.256,False,3.633,3.623,0.025,False,False,5.05,104.9,100.4,104.9,,,,,,,,,Idle,,,True,,False,8,Go Home,True,True,True,False,False,False,False,False,False,False,False,False,43.0666047727683,-77.6229698903817,20.3,313.7,1640.4,True,1,1,False,False,False,False,,True,False,False,,328,,16.4,Calm,41,, 1.8.0,DJI Mini 3 Pro,1581F4XF3229R006,53HFK5R0M30ACD,5HAZK6H0018AUR,52XPK6ACA001NV,180.6,0.7,59,13.23575,6.487126,0,8942,DJI Mini 3 Pro,1581F4XF3229R006,53HFK5R0M30ACD,5HAZK6H0018AUR,52XPK6ACA001NV,DJI Fly,, 1.8.0,61EABE4C-BCDC-32F4-D0CC-A1B5A0612123,1581F4XF3229R006W0A6,,,,,,,,,,
6/20/2023,8:54:19.96 AM,2m 59.4s,179.4,43.0666567473905,-77.6229416715724,1.3,60.6,0,535,750.2,,13.235805,,5.368656,,8.94776,0.223694,5.368656,1.1,0,-51.8,308.2,Confirm Landing,Other,Landing (Vert Low Limit),24,5,True,,Mini 3 Pro,True,False,,Smart,RC,False,True,False,,,True,,False,False,False,False,False,False,False,False,False,False,0,Follow Yaw,0,0,-21.4,338.6,False,False,False,False,False,False,,True,Normal,100,100,1024,1024,1024,1024,N,False,False,False,False,False,0,False,False,False,False,46,7.256,1021,2265,7.256,False,3.633,3.623,0.025,False,False,5.05,104.9,100.4,104.9,,,,,,,,,Idle,,,True,,False,8,Go Home,True,True,True,False,False,False,False,False,False,False,False,False,43.0666047727683,-77.6229698903817,20.3,313.7,1640.4,True,1,1,False,False,False,False,,True,False,False,,328,,16.4,Calm,41,, 1.8.0,DJI Mini 3 Pro,1581F4XF3229R006,53HFK5R0M30ACD,5HAZK6H0018AUR,52XPK6ACA001NV,180.6,0.7,59,13.23575,6.487126,0,8942,DJI Mini 3 Pro,1581F4XF3229R006,53HFK5R0M30ACD,5HAZK6H0018AUR,52XPK6ACA001NV,DJI Fly,, 1.8.0,61EABE4C-BCDC-32F4-D0CC-A1B5A0612123,1581F4XF3229R006W0A6,,,,,,,,,,
6/20/2023,8:54:20.06 AM,2m 59.6s,179.6,43.0666567227651,-77.6229416773154,0.9,60.6,0,535,750.2,,13.235805,,5.368656,,8.94776,,5.368656,-0.2,-0.1,-52,308,Confirm Landing,Other,Landing (Vert Low Limit),24,5,True,,Mini 3 Pro,True,False,,Smart,RC,False,True,False,,,True,,False,False,False,False,False,False,False,False,False,False,0,Follow Yaw,0,0,-21.4,338.6,False,False,False,False,False,False,,True,Normal,100,100,1024,1024,1024,1024,N,False,False,False,False,False,0,False,False,False,False,46,7.256,1021,2265,7.256,False,3.633,3.623,0.025,False,False,5.05,104.9,100.4,104.9,,,,,,,,,Idle,,,True,,False,8,Go Home,True,True,True,False,False,False,False,False,False,False,False,False,43.0666047727683,-77.6229698903817,20.3,313.7,1640.4,True,1,1,False,False,False,False,,True,False,False,,328,,16.4,Calm,41,, 1.8.0,DJI Mini 3 Pro,1581F4XF3229R006,53HFK5R0M30ACD,5HAZK6H0018AUR,52XPK6ACA001NV,180.6,0.7,59,13.23575,6.487126,0,8942,DJI Mini 3 Pro,1581F4XF3229R006,53HFK5R0M30ACD,5HAZK6H0018AUR,52XPK6ACA001NV,DJI Fly,, 1.8.0,61EABE4C-BCDC-32F4-D0CC-A1B5A0612123,1581F4XF3229R006W0A6,,,,,,,,,,
6/20/2023,8:54:20.37 AM,2m 59.8s,179.8,43.0666567001916,-77.6229417415906,0.9,60.6,0,535,750.2,,13.235805,,5.368656,,8.94776,,5.368656,-1.8,-0.6,-52.2,307.8,Confirm Landing,Other,Landing (Vert Low Limit),24,5,True,,Mini 3 Pro,True,False,,Smart,RC,False,True,False,,,True,,False,False,False,False,False,False,False,False,False,False,0,Follow Yaw,0,0,-21.4,338.6,False,False,False,False,False,False,,True,Normal,100,100,1024,1024,1024,1024,N,False,False,False,False,False,0,False,False,False,False,46,7.256,1021,2265,7.256,False,3.633,3.623,0.025,False,False,5.05,104.9,100.4,104.9,,,,,,,,,Idle,,,True,,False,8,Go Home,True,True,True,False,False,False,False,False,False,False,False,False,43.0666047727683,-77.6229698903817,20.3,313.7,1640.4,True,1,1,False,False,False,False,,True,False,False,,328,,16.4,Calm,41,, 1.8.0,DJI Mini 3 Pro,1581F4XF3229R006,53HFK5R0M30ACD,5HAZK6H0018AUR,52XPK6ACA001NV,180.6,0.7,59,13.23575,6.487126,0,8942,DJI Mini 3 Pro,1581F4XF3229R006,53HFK5R0M30ACD,5HAZK6H0018AUR,52XPK6ACA001NV,DJI Fly,, 1.8.0,61EABE4C-BCDC-32F4-D0CC-A1B5A0612123,1581F4XF3229R006W0A6,,,,,,,,,,
6/20/2023,8:54:20.47 AM,3m 0.0s,180,43.0666566987181,-77.6229417737326,0.9,60.6,0,535,750.2,,13.235805,,5.368656,,8.94776,,5.368656,-4.1,-0.6,-52.1,307.9,Confirm Landing,Other,Landing (Vert Low Limit),24,5,True,,Mini 3 Pro,True,False,,Smart,RC,False,True,False,,,True,,False,False,False,False,False,False,False,False,False,False,0,Follow Yaw,0,0,-21.4,338.6,False,False,False,False,False,False,,True,Normal,100,100,1024,1024,1024,1024,N,False,False,False,False,False,0,False,False,False,False,45,7.273,1019,2265,7.273,False,3.64,3.633,0.025,False,False,4.459,104.9,100.4,104.9,,,,,,,,,Idle,,,True,,False,8,Go Home,True,True,True,False,False,False,False,False,False,False,False,False,43.0666047727683,-77.6229698903817,20.3,313.7,1640.4,True,1,1,False,False,False,False,,True,False,False,,328,,16.4,Calm,41,, 1.8.0,DJI Mini 3 Pro,1581F4XF3229R006,53HFK5R0M30ACD,5HAZK6H0018AUR,52XPK6ACA001NV,180.6,0.7,59,13.23575,6.487126,0,8942,DJI Mini 3 Pro,1581F4XF3229R006,53HFK5R0M30ACD,5HAZK6H0018AUR,52XPK6ACA001NV,DJI Fly,, 1.8.0,61EABE4C-BCDC-32F4-D0CC-A1B5A0612123,1581F4XF3229R006W0A6,,,,,,,,,,
6/20/2023,8:54:20.67 AM,3m 0.2s,180.2,43.0666567071692,-77.6229418121863,0.9,60.6,0,535,750.2,,13.235805,,5.368656,,8.94776,,5.368656,-5.3,-0.9,-52,308,Confirm Landing,Other,Landing (Vert Low Limit),24,5,True,,Mini 3 Pro,True,False,,Smart,RC,False,True,False,,,True,,False,False,False,False,False,False,False,False,False,False,0,Follow Yaw,0,0,-21.4,338.6,False,False,False,False,False,False,,True,Normal,100,100,1024,1024,1024,1024,N,False,False,False,False,False,0,False,False,False,False,45,7.273,1019,2265,7.273,False,3.64,3.633,0.025,False,False,4.459,104.9,100.4,104.9,,,,,,,,,Idle,,,True,,False,8,Go Home,True,True,True,False,False,False,False,False,False,False,False,False,43.0666047727683,-77.6229698903817,20.3,313.7,1640.4,True,1,1,False,False,False,False,,True,False,False,,328,,16.4,Calm,41,, 1.8.0,DJI Mini 3 Pro,1581F4XF3229R006,53HFK5R0M30ACD,5HAZK6H0018AUR,52XPK6ACA001NV,180.6,0.7,59,13.23575,6.487126,0,8942,DJI Mini 3 Pro,1581F4XF3229R006,53HFK5R0M30ACD,5HAZK6H0018AUR,52XPK6ACA001NV,DJI Fly,, 1.8.0,61EABE4C-BCDC-32F4-D0CC-A1B5A0612123,1581F4XF3229R006W0A6,,,,,,,,,,
6/20/2023,8:54:20.98 AM,3m 0.4s,180.4,43.0666567163871,-77.622941825953,0.9,60.6,0,535,750.2,,13.235805,,5.368656,,8.94776,,5.368656,-5.5,-1.2,-52,308,Confirm Landing,Other,Landing (Vert Low Limit),24,5,True,,Mini 3 Pro,True,False,,Smart,RC,False,True,False,,,True,,False,False,False,False,False,False,False,False,False,False,0,Follow Yaw,0,0,-21.4,338.6,False,False,False,False,False,False,,True,Normal,100,100,1024,1024,1024,1024,N,False,False,False,False,False,0,False,False,False,False,45,7.273,1019,2265,7.273,False,3.64,3.633,0.025,False,False,4.459,104.9,100.4,104.9,,,,,,,,,Idle,,,True,,False,8,Go Home,True,True,True,False,False,False,False,False,False,False,False,False,43.0666047727683,-77.6229698903817,20.3,313.7,1640.4,True,1,1,False,False,False,False,,True,False,False,,328,,16.4,Calm,41,, 1.8.0,DJI Mini 3 Pro,1581F4XF3229R006,53HFK5R0M30ACD,5HAZK6H0018AUR,52XPK6ACA001NV,180.6,0.7,59,13.23575,6.487126,0,8942,DJI Mini 3 Pro,1581F4XF3229R006,53HFK5R0M30ACD,5HAZK6H0018AUR,52XPK6ACA001NV,DJI Fly,, 1.8.0,61EABE4C-BCDC-32F4-D0CC-A1B5A0612123,1581F4XF3229R006W0A6,,,,,,,,,,
6/20/2023,8:54:21.08 AM,3m 0.6s,180.6,43.0666567246627,-77.6229418556325,0.9,60.6,0,535,750.2,,13.235805,,5.368656,,8.94776,,5.368656,-5.5,-1.2,-51.9,308.1,Confirm Landing,Other,Landing (Vert Low Limit),24,5,True,,Mini 3 Pro,True,False,,Smart,RC,False,True,False,,,True,,False,False,False,False,False,False,False,False,False,False,0,Follow Yaw,0,0,-21.4,338.6,False,False,False,False,False,False,,True,Normal,100,100,1024,1024,1024,1024,N,False,False,False,False,False,0,False,False,False,False,45,7.273,1019,2265,7.273,False,3.64,3.633,0.025,False,False,4.459,104.9,100.4,104.9,,,,,,,,,Idle,,,True,,False,8,Go Home,True,True,True,False,False,False,False,False,False,False,False,False,43.0666047727683,-77.6229698903817,20.3,313.7,1640.4,True,1,1,False,False,False,False,,True,False,False,,328,,16.4,Calm,41,, 1.8.0,DJI Mini 3 Pro,1581F4XF3229R006,53HFK5R0M30ACD,5HAZK6H0018AUR,52XPK6ACA001NV,180.6,0.7,59,13.23575,6.487126,0,8942,DJI Mini 3 Pro,1581F4XF3229R006,53HFK5R0M30ACD,5HAZK6H0018AUR,52XPK6ACA001NV,DJI Fly,, 1.8.0,61EABE4C-BCDC-32F4-D0CC-A1B5A0612123,1581F4XF3229R006W0A6,,,,,,,,,,
6/20/2023,8:54:21.08 AM,3m 0.8s,180.8,43.0666567296529,-77.622941872413,0,60.6,0,534,750.2,,13.235805,,5.368656,,8.94776,,5.368656,-5.5,-1.2,-51.9,308.1,Auto Landing,Other,,24,5,True,,Mini 3 Pro,True,False,,Smart,RC,False,False,False,,,True,,False,False,False,False,False,False,False,False,False,False,0,Follow Yaw,0,0,-21.4,338.6,False,False,False,False,False,False,,True,Normal,100,100,1024,1024,1024,1024,N,False,False,False,False,False,0,False,False,False,False,45,7.273,1019,2265,7.273,False,3.64,3.633,0.025,False,False,4.459,104.9,100.4,104.9,,,,,,,,,Idle,,,True,,False,8,Go Home,True,True,True,False,False,False,False,False,False,False,False,False,43.0666047727683,-77.6229698903817,20.3,313.7,1640.4,True,1,1,False,False,False,False,,True,False,False,,328,,16.4,Calm,41,, 1.8.0,DJI Mini 3 Pro,1581F4XF3229R006,53HFK5R0M30ACD,5HAZK6H0018AUR,52XPK6ACA001NV,180.6,0.7,59,13.23575,6.487126,0,8942,DJI Mini 3 Pro,1581F4XF3229R006,53HFK5R0M30ACD,5HAZK6H0018AUR,52XPK6ACA001NV,DJI Fly,, 1.8.0,61EABE4C-BCDC-32F4-D0CC-A1B5A0612123,1581F4XF3229R006W0A6,,,,,,,,,,
