sep=,
CUSTOM.date [local],CUSTOM.updateTime [local],OSD.flyTime,OSD.flyTime [s],OSD.latitude,OSD.longitude,OSD.height [ft],OSD.heightMax [ft],OSD.vpsHeight [ft],OSD.altitude [ft],OSD.mileage [ft],OSD.hSpeed [MPH],OSD.hSpeedMax [MPH],OSD.xSpeed [MPH],OSD.xSpeedMax [MPH],OSD.ySpeed [MPH],OSD.ySpeedMax [MPH],OSD.zSpeed [MPH],OSD.zSpeedMax [MPH],OSD.pitch,OSD.roll,OSD.yaw,OSD.yaw [360],OSD.flycState,OSD.flycCommand,OSD.flightAction,OSD.gpsNum,OSD.gpsLevel,OSD.isGPSUsed,OSD.nonGPSCause,OSD.droneType,OSD.isSwaveWork,OSD.waveError,OSD.goHomeStatus,OSD.batteryType,OSD.ctrlDevice,OSD.isOnGround,OSD.isMotorOn,OSD.isMotorBlocked,OSD.motorStartFailedCause,OSD.motorFailReason,OSD.isImuPreheated,OSD.imuInitFailReason,OSD.isAcceletorOverRange,OSD.isBarometerDeadInAir,OSD.isCompassError,OSD.isGoHomeHeightModified,OSD.canIOCWork,OSD.isNotEnoughForce,OSD.isOutOfLimit,OSD.isPropellerCatapult,OSD.isVibrating,OSD.isVisionUsed,OSD.voltageWarning,GIMBAL.mode,GIMBAL.pitch,GIMBAL.roll,GIMBAL.yaw,GIMBAL.yaw [360],GIMBAL.isPitchAtLimit,GIMBAL.isRollAtLimit,GIMBAL.isYawAtLimit,GIMBAL.isStuck,CAMERA.isPhoto,CAMERA.isVideo,CAMERA.filename,CAMERA.sdCardIsInserted,CAMERA.sdCardState,RC.downlinkSignal,RC.uplinkSignal,RC.aileron,RC.elevator,RC.throttle,RC.rudder,RC.mode,RC.goHomeDepressed,RC.recordDepressed,RC.shutterDepressed,RC.playbackDepressed,RC.wheelDepressed,RC.wheelOffset,RC.custom1Depressed,RC.custom2Depressed,RC.custom3Depressed,RC.custom4Depressed,BATTERY.chargeLevel,BATTERY.currentPV [V],BATTERY.currentCapacity [mAh],BATTERY.fullCapacity [mAh],BATTERY.voltage [V],BATTERY.isCellVoltageEstimated,BATTERY.cellVoltage1 [V],BATTERY.cellVoltage2 [V],BATTERY.maxCellVoltageDeviation,BATTERY.isCellVoltageDeviationHigh,BATTERY.isVoltageLow,BATTERY.current [A],BATTERY.temperature [F],BATTERY.minTemperature [F],BATTERY.maxTemperature [F],BATTERY.usefulTime [s],BATTERY.goHomeTime [s],BATTERY.landTime [s],BATTERY.goHomeBattery,BATTERY.landBattery,BATTERY.safeFlyRadius,BATTERY.volumeConsume,BATTERY.status,BATTERY.goHomeStatus,BATTERY.goHomeCountdown,BATTERY.lowWarning,BATTERY.lowWarningGoHome,BATTERY.seriousLowWarning,BATTERY.seriousLowWarningLanding,BATTERY.timesCharged,MC.failSafeAction,MC.isObstacleAvoidanceEnabled,MC.isCollisionAvoidanceEnabled,MC.isRthObstacleAvoidanceEnabled,MC.isBraking,MC.isAvoidingObstacle,MC.isAvoidingActiveObstacle,MC.isAscentLimitedByObstacle,MC.isLandingConfirmationNeeded,MC.atLowAltitudeLimit,MC.atDistanceLimit,MC.atAirportAltitudeLimit,MC.atAirportBoundary,HOME.latitude,HOME.longitude,HOME.distance [ft],HOME.height [ft],HOME.heightLimit [ft],HOME.isHomeRecord,HOME.goHomeMode,HOME.aircraftHeadDirection,HOME.isDynamicHomePointEnabled,HOME.isReachedLimitDistance,HOME.isReachedLimitHeight,HOME.isCompassCalibrating,HOME.compassCalibrationState,HOME.isMultipleFlightModeEnabled,HOME.isBeginnerMode,HOME.isIOCEnabled,HOME.iocMode,HOME.goHomeHeight [ft],HOME.courseLockAngle,HOME.forceLandingHeight [ft],HOME.wind,HOME.dataRecorderFileIndex,RECOVER.appType,RECOVER.appVersion,RECOVER.aircraftName,RECOVER.aircraftSerial,RECOVER.cameraSerial,RECOVER.rcSerial,RECOVER.batterySerial,DETAILS.totalTime [s],DETAILS.totalDistance [ft],DETAILS.maxHeight [ft],DETAILS.maxHorizontalSpeed [MPH],DETAILS.maxVerticalSpeed [MPH],DETAILS.photoNum,DETAILS.videoTime [s],DETAILS.aircraftName,DETAILS.aircraftSerial,DETAILS.cameraSerial,DETAILS.rcSerial,DETAILS.batterySerial,DETAILS.appName,DETAILS.appType,DETAILS.appVersion,DETAILS.guid,SERIAL.flightController,SERIAL.camera,SERIAL.gimbal,SERIAL.rc,SERIAL.battery,APPGPS.latitude,APPGPS.longitude,APPGPS.accuracy,APP.message,APP.tip,APP.warning
6/22/2023,8:04:43.06 PM,0m 0.1s,0.1,43.042887928905,-77.6663249592564,0,0,0.3,562,0,,,,,,,,,-5.6,-0.2,103.8,103.8,Starting Motors,Other,,20,5,True,,Mini 3 Pro,False,False,,Smart,RC,True,True,False,,,True,,False,False,False,False,False,False,False,False,False,False,0,Follow Yaw,0,0,103.4,103.4,False,False,False,False,False,False,,True,Normal,100,100,364,364,364,1656,N,False,False,False,False,False,0,False,False,False,False,72,7.853,1636,2285,7.853,False,3.927,3.926,0.001,False,False,0.938,90.9,90.8,90.8,,,,,,,,,Idle,,,True,,False,10,Go Home,True,True,True,False,False,False,False,False,False,False,False,False,,,,,,False,,,False,False,False,False,,False,False,False,,,,,Calm,,, 1.8.0,DJI Mini 3 Pro,1581F4XF3229R006,53HFK5R0M30ACD,5HAZK6H0018AUR,52XPK6HCA105XX,101.4,0.7,39.3,9.437649,6.71082,0,4049,DJI Mini 3 Pro,1581F4XF3229R006,53HFK5R0M30ACD,5HAZK6H0018AUR,52XPK6HCA105XX,DJI Fly,, 1.8.0,54E6999D-4E41-3C56-C869-63925F82E9FA,1581F4XF3229R006W0A6,,,,,,,,,,
6/22/2023,8:04:43.26 PM,0m 0.3s,0.3,43.0428878765601,-77.6663249585729,0,0,0.3,562,0,,,,,,,,,-5.6,-0.2,103.7,103.7,Starting Motors,Other,,20,5,True,,Mini 3 Pro,False,False,,Smart,RC,True,True,False,,,True,,False,False,False,False,False,False,False,False,False,False,0,Follow Yaw,0,0,103.4,103.4,False,False,False,False,False,False,,True,Normal,100,100,364,364,729,1403,N,False,False,False,False,False,0,False,False,False,False,72,7.853,1636,2285,7.853,False,3.927,3.926,0.001,False,False,0.938,90.9,90.8,90.8,,,,,,,,,Idle,,,True,,False,10,Go Home,True,True,True,False,False,False,False,False,False,False,False,False,,,,,,False,,,False,False,False,False,,False,False,False,,,,,Calm,,, 1.8.0,DJI Mini 3 Pro,1581F4XF3229R006,53HFK5R0M30ACD,5HAZK6H0018AUR,52XPK6HCA105XX,101.4,0.7,39.3,9.437649,6.71082,0,4049,DJI Mini 3 Pro,1581F4XF3229R006,53HFK5R0M30ACD,5HAZK6H0018AUR,52XPK6HCA105XX,DJI Fly,, 1.8.0,54E6999D-4E41-3C56-C869-63925F82E9FA,1581F4XF3229R006W0A6,,,,,,,,,,
6/22/2023,8:04:43.46 PM,0m 0.5s,0.5,43.0428878085637,-77.6663249553223,0,0,0,562,0,,,,,,,,,-5.6,0,103.3,103.3,Starting Motors,Other,,20,5,True,,Mini 3 Pro,True,False,,Smart,RC,True,True,False,,,True,,False,False,False,False,False,False,False,False,False,False,0,Follow Yaw,0,0,103.4,103.4,False,False,False,False,False,False,,True,Normal,100,100,777,773,1548,941,N,False,False,False,False,False,0,False,False,False,False,72,7.853,1636,2285,7.853,False,3.927,3.926,0.001,False,False,0.938,90.9,90.8,90.8,,,,,,,,,Idle,,,True,,False,10,Go Home,True,True,True,False,False,False,False,False,False,False,False,False,43.0428815385077,-77.6663165032828,3.2,436.3,1640.4,True,1,1,False,False,False,False,,True,False,False,,328,,16.4,Calm,48,, 1.8.0,DJI Mini 3 Pro,1581F4XF3229R006,53HFK5R0M30ACD,5HAZK6H0018AUR,52XPK6HCA105XX,101.4,0.7,39.3,9.437649,6.71082,0,4049,DJI Mini 3 Pro,1581F4XF3229R006,53HFK5R0M30ACD,5HAZK6H0018AUR,52XPK6HCA105XX,DJI Fly,, 1.8.0,54E6999D-4E41-3C56-C869-63925F82E9FA,1581F4XF3229R006W0A6,,,,,,,,Data Recorder File Index is 48.,,
6/22/2023,8:04:43.67 PM,0m 0.7s,0.7,43.0428877538785,-77.6663249511706,0,0,0,562,0,,,,,,,,,-5.6,0,103.3,103.3,Starting Motors,Other,,20,5,True,,Mini 3 Pro,True,False,,Smart,RC,True,True,False,,,True,,False,False,False,False,False,False,False,False,False,False,0,Follow Yaw,0,0,103.4,103.4,False,False,False,False,False,False,,True,Normal,100,100,1024,1024,1684,1024,N,False,False,False,False,False,0,False,False,False,False,72,7.853,1636,2285,7.853,False,3.927,3.926,0.001,False,False,0.938,90.9,90.8,90.8,,,,,,,,,Idle,,,True,,False,10,Go Home,True,True,True,False,False,False,False,False,False,False,False,False,43.0428815385077,-77.6663165032828,3.1,436.3,1640.4,True,1,1,False,False,False,False,,True,False,False,,328,,16.4,Calm,48,, 1.8.0,DJI Mini 3 Pro,1581F4XF3229R006,53HFK5R0M30ACD,5HAZK6H0018AUR,52XPK6HCA105XX,101.4,0.7,39.3,9.437649,6.71082,0,4049,DJI Mini 3 Pro,1581F4XF3229R006,53HFK5R0M30ACD,5HAZK6H0018AUR,52XPK6HCA105XX,DJI Fly,, 1.8.0,54E6999D-4E41-3C56-C869-63925F82E9FA,1581F4XF3229R006W0A6,,,,,,,,,,
6/22/2023,8:04:43.87 PM,0m 0.9s,0.9,43.0428877109497,-77.6663249450019,0,0,0,562,0,,,,,,,,,-5.6,0,103.3,103.3,Starting Motors,Other,,20,5,True,,Mini 3 Pro,True,False,,Smart,RC,True,True,False,,,True,,False,False,False,False,False,False,False,False,False,False,0,Follow Yaw,0,0,103.4,103.4,False,False,False,False,False,False,,True,Normal,100,100,1024,1024,1684,1024,N,False,False,False,False,False,0,False,False,False,False,72,7.821,1636,2285,7.821,False,3.927,3.926,0.001,False,False,1.523,90.9,90.8,90.8,,,,,,,,,Idle,,,True,,False,10,Go Home,True,True,True,False,False,False,False,False,False,False,False,False,43.0428815385077,-77.6663165032828,3.1,436.3,1640.4,True,1,1,False,False,False,False,,True,False,False,,328,,16.4,Calm,48,, 1.8.0,DJI Mini 3 Pro,1581F4XF3229R006,53HFK5R0M30ACD,5HAZK6H0018AUR,52XPK6HCA105XX,101.4,0.7,39.3,9.437649,6.71082,0,4049,DJI Mini 3 Pro,1581F4XF3229R006,53HFK5R0M30ACD,5HAZK6H0018AUR,52XPK6HCA105XX,DJI Fly,, 1.8.0,54E6999D-4E41-3C56-C869-63925F82E9FA,1581F4XF3229R006W0A6,,,,,,,,,,
6/22/2023,8:04:43.97 PM,0m 1.1s,1.1,43.0428876807645,-77.6663249306449,0,0,0,562,0,,,,,,,,,-5.6,0,103.3,103.3,Starting Motors,Other,,20,5,True,,Mini 3 Pro,True,False,,Smart,RC,True,True,False,,,True,,False,False,False,False,False,False,False,False,False,False,0,Follow Yaw,0,0,103.4,103.4,False,False,False,False,False,False,,True,Normal,100,100,1024,1024,1684,1024,N,False,False,False,False,False,0,False,False,False,False,72,7.796,1636,2285,7.796,False,3.898,3.898,0.001,False,False,1.523,90.9,90.8,90.8,,,,,,,,,Idle,,,True,,False,10,Go Home,True,True,True,False,False,False,False,False,False,False,False,False,43.0428815385077,-77.6663165032828,3.1,436.3,1640.4,True,1,1,False,False,False,False,,True,False,False,,328,,16.4,Calm,48,, 1.8.0,DJI Mini 3 Pro,1581F4XF3229R006,53HFK5R0M30ACD,5HAZK6H0018AUR,52XPK6HCA105XX,101.4,0.7,39.3,9.437649,6.71082,0,4049,DJI Mini 3 Pro,1581F4XF3229R006,53HFK5R0M30ACD,5HAZK6H0018AUR,52XPK6HCA105XX,DJI Fly,, 1.8.0,54E6999D-4E41-3C56-C869-63925F82E9FA,1581F4XF3229R006W0A6,,,,,,,,,,
6/22/2023,8:04:44.28 PM,0m 1.3s,1.3,43.0428876594755,-77.6663248926464,0,0,0,562,0,,,,,,,,,-5.6,0,103.5,103.5,Starting Motors,Other,,20,5,True,,Mini 3 Pro,True,False,,Smart,RC,True,True,False,,,True,,False,False,False,False,False,False,False,False,False,False,0,Follow Yaw,0,0,103.4,103.4,False,False,False,False,False,False,,True,Normal,100,100,1024,1024,1684,1024,N,False,False,False,False,False,0,False,False,False,False,72,7.796,1636,2285,7.796,False,3.898,3.898,0.001,False,False,1.523,90.9,90.8,90.8,,,,,,,,,Idle,,,True,,False,10,Go Home,True,True,True,False,False,False,False,False,False,False,False,False,43.0428815385077,-77.6663165032828,3.1,436.3,1640.4,True,1,1,False,False,False,False,,True,False,False,,328,,16.4,Calm,48,, 1.8.0,DJI Mini 3 Pro,1581F4XF3229R006,53HFK5R0M30ACD,5HAZK6H0018AUR,52XPK6HCA105XX,101.4,0.7,39.3,9.437649,6.71082,0,4049,DJI Mini 3 Pro,1581F4XF3229R006,53HFK5R0M30ACD,5HAZK6H0018AUR,52XPK6HCA105XX,DJI Fly,, 1.8.0,54E6999D-4E41-3C56-C869-63925F82E9FA,1581F4XF3229R006W0A6,,,,,,,,,,
6/22/2023,8:04:44.38 PM,0m 1.5s,1.5,43.0428876353401,-77.6663248509592,0,0,0,562,0,,,,,,,,,-5.6,0,103.5,103.5,Starting Motors,Other,,20,5,True,,Mini 3 Pro,True,False,,Smart,RC,True,True,False,,,True,,False,False,False,False,False,False,False,False,False,False,0,Follow Yaw,0,0,103.4,103.4,False,False,False,False,False,False,,True,Normal,100,100,1024,1024,1684,1024,N,False,False,False,False,False,0,False,False,False,False,72,7.796,1636,2285,7.796,False,3.898,3.898,0.001,False,False,1.523,90.9,90.8,90.8,,,,,,,,,Idle,,,True,,False,10,Go Home,True,True,True,False,False,False,False,False,False,False,False,False,43.0428815385077,-77.6663165032828,3.1,436.3,1640.4,True,1,1,False,False,False,False,,True,False,False,,328,,16.4,Calm,48,, 1.8.0,DJI Mini 3 Pro,1581F4XF3229R006,53HFK5R0M30ACD,5HAZK6H0018AUR,52XPK6HCA105XX,101.4,0.7,39.3,9.437649,6.71082,0,4049,DJI Mini 3 Pro,1581F4XF3229R006,53HFK5R0M30ACD,5HAZK6H0018AUR,52XPK6HCA105XX,DJI Fly,, 1.8.0,54E6999D-4E41-3C56-C869-63925F82E9FA,1581F4XF3229R006W0A6,,,,,,,,,,
6/22/2023,8:04:44.58 PM,0m 1.7s,1.7,43.0428875951515,-77.6663247914278,0,0,0,562,0.1,,,,,,,,,-5.6,0,103.4,103.4,Manual Takeoff,Other,,20,5,True,,Mini 3 Pro,True,False,,Smart,RC,True,True,False,,,True,,False,False,False,False,False,False,False,False,False,False,0,Follow Yaw,0,0,103.4,103.4,False,False,False,False,False,False,,True,Normal,100,100,1024,1024,1684,1024,N,False,False,False,False,False,0,False,False,False,False,72,7.796,1636,2285,7.796,False,3.898,3.898,0.001,False,False,1.523,90.9,90.8,90.8,,,,,,,,,Idle,,,True,,False,10,Go Home,True,True,True,False,False,False,False,False,False,False,False,False,43.0428815385077,-77.6663165032828,3.1,436.3,1640.4,True,1,1,False,False,False,False,,True,False,False,,328,,16.4,Calm,48,, 1.8.0,DJI Mini 3 Pro,1581F4XF3229R006,53HFK5R0M30ACD,5HAZK6H0018AUR,52XPK6HCA105XX,101.4,0.7,39.3,9.437649,6.71082,0,4049,DJI Mini 3 Pro,1581F4XF3229R006,53HFK5R0M30ACD,5HAZK6H0018AUR,52XPK6HCA105XX,DJI Fly,, 1.8.0,54E6999D-4E41-3C56-C869-63925F82E9FA,1581F4XF3229R006W0A6,,,,,,,,,,
6/22/2023,8:04:44.89 PM,0m 1.9s,1.9,43.0428875670096,-77.6663247515486,0,0,0,562,0.1,,,,,,,,,-5.6,-0.1,103.3,103.3,Manual Takeoff,Other,,20,5,True,,Mini 3 Pro,True,False,,Smart,RC,True,True,False,,,True,,False,False,False,False,False,False,False,False,False,False,0,Follow Yaw,0,0,103.4,103.4,False,False,False,False,False,False,,True,Normal,100,100,1024,1024,1684,1024,N,False,False,False,False,False,0,False,False,False,False,72,7.812,1635,2285,7.812,False,3.898,3.898,0.001,False,False,2.78,90.9,90.8,90.8,,,,,,,,,Idle,,,True,,False,10,Go Home,True,True,True,False,False,False,False,False,False,False,False,False,43.0428815385077,-77.6663165032828,3.1,436.3,1640.4,True,1,1,False,False,False,False,,True,False,False,,328,,16.4,Calm,48,, 1.8.0,DJI Mini 3 Pro,1581F4XF3229R006,53HFK5R0M30ACD,5HAZK6H0018AUR,52XPK6HCA105XX,101.4,0.7,39.3,9.437649,6.71082,0,4049,DJI Mini 3 Pro,1581F4XF3229R006,53HFK5R0M30ACD,5HAZK6H0018AUR,52XPK6HCA105XX,DJI Fly,, 1.8.0,54E6999D-4E41-3C56-C869-63925F82E9FA,1581F4XF3229R006W0A6,,,,,,,,,,
6/22/2023,8:04:45.09 PM,0m 2.1s,2.1,43.0428875439215,-77.6663247170052,0,0,0,562,0.1,,,,,,,,,-5.3,-1.7,102.2,102.2,Manual Takeoff,Other,,20,5,True,,Mini 3 Pro,True,False,,Smart,RC,True,True,False,,,True,,False,False,False,False,False,False,False,False,False,False,0,Follow Yaw,0,0,103.3,103.3,False,False,False,False,False,False,,True,Normal,100,100,1024,1024,1684,1024,N,False,False,False,False,False,0,False,False,False,False,72,7.814,1635,2285,7.814,False,3.907,3.907,0.001,False,False,2.78,90.9,90.8,90.8,,,,,,,,,Idle,,,True,,False,10,Go Home,True,True,True,False,False,False,False,False,False,False,False,False,43.0428815385077,-77.6663165032828,3,436.3,1640.4,True,1,1,False,False,False,False,,True,False,False,,328,,16.4,Calm,48,, 1.8.0,DJI Mini 3 Pro,1581F4XF3229R006,53HFK5R0M30ACD,5HAZK6H0018AUR,52XPK6HCA105XX,101.4,0.7,39.3,9.437649,6.71082,0,4049,DJI Mini 3 Pro,1581F4XF3229R006,53HFK5R0M30ACD,5HAZK6H0018AUR,52XPK6HCA105XX,DJI Fly,, 1.8.0,54E6999D-4E41-3C56-C869-63925F82E9FA,1581F4XF3229R006W0A6,,,,,,,,,,
6/22/2023,8:04:45.29 PM,0m 2.3s,2.3,43.0428874959098,-77.6663243002423,0,0,0,562,0.2,0.447388,0.447388,,,0.447388,0.447388,-0.671082,,-4,-2.7,101.8,101.8,P-GPS (Brake),Other,,20,5,True,,Mini 3 Pro,True,False,,Smart,RC,False,True,False,,,True,,False,False,False,False,False,False,False,False,False,False,0,Follow Yaw,0,0,103.3,103.3,False,False,False,False,False,False,,True,Normal,100,100,1024,1024,1684,1024,N,False,False,False,False,False,0,False,False,False,False,72,7.814,1635,2285,7.814,False,3.907,3.907,0.001,False,False,2.78,90.9,90.8,90.8,,,,,,,,,Idle,,,True,,False,10,Go Home,True,True,True,False,False,False,False,False,True,False,False,False,43.0428815385077,-77.6663165032828,3,436.3,1640.4,True,1,1,False,False,False,False,,True,False,False,,328,,16.4,Calm,48,, 1.8.0,DJI Mini 3 Pro,1581F4XF3229R006,53HFK5R0M30ACD,5HAZK6H0018AUR,52XPK6HCA105XX,101.4,0.7,39.3,9.437649,6.71082,0,4049,DJI Mini 3 Pro,1581F4XF3229R006,53HFK5R0M30ACD,5HAZK6H0018AUR,52XPK6HCA105XX,DJI Fly,, 1.8.0,54E6999D-4E41-3C56-C869-63925F82E9FA,1581F4XF3229R006W0A6,,,,,,,,,,
6/22/2023,8:04:45.39 PM,0m 2.5s,2.5,43.0428874872011,-77.6663235376637,0.3,0.3,0.3,562,0.4,0.447388,0.447388,,,0.447388,0.447388,-1.789552,,4,2.5,102.4,102.4,P-GPS (Brake),Other,,20,5,True,,Mini 3 Pro,True,False,,Smart,RC,False,True,False,,,True,,False,False,False,False,False,False,False,False,False,False,0,Follow Yaw,0,0,103.3,103.3,False,False,False,False,False,False,,True,Normal,100,100,1024,1024,1684,1024,N,False,False,False,False,False,0,False,False,False,False,72,7.814,1635,2285,7.814,False,3.907,3.907,0.001,False,False,2.78,90.9,90.8,90.8,,,,,,,,,Idle,,,True,,False,10,Go Home,True,True,True,False,False,False,False,False,True,False,False,False,43.0428875252967,-77.6663246167718,0.2,436.3,1640.4,True,1,1,False,False,False,False,,True,False,False,,328,,16.4,Calm,48,, 1.8.0,DJI Mini 3 Pro,1581F4XF3229R006,53HFK5R0M30ACD,5HAZK6H0018AUR,52XPK6HCA105XX,101.4,0.7,39.3,9.437649,6.71082,0,4049,DJI Mini 3 Pro,1581F4XF3229R006,53HFK5R0M30ACD,5HAZK6H0018AUR,52XPK6HCA105XX,DJI Fly,, 1.8.0,54E6999D-4E41-3C56-C869-63925F82E9FA,1581F4XF3229R006W0A6,,,,,,,,Home Point Updated.,,
6/22/2023,8:04:45.70 PM,0m 2.7s,2.7,43.0428873238952,-77.6663232400202,0.9,0.9,1.6,563,0.5,0.223694,0.447388,-0.223694,,,0.447388,-3.131716,,0.6,-1.3,103,103,P-GPS (Brake),Other,,20,5,True,,Mini 3 Pro,True,False,,Smart,RC,False,True,False,,,True,,False,False,False,False,False,False,False,False,False,False,0,Follow Yaw,0,0,103.3,103.3,False,False,False,False,False,False,,True,Normal,100,100,1024,1024,1684,1024,N,False,False,False,False,False,0,False,False,False,False,72,7.814,1635,2285,7.814,False,3.907,3.907,0.001,False,False,2.78,90.9,90.8,90.8,,,,,,,,,Idle,,,True,,False,10,Go Home,True,True,True,False,False,False,False,False,True,False,False,False,43.0428875252967,-77.6663246167718,0.3,436.3,1640.4,True,1,1,False,False,False,False,,True,False,False,,328,,16.4,Calm,48,, 1.8.0,DJI Mini 3 Pro,1581F4XF3229R006,53HFK5R0M30ACD,5HAZK6H0018AUR,52XPK6HCA105XX,101.4,0.7,39.3,9.437649,6.71082,0,4049,DJI Mini 3 Pro,1581F4XF3229R006,53HFK5R0M30ACD,5HAZK6H0018AUR,52XPK6HCA105XX,DJI Fly,, 1.8.0,54E6999D-4E41-3C56-C869-63925F82E9FA,1581F4XF3229R006W0A6,,,,,,,,,,
6/22/2023,8:04:45.80 PM,0m 2.9s,2.9,43.0428872006707,-77.6663233078815,2.2,2.2,2.6,564,0.6,0.223694,0.447388,-0.223694,,,0.447388,-4.47388,,0,-2.7,103.2,103.2,P-GPS (Brake),Other,,20,5,True,,Mini 3 Pro,True,False,,Smart,RC,False,True,False,,,True,,False,False,False,False,False,False,False,False,False,False,0,Follow Yaw,0,0,103.3,103.3,False,False,False,False,False,False,,True,Normal,100,100,1024,1024,1684,1024,N,False,False,False,False,False,0,False,False,False,False,72,7.814,1635,2285,7.814,False,3.907,3.907,0.001,False,False,2.78,90.9,90.8,90.8,,,,,,,,,Idle,,,True,,False,10,Go Home,True,True,True,False,False,False,False,False,True,False,False,False,43.0428875252967,-77.6663246167718,0.3,436.3,1640.4,True,1,1,False,False,False,False,,True,False,False,,328,,16.4,Calm,48,, 1.8.0,DJI Mini 3 Pro,1581F4XF3229R006,53HFK5R0M30ACD,5HAZK6H0018AUR,52XPK6HCA105XX,101.4,0.7,39.3,9.437649,6.71082,0,4049,DJI Mini 3 Pro,1581F4XF3229R006,53HFK5R0M30ACD,5HAZK6H0018AUR,52XPK6HCA105XX,DJI Fly,, 1.8.0,54E6999D-4E41-3C56-C869-63925F82E9FA,1581F4XF3229R006W0A6,,,,,,,,,,
6/22/2023,8:04:46.10 PM,0m 3.1s,3.1,43.0428872997753,-77.6663236184944,3.9,3.9,4.2,566,0.7,,0.447388,,,,0.447388,-5.816044,,-1.1,-1.7,103.2,103.2,P-GPS (Brake),Other,,20,5,True,,Mini 3 Pro,True,False,,Smart,RC,False,True,False,,,True,,False,False,False,False,False,False,False,False,False,False,0,Follow Yaw,0,0,103.3,103.3,False,False,False,False,False,False,,True,Normal,100,100,1024,1024,1684,1344,N,False,False,False,False,False,0,False,False,False,False,72,7.688,1634,2285,7.688,False,3.845,3.843,0.002,False,False,4.956,90.9,90.8,90.8,,,,,,,,,Idle,,,True,,False,10,Go Home,True,True,True,False,False,False,False,False,True,False,False,False,43.0428875252967,-77.6663246167718,0.2,436.3,1640.4,True,1,1,False,False,False,False,,True,False,False,,328,,16.4,Calm,48,, 1.8.0,DJI Mini 3 Pro,1581F4XF3229R006,53HFK5R0M30ACD,5HAZK6H0018AUR,52XPK6HCA105XX,101.4,0.7,39.3,9.437649,6.71082,0,4049,DJI Mini 3 Pro,1581F4XF3229R006,53HFK5R0M30ACD,5HAZK6H0018AUR,52XPK6HCA105XX,DJI Fly,, 1.8.0,54E6999D-4E41-3C56-C869-63925F82E9FA,1581F4XF3229R006W0A6,,,,,,,,,,
6/22/2023,8:04:46.20 PM,0m 3.3s,3.3,43.0428875515069,-77.666324035132,5.9,5.9,6.2,568,0.8,0.223694,0.447388,,,-0.223694,0.447388,-6.487126,,-1.7,-1.1,103.1,103.1,P-GPS (Brake),Other,,20,5,True,,Mini 3 Pro,True,False,,Smart,RC,False,True,False,,,True,,False,False,False,False,False,False,False,False,False,False,0,Follow Yaw,0,0,103.9,103.9,False,False,False,False,False,False,,True,Normal,100,100,1024,1024,1684,1408,N,False,False,False,False,False,0,False,False,False,False,72,7.688,1634,2285,7.688,False,3.845,3.843,0.002,False,False,4.956,90.9,90.8,90.8,,,,,,,,,Idle,,,True,,False,10,Go Home,True,True,True,False,False,False,False,False,True,False,False,False,43.0428875252967,-77.6663246167718,0.1,436.3,1640.4,True,1,1,False,False,False,False,,True,False,False,,328,,16.4,Calm,48,, 1.8.0,DJI Mini 3 Pro,1581F4XF3229R006,53HFK5R0M30ACD,5HAZK6H0018AUR,52XPK6HCA105XX,101.4,0.7,39.3,9.437649,6.71082,0,4049,DJI Mini 3 Pro,1581F4XF3229R006,53HFK5R0M30ACD,5HAZK6H0018AUR,52XPK6HCA105XX,DJI Fly,, 1.8.0,54E6999D-4E41-3C56-C869-63925F82E9FA,1581F4XF3229R006W0A6,,,,,,,,,,
6/22/2023,8:04:46.51 PM,0m 3.5s,3.5,43.0428878769194,-77.6663244875263,7.8,7.8,8.2,570,1,0.223694,0.447388,,,-0.223694,0.447388,-6.71082,,-2.5,0.6,103.8,103.8,P-GPS (Brake),Other,,20,5,True,,Mini 3 Pro,True,False,,Smart,RC,False,True,False,,,True,,False,False,False,False,False,False,False,False,False,False,0,Follow Yaw,0,0,106.3,106.3,False,False,False,False,False,False,,True,Normal,100,100,1024,1024,1684,1337,N,False,False,False,False,False,0,False,False,False,False,72,7.688,1634,2285,7.688,False,3.845,3.843,0.002,False,False,4.956,90.9,90.8,90.8,,,,,,,,,Idle,,,True,,False,10,Go Home,True,True,True,False,False,False,False,False,True,False,False,False,43.0428875252967,-77.6663246167718,0.1,436.3,1640.4,True,1,1,False,False,False,False,,True,False,False,,328,,16.4,Calm,48,, 1.8.0,DJI Mini 3 Pro,1581F4XF3229R006,53HFK5R0M30ACD,5HAZK6H0018AUR,52XPK6HCA105XX,101.4,0.7,39.3,9.437649,6.71082,0,4049,DJI Mini 3 Pro,1581F4XF3229R006,53HFK5R0M30ACD,5HAZK6H0018AUR,52XPK6HCA105XX,DJI Fly,, 1.8.0,54E6999D-4E41-3C56-C869-63925F82E9FA,1581F4XF3229R006W0A6,,,,,,,,,,
6/22/2023,8:04:46.61 PM,0m 3.7s,3.7,43.0428880933,-77.6663249277892,9.8,9.8,10.1,572,1.1,,0.447388,,,,0.447388,-6.487126,,-1.7,-1.3,106.5,106.5,P-GPS (Brake),Other,,20,5,True,,Mini 3 Pro,True,False,,Smart,RC,False,True,False,,,True,,False,False,False,False,False,False,False,False,False,False,0,Follow Yaw,0,0,109.1,109.1,False,False,False,False,False,False,,True,Normal,100,100,1024,1024,1684,1353,N,False,False,False,False,False,0,False,False,False,False,72,7.688,1634,2285,7.688,False,3.845,3.843,0.002,False,False,4.956,90.9,90.8,90.8,,,,,,,,,Idle,,,True,,False,10,Go Home,True,True,True,False,False,False,False,False,True,False,False,False,43.0428875252967,-77.6663246167718,0.2,436.3,1640.4,True,1,1,False,False,False,False,,True,False,False,,328,,16.4,Calm,48,, 1.8.0,DJI Mini 3 Pro,1581F4XF3229R006,53HFK5R0M30ACD,5HAZK6H0018AUR,52XPK6HCA105XX,101.4,0.7,39.3,9.437649,6.71082,0,4049,DJI Mini 3 Pro,1581F4XF3229R006,53HFK5R0M30ACD,5HAZK6H0018AUR,52XPK6HCA105XX,DJI Fly,, 1.8.0,54E6999D-4E41-3C56-C869-63925F82E9FA,1581F4XF3229R006W0A6,,,,,,,,,,
6/22/2023,8:04:46.91 PM,0m 3.9s,3.9,43.0428882844053,-77.6663253836692,11.8,11.8,12.1,574,1.2,,0.447388,,,,0.447388,-6.71082,,-2.7,-1.4,109.1,109.1,P-GPS (Brake),Other,,20,5,True,,Mini 3 Pro,True,False,,Smart,RC,False,True,False,,,True,,False,False,False,False,False,False,False,False,False,False,0,Follow Yaw,0,0,111.7,111.7,False,False,False,False,False,False,,True,Normal,100,100,1024,1024,1684,1470,N,False,False,False,False,False,0,False,False,False,False,72,7.688,1634,2285,7.688,False,3.845,3.843,0.002,False,False,4.956,90.9,90.8,90.8,,,,,,,,,Idle,,,True,,False,10,Go Home,True,True,True,False,False,False,False,False,True,False,False,False,43.0428875252967,-77.6663246167718,0.3,436.3,1640.4,True,1,1,False,False,False,False,,True,False,False,,328,,16.4,Calm,48,, 1.8.0,DJI Mini 3 Pro,1581F4XF3229R006,53HFK5R0M30ACD,5HAZK6H0018AUR,52XPK6HCA105XX,101.4,0.7,39.3,9.437649,6.71082,0,4049,DJI Mini 3 Pro,1581F4XF3229R006,53HFK5R0M30ACD,5HAZK6H0018AUR,52XPK6HCA105XX,DJI Fly,, 1.8.0,54E6999D-4E41-3C56-C869-63925F82E9FA,1581F4XF3229R006W0A6,,,,,,,,,,
6/22/2023,8:04:47.11 PM,0m 4.1s,4.1,43.0428884672521,-77.6663257592123,13.7,13.7,14.1,576,1.4,,0.447388,,,,0.447388,-6.71082,,-2,-1.2,112,112,P-GPS (Brake),Other,,20,5,True,,Mini 3 Pro,True,False,,Smart,RC,False,True,False,,,True,,False,False,False,False,False,False,False,False,False,False,0,Follow Yaw,0,0,115.6,115.6,False,False,False,False,False,False,,True,Normal,100,100,1024,1024,1684,1432,N,False,False,False,False,False,0,False,False,False,False,72,7.686,1633,2285,7.686,False,3.844,3.844,0.002,False,False,6.755,90.9,90.8,90.8,,,,,,,,,Idle,,,True,,False,10,Go Home,True,True,True,False,False,False,False,False,True,False,False,False,43.0428875252967,-77.6663246167718,0.4,436.3,1640.4,True,1,1,False,False,False,False,,True,False,False,,328,,16.4,Calm,48,, 1.8.0,DJI Mini 3 Pro,1581F4XF3229R006,53HFK5R0M30ACD,5HAZK6H0018AUR,52XPK6HCA105XX,101.4,0.7,39.3,9.437649,6.71082,0,4049,DJI Mini 3 Pro,1581F4XF3229R006,53HFK5R0M30ACD,5HAZK6H0018AUR,52XPK6HCA105XX,DJI Fly,, 1.8.0,54E6999D-4E41-3C56-C869-63925F82E9FA,1581F4XF3229R006W0A6,,,,,,,,,,
6/22/2023,8:04:47.21 PM,0m 4.3s,4.3,43.0428886343826,-77.6663260747858,15.7,15.7,16.4,578,1.5,,0.447388,,,,0.447388,-6.71082,,-1.5,-1.9,115.9,115.9,P-GPS (Brake),Other,,20,5,True,,Mini 3 Pro,True,False,,Smart,RC,False,True,False,,,True,,False,False,False,False,False,False,False,False,False,False,0,Follow Yaw,0,0,119.7,119.7,False,False,False,False,False,False,,True,Normal,100,100,1024,1024,1684,1363,N,False,False,False,False,False,0,False,False,False,False,72,7.688,1633,2285,7.688,False,3.844,3.844,0.002,False,False,6.755,90.9,90.8,90.8,,,,,,,,,Idle,,,True,,False,10,Go Home,True,True,True,False,False,False,False,False,True,False,False,False,43.0428875252967,-77.6663246167718,0.5,436.3,1640.4,True,1,1,False,False,False,False,,True,False,False,,328,,16.4,Calm,48,, 1.8.0,DJI Mini 3 Pro,1581F4XF3229R006,53HFK5R0M30ACD,5HAZK6H0018AUR,52XPK6HCA105XX,101.4,0.7,39.3,9.437649,6.71082,0,4049,DJI Mini 3 Pro,1581F4XF3229R006,53HFK5R0M30ACD,5HAZK6H0018AUR,52XPK6HCA105XX,DJI Fly,, 1.8.0,54E6999D-4E41-3C56-C869-63925F82E9FA,1581F4XF3229R006W0A6,,,,,,,,,,
6/22/2023,8:04:47.42 PM,0m 4.5s,4.5,43.0428887991663,-77.666326433667,17.7,17.7,18.3,580,1.6,,0.447388,,,,0.447388,-6.71082,,-1.6,-0.3,119.9,119.9,P-GPS (Brake),Other,,20,5,True,,Mini 3 Pro,True,False,,Smart,RC,False,True,False,,,True,,False,False,False,False,False,False,False,False,False,False,0,Follow Yaw,0,0,123.4,123.4,False,False,False,False,False,False,,True,Normal,100,100,1024,669,1684,1388,N,False,False,False,False,False,0,False,False,False,False,72,7.688,1633,2285,7.688,False,3.844,3.844,0.002,False,False,6.755,90.9,90.8,90.8,,,,,,,,,Idle,,,True,,False,10,Go Home,True,True,True,False,False,False,False,False,True,False,False,False,43.0428875252967,-77.6663246167718,0.6,436.3,1640.4,True,1,1,False,False,False,False,,True,False,False,,328,,16.4,Calm,48,, 1.8.0,DJI Mini 3 Pro,1581F4XF3229R006,53HFK5R0M30ACD,5HAZK6H0018AUR,52XPK6HCA105XX,101.4,0.7,39.3,9.437649,6.71082,0,4049,DJI Mini 3 Pro,1581F4XF3229R006,53HFK5R0M30ACD,5HAZK6H0018AUR,52XPK6HCA105XX,DJI Fly,, 1.8.0,54E6999D-4E41-3C56-C869-63925F82E9FA,1581F4XF3229R006W0A6,,,,,,,,,,
6/22/2023,8:04:47.72 PM,0m 4.7s,4.7,43.0428888840597,-77.6663268644169,19.6,19.6,20.3,582,1.7,,0.447388,,,,0.447388,-6.487126,,-1.2,0.1,123.5,123.5,P-GPS (Brake),Other,,20,5,True,,Mini 3 Pro,True,False,,Smart,RC,False,True,False,,,True,,False,False,False,False,False,False,False,False,False,False,0,Follow Yaw,0,0,126.1,126.1,False,False,False,False,False,False,,True,Normal,100,100,1024,1024,1684,1365,N,False,False,False,False,False,0,False,False,False,False,72,7.688,1633,2285,7.688,False,3.844,3.844,0.002,False,False,6.755,90.9,90.8,90.8,,,,,,,,,Idle,,,True,,False,10,Go Home,True,True,True,False,False,False,False,False,True,False,False,False,43.0428875252967,-77.6663246167718,0.7,436.3,1640.4,True,1,1,False,False,False,False,,True,False,False,,328,,16.4,Calm,48,, 1.8.0,DJI Mini 3 Pro,1581F4XF3229R006,53HFK5R0M30ACD,5HAZK6H0018AUR,52XPK6HCA105XX,101.4,0.7,39.3,9.437649,6.71082,0,4049,DJI Mini 3 Pro,1581F4XF3229R006,53HFK5R0M30ACD,5HAZK6H0018AUR,52XPK6HCA105XX,DJI Fly,, 1.8.0,54E6999D-4E41-3C56-C869-63925F82E9FA,1581F4XF3229R006W0A6,,,,,,,,,,
6/22/2023,8:04:47.82 PM,0m 4.9s,4.9,43.0428889467222,-77.6663274006999,21.6,21.6,22.3,584,1.8,0.223694,0.447388,,,-0.223694,0.447388,-6.487126,,5.7,0,126.2,126.2,P-GPS (Brake),Other,,20,5,True,,Mini 3 Pro,True,False,,Smart,RC,False,True,False,,,True,,False,False,False,False,False,False,False,False,False,False,0,Follow Yaw,0,0,128.6,128.6,False,False,False,False,False,False,,True,Normal,100,100,1024,1024,1684,1349,N,False,False,False,False,False,0,False,False,False,False,72,7.688,1633,2285,7.688,False,3.844,3.844,0.002,False,False,6.755,90.9,90.8,90.8,,,,,,,,,Idle,,,True,,False,10,Go Home,True,True,True,False,False,False,False,False,True,False,False,False,43.0428875252967,-77.6663246167718,0.9,436.3,1640.4,True,1,1,False,False,False,False,,True,False,False,,328,,16.4,Calm,48,, 1.8.0,DJI Mini 3 Pro,1581F4XF3229R006,53HFK5R0M30ACD,5HAZK6H0018AUR,52XPK6HCA105XX,101.4,0.7,39.3,9.437649,6.71082,0,4049,DJI Mini 3 Pro,1581F4XF3229R006,53HFK5R0M30ACD,5HAZK6H0018AUR,52XPK6HCA105XX,DJI Fly,, 1.8.0,54E6999D-4E41-3C56-C869-63925F82E9FA,1581F4XF3229R006W0A6,,,,,,,,,,
6/22/2023,8:04:48.02 PM,0m 5.1s,5.1,43.0428891301297,-77.6663282637528,23.6,23.6,23.9,586,2.1,0.500194,0.500194,0.223694,0.223694,-0.447388,0.447388,-6.71082,,-0.6,-0.6,128.7,128.7,P-GPS (Brake),Other,,20,5,True,,Mini 3 Pro,True,False,,Smart,RC,False,True,False,,,True,,False,False,False,False,False,False,False,False,False,False,0,Follow Yaw,0,0,131,131,False,False,False,False,False,False,,True,Normal,100,100,1024,1024,1684,1349,N,False,False,False,False,False,0,False,False,False,False,72,7.688,1633,2285,7.688,False,3.844,3.844,0.002,False,False,6.755,90.9,90.8,90.8,,,,,,,,,Idle,,,True,,False,10,Go Home,True,True,True,False,False,False,False,False,True,False,False,False,43.0428875252967,-77.6663246167718,1.1,436.3,1640.4,True,1,1,False,False,False,False,,True,False,False,,328,,16.4,Calm,48,, 1.8.0,DJI Mini 3 Pro,1581F4XF3229R006,53HFK5R0M30ACD,5HAZK6H0018AUR,52XPK6HCA105XX,101.4,0.7,39.3,9.437649,6.71082,0,4049,DJI Mini 3 Pro,1581F4XF3229R006,53HFK5R0M30ACD,5HAZK6H0018AUR,52XPK6HCA105XX,DJI Fly,, 1.8.0,54E6999D-4E41-3C56-C869-63925F82E9FA,1581F4XF3229R006W0A6,,,,,,,,,,
6/22/2023,8:04:48.22 PM,0m 5.3s,5.3,43.0428893391417,-77.6663291405658,25.5,25.5,25.9,587,2.3,0.500194,0.500194,0.223694,0.223694,-0.447388,0.447388,-6.487126,,-2.9,-0.3,131.1,131.1,P-GPS (Brake),Other,,20,5,True,,Mini 3 Pro,True,False,,Smart,RC,False,True,False,,,True,,False,False,False,False,False,False,False,False,False,False,0,Follow Yaw,0,0,133.3,133.3,False,False,False,False,False,False,,True,Normal,100,100,1024,1024,1684,1235,N,False,False,False,False,False,0,False,False,False,False,72,7.682,1631,2285,7.682,False,3.842,3.84,0.002,False,False,5.861,91,90.8,91,,,,,,,,,Idle,,,True,,False,10,Go Home,True,True,True,False,False,False,False,False,True,False,False,False,43.0428875252967,-77.6663246167718,1.3,436.3,1640.4,True,1,1,False,False,False,False,,True,False,False,,328,,16.4,Calm,48,, 1.8.0,DJI Mini 3 Pro,1581F4XF3229R006,53HFK5R0M30ACD,5HAZK6H0018AUR,52XPK6HCA105XX,101.4,0.7,39.3,9.437649,6.71082,0,4049,DJI Mini 3 Pro,1581F4XF3229R006,53HFK5R0M30ACD,5HAZK6H0018AUR,52XPK6HCA105XX,DJI Fly,, 1.8.0,54E6999D-4E41-3C56-C869-63925F82E9FA,1581F4XF3229R006W0A6,,,,,,,,,,
6/22/2023,8:04:48.43 PM,0m 5.5s,5.5,43.0428894215909,-77.6663299394828,27.5,27.5,27.8,589,2.5,0.447388,0.500194,,0.223694,-0.447388,0.447388,-6.71082,,-2.8,-0.9,133.4,133.4,P-GPS (Brake),Other,,20,5,True,,Mini 3 Pro,True,False,,Smart,RC,False,True,False,,,True,,False,False,False,False,False,False,False,False,False,False,0,Follow Yaw,0,0,135.2,135.2,False,False,False,False,False,False,,True,Normal,100,100,1024,1024,1684,1196,N,False,False,False,False,False,0,False,False,False,False,72,7.682,1631,2285,7.682,False,3.842,3.84,0.002,False,False,5.861,91,90.8,91,,,,,,,,,Idle,,,True,,False,10,Go Home,True,True,True,False,False,False,False,False,True,False,False,False,43.0428875252967,-77.6663246167718,1.5,436.3,1640.4,True,1,1,False,False,False,False,,True,False,False,,328,,16.4,Calm,48,, 1.8.0,DJI Mini 3 Pro,1581F4XF3229R006,53HFK5R0M30ACD,5HAZK6H0018AUR,52XPK6HCA105XX,101.4,0.7,39.3,9.437649,6.71082,0,4049,DJI Mini 3 Pro,1581F4XF3229R006,53HFK5R0M30ACD,5HAZK6H0018AUR,52XPK6HCA105XX,DJI Fly,, 1.8.0,54E6999D-4E41-3C56-C869-63925F82E9FA,1581F4XF3229R006W0A6,,,,,,,,,,
6/22/2023,8:04:48.63 PM,0m 5.7s,5.7,43.0428893546621,-77.6663307056593,29.5,29.5,29.8,591,2.8,0.447388,0.500194,,0.223694,-0.447388,0.447388,-6.487126,,-2.9,-2.7,135.4,135.4,P-GPS (Brake),Other,,20,5,True,,Mini 3 Pro,True,False,,Smart,RC,False,True,False,,,True,,False,False,False,False,False,False,False,False,False,False,0,Follow Yaw,0,0,136.3,136.3,False,False,False,False,False,False,,True,Normal,100,100,1024,1024,1438,1095,N,False,False,False,False,False,0,False,False,False,False,72,7.682,1631,2285,7.682,False,3.842,3.84,0.002,False,False,5.861,91,90.8,91,,,,,,,,,Idle,,,True,,False,10,Go Home,True,True,True,False,False,False,False,False,True,False,False,False,43.0428875252967,-77.6663246167718,1.7,436.3,1640.4,True,1,1,False,False,False,False,,True,False,False,,328,,16.4,Calm,48,, 1.8.0,DJI Mini 3 Pro,1581F4XF3229R006,53HFK5R0M30ACD,5HAZK6H0018AUR,52XPK6HCA105XX,101.4,0.7,39.3,9.437649,6.71082,0,4049,DJI Mini 3 Pro,1581F4XF3229R006,53HFK5R0M30ACD,5HAZK6H0018AUR,52XPK6HCA105XX,DJI Fly,, 1.8.0,54E6999D-4E41-3C56-C869-63925F82E9FA,1581F4XF3229R006W0A6,,,,,,,,,,
6/22/2023,8:04:48.93 PM,0m 5.9s,5.9,43.0428892080207,-77.6663313696273,31.4,31.4,31.8,593,2.9,0.223694,0.500194,,0.223694,-0.223694,0.447388,-6.487126,,-2.4,-2.8,136.4,136.4,P-GPS (Brake),Other,,20,5,True,,Mini 3 Pro,True,False,,Smart,RC,False,True,False,,,True,,False,False,False,False,False,False,False,False,False,False,0,Follow Yaw,0,0,136.9,136.9,False,False,False,False,False,False,,True,Normal,100,100,1024,1024,1024,1024,N,False,False,False,False,False,0,False,False,False,False,72,7.682,1631,2285,7.682,False,3.842,3.84,0.002,False,False,5.861,91,90.8,91,,,,,,,,,Idle,,,True,,False,10,Go Home,True,True,True,False,False,False,False,False,True,False,False,False,43.0428875252967,-77.6663246167718,1.9,436.3,1640.4,True,1,1,False,False,False,False,,True,False,False,,328,,16.4,Calm,48,, 1.8.0,DJI Mini 3 Pro,1581F4XF3229R006,53HFK5R0M30ACD,5HAZK6H0018AUR,52XPK6HCA105XX,101.4,0.7,39.3,9.437649,6.71082,0,4049,DJI Mini 3 Pro,1581F4XF3229R006,53HFK5R0M30ACD,5HAZK6H0018AUR,52XPK6HCA105XX,DJI Fly,, 1.8.0,54E6999D-4E41-3C56-C869-63925F82E9FA,1581F4XF3229R006W0A6,,,,,,,,,,
6/22/2023,8:04:49.03 PM,0m 6.1s,6.1,43.0428889953796,-77.6663319579427,33.4,33.4,33.4,595,3.1,0.223694,0.500194,,0.223694,-0.223694,0.447388,-5.368656,,-2.2,-2.9,136.9,136.9,P-GPS (Brake),Other,,21,5,True,,Mini 3 Pro,True,False,,Smart,RC,False,True,False,,,True,,False,False,False,False,False,False,False,False,False,False,0,Follow Yaw,0,0,137.1,137.1,False,False,False,False,False,False,,True,Normal,100,100,1024,1024,1024,1024,N,False,False,False,False,False,0,False,False,False,False,72,7.682,1631,2285,7.682,False,3.842,3.84,0.002,False,False,5.861,91,90.8,91,,,,,,,,,Idle,,,True,,False,10,Go Home,True,True,True,False,False,False,False,False,True,False,False,False,43.0428875252967,-77.6663246167718,2,436.3,1640.4,True,1,1,False,False,False,False,,True,False,False,,328,,16.4,Calm,48,, 1.8.0,DJI Mini 3 Pro,1581F4XF3229R006,53HFK5R0M30ACD,5HAZK6H0018AUR,52XPK6HCA105XX,101.4,0.7,39.3,9.437649,6.71082,0,4049,DJI Mini 3 Pro,1581F4XF3229R006,53HFK5R0M30ACD,5HAZK6H0018AUR,52XPK6HCA105XX,DJI Fly,, 1.8.0,54E6999D-4E41-3C56-C869-63925F82E9FA,1581F4XF3229R006W0A6,,,,,,,,,,
6/22/2023,8:04:49.24 PM,0m 6.3s,6.3,43.0428887767197,-77.6663324970294,34.7,34.7,34.4,597,3.3,0.223694,0.500194,,0.223694,-0.223694,0.447388,-3.579104,,-3.6,-2.3,137.2,137.2,P-GPS (Brake),Other,,21,5,True,,Mini 3 Pro,True,False,,Smart,RC,False,True,False,,,True,,False,False,False,False,False,False,False,False,False,False,0,Follow Yaw,-0.9,0,137.2,137.2,False,False,False,False,False,False,,True,Normal,100,100,1024,1024,1024,1024,N,False,False,False,False,False,0,False,False,False,False,72,7.726,1629,2285,7.726,False,3.861,3.865,0.004,False,False,5.981,91,90.8,91,,,,,,,,,Idle,,,True,,False,10,Go Home,True,True,True,False,False,False,False,False,True,False,False,False,43.0428875252967,-77.6663246167718,2.1,436.3,1640.4,True,1,1,False,False,False,False,,True,False,False,,328,,16.4,Calm,48,, 1.8.0,DJI Mini 3 Pro,1581F4XF3229R006,53HFK5R0M30ACD,5HAZK6H0018AUR,52XPK6HCA105XX,101.4,0.7,39.3,9.437649,6.71082,0,4049,DJI Mini 3 Pro,1581F4XF3229R006,53HFK5R0M30ACD,5HAZK6H0018AUR,52XPK6HCA105XX,DJI Fly,, 1.8.0,54E6999D-4E41-3C56-C869-63925F82E9FA,1581F4XF3229R006W0A6,,,,,,,,,,
6/22/2023,8:04:49.44 PM,0m 6.5s,6.5,43.0428884777513,-77.6663329385216,35.4,35.4,35.4,597,3.4,,0.500194,,0.223694,,0.447388,-2.013246,,-3.1,-2.5,137.3,137.3,P-GPS (Brake),Other,,21,5,True,,Mini 3 Pro,True,False,,Smart,RC,False,True,False,,,True,,False,False,False,False,False,False,False,False,False,False,0,Follow Yaw,-3.5,0,137.2,137.2,False,False,False,False,False,False,,True,Normal,100,100,1024,1024,1024,1024,N,False,False,False,False,False,0,False,False,False,False,72,7.726,1629,2285,7.726,False,3.861,3.865,0.004,False,False,5.981,91,90.8,91,,,,,,,,,Idle,,,True,,False,10,Go Home,True,True,True,False,False,False,False,False,True,False,False,False,43.0428875252967,-77.6663246167718,2.2,436.3,1640.4,True,1,1,False,False,False,False,,True,False,False,,328,,16.4,Calm,48,, 1.8.0,DJI Mini 3 Pro,1581F4XF3229R006,53HFK5R0M30ACD,5HAZK6H0018AUR,52XPK6HCA105XX,101.4,0.7,39.3,9.437649,6.71082,0,4049,DJI Mini 3 Pro,1581F4XF3229R006,53HFK5R0M30ACD,5HAZK6H0018AUR,52XPK6HCA105XX,DJI Fly,, 1.8.0,54E6999D-4E41-3C56-C869-63925F82E9FA,1581F4XF3229R006W0A6,,,,,,,,,,
6/22/2023,8:04:49.64 PM,0m 6.7s,6.7,43.0428881311814,-77.6663333073268,36,36,35.4,598,3.6,,0.500194,,0.223694,,0.447388,-0.671082,,-2.9,-3.2,137.2,137.2,P-GPS (Brake),Other,,21,5,True,,Mini 3 Pro,False,False,,Smart,RC,False,True,False,,,True,,False,False,False,False,False,False,False,False,False,False,0,Follow Yaw,-7.9,0,137.2,137.2,False,False,False,False,False,False,,True,Normal,100,100,1024,1024,1024,1024,N,False,False,False,False,False,0,False,False,False,False,72,7.726,1629,2285,7.726,False,3.861,3.865,0.004,False,False,5.981,91,90.8,91,,,,,,,,,Idle,,,True,,False,10,Go Home,True,True,True,False,False,False,False,False,False,False,False,False,43.0428875252967,-77.6663246167718,2.3,436.3,1640.4,True,1,1,False,False,False,False,,True,False,False,,328,,16.4,Calm,48,, 1.8.0,DJI Mini 3 Pro,1581F4XF3229R006,53HFK5R0M30ACD,5HAZK6H0018AUR,52XPK6HCA105XX,101.4,0.7,39.3,9.437649,6.71082,0,4049,DJI Mini 3 Pro,1581F4XF3229R006,53HFK5R0M30ACD,5HAZK6H0018AUR,52XPK6HCA105XX,DJI Fly,, 1.8.0,54E6999D-4E41-3C56-C869-63925F82E9FA,1581F4XF3229R006W0A6,,,,,,,,,,
6/22/2023,8:04:49.84 PM,0m 6.9s,6.9,43.0428877736968,-77.6663335839619,36,36,35.4,598,3.7,,0.500194,,0.223694,,0.447388,,,-3,-4.3,137.3,137.3,P-GPS (Brake),Other,,21,5,True,,Mini 3 Pro,False,False,,Smart,RC,False,True,False,,,True,,False,False,False,False,False,False,False,False,False,False,0,Follow Yaw,-9.4,0,137.2,137.2,False,False,False,False,False,False,,True,Normal,100,100,1024,1024,1024,1024,N,False,False,False,False,False,0,False,False,False,False,72,7.726,1629,2285,7.726,False,3.861,3.865,0.004,False,False,5.981,91,90.8,91,,,,,,,,,Idle,,,True,,False,10,Go Home,True,True,True,False,False,False,False,False,False,False,False,False,43.0428875252967,-77.6663246167718,2.3,436.3,1640.4,True,1,1,False,False,False,False,,True,False,False,,328,,16.4,Calm,48,, 1.8.0,DJI Mini 3 Pro,1581F4XF3229R006,53HFK5R0M30ACD,5HAZK6H0018AUR,52XPK6HCA105XX,101.4,0.7,39.3,9.437649,6.71082,0,4049,DJI Mini 3 Pro,1581F4XF3229R006,53HFK5R0M30ACD,5HAZK6H0018AUR,52XPK6HCA105XX,DJI Fly,, 1.8.0,54E6999D-4E41-3C56-C869-63925F82E9FA,1581F4XF3229R006W0A6,,,,,,,,,,
6/22/2023,8:04:50.04 PM,0m 7.1s,7.1,43.0428874895865,-77.6663337116228,36,36,35.4,598,3.9,,0.500194,,0.223694,,0.447388,,,-1.4,-3.1,137.3,137.3,P-GPS (Brake),Other,,21,5,True,,Mini 3 Pro,False,False,,Smart,RC,False,True,False,,,True,,False,False,False,False,False,False,False,False,False,False,0,Follow Yaw,-12.4,0,137.2,137.2,False,False,False,False,False,False,,True,Normal,100,100,1024,1024,1024,1024,N,False,False,False,False,False,0,False,False,False,False,72,7.726,1629,2285,7.726,False,3.861,3.865,0.004,False,False,5.981,91,90.8,91,,,,,,,,,Idle,,,True,,False,10,Go Home,True,True,True,False,False,False,False,False,False,False,False,False,43.0428875252967,-77.6663246167718,2.4,436.3,1640.4,True,1,1,False,False,False,False,,True,False,False,,328,,16.4,Calm,48,, 1.8.0,DJI Mini 3 Pro,1581F4XF3229R006,53HFK5R0M30ACD,5HAZK6H0018AUR,52XPK6HCA105XX,101.4,0.7,39.3,9.437649,6.71082,0,4049,DJI Mini 3 Pro,1581F4XF3229R006,53HFK5R0M30ACD,5HAZK6H0018AUR,52XPK6HCA105XX,DJI Fly,, 1.8.0,54E6999D-4E41-3C56-C869-63925F82E9FA,1581F4XF3229R006W0A6,,,,,,,,,,
6/22/2023,8:04:50.25 PM,0m 7.3s,7.3,43.0428873137531,-77.6663337987892,36,36,35.4,598,3.9,,0.500194,,0.223694,,0.447388,,,-2.2,-3.7,137.1,137.1,P-GPS (Brake),Other,,21,5,True,,Mini 3 Pro,False,False,,Smart,RC,False,True,False,,,True,,False,False,False,False,False,False,False,False,False,False,0,Follow Yaw,-15.3,0,137.2,137.2,False,False,False,False,False,False,,True,Normal,100,100,1024,1024,1024,1024,N,False,False,False,False,False,0,False,False,False,False,72,7.713,1628,2285,7.713,False,3.857,3.856,0.004,False,False,3.941,91,90.8,91,,,,,,,,,Idle,,,True,,False,10,Go Home,True,True,True,False,False,False,False,False,False,False,False,False,43.0428875252967,-77.6663246167718,2.4,436.3,1640.4,True,1,1,False,False,False,False,,True,False,False,,328,,16.4,Calm,48,, 1.8.0,DJI Mini 3 Pro,1581F4XF3229R006,53HFK5R0M30ACD,5HAZK6H0018AUR,52XPK6HCA105XX,101.4,0.7,39.3,9.437649,6.71082,0,4049,DJI Mini 3 Pro,1581F4XF3229R006,53HFK5R0M30ACD,5HAZK6H0018AUR,52XPK6HCA105XX,DJI Fly,, 1.8.0,54E6999D-4E41-3C56-C869-63925F82E9FA,1581F4XF3229R006W0A6,,,,,,,,,,
6/22/2023,8:04:50.45 PM,0m 7.5s,7.5,43.0428872611534,-77.6663338656827,36,36,35.4,598,4,,0.500194,,0.223694,,0.447388,,,-3.1,-2.8,137.3,137.3,P-GPS (Brake),Other,,21,5,True,,Mini 3 Pro,False,False,,Smart,RC,False,True,False,,,True,,False,False,False,False,False,False,False,False,False,False,0,Follow Yaw,-18.3,0,137.2,137.2,False,False,False,False,False,False,,True,Normal,100,100,1024,1024,1024,1024,N,False,False,False,False,False,0,False,False,False,False,72,7.713,1628,2285,7.713,False,3.857,3.856,0.004,False,False,3.941,91,90.8,91,,,,,,,,,Idle,,,True,,False,10,Go Home,True,True,True,False,False,False,False,False,False,False,False,False,43.0428875252967,-77.6663246167718,2.4,436.3,1640.4,True,1,1,False,False,False,False,,True,False,False,,328,,16.4,Calm,48,, 1.8.0,DJI Mini 3 Pro,1581F4XF3229R006,53HFK5R0M30ACD,5HAZK6H0018AUR,52XPK6HCA105XX,101.4,0.7,39.3,9.437649,6.71082,0,4049,DJI Mini 3 Pro,1581F4XF3229R006,53HFK5R0M30ACD,5HAZK6H0018AUR,52XPK6HCA105XX,DJI Fly,, 1.8.0,54E6999D-4E41-3C56-C869-63925F82E9FA,1581F4XF3229R006W0A6,,,,,,,,,,
6/22/2023,8:04:50.65 PM,0m 7.7s,7.7,43.0428872907973,-77.6663338765357,36,36,35.4,598,4,,0.500194,,0.223694,,0.447388,,,-3.3,-2.2,137.2,137.2,P-GPS (Brake),Other,,21,5,True,,Mini 3 Pro,False,False,,Smart,RC,False,True,False,,,True,,False,False,False,False,False,False,False,False,False,False,0,Follow Yaw,-21.2,0,137.2,137.2,False,False,False,False,False,False,,True,Normal,100,100,1024,1024,1024,1024,N,False,False,False,False,False,0,False,False,False,False,72,7.713,1628,2285,7.713,False,3.857,3.856,0.004,False,False,3.941,91,90.8,91,,,,,,,,,Idle,,,True,,False,10,Go Home,True,True,True,False,False,False,False,False,False,False,False,False,43.0428875252967,-77.6663246167718,2.4,436.3,1640.4,True,1,1,False,False,False,False,,True,False,False,,328,,16.4,Calm,48,, 1.8.0,DJI Mini 3 Pro,1581F4XF3229R006,53HFK5R0M30ACD,5HAZK6H0018AUR,52XPK6HCA105XX,101.4,0.7,39.3,9.437649,6.71082,0,4049,DJI Mini 3 Pro,1581F4XF3229R006,53HFK5R0M30ACD,5HAZK6H0018AUR,52XPK6HCA105XX,DJI Fly,, 1.8.0,54E6999D-4E41-3C56-C869-63925F82E9FA,1581F4XF3229R006W0A6,,,,,,,,,,
6/22/2023,8:04:50.85 PM,0m 7.9s,7.9,43.0428873557643,-77.6663338583463,36,36,35.4,598,4,,0.500194,,0.223694,,0.447388,,,-2.3,-2.3,137,137,P-GPS (Brake),Other,,21,5,True,,Mini 3 Pro,False,False,,Smart,RC,False,True,False,,,True,,False,False,False,False,False,False,False,False,False,False,0,Follow Yaw,-24.2,0,137.2,137.2,False,False,False,False,False,False,,True,Normal,100,100,1024,1024,1024,1024,N,False,False,False,False,False,0,False,False,False,False,72,7.713,1628,2285,7.713,False,3.857,3.856,0.004,False,False,3.941,91,90.8,91,,,,,,,,,Idle,,,True,,False,10,Go Home,True,True,True,False,False,False,False,False,False,False,False,False,43.0428875252967,-77.6663246167718,2.4,436.3,1640.4,True,1,1,False,False,False,False,,True,False,False,,328,,16.4,Calm,48,, 1.8.0,DJI Mini 3 Pro,1581F4XF3229R006,53HFK5R0M30ACD,5HAZK6H0018AUR,52XPK6HCA105XX,101.4,0.7,39.3,9.437649,6.71082,0,4049,DJI Mini 3 Pro,1581F4XF3229R006,53HFK5R0M30ACD,5HAZK6H0018AUR,52XPK6HCA105XX,DJI Fly,, 1.8.0,54E6999D-4E41-3C56-C869-63925F82E9FA,1581F4XF3229R006W0A6,,,,,,,,,,
6/22/2023,8:04:51.05 PM,0m 8.1s,8.1,43.0428874373091,-77.6663338365848,36,36,35.4,598,4,,0.500194,,0.223694,,0.447388,,,-2.7,-1,137.1,137.1,P-GPS (Brake),Other,,22,5,True,,Mini 3 Pro,False,False,,Smart,RC,False,True,False,,,True,,False,False,False,False,False,False,False,False,False,False,0,Follow Yaw,-27.1,0,137.2,137.2,False,False,False,False,False,False,,True,Normal,100,100,1024,1024,1024,1024,N,False,False,False,False,False,0,False,False,False,False,72,7.713,1628,2285,7.713,False,3.857,3.856,0.004,False,False,3.941,91,90.8,91,,,,,,,,,Idle,,,True,,False,10,Go Home,True,True,True,False,False,False,False,False,False,False,False,False,43.0428875252967,-77.6663246167718,2.4,436.3,1640.4,True,1,1,False,False,False,False,,True,False,False,,328,,16.4,Calm,48,, 1.8.0,DJI Mini 3 Pro,1581F4XF3229R006,53HFK5R0M30ACD,5HAZK6H0018AUR,52XPK6HCA105XX,101.4,0.7,39.3,9.437649,6.71082,0,4049,DJI Mini 3 Pro,1581F4XF3229R006,53HFK5R0M30ACD,5HAZK6H0018AUR,52XPK6HCA105XX,DJI Fly,, 1.8.0,54E6999D-4E41-3C56-C869-63925F82E9FA,1581F4XF3229R006W0A6,,,,,,,,,,
6/22/2023,8:04:51.26 PM,0m 8.3s,8.3,43.0428874646383,-77.6663338447138,36,36,35.4,598,4,,0.500194,,0.223694,,0.447388,,,-2.4,-1.9,137.2,137.2,P-GPS (Brake),Other,,22,5,True,,Mini 3 Pro,False,False,,Smart,RC,False,True,False,,,True,,False,False,False,False,False,False,False,False,False,False,0,Follow Yaw,-30.1,0,137.2,137.2,False,False,False,False,False,False,,True,Normal,100,100,1024,690,1123,1024,N,False,False,False,False,False,0,False,False,False,False,72,7.714,1627,2285,7.714,False,3.858,3.856,0.004,False,False,4.32,91.2,90.8,91.2,,,,,,,,,Idle,,,True,,False,10,Go Home,True,True,True,False,False,False,False,False,False,False,False,False,43.0428875252967,-77.6663246167718,2.4,436.3,1640.4,True,1,1,False,False,False,False,,True,False,False,,328,,16.4,Calm,48,, 1.8.0,DJI Mini 3 Pro,1581F4XF3229R006,53HFK5R0M30ACD,5HAZK6H0018AUR,52XPK6HCA105XX,101.4,0.7,39.3,9.437649,6.71082,0,4049,DJI Mini 3 Pro,1581F4XF3229R006,53HFK5R0M30ACD,5HAZK6H0018AUR,52XPK6HCA105XX,DJI Fly,, 1.8.0,54E6999D-4E41-3C56-C869-63925F82E9FA,1581F4XF3229R006W0A6,,,,,,,,,,
6/22/2023,8:04:51.46 PM,0m 8.5s,8.5,43.0428874445914,-77.6663339229731,36,36,35.4,598,4.1,,0.500194,,0.223694,,0.447388,,,1,2.3,137.3,137.3,P-GPS (Brake),Other,,22,5,True,,Mini 3 Pro,False,False,,Smart,RC,False,True,False,,,True,,False,False,False,False,False,False,False,False,False,False,0,Follow Yaw,-32.8,0,137.2,137.2,False,False,False,False,False,False,,True,Normal,100,100,1024,364,1553,1024,N,False,False,False,False,False,0,False,False,False,False,72,7.714,1627,2285,7.714,False,3.858,3.856,0.004,False,False,4.32,91.2,90.8,91.2,,,,,,,,,Idle,,,True,,False,10,Go Home,True,True,True,False,False,False,False,False,False,False,False,False,43.0428875252967,-77.6663246167718,2.4,436.3,1640.4,True,1,1,False,False,False,False,,True,False,False,,328,,16.4,Calm,48,, 1.8.0,DJI Mini 3 Pro,1581F4XF3229R006,53HFK5R0M30ACD,5HAZK6H0018AUR,52XPK6HCA105XX,101.4,0.7,39.3,9.437649,6.71082,0,4049,DJI Mini 3 Pro,1581F4XF3229R006,53HFK5R0M30ACD,5HAZK6H0018AUR,52XPK6HCA105XX,DJI Fly,, 1.8.0,54E6999D-4E41-3C56-C869-63925F82E9FA,1581F4XF3229R006W0A6,,,,,,,,,,
6/22/2023,8:04:51.66 PM,0m 8.7s,8.7,43.042887520744,-77.6663344638547,36,36,35.4,598,4.2,0.500194,0.500194,0.223694,0.223694,-0.447388,0.447388,-0.671082,,12.6,-1,137,137,P-GPS (Brake),Other,,22,5,True,,Mini 3 Pro,False,False,,Smart,RC,False,True,False,,,True,,False,False,False,False,False,False,False,False,False,False,0,Follow Yaw,-33.9,0,137.2,137.2,False,False,False,False,False,False,,True,Normal,100,100,1024,482,1587,1024,N,False,False,False,False,False,0,False,False,False,False,72,7.714,1627,2285,7.714,False,3.858,3.856,0.004,False,False,4.32,91.2,90.8,91.2,,,,,,,,,Idle,,,True,,False,10,Go Home,True,True,True,False,False,False,False,False,False,False,False,False,43.0428875252967,-77.6663246167718,2.6,436.3,1640.4,True,1,1,False,False,False,False,,True,False,False,,328,,16.4,Calm,48,, 1.8.0,DJI Mini 3 Pro,1581F4XF3229R006,53HFK5R0M30ACD,5HAZK6H0018AUR,52XPK6HCA105XX,101.4,0.7,39.3,9.437649,6.71082,0,4049,DJI Mini 3 Pro,1581F4XF3229R006,53HFK5R0M30ACD,5HAZK6H0018AUR,52XPK6HCA105XX,DJI Fly,, 1.8.0,54E6999D-4E41-3C56-C869-63925F82E9FA,1581F4XF3229R006W0A6,,,,,,,,,,
6/22/2023,8:04:51.86 PM,0m 8.9s,8.9,43.0428883070484,-77.6663360450437,36.7,36.7,35.4,599,4.7,2.062356,2.062356,1.342164,1.342164,-1.565858,0.447388,-2.460634,,14,-2.2,136.9,136.9,P-GPS (Brake),Other,,22,5,True,,Mini 3 Pro,False,False,,Smart,RC,False,True,False,,,True,,False,False,False,False,False,False,False,False,False,False,0,Follow Yaw,-33.9,0,137.2,137.2,False,False,False,False,False,False,,True,Normal,100,100,1024,1024,1024,1024,N,False,False,False,False,False,0,False,False,False,False,72,7.714,1627,2285,7.714,False,3.858,3.856,0.004,False,False,4.32,91.2,90.8,91.2,,,,,,,,,Idle,,,True,,False,10,Go Home,True,True,True,False,False,False,False,False,False,False,False,False,43.0428875252967,-77.6663246167718,3,436.3,1640.4,True,1,1,False,False,False,False,,True,False,False,,328,,16.4,Calm,48,, 1.8.0,DJI Mini 3 Pro,1581F4XF3229R006,53HFK5R0M30ACD,5HAZK6H0018AUR,52XPK6HCA105XX,101.4,0.7,39.3,9.437649,6.71082,0,4049,DJI Mini 3 Pro,1581F4XF3229R006,53HFK5R0M30ACD,5HAZK6H0018AUR,52XPK6HCA105XX,DJI Fly,, 1.8.0,54E6999D-4E41-3C56-C869-63925F82E9FA,1581F4XF3229R006W0A6,,,,,,,,,,
6/22/2023,8:04:52.07 PM,0m 9.1s,9.1,43.0428899896113,-77.6663385828347,37.7,37.7,35.4,600,5.6,3.16351,3.16351,2.23694,2.23694,-2.23694,0.447388,-3.131716,,8.2,-2.3,137.2,137.2,P-GPS (Brake),Other,,22,5,True,,Mini 3 Pro,False,False,,Smart,RC,False,True,False,,,True,,False,False,False,False,False,False,False,False,False,False,0,Follow Yaw,-33.9,0,137.2,137.2,False,False,False,False,False,False,,True,Normal,100,100,1024,1024,1024,1024,N,False,False,False,False,False,0,False,False,False,False,72,7.714,1627,2285,7.714,False,3.858,3.856,0.004,False,False,4.32,91.2,90.8,91.2,,,,,,,,,Idle,,,True,,False,10,Go Home,True,True,True,False,False,False,False,False,False,False,False,False,43.0428875252967,-77.6663246167718,3.8,436.3,1640.4,True,1,1,False,False,False,False,,True,False,False,,328,,16.4,Calm,48,, 1.8.0,DJI Mini 3 Pro,1581F4XF3229R006,53HFK5R0M30ACD,5HAZK6H0018AUR,52XPK6HCA105XX,101.4,0.7,39.3,9.437649,6.71082,0,4049,DJI Mini 3 Pro,1581F4XF3229R006,53HFK5R0M30ACD,5HAZK6H0018AUR,52XPK6HCA105XX,DJI Fly,, 1.8.0,54E6999D-4E41-3C56-C869-63925F82E9FA,1581F4XF3229R006W0A6,,,,,,,,,,
6/22/2023,8:04:52.27 PM,0m 9.3s,9.3,43.0428917098061,-77.666341798024,38.3,38.3,35.4,600,6.7,3.32545,3.32545,2.23694,2.23694,-2.460634,0.447388,-1.565858,,-8.3,-0.7,132.9,132.9,P-GPS (Brake),Other,,22,5,True,,Mini 3 Pro,False,False,,Smart,RC,False,True,False,,,True,,False,False,False,False,False,False,False,False,False,False,0,Follow Yaw,-33.9,0,137.2,137.2,False,False,False,False,False,False,,True,Normal,100,100,1024,1024,1507,1113,N,False,False,False,False,False,0,False,False,False,False,72,7.633,1625,2285,7.633,False,3.817,3.816,0.004,False,False,5.432,91.2,90.8,91.2,,,,,,,,,Idle,,,True,,False,10,Go Home,True,True,True,False,False,False,False,False,False,False,False,False,43.0428875252967,-77.6663246167718,4.8,436.3,1640.4,True,1,1,False,False,False,False,,True,False,False,,328,,16.4,Calm,48,, 1.8.0,DJI Mini 3 Pro,1581F4XF3229R006,53HFK5R0M30ACD,5HAZK6H0018AUR,52XPK6HCA105XX,101.4,0.7,39.3,9.437649,6.71082,0,4049,DJI Mini 3 Pro,1581F4XF3229R006,53HFK5R0M30ACD,5HAZK6H0018AUR,52XPK6HCA105XX,DJI Fly,, 1.8.0,54E6999D-4E41-3C56-C869-63925F82E9FA,1581F4XF3229R006W0A6,,,,,,,,,,
6/22/2023,8:04:52.47 PM,0m 9.5s,9.5,43.0428930184811,-77.6663446525899,38.7,38.7,35.4,601,7.6,2.41962,3.32545,1.342164,2.23694,-2.013246,0.447388,-0.447388,,-16,-1.6,127.8,127.8,P-GPS (Brake),Other,,22,5,True,,Mini 3 Pro,False,False,,Smart,RC,False,True,False,,,True,,False,False,False,False,False,False,False,False,False,False,0,Follow Yaw,-33.9,0,137.3,137.3,False,False,False,False,False,False,,True,Normal,100,100,1024,1024,1549,1281,N,False,False,False,False,False,0,False,False,False,False,72,7.633,1625,2285,7.633,False,3.817,3.816,0.004,False,False,5.432,91.2,90.8,91.2,,,,,,,,,Idle,,,True,,False,10,Go Home,True,True,True,False,False,False,False,False,False,False,False,False,43.0428875252967,-77.6663246167718,5.7,436.3,1640.4,True,1,1,False,False,False,False,,True,False,False,,328,,16.4,Calm,48,, 1.8.0,DJI Mini 3 Pro,1581F4XF3229R006,53HFK5R0M30ACD,5HAZK6H0018AUR,52XPK6HCA105XX,101.4,0.7,39.3,9.437649,6.71082,0,4049,DJI Mini 3 Pro,1581F4XF3229R006,53HFK5R0M30ACD,5HAZK6H0018AUR,52XPK6HCA105XX,DJI Fly,, 1.8.0,54E6999D-4E41-3C56-C869-63925F82E9FA,1581F4XF3229R006W0A6,,,,,,,,,,
6/22/2023,8:04:52.68 PM,0m 9.7s,9.7,43.042893373733,-77.6663464089469,39,39,35.4,601,8.1,0.707382,3.32545,0.223694,2.23694,-0.671082,0.447388,-1.565858,,-9.4,-2.7,125.7,125.7,P-GPS (Brake),Other,,22,5,True,,Mini 3 Pro,False,False,,Smart,RC,False,True,False,,,True,,False,False,False,False,False,False,False,False,False,False,0,Follow Yaw,-33.9,0.1,138.1,138.1,False,False,False,False,False,False,,True,Normal,100,100,1024,1024,1527,1534,N,False,False,False,False,False,0,False,False,False,False,72,7.633,1625,2285,7.633,False,3.817,3.816,0.004,False,False,5.432,91.2,90.8,91.2,,,,,,,,,Idle,,,True,,False,10,Go Home,True,True,True,False,False,False,False,False,False,False,False,False,43.0428875252967,-77.6663246167718,6.1,436.3,1640.4,True,1,1,False,False,False,False,,True,False,False,,328,,16.4,Calm,48,, 1.8.0,DJI Mini 3 Pro,1581F4XF3229R006,53HFK5R0M30ACD,5HAZK6H0018AUR,52XPK6HCA105XX,101.4,0.7,39.3,9.437649,6.71082,0,4049,DJI Mini 3 Pro,1581F4XF3229R006,53HFK5R0M30ACD,5HAZK6H0018AUR,52XPK6HCA105XX,DJI Fly,, 1.8.0,54E6999D-4E41-3C56-C869-63925F82E9FA,1581F4XF3229R006W0A6,,,,,,,,,,
6/22/2023,8:04:52.88 PM,0m 9.9s,9.9,43.0428929632455,-77.666347136415,39.6,39.6,35.4,602,8.3,,3.32545,,2.23694,,0.447388,-3.131716,,0,-1.2,125.6,125.6,P-GPS (Brake),Other,,22,5,True,,Mini 3 Pro,False,False,,Smart,RC,False,True,False,,,True,,False,False,False,False,False,False,False,False,False,False,0,Follow Yaw,-33.9,0.2,142,142,False,False,False,False,False,False,,True,Normal,100,100,1024,1024,1024,1024,N,False,False,False,False,False,0,False,False,False,False,72,7.633,1625,2285,7.633,False,3.817,3.816,0.004,False,False,5.432,91.2,90.8,91.2,,,,,,,,,Idle,,,True,,False,10,Go Home,True,True,True,False,False,False,False,False,False,False,False,False,43.0428875252967,-77.6663246167718,6.3,436.3,1640.4,True,1,1,False,False,False,False,,True,False,False,,328,,16.4,Calm,48,, 1.8.0,DJI Mini 3 Pro,1581F4XF3229R006,53HFK5R0M30ACD,5HAZK6H0018AUR,52XPK6HCA105XX,101.4,0.7,39.3,9.437649,6.71082,0,4049,DJI Mini 3 Pro,1581F4XF3229R006,53HFK5R0M30ACD,5HAZK6H0018AUR,52XPK6HCA105XX,DJI Fly,, 1.8.0,54E6999D-4E41-3C56-C869-63925F82E9FA,1581F4XF3229R006W0A6,,,,,,,,,,
6/22/2023,8:04:53.08 PM,0m 10.1s,10.1,43.0428924074296,-77.6663476381911,40.6,40.6,35.4,603,8.6,,3.32545,,2.23694,,0.447388,-3.35541,,1.4,-1.5,126.4,126.4,P-GPS (Brake),Other,,22,5,True,,Mini 3 Pro,False,False,,Smart,RC,False,True,False,,,True,,False,False,False,False,False,False,False,False,False,False,0,Follow Yaw,-33.9,0.1,145.1,145.1,False,False,False,False,False,False,,True,Normal,100,100,1024,1024,1024,1024,N,False,False,False,False,False,0,False,False,False,False,72,7.633,1625,2285,7.633,False,3.817,3.816,0.004,False,False,5.432,91.2,90.8,91.2,,,,,,,,,Idle,,,True,,False,10,Go Home,True,True,True,False,False,False,False,False,False,False,False,False,43.0428875252967,-77.6663246167718,6.3,436.3,1640.4,True,1,1,False,False,False,False,,True,False,False,,328,,16.4,Calm,48,, 1.8.0,DJI Mini 3 Pro,1581F4XF3229R006,53HFK5R0M30ACD,5HAZK6H0018AUR,52XPK6HCA105XX,101.4,0.7,39.3,9.437649,6.71082,0,4049,DJI Mini 3 Pro,1581F4XF3229R006,53HFK5R0M30ACD,5HAZK6H0018AUR,52XPK6HCA105XX,DJI Fly,, 1.8.0,54E6999D-4E41-3C56-C869-63925F82E9FA,1581F4XF3229R006W0A6,,,,,,,,,,
6/22/2023,8:04:53.29 PM,0m 10.3s,10.3,43.0428916696834,-77.6663482152126,41.6,41.6,35.4,604,8.9,,3.32545,,2.23694,,0.447388,-1.789552,,-0.2,-1,127.4,127.4,P-GPS (Brake),Other,,22,5,True,,Mini 3 Pro,False,False,,Smart,RC,False,True,False,,,True,,False,False,False,False,False,False,False,False,False,False,0,Follow Yaw,-33.9,0,146.6,146.6,False,False,False,False,False,False,,True,Normal,100,100,1024,1024,1024,1101,N,False,False,False,False,False,0,False,False,False,False,72,7.644,1624,2285,7.644,False,3.817,3.816,0.004,False,False,5.476,91.2,90.8,91.2,,,,,,,,,Idle,,,True,,False,10,Go Home,True,True,True,False,False,False,False,False,False,False,False,False,43.0428875252967,-77.6663246167718,6.4,436.3,1640.4,True,1,1,False,False,False,False,,True,False,False,,328,,16.4,Calm,48,, 1.8.0,DJI Mini 3 Pro,1581F4XF3229R006,53HFK5R0M30ACD,5HAZK6H0018AUR,52XPK6HCA105XX,101.4,0.7,39.3,9.437649,6.71082,0,4049,DJI Mini 3 Pro,1581F4XF3229R006,53HFK5R0M30ACD,5HAZK6H0018AUR,52XPK6HCA105XX,DJI Fly,, 1.8.0,54E6999D-4E41-3C56-C869-63925F82E9FA,1581F4XF3229R006W0A6,,,,,,,,,,
6/22/2023,8:04:53.39 PM,0m 10.5s,10.5,43.0428908907898,-77.6663488065229,41.9,41.9,35.4,604,9.2,,3.32545,,2.23694,,0.447388,-0.447388,,-1.5,-1.7,128.5,128.5,P-GPS (Brake),Other,,22,5,True,,Mini 3 Pro,False,False,,Smart,RC,False,True,False,,,True,,False,False,False,False,False,False,False,False,False,False,0,Follow Yaw,-33.9,0,147.4,147.4,False,False,False,False,False,False,,True,Normal,100,100,1024,1024,1024,1402,N,False,False,False,False,False,0,False,False,False,False,72,7.666,1624,2285,7.666,False,3.832,3.834,0.004,False,False,5.476,91.2,90.8,91.2,,,,,,,,,Idle,,,True,,False,10,Go Home,True,True,True,False,False,False,False,False,False,False,False,False,43.0428875252967,-77.6663246167718,6.5,436.3,1640.4,True,1,1,False,False,False,False,,True,False,False,,328,,16.4,Calm,48,, 1.8.0,DJI Mini 3 Pro,1581F4XF3229R006,53HFK5R0M30ACD,5HAZK6H0018AUR,52XPK6HCA105XX,101.4,0.7,39.3,9.437649,6.71082,0,4049,DJI Mini 3 Pro,1581F4XF3229R006,53HFK5R0M30ACD,5HAZK6H0018AUR,52XPK6HCA105XX,DJI Fly,, 1.8.0,54E6999D-4E41-3C56-C869-63925F82E9FA,1581F4XF3229R006W0A6,,,,,,,,,,
6/22/2023,8:04:53.69 PM,0m 10.7s,10.7,43.0428900834302,-77.6663493904983,41.9,41.9,35.4,604,9.5,,3.32545,,2.23694,,0.447388,,,-0.3,-4.2,129.1,129.1,P-GPS (Brake),Other,,22,5,True,,Mini 3 Pro,False,False,,Smart,RC,False,True,False,,,True,,False,False,False,False,False,False,False,False,False,False,0,Follow Yaw,-33.9,0,148.3,148.3,False,False,False,False,False,False,,True,Normal,100,100,1024,1024,1024,1024,N,False,False,False,False,False,0,False,False,False,False,72,7.666,1624,2285,7.666,False,3.832,3.834,0.004,False,False,5.476,91.2,90.8,91.2,,,,,,,,,Idle,,,True,,False,10,Go Home,True,True,True,False,False,False,False,False,False,False,False,False,43.0428875252967,-77.6663246167718,6.6,436.3,1640.4,True,1,1,False,False,False,False,,True,False,False,,328,,16.4,Calm,48,, 1.8.0,DJI Mini 3 Pro,1581F4XF3229R006,53HFK5R0M30ACD,5HAZK6H0018AUR,52XPK6HCA105XX,101.4,0.7,39.3,9.437649,6.71082,0,4049,DJI Mini 3 Pro,1581F4XF3229R006,53HFK5R0M30ACD,5HAZK6H0018AUR,52XPK6HCA105XX,DJI Fly,, 1.8.0,54E6999D-4E41-3C56-C869-63925F82E9FA,1581F4XF3229R006W0A6,,,,,,,,,,
6/22/2023,8:04:53.89 PM,0m 10.9s,10.9,43.0428893750131,-77.6663499330048,41.9,41.9,35.4,604,9.8,,3.32545,,2.23694,,0.447388,,,-0.7,-3.7,130.2,130.2,P-GPS (Brake),Other,,22,5,True,,Mini 3 Pro,False,False,,Smart,RC,False,True,False,,,True,,False,False,False,False,False,False,False,False,False,False,0,Follow Yaw,-33.9,0,149.5,149.5,False,False,False,False,False,False,,True,Normal,100,100,1024,1024,1024,1024,N,False,False,False,False,False,0,False,False,False,False,72,7.666,1624,2285,7.666,False,3.832,3.834,0.004,False,False,5.476,91.2,90.8,91.2,,,,,,,,,Idle,,,True,,False,10,Go Home,True,True,True,False,False,False,False,False,False,False,False,False,43.0428875252967,-77.6663246167718,6.7,436.3,1640.4,True,1,1,False,False,False,False,,True,False,False,,328,,16.4,Calm,48,, 1.8.0,DJI Mini 3 Pro,1581F4XF3229R006,53HFK5R0M30ACD,5HAZK6H0018AUR,52XPK6HCA105XX,101.4,0.7,39.3,9.437649,6.71082,0,4049,DJI Mini 3 Pro,1581F4XF3229R006,53HFK5R0M30ACD,5HAZK6H0018AUR,52XPK6HCA105XX,DJI Fly,, 1.8.0,54E6999D-4E41-3C56-C869-63925F82E9FA,1581F4XF3229R006W0A6,,,,,,,,,,
6/22/2023,8:04:53.99 PM,0m 11.1s,11.1,43.0428887831512,-77.6663503899098,41.9,41.9,35.4,604,10.1,,3.32545,,2.23694,,0.447388,,,-1.4,-3,131.4,131.4,P-GPS (Brake),Other,,22,5,True,,Mini 3 Pro,False,False,,Smart,RC,False,True,False,,,True,,False,False,False,False,False,False,False,False,False,False,0,Follow Yaw,-33.9,0,150.1,150.1,False,False,False,False,False,False,,True,Normal,100,100,1024,1024,1024,1024,N,False,False,False,False,False,0,False,False,False,False,72,7.666,1624,2285,7.666,False,3.832,3.834,0.004,False,False,5.476,91.2,90.8,91.2,,,,,,,,,Idle,,,True,,False,10,Go Home,True,True,True,False,False,False,False,False,False,False,False,False,43.0428875252967,-77.6663246167718,6.8,436.3,1640.4,True,1,1,False,False,False,False,,True,False,False,,328,,16.4,Calm,48,, 1.8.0,DJI Mini 3 Pro,1581F4XF3229R006,53HFK5R0M30ACD,5HAZK6H0018AUR,52XPK6HCA105XX,101.4,0.7,39.3,9.437649,6.71082,0,4049,DJI Mini 3 Pro,1581F4XF3229R006,53HFK5R0M30ACD,5HAZK6H0018AUR,52XPK6HCA105XX,DJI Fly,, 1.8.0,54E6999D-4E41-3C56-C869-63925F82E9FA,1581F4XF3229R006W0A6,,,,,,,,,,
6/22/2023,8:04:54.19 PM,0m 11.3s,11.3,43.0428882195877,-77.6663507580219,41.9,41.9,35.4,604,10.3,,3.32545,,2.23694,,0.447388,,,-0.9,-3.8,131.9,131.9,P-GPS (Brake),Other,,22,5,True,,Mini 3 Pro,False,False,,Smart,RC,False,True,False,,,True,,False,False,False,False,False,False,False,False,False,False,0,Follow Yaw,-33.9,0,150.3,150.3,False,False,False,False,False,False,,True,Normal,100,100,1024,1024,1024,1024,N,False,False,False,False,False,0,False,False,False,False,72,7.666,1624,2285,7.666,False,3.832,3.834,0.004,False,False,5.476,91.2,90.8,91.2,,,,,,,,,Idle,,,True,,False,10,Go Home,True,True,True,False,False,False,False,False,False,False,False,False,43.0428875252967,-77.6663246167718,6.9,436.3,1640.4,True,1,1,False,False,False,False,,True,False,False,,328,,16.4,Calm,48,, 1.8.0,DJI Mini 3 Pro,1581F4XF3229R006,53HFK5R0M30ACD,5HAZK6H0018AUR,52XPK6HCA105XX,101.4,0.7,39.3,9.437649,6.71082,0,4049,DJI Mini 3 Pro,1581F4XF3229R006,53HFK5R0M30ACD,5HAZK6H0018AUR,52XPK6HCA105XX,DJI Fly,, 1.8.0,54E6999D-4E41-3C56-C869-63925F82E9FA,1581F4XF3229R006W0A6,,,,,,,,,,
6/22/2023,8:04:54.40 PM,0m 11.5s,11.5,43.0428877075508,-77.6663510833846,41.9,41.9,35.4,604,10.5,,3.32545,,2.23694,,0.447388,,,-0.2,-5.1,132.2,132.2,P-GPS (Brake),Other,,22,5,True,,Mini 3 Pro,False,False,,Smart,RC,False,True,False,,,True,,False,False,False,False,False,False,False,False,False,False,0,Follow Yaw,-33.9,0,150.3,150.3,False,False,False,False,False,False,,True,Normal,100,100,1024,1024,1024,1024,N,False,False,False,False,False,0,False,False,False,False,71,7.686,1622,2285,7.686,False,3.844,3.842,0.004,False,False,4.133,91.2,90.8,91.2,,,,,,,,,Idle,,,True,,False,10,Go Home,True,True,True,False,False,False,False,False,False,False,False,False,43.0428875252967,-77.6663246167718,7,436.3,1640.4,True,1,1,False,False,False,False,,True,False,False,,328,,16.4,Calm,48,, 1.8.0,DJI Mini 3 Pro,1581F4XF3229R006,53HFK5R0M30ACD,5HAZK6H0018AUR,52XPK6HCA105XX,101.4,0.7,39.3,9.437649,6.71082,0,4049,DJI Mini 3 Pro,1581F4XF3229R006,53HFK5R0M30ACD,5HAZK6H0018AUR,52XPK6HCA105XX,DJI Fly,, 1.8.0,54E6999D-4E41-3C56-C869-63925F82E9FA,1581F4XF3229R006W0A6,,,,,,,,,,
6/22/2023,8:04:54.70 PM,0m 11.7s,11.7,43.0428872791031,-77.6663513081769,41.9,41.9,35.4,604,10.7,,3.32545,,2.23694,,0.447388,,,-0.4,-5,132.1,132.1,P-GPS (Brake),Other,,22,5,True,,Mini 3 Pro,False,False,,Smart,RC,False,True,False,,,True,,False,False,False,False,False,False,False,False,False,False,0,Follow Yaw,-33.9,0,150.3,150.3,False,False,False,False,False,False,,True,Normal,100,100,1024,1024,1024,1024,N,False,False,False,False,False,0,False,False,False,False,71,7.686,1622,2285,7.686,False,3.844,3.842,0.004,False,False,4.133,91.2,90.8,91.2,,,,,,,,,Idle,,,True,,False,10,Go Home,True,True,True,False,False,False,False,False,False,False,False,False,43.0428875252967,-77.6663246167718,7.1,436.3,1640.4,True,1,1,False,False,False,False,,True,False,False,,328,,16.4,Calm,48,, 1.8.0,DJI Mini 3 Pro,1581F4XF3229R006,53HFK5R0M30ACD,5HAZK6H0018AUR,52XPK6HCA105XX,101.4,0.7,39.3,9.437649,6.71082,0,4049,DJI Mini 3 Pro,1581F4XF3229R006,53HFK5R0M30ACD,5HAZK6H0018AUR,52XPK6HCA105XX,DJI Fly,, 1.8.0,54E6999D-4E41-3C56-C869-63925F82E9FA,1581F4XF3229R006W0A6,,,,,,,,,,
6/22/2023,8:04:54.90 PM,0m 11.9s,11.9,43.0428869077718,-77.6663514326217,41.9,41.9,35.4,604,10.8,,3.32545,,2.23694,,0.447388,,,0.2,-4.8,132,132,P-GPS (Brake),Other,,22,5,True,,Mini 3 Pro,False,False,,Smart,RC,False,True,False,,,True,,False,False,False,False,False,False,False,False,False,False,0,Follow Yaw,-33.9,0,150.3,150.3,False,False,False,False,False,False,,True,Normal,100,100,1024,1024,1024,1024,N,False,False,False,False,False,0,False,False,False,False,71,7.686,1622,2285,7.686,False,3.844,3.842,0.004,False,False,4.133,91.2,90.8,91.2,,,,,,,,,Idle,,,True,,False,10,Go Home,True,True,True,False,False,False,False,False,False,False,False,False,43.0428875252967,-77.6663246167718,7.1,436.3,1640.4,True,1,1,False,False,False,False,,True,False,False,,328,,16.4,Calm,48,, 1.8.0,DJI Mini 3 Pro,1581F4XF3229R006,53HFK5R0M30ACD,5HAZK6H0018AUR,52XPK6HCA105XX,101.4,0.7,39.3,9.437649,6.71082,0,4049,DJI Mini 3 Pro,1581F4XF3229R006,53HFK5R0M30ACD,5HAZK6H0018AUR,52XPK6HCA105XX,DJI Fly,, 1.8.0,54E6999D-4E41-3C56-C869-63925F82E9FA,1581F4XF3229R006W0A6,,,,,,,,,,
6/22/2023,8:04:55.11 PM,0m 12.1s,12.1,43.0428866168129,-77.6663515469593,41.9,41.9,35.4,604,10.9,,3.32545,,2.23694,,0.447388,,,-0.2,-5.2,132,132,P-GPS (Brake),Other,,22,5,True,,Mini 3 Pro,False,False,,Smart,RC,False,True,False,,,True,,False,False,False,False,False,False,False,False,False,False,0,Follow Yaw,-33.9,0,150.3,150.3,False,False,False,False,False,True,,True,Normal,100,100,1024,1024,1024,1024,N,False,False,False,False,False,0,False,False,False,False,71,7.686,1622,2285,7.686,False,3.844,3.842,0.004,False,False,4.133,91.2,90.8,91.2,,,,,,,,,Idle,,,True,,False,10,Go Home,True,True,True,False,False,False,False,False,False,False,False,False,43.0428875252967,-77.6663246167718,7.1,436.3,1640.4,True,1,1,False,False,False,False,,True,False,False,,328,,16.4,Calm,48,, 1.8.0,DJI Mini 3 Pro,1581F4XF3229R006,53HFK5R0M30ACD,5HAZK6H0018AUR,52XPK6HCA105XX,101.4,0.7,39.3,9.437649,6.71082,0,4049,DJI Mini 3 Pro,1581F4XF3229R006,53HFK5R0M30ACD,5HAZK6H0018AUR,52XPK6HCA105XX,DJI Fly,, 1.8.0,54E6999D-4E41-3C56-C869-63925F82E9FA,1581F4XF3229R006W0A6,,,,,,,,,,
6/22/2023,8:04:55.21 PM,0m 12.3s,12.3,43.0428864922755,-77.6663516660354,41.9,41.9,35.4,604,11,,3.32545,,2.23694,,0.447388,,,-1.6,-4.3,132.1,132.1,P-GPS (Brake),Other,,22,5,True,,Mini 3 Pro,False,False,,Smart,RC,False,True,False,,,True,,False,False,False,False,False,False,False,False,False,False,0,Follow Yaw,-33.9,0,150.3,150.3,False,False,False,False,False,True,,True,Normal,100,100,1024,1024,1024,1024,N,False,False,False,False,False,0,False,False,False,False,71,7.686,1622,2285,7.686,False,3.844,3.842,0.004,False,False,4.133,91.2,90.8,91.2,,,,,,,,,Idle,,,True,,False,10,Go Home,True,True,True,False,False,False,False,False,False,False,False,False,43.0428875252967,-77.6663246167718,7.2,436.3,1640.4,True,1,1,False,False,False,False,,True,False,False,,328,,16.4,Calm,48,, 1.8.0,DJI Mini 3 Pro,1581F4XF3229R006,53HFK5R0M30ACD,5HAZK6H0018AUR,52XPK6HCA105XX,101.4,0.7,39.3,9.437649,6.71082,0,4049,DJI Mini 3 Pro,1581F4XF3229R006,53HFK5R0M30ACD,5HAZK6H0018AUR,52XPK6HCA105XX,DJI Fly,, 1.8.0,54E6999D-4E41-3C56-C869-63925F82E9FA,1581F4XF3229R006W0A6,,,,,,,,,,
6/22/2023,8:04:55.51 PM,0m 12.5s,12.5,43.0428864342123,-77.6663517331546,41.9,41.9,35.4,604,11,,3.32545,,2.23694,,0.447388,,,-3.1,-3.4,132.2,132.2,P-GPS (Brake),Other,,22,5,True,,Mini 3 Pro,False,False,,Smart,RC,False,True,False,,,True,,False,False,False,False,False,False,False,False,False,False,0,Follow Yaw,-33.9,0,150.3,150.3,False,False,False,False,False,True,,True,Normal,100,100,566,994,1024,1024,N,False,False,False,False,False,0,False,False,False,False,71,7.684,1621,2285,7.684,False,3.843,3.841,0.004,False,False,4.805,91.2,90.8,91.2,,,,,,,,,Idle,,,True,,False,10,Go Home,True,True,True,False,False,False,False,False,False,False,False,False,43.0428875252967,-77.6663246167718,7.2,436.3,1640.4,True,1,1,False,False,False,False,,True,False,False,,328,,16.4,Calm,48,, 1.8.0,DJI Mini 3 Pro,1581F4XF3229R006,53HFK5R0M30ACD,5HAZK6H0018AUR,52XPK6HCA105XX,101.4,0.7,39.3,9.437649,6.71082,0,4049,DJI Mini 3 Pro,1581F4XF3229R006,53HFK5R0M30ACD,5HAZK6H0018AUR,52XPK6HCA105XX,DJI Fly,, 1.8.0,54E6999D-4E41-3C56-C869-63925F82E9FA,1581F4XF3229R006W0A6,,,,,,,,,,
6/22/2023,8:04:55.71 PM,0m 12.7s,12.7,43.0428863507437,-77.6663517424734,41.9,41.9,35.4,604,11,,3.32545,,2.23694,,0.447388,,,-1.5,-0.4,132.2,132.2,P-GPS (Brake),Other,,22,5,True,,Mini 3 Pro,False,False,,Smart,RC,False,True,False,,,True,,False,False,False,False,False,False,False,False,False,False,0,Follow Yaw,-33.9,0,150.3,150.3,False,False,False,False,False,True,,True,Normal,100,100,506,1024,1024,1024,N,False,False,False,False,False,0,False,False,False,False,71,7.684,1621,2285,7.684,False,3.843,3.841,0.004,False,False,4.805,91.2,90.8,91.2,,,,,,,,,Idle,,,True,,False,10,Go Home,True,True,True,False,False,False,False,False,False,False,False,False,43.0428875252967,-77.6663246167718,7.2,436.3,1640.4,True,1,1,False,False,False,False,,True,False,False,,328,,16.4,Calm,48,, 1.8.0,DJI Mini 3 Pro,1581F4XF3229R006,53HFK5R0M30ACD,5HAZK6H0018AUR,52XPK6HCA105XX,101.4,0.7,39.3,9.437649,6.71082,0,4049,DJI Mini 3 Pro,1581F4XF3229R006,53HFK5R0M30ACD,5HAZK6H0018AUR,52XPK6HCA105XX,DJI Fly,, 1.8.0,54E6999D-4E41-3C56-C869-63925F82E9FA,1581F4XF3229R006W0A6,,,,,,,,,,
6/22/2023,8:04:55.91 PM,0m 12.9s,12.9,43.0428862856407,-77.6663517555286,41.9,41.9,35.4,604,11.1,0.223694,3.32545,0.223694,2.23694,,0.447388,,,-2.2,-15,132.5,132.5,P-GPS (Brake),Other,,22,5,True,,Mini 3 Pro,False,False,,Smart,RC,False,True,False,,,True,,False,False,False,False,False,False,False,False,False,False,0,Follow Yaw,-33.9,0,150.3,150.3,False,False,False,False,False,True,,True,Normal,100,100,553,1024,1024,1084,N,False,False,False,False,False,0,False,False,False,False,71,7.684,1621,2285,7.684,False,3.843,3.841,0.004,False,False,4.805,91.2,90.8,91.2,,,,,,,,,Idle,,,True,,False,10,Go Home,True,True,True,False,False,False,False,False,False,False,False,False,43.0428875252967,-77.6663246167718,7.2,436.3,1640.4,True,1,1,False,False,False,False,,True,False,False,,328,,16.4,Calm,48,, 1.8.0,DJI Mini 3 Pro,1581F4XF3229R006,53HFK5R0M30ACD,5HAZK6H0018AUR,52XPK6HCA105XX,101.4,0.7,39.3,9.437649,6.71082,0,4049,DJI Mini 3 Pro,1581F4XF3229R006,53HFK5R0M30ACD,5HAZK6H0018AUR,52XPK6HCA105XX,DJI Fly,, 1.8.0,54E6999D-4E41-3C56-C869-63925F82E9FA,1581F4XF3229R006W0A6,,,,,,,,,,
6/22/2023,8:04:56.02 PM,0m 13.1s,13.1,43.0428866832614,-77.6663511388435,41.9,41.9,35.4,604,11.3,1.265404,3.32545,0.894776,2.23694,0.894776,0.894776,,,-2.8,-20.9,133,133,P-GPS (Brake),Other,,22,5,True,,Mini 3 Pro,False,False,,Smart,RC,False,True,False,,,True,,False,False,False,False,False,False,False,False,False,False,0,Follow Yaw,-33.9,0,150.3,150.3,False,False,False,False,False,True,,True,Normal,100,100,552,1024,1024,1090,N,False,False,False,False,False,0,False,False,False,False,71,7.684,1621,2285,7.684,False,3.843,3.841,0.004,False,False,4.805,91.2,90.8,91.2,,,,,,,,,Idle,,,True,,False,10,Go Home,True,True,True,False,False,False,False,False,False,False,False,False,43.0428875252967,-77.6663246167718,7,436.3,1640.4,True,1,1,False,False,False,False,,True,False,False,,328,,16.4,Calm,48,, 1.8.0,DJI Mini 3 Pro,1581F4XF3229R006,53HFK5R0M30ACD,5HAZK6H0018AUR,52XPK6HCA105XX,101.4,0.7,39.3,9.437649,6.71082,0,4049,DJI Mini 3 Pro,1581F4XF3229R006,53HFK5R0M30ACD,5HAZK6H0018AUR,52XPK6HCA105XX,DJI Fly,, 1.8.0,54E6999D-4E41-3C56-C869-63925F82E9FA,1581F4XF3229R006W0A6,,,,,,,,,,
6/22/2023,8:04:56.22 PM,0m 13.3s,13.3,43.0428877505198,-77.6663494210161,41.9,41.9,35.4,604,11.9,2.530808,3.32545,1.789552,2.23694,1.789552,1.789552,,,0.1,-18.7,132.3,132.3,P-GPS (Brake),Other,,23,5,True,,Mini 3 Pro,False,False,,Smart,RC,False,True,False,,,True,,False,False,False,False,False,False,False,False,False,False,0,Follow Yaw,-33.9,0,150.4,150.4,False,False,False,False,False,True,,True,Normal,100,100,679,1024,1024,1341,N,False,False,False,False,False,0,False,False,False,False,71,7.684,1621,2285,7.684,False,3.843,3.841,0.004,False,False,4.805,91.2,90.8,91.2,,,,,,,,,Idle,,,True,,False,10,Go Home,True,True,True,False,False,False,False,False,False,False,False,False,43.0428875252967,-77.6663246167718,6.6,436.3,1640.4,True,1,1,False,False,False,False,,True,False,False,,328,,16.4,Calm,48,, 1.8.0,DJI Mini 3 Pro,1581F4XF3229R006,53HFK5R0M30ACD,5HAZK6H0018AUR,52XPK6HCA105XX,101.4,0.7,39.3,9.437649,6.71082,0,4049,DJI Mini 3 Pro,1581F4XF3229R006,53HFK5R0M30ACD,5HAZK6H0018AUR,52XPK6HCA105XX,DJI Fly,, 1.8.0,54E6999D-4E41-3C56-C869-63925F82E9FA,1581F4XF3229R006W0A6,,,,,,,,,,
6/22/2023,8:04:56.52 PM,0m 13.5s,13.5,43.0428895403714,-77.6663469208067,41.9,41.9,35.4,604,12.8,3.479861,3.479861,2.460634,2.460634,2.460634,2.460634,,,0.3,-17.2,131.7,131.7,P-GPS (Brake),Other,,23,5,True,,Mini 3 Pro,False,False,,Smart,RC,False,True,False,,,True,,False,False,False,False,False,False,False,False,False,False,0,Follow Yaw,-33.9,0,151.7,151.7,False,False,False,False,False,True,,True,Normal,100,100,676,1024,1024,1339,N,False,False,False,False,False,0,False,False,False,False,71,7.67,1620,2285,7.67,False,3.835,3.835,0.004,False,False,4.785,91.2,90.8,91.2,,,,,,,,,Idle,,,True,,False,10,Go Home,True,True,True,False,False,False,False,False,False,False,False,False,43.0428875252967,-77.6663246167718,5.9,436.3,1640.4,True,1,1,False,False,False,False,,True,False,False,,328,,16.4,Calm,48,, 1.8.0,DJI Mini 3 Pro,1581F4XF3229R006,53HFK5R0M30ACD,5HAZK6H0018AUR,52XPK6HCA105XX,101.4,0.7,39.3,9.437649,6.71082,0,4049,DJI Mini 3 Pro,1581F4XF3229R006,53HFK5R0M30ACD,5HAZK6H0018AUR,52XPK6HCA105XX,DJI Fly,, 1.8.0,54E6999D-4E41-3C56-C869-63925F82E9FA,1581F4XF3229R006W0A6,,,,,,,,,,
6/22/2023,8:04:56.63 PM,0m 13.7s,13.7,43.0428919863557,-77.666343894267,41.9,41.9,35.4,604,14,4.273667,4.273667,3.131716,3.131716,2.908022,2.908022,,,-1.5,-10.6,131.4,131.4,P-GPS (Brake),Other,,23,5,True,,Mini 3 Pro,False,False,,Smart,RC,False,True,False,,,True,,False,False,False,False,False,False,False,False,False,False,0,Follow Yaw,-33.9,0,152.5,152.5,False,False,False,False,False,True,,True,Normal,100,100,733,1024,1024,1337,N,False,False,False,False,False,0,False,False,False,False,71,7.67,1620,2285,7.67,False,3.835,3.835,0.004,False,False,4.785,91.2,90.8,91.2,,,,,,,,,Idle,,,True,,False,10,Go Home,True,True,True,False,False,False,False,False,False,False,False,False,43.0428875252967,-77.6663246167718,5.3,436.3,1640.4,True,1,1,False,False,False,False,,True,False,False,,328,,16.4,Calm,48,, 1.8.0,DJI Mini 3 Pro,1581F4XF3229R006,53HFK5R0M30ACD,5HAZK6H0018AUR,52XPK6HCA105XX,101.4,0.7,39.3,9.437649,6.71082,0,4049,DJI Mini 3 Pro,1581F4XF3229R006,53HFK5R0M30ACD,5HAZK6H0018AUR,52XPK6HCA105XX,DJI Fly,, 1.8.0,54E6999D-4E41-3C56-C869-63925F82E9FA,1581F4XF3229R006W0A6,,,,,,,,,,
6/22/2023,8:04:56.83 PM,0m 13.9s,13.9,43.0428948138175,-77.6663404769305,41.9,41.9,35.4,604,15.4,4.745266,4.745266,3.35541,3.35541,3.35541,3.35541,,,-0.8,-7.4,131.6,131.6,P-GPS (Brake),Other,,23,5,True,,Mini 3 Pro,False,False,,Smart,RC,False,True,False,,,True,,False,False,False,False,False,False,False,False,False,False,0,Follow Yaw,-33.9,0,154.1,154.1,False,False,False,False,False,True,,True,Normal,100,100,779,1024,1024,1337,N,False,False,False,False,False,0,False,False,False,False,71,7.67,1620,2285,7.67,False,3.835,3.835,0.004,False,False,4.785,91.2,90.8,91.2,,,,,,,,,Idle,,,True,,False,10,Go Home,True,True,True,False,False,False,False,False,False,False,False,False,43.0428875252967,-77.6663246167718,4.9,436.3,1640.4,True,1,1,False,False,False,False,,True,False,False,,328,,16.4,Calm,48,, 1.8.0,DJI Mini 3 Pro,1581F4XF3229R006,53HFK5R0M30ACD,5HAZK6H0018AUR,52XPK6HCA105XX,101.4,0.7,39.3,9.437649,6.71082,0,4049,DJI Mini 3 Pro,1581F4XF3229R006,53HFK5R0M30ACD,5HAZK6H0018AUR,52XPK6HCA105XX,DJI Fly,, 1.8.0,54E6999D-4E41-3C56-C869-63925F82E9FA,1581F4XF3229R006W0A6,,,,,,,,,,
6/22/2023,8:04:57.03 PM,0m 14.1s,14.1,43.0428978435397,-77.666337019476,41.9,41.9,35.4,604,16.8,4.905992,4.905992,3.579104,3.579104,3.35541,3.35541,,,-1.6,-5.2,133.4,133.4,P-GPS (Brake),Other,,23,5,True,,Mini 3 Pro,False,False,,Smart,RC,False,True,False,,,True,,False,False,False,False,False,False,False,False,False,False,0,Follow Yaw,-33.9,0,155.9,155.9,False,False,False,False,False,True,,True,Normal,100,100,786,1024,1024,1340,N,False,False,False,False,False,0,False,False,False,False,71,7.67,1620,2285,7.67,False,3.835,3.835,0.004,False,False,4.785,91.2,90.8,91.2,,,,,,,,,Idle,,,True,,False,10,Go Home,True,True,True,False,False,False,False,False,False,False,False,False,43.0428875252967,-77.6663246167718,5,436.3,1640.4,True,1,1,False,False,False,False,,True,False,False,,328,,16.4,Calm,48,, 1.8.0,DJI Mini 3 Pro,1581F4XF3229R006,53HFK5R0M30ACD,5HAZK6H0018AUR,52XPK6HCA105XX,101.4,0.7,39.3,9.437649,6.71082,0,4049,DJI Mini 3 Pro,1581F4XF3229R006,53HFK5R0M30ACD,5HAZK6H0018AUR,52XPK6HCA105XX,DJI Fly,, 1.8.0,54E6999D-4E41-3C56-C869-63925F82E9FA,1581F4XF3229R006W0A6,,,,,,,,,,
6/22/2023,8:04:57.23 PM,0m 14.3s,14.3,43.0429009196919,-77.6663337270121,41.9,41.9,35.4,604,18.3,4.745266,4.905992,3.35541,3.579104,3.35541,3.35541,,,-2.8,-4.6,135.3,135.3,P-GPS (Brake),Other,,23,5,True,,Mini 3 Pro,False,False,,Smart,RC,False,True,False,,,True,,False,False,False,False,False,False,False,False,False,False,0,Follow Yaw,-33.9,0,157.6,157.6,False,False,False,False,False,True,,True,Normal,100,100,788,1024,1024,1339,N,False,False,False,False,False,0,False,False,False,False,71,7.67,1620,2285,7.67,False,3.835,3.835,0.004,False,False,4.785,91.2,90.8,91.2,,,,,,,,,Idle,,,True,,False,10,Go Home,True,True,True,False,False,False,False,False,False,False,False,False,43.0428875252967,-77.6663246167718,5.4,436.3,1640.4,True,1,1,False,False,False,False,,True,False,False,,328,,16.4,Calm,48,, 1.8.0,DJI Mini 3 Pro,1581F4XF3229R006,53HFK5R0M30ACD,5HAZK6H0018AUR,52XPK6HCA105XX,101.4,0.7,39.3,9.437649,6.71082,0,4049,DJI Mini 3 Pro,1581F4XF3229R006,53HFK5R0M30ACD,5HAZK6H0018AUR,52XPK6HCA105XX,DJI Fly,, 1.8.0,54E6999D-4E41-3C56-C869-63925F82E9FA,1581F4XF3229R006W0A6,,,,,,,,,,
6/22/2023,8:04:57.43 PM,0m 14.5s,14.5,43.0429039528901,-77.6663305588669,41.9,41.9,35.4,604,19.6,4.755799,4.905992,3.131716,3.579104,3.579104,3.579104,,,-2.6,-4.2,137.4,137.4,P-GPS (Brake),Other,,23,5,True,,Mini 3 Pro,False,False,,Smart,RC,False,True,False,,,True,,False,False,False,False,False,False,False,False,False,False,0,Follow Yaw,-33.9,0,159.3,159.3,False,False,False,False,False,True,,True,Normal,100,100,794,1024,1024,1340,N,False,False,False,False,False,0,False,False,False,False,71,7.675,1617,2285,7.675,False,3.839,3.836,0.004,False,False,5.013,91.2,90.8,91.2,,,,,,,,,Idle,,,True,,False,10,Go Home,True,True,True,False,False,False,False,False,False,False,False,False,43.0428875252967,-77.6663246167718,6.1,436.3,1640.4,True,1,1,False,False,False,False,,True,False,False,,328,,16.4,Calm,48,, 1.8.0,DJI Mini 3 Pro,1581F4XF3229R006,53HFK5R0M30ACD,5HAZK6H0018AUR,52XPK6HCA105XX,101.4,0.7,39.3,9.437649,6.71082,0,4049,DJI Mini 3 Pro,1581F4XF3229R006,53HFK5R0M30ACD,5HAZK6H0018AUR,52XPK6HCA105XX,DJI Fly,, 1.8.0,54E6999D-4E41-3C56-C869-63925F82E9FA,1581F4XF3229R006W0A6,,,,,,,,,,
6/22/2023,8:04:57.64 PM,0m 14.7s,14.7,43.0429069483429,-77.6663273886652,41.9,41.9,35.4,604,21,4.589817,4.905992,3.131716,3.579104,3.35541,3.579104,,,-1.3,-3.5,133.1,133.1,P-GPS (Brake),Other,,23,5,True,,Mini 3 Pro,False,False,,Smart,RC,False,True,False,,,True,,False,False,False,False,False,False,False,False,False,False,0,Follow Yaw,-33.9,0,161.1,161.1,False,False,False,False,False,True,,True,Normal,100,100,807,1024,1024,1337,N,False,False,False,False,False,0,False,False,False,False,71,7.675,1617,2285,7.675,False,3.839,3.836,0.004,False,False,5.013,91.2,90.8,91.2,,,,,,,,,Idle,,,True,,False,10,Go Home,True,True,True,False,False,False,False,False,False,False,False,False,43.0428875252967,-77.6663246167718,7.1,436.3,1640.4,True,1,1,False,False,False,False,,True,False,False,,328,,16.4,Calm,48,, 1.8.0,DJI Mini 3 Pro,1581F4XF3229R006,53HFK5R0M30ACD,5HAZK6H0018AUR,52XPK6HCA105XX,101.4,0.7,39.3,9.437649,6.71082,0,4049,DJI Mini 3 Pro,1581F4XF3229R006,53HFK5R0M30ACD,5HAZK6H0018AUR,52XPK6HCA105XX,DJI Fly,, 1.8.0,54E6999D-4E41-3C56-C869-63925F82E9FA,1581F4XF3229R006W0A6,,,,,,,,,,
6/22/2023,8:04:57.84 PM,0m 14.9s,14.9,43.0429098854771,-77.6663243507055,41.9,41.9,35.4,604,22.4,4.440199,4.905992,3.35541,3.579104,2.908022,3.579104,,,-1.3,-3,129.1,129.1,P-GPS (Brake),Other,,23,5,True,,Mini 3 Pro,False,False,,Smart,RC,False,True,False,,,True,,False,False,False,False,False,False,False,False,False,False,0,Follow Yaw,-33.9,0,162.8,162.8,False,False,False,False,False,True,,True,Normal,100,100,798,1024,1024,1346,N,False,False,False,False,False,0,False,False,False,False,71,7.675,1617,2285,7.675,False,3.839,3.836,0.004,False,False,5.013,91.2,90.8,91.2,,,,,,,,,Idle,,,True,,False,10,Go Home,True,True,True,False,False,False,False,False,False,False,False,False,43.0428875252967,-77.6663246167718,8.1,436.3,1640.4,True,1,1,False,False,False,False,,True,False,False,,328,,16.4,Calm,48,, 1.8.0,DJI Mini 3 Pro,1581F4XF3229R006,53HFK5R0M30ACD,5HAZK6H0018AUR,52XPK6HCA105XX,101.4,0.7,39.3,9.437649,6.71082,0,4049,DJI Mini 3 Pro,1581F4XF3229R006,53HFK5R0M30ACD,5HAZK6H0018AUR,52XPK6HCA105XX,DJI Fly,, 1.8.0,54E6999D-4E41-3C56-C869-63925F82E9FA,1581F4XF3229R006W0A6,,,,,,,,,,
6/22/2023,8:04:58.04 PM,0m 15.1s,15.1,43.0429127268343,-77.6663214485281,41.9,41.9,35.4,604,23.7,4.273667,4.905992,3.131716,3.579104,2.908022,3.579104,,,-0.7,-2.6,129.3,129.3,P-GPS (Brake),Other,,23,5,True,,Mini 3 Pro,False,False,,Smart,RC,False,True,False,,,True,,False,False,False,False,False,False,False,False,False,False,0,Follow Yaw,-33.9,0,164.6,164.6,False,False,False,False,False,True,,True,Normal,100,100,802,1024,1024,1341,N,False,False,False,False,False,0,False,False,False,False,71,7.675,1617,2285,7.675,False,3.839,3.836,0.004,False,False,5.013,91.2,90.8,91.2,,,,,,,,,Idle,,,True,,False,10,Go Home,True,True,True,False,False,False,False,False,False,False,False,False,43.0428875252967,-77.6663246167718,9.2,436.3,1640.4,True,1,1,False,False,False,False,,True,False,False,,328,,16.4,Calm,48,, 1.8.0,DJI Mini 3 Pro,1581F4XF3229R006,53HFK5R0M30ACD,5HAZK6H0018AUR,52XPK6HCA105XX,101.4,0.7,39.3,9.437649,6.71082,0,4049,DJI Mini 3 Pro,1581F4XF3229R006,53HFK5R0M30ACD,5HAZK6H0018AUR,52XPK6HCA105XX,DJI Fly,, 1.8.0,54E6999D-4E41-3C56-C869-63925F82E9FA,1581F4XF3229R006W0A6,,,,,,,,,,
6/22/2023,8:04:58.25 PM,0m 15.3s,15.3,43.042915473599,-77.6663186648961,41.9,41.9,35.4,604,24.9,4.112564,4.905992,2.908022,3.579104,2.908022,3.579104,,,-0.5,-2.7,130.9,130.9,P-GPS (Brake),Other,,23,5,True,,Mini 3 Pro,False,False,,Smart,RC,False,True,False,,,True,,False,False,False,False,False,False,False,False,False,False,0,Follow Yaw,-33.9,0,166.4,166.4,False,False,False,False,False,True,,True,Normal,100,100,806,1024,1024,1344,N,False,False,False,False,False,0,False,False,False,False,71,7.675,1617,2285,7.675,False,3.839,3.836,0.004,False,False,5.013,91.2,90.8,91.2,,,,,,,,,Idle,,,True,,False,10,Go Home,True,True,True,False,False,False,False,False,False,False,False,False,43.0428875252967,-77.6663246167718,10.3,436.3,1640.4,True,1,1,False,False,False,False,,True,False,False,,328,,16.4,Calm,48,, 1.8.0,DJI Mini 3 Pro,1581F4XF3229R006,53HFK5R0M30ACD,5HAZK6H0018AUR,52XPK6HCA105XX,101.4,0.7,39.3,9.437649,6.71082,0,4049,DJI Mini 3 Pro,1581F4XF3229R006,53HFK5R0M30ACD,5HAZK6H0018AUR,52XPK6HCA105XX,DJI Fly,, 1.8.0,54E6999D-4E41-3C56-C869-63925F82E9FA,1581F4XF3229R006W0A6,,,,,,,,,,
6/22/2023,8:04:58.45 PM,0m 15.5s,15.5,43.0429181130214,-77.6663159582733,41.9,41.9,35.4,604,26.1,4.112564,4.905992,2.908022,3.579104,2.908022,3.579104,,,-1.1,-2.8,132.7,132.7,P-GPS (Brake),Other,,23,5,True,,Mini 3 Pro,False,False,,Smart,RC,False,True,False,,,True,,False,False,False,False,False,False,False,False,False,False,0,Follow Yaw,-33.9,0,168.2,168.2,False,False,False,False,False,True,,True,Normal,100,100,811,1024,1024,1339,N,False,False,False,False,False,0,False,False,False,False,71,7.675,1617,2285,7.675,False,3.839,3.836,0.004,False,False,5.013,91.2,90.8,91.2,,,,,,,,,Idle,,,True,,False,10,Go Home,True,True,True,False,False,False,False,False,False,False,False,False,43.0428875252967,-77.6663246167718,11.3,436.3,1640.4,True,1,1,False,False,False,False,,True,False,False,,328,,16.4,Calm,48,, 1.8.0,DJI Mini 3 Pro,1581F4XF3229R006,53HFK5R0M30ACD,5HAZK6H0018AUR,52XPK6HCA105XX,101.4,0.7,39.3,9.437649,6.71082,0,4049,DJI Mini 3 Pro,1581F4XF3229R006,53HFK5R0M30ACD,5HAZK6H0018AUR,52XPK6HCA105XX,DJI Fly,, 1.8.0,54E6999D-4E41-3C56-C869-63925F82E9FA,1581F4XF3229R006W0A6,,,,,,,,,,
6/22/2023,8:04:58.65 PM,0m 15.7s,15.7,43.0429206368904,-77.6663133092358,41.9,41.9,35.4,604,27.3,3.796213,4.905992,2.684328,3.579104,2.684328,3.579104,,,-1.5,-2.9,134.4,134.4,P-GPS (Brake),Other,,23,5,True,,Mini 3 Pro,False,False,,Smart,RC,False,True,False,,,True,,False,False,False,False,False,False,False,False,False,False,0,Follow Yaw,-33.9,0,169.9,169.9,False,False,False,False,False,True,,True,Normal,100,100,811,1024,1024,1279,N,False,False,False,False,False,0,False,False,False,False,71,7.671,1616,2285,7.671,False,3.836,3.835,0.004,False,False,4.792,91.2,90.8,91.2,,,,,,,,,Idle,,,True,,False,10,Go Home,True,True,True,False,False,False,False,False,False,False,False,False,43.0428875252967,-77.6663246167718,12.4,436.3,1640.4,True,1,1,False,False,False,False,,True,False,False,,328,,16.4,Calm,48,, 1.8.0,DJI Mini 3 Pro,1581F4XF3229R006,53HFK5R0M30ACD,5HAZK6H0018AUR,52XPK6HCA105XX,101.4,0.7,39.3,9.437649,6.71082,0,4049,DJI Mini 3 Pro,1581F4XF3229R006,53HFK5R0M30ACD,5HAZK6H0018AUR,52XPK6HCA105XX,DJI Fly,, 1.8.0,54E6999D-4E41-3C56-C869-63925F82E9FA,1581F4XF3229R006W0A6,,,,,,,,,,
6/22/2023,8:04:58.85 PM,0m 15.9s,15.9,43.0429230508429,-77.666310701415,41.9,41.9,35.4,604,28.4,3.641474,4.905992,2.460634,3.579104,2.684328,3.579104,,,-0.8,-2.4,136.2,136.2,P-GPS (Brake),Other,,23,5,True,,Mini 3 Pro,False,False,,Smart,RC,False,True,False,,,True,,False,False,False,False,False,False,False,False,False,False,0,Follow Yaw,-33.9,0,171.3,171.3,False,False,False,False,False,True,,True,Normal,100,100,810,1024,1024,1267,N,False,False,False,False,False,0,False,False,False,False,71,7.671,1616,2285,7.671,False,3.836,3.835,0.004,False,False,4.792,91.2,90.8,91.2,,,,,,,,,Idle,,,True,,False,10,Go Home,True,True,True,False,False,False,False,False,False,False,False,False,43.0428875252967,-77.6663246167718,13.4,436.3,1640.4,True,1,1,False,False,False,False,,True,False,False,,328,,16.4,Calm,48,, 1.8.0,DJI Mini 3 Pro,1581F4XF3229R006,53HFK5R0M30ACD,5HAZK6H0018AUR,52XPK6HCA105XX,101.4,0.7,39.3,9.437649,6.71082,0,4049,DJI Mini 3 Pro,1581F4XF3229R006,53HFK5R0M30ACD,5HAZK6H0018AUR,52XPK6HCA105XX,DJI Fly,, 1.8.0,54E6999D-4E41-3C56-C869-63925F82E9FA,1581F4XF3229R006W0A6,,,,,,,,,,
6/22/2023,8:04:59.05 PM,0m 16.1s,16.1,43.0429253678875,-77.6663081441113,41.9,41.9,35.4,604,29.5,3.641474,4.905992,2.460634,3.579104,2.684328,3.579104,,,-0.9,-2.3,137.6,137.6,P-GPS (Brake),Other,,23,5,True,,Mini 3 Pro,False,False,,Smart,RC,False,True,False,,,True,,False,False,False,False,False,False,False,False,False,False,0,Follow Yaw,-33.9,0,172.5,172.5,False,False,False,False,False,True,,True,Normal,100,100,803,1024,1024,1209,N,False,False,False,False,False,0,False,False,False,False,71,7.671,1616,2285,7.671,False,3.836,3.835,0.004,False,False,4.792,91.2,90.8,91.2,,,,,,,,,Idle,,,True,,False,10,Go Home,True,True,True,False,False,False,False,False,False,False,False,False,43.0428875252967,-77.6663246167718,14.4,436.3,1640.4,True,1,1,False,False,False,False,,True,False,False,,328,,16.4,Calm,48,, 1.8.0,DJI Mini 3 Pro,1581F4XF3229R006,53HFK5R0M30ACD,5HAZK6H0018AUR,52XPK6HCA105XX,101.4,0.7,39.3,9.437649,6.71082,0,4049,DJI Mini 3 Pro,1581F4XF3229R006,53HFK5R0M30ACD,5HAZK6H0018AUR,52XPK6HCA105XX,DJI Fly,, 1.8.0,54E6999D-4E41-3C56-C869-63925F82E9FA,1581F4XF3229R006W0A6,,,,,,,,,,
6/22/2023,8:04:59.26 PM,0m 16.3s,16.3,43.0429275617457,-77.6663056350674,41.9,41.9,35.4,604,30.5,3.494211,4.905992,2.23694,3.579104,2.684328,3.579104,,,-1,-2.3,138.7,138.7,P-GPS (Brake),Other,,23,5,True,,Mini 3 Pro,False,False,,Smart,RC,False,True,False,,,True,,False,False,False,False,False,False,False,False,False,False,0,Follow Yaw,-33.9,0,173.3,173.3,False,False,False,False,False,True,,True,Normal,100,100,774,1024,1024,1206,N,False,False,False,False,False,0,False,False,False,False,71,7.671,1616,2285,7.671,False,3.836,3.835,0.004,False,False,4.792,91.2,90.8,91.2,,,,,,,,,Idle,,,True,,False,10,Go Home,True,True,True,False,False,False,False,False,False,False,False,False,43.0428875252967,-77.6663246167718,15.4,436.3,1640.4,True,1,1,False,False,False,False,,True,False,False,,328,,16.4,Calm,48,, 1.8.0,DJI Mini 3 Pro,1581F4XF3229R006,53HFK5R0M30ACD,5HAZK6H0018AUR,52XPK6HCA105XX,101.4,0.7,39.3,9.437649,6.71082,0,4049,DJI Mini 3 Pro,1581F4XF3229R006,53HFK5R0M30ACD,5HAZK6H0018AUR,52XPK6HCA105XX,DJI Fly,, 1.8.0,54E6999D-4E41-3C56-C869-63925F82E9FA,1581F4XF3229R006W0A6,,,,,,,,,,
6/22/2023,8:04:59.46 PM,0m 16.5s,16.5,43.0429296232295,-77.666303140623,41.9,41.9,35.4,604,31.5,3.494211,4.905992,2.23694,3.579104,2.684328,3.579104,,,0,-2.6,139.5,139.5,P-GPS (Brake),Other,,23,5,True,,Mini 3 Pro,False,False,,Smart,RC,False,True,False,,,True,,False,False,False,False,False,False,False,False,False,False,0,Follow Yaw,-33.9,0,173.9,173.9,False,False,False,False,False,True,,True,Normal,100,100,748,1024,1024,1220,N,False,False,False,False,False,0,False,False,False,False,71,7.671,1616,2285,7.671,False,3.836,3.835,0.004,False,False,4.792,91.2,90.8,91.2,,,,,,,,,Idle,,,True,,False,10,Go Home,True,True,True,False,False,False,False,False,False,False,False,False,43.0428875252967,-77.6663246167718,16.3,436.3,1640.4,True,1,1,False,False,False,False,,True,False,False,,328,,16.4,Calm,48,, 1.8.0,DJI Mini 3 Pro,1581F4XF3229R006,53HFK5R0M30ACD,5HAZK6H0018AUR,52XPK6HCA105XX,101.4,0.7,39.3,9.437649,6.71082,0,4049,DJI Mini 3 Pro,1581F4XF3229R006,53HFK5R0M30ACD,5HAZK6H0018AUR,52XPK6HCA105XX,DJI Fly,, 1.8.0,54E6999D-4E41-3C56-C869-63925F82E9FA,1581F4XF3229R006W0A6,,,,,,,,,,
6/22/2023,8:04:59.66 PM,0m 16.7s,16.7,43.0429316119553,-77.6663006667087,41.9,41.9,35.4,604,32.5,3.35541,4.905992,2.013246,3.579104,2.684328,3.579104,,,-0.4,-4.8,140.1,140.1,P-GPS (Brake),Other,,23,5,True,,Mini 3 Pro,False,False,,Smart,RC,False,True,False,,,True,,False,False,False,False,False,False,False,False,False,False,0,Follow Yaw,-33.9,0,174.5,174.5,False,False,False,False,False,True,,True,Normal,100,100,730,1024,1024,1252,N,False,False,False,False,False,0,False,False,False,False,71,7.668,1614,2285,7.668,False,3.835,3.833,0.004,False,False,4.818,91.4,90.8,91.4,,,,,,,,,Idle,,,True,,False,10,Go Home,True,True,True,False,False,False,False,False,False,False,False,False,43.0428875252967,-77.6663246167718,17.3,436.3,1640.4,True,1,1,False,False,False,False,,True,False,False,,328,,16.4,Calm,48,, 1.8.0,DJI Mini 3 Pro,1581F4XF3229R006,53HFK5R0M30ACD,5HAZK6H0018AUR,52XPK6HCA105XX,101.4,0.7,39.3,9.437649,6.71082,0,4049,DJI Mini 3 Pro,1581F4XF3229R006,53HFK5R0M30ACD,5HAZK6H0018AUR,52XPK6HCA105XX,DJI Fly,, 1.8.0,54E6999D-4E41-3C56-C869-63925F82E9FA,1581F4XF3229R006W0A6,,,,,,,,,,
6/22/2023,8:04:59.87 PM,0m 16.9s,16.9,43.0429335847383,-77.666298063337,41.9,41.9,35.4,604,33.5,3.35541,4.905992,2.013246,3.579104,2.684328,3.579104,,,-0.3,-5.2,140.7,140.7,P-GPS (Brake),Other,,23,5,True,,Mini 3 Pro,False,False,,Smart,RC,False,True,False,,,True,,False,False,False,False,False,False,False,False,False,False,0,Follow Yaw,-33.9,0,175.1,175.1,False,False,False,False,False,True,,True,Normal,100,100,723,1024,1024,1253,N,False,False,False,False,False,0,False,False,False,False,71,7.668,1614,2285,7.668,False,3.835,3.833,0.004,False,False,4.818,91.4,90.8,91.4,,,,,,,,,Idle,,,True,,False,10,Go Home,True,True,True,False,False,False,False,False,False,False,False,False,43.0428875252967,-77.6663246167718,18.2,436.3,1640.4,True,1,1,False,False,False,False,,True,False,False,,328,,16.4,Calm,48,, 1.8.0,DJI Mini 3 Pro,1581F4XF3229R006,53HFK5R0M30ACD,5HAZK6H0018AUR,52XPK6HCA105XX,101.4,0.7,39.3,9.437649,6.71082,0,4049,DJI Mini 3 Pro,1581F4XF3229R006,53HFK5R0M30ACD,5HAZK6H0018AUR,52XPK6HCA105XX,DJI Fly,, 1.8.0,54E6999D-4E41-3C56-C869-63925F82E9FA,1581F4XF3229R006W0A6,,,,,,,,,,
6/22/2023,8:05:00.07 PM,0m 17.1s,17.1,43.0429355401778,-77.6662952730844,41.9,41.9,35.4,604,34.5,3.536912,4.905992,2.013246,3.579104,2.908022,3.579104,,,0.1,-6.5,141.3,141.3,P-GPS (Brake),Other,,23,5,True,,Mini 3 Pro,False,False,,Smart,RC,False,True,False,,,True,,False,False,False,False,False,False,False,False,False,False,0,Follow Yaw,-33.9,0,175.8,175.8,False,False,False,False,False,True,,True,Normal,100,100,722,1024,1024,1329,N,False,False,False,False,False,0,False,False,False,False,71,7.668,1614,2285,7.668,False,3.835,3.833,0.004,False,False,4.818,91.4,90.8,91.4,,,,,,,,,Idle,,,True,,False,10,Go Home,True,True,True,False,False,False,False,False,False,False,False,False,43.0428875252967,-77.6663246167718,19.1,436.3,1640.4,True,1,1,False,False,False,False,,True,False,False,,328,,16.4,Calm,48,, 1.8.0,DJI Mini 3 Pro,1581F4XF3229R006,53HFK5R0M30ACD,5HAZK6H0018AUR,52XPK6HCA105XX,101.4,0.7,39.3,9.437649,6.71082,0,4049,DJI Mini 3 Pro,1581F4XF3229R006,53HFK5R0M30ACD,5HAZK6H0018AUR,52XPK6HCA105XX,DJI Fly,, 1.8.0,54E6999D-4E41-3C56-C869-63925F82E9FA,1581F4XF3229R006W0A6,,,,,,,,,,
6/22/2023,8:05:00.27 PM,0m 17.3s,17.3,43.0429375453048,-77.6662922772851,41.9,41.9,35.4,604,35.6,3.848577,4.905992,2.23694,3.579104,3.131716,3.579104,,,-0.2,-6.5,142,142,P-GPS (Brake),Other,,23,5,True,,Mini 3 Pro,False,False,,Smart,RC,False,True,False,,,True,,False,False,False,False,False,False,False,False,False,False,0,Follow Yaw,-33.9,0,176.9,176.9,False,False,False,False,False,True,,True,Normal,100,100,719,1024,1024,1348,N,False,False,False,False,False,0,False,False,False,False,71,7.668,1614,2285,7.668,False,3.835,3.833,0.004,False,False,4.818,91.4,90.8,91.4,,,,,,,,,Idle,,,True,,False,10,Go Home,True,True,True,False,False,False,False,False,False,False,False,False,43.0428875252967,-77.6663246167718,20.1,436.3,1640.4,True,1,1,False,False,False,False,,True,False,False,,328,,16.4,Calm,48,, 1.8.0,DJI Mini 3 Pro,1581F4XF3229R006,53HFK5R0M30ACD,5HAZK6H0018AUR,52XPK6HCA105XX,101.4,0.7,39.3,9.437649,6.71082,0,4049,DJI Mini 3 Pro,1581F4XF3229R006,53HFK5R0M30ACD,5HAZK6H0018AUR,52XPK6HCA105XX,DJI Fly,, 1.8.0,54E6999D-4E41-3C56-C869-63925F82E9FA,1581F4XF3229R006W0A6,,,,,,,,,,
6/22/2023,8:05:00.47 PM,0m 17.5s,17.5,43.0429396083477,-77.66628904085,41.9,41.9,35.4,604,36.8,3.848577,4.905992,2.23694,3.579104,3.131716,3.579104,,,-0.7,-6.1,143.1,143.1,P-GPS (Brake),Other,,23,5,True,,Mini 3 Pro,False,False,,Smart,RC,False,True,False,,,True,,False,False,False,False,False,False,False,False,False,False,0,Follow Yaw,-33.9,0,179.3,179.3,False,False,False,False,False,True,,True,Normal,100,100,719,1024,1024,1361,N,False,False,False,False,False,0,False,False,False,False,71,7.668,1614,2285,7.668,False,3.835,3.833,0.004,False,False,4.818,91.4,90.8,91.4,,,,,,,,,Idle,,,True,,False,10,Go Home,True,True,True,False,False,False,False,False,False,False,False,False,43.0428875252967,-77.6663246167718,21.2,436.3,1640.4,True,1,1,False,False,False,False,,True,False,False,,328,,16.4,Calm,48,, 1.8.0,DJI Mini 3 Pro,1581F4XF3229R006,53HFK5R0M30ACD,5HAZK6H0018AUR,52XPK6HCA105XX,101.4,0.7,39.3,9.437649,6.71082,0,4049,DJI Mini 3 Pro,1581F4XF3229R006,53HFK5R0M30ACD,5HAZK6H0018AUR,52XPK6HCA105XX,DJI Fly,, 1.8.0,54E6999D-4E41-3C56-C869-63925F82E9FA,1581F4XF3229R006W0A6,,,,,,,,,,
6/22/2023,8:05:00.67 PM,0m 17.7s,17.7,43.042941682686,-77.6662855827714,41.9,41.9,35.4,604,38,4.0327,4.905992,2.23694,3.579104,3.35541,3.579104,,,-1,-5.9,144.6,144.6,P-GPS (Brake),Other,,23,5,True,,Mini 3 Pro,False,False,,Smart,RC,False,True,False,,,True,,False,False,False,False,False,False,False,False,False,False,0,Follow Yaw,-33.9,0,-179.7,180.3,False,False,False,False,False,True,,True,Normal,100,100,719,1024,1024,1377,N,False,False,False,False,False,0,False,False,False,False,71,7.664,1613,2285,7.664,False,3.833,3.831,0.004,False,False,4.847,91.4,90.8,91.4,,,,,,,,,Idle,,,True,,False,10,Go Home,True,True,True,False,False,False,False,False,False,False,False,False,43.0428875252967,-77.6663246167718,22.3,436.3,1640.4,True,1,1,False,False,False,False,,True,False,False,,328,,16.4,Calm,48,, 1.8.0,DJI Mini 3 Pro,1581F4XF3229R006,53HFK5R0M30ACD,5HAZK6H0018AUR,52XPK6HCA105XX,101.4,0.7,39.3,9.437649,6.71082,0,4049,DJI Mini 3 Pro,1581F4XF3229R006,53HFK5R0M30ACD,5HAZK6H0018AUR,52XPK6HCA105XX,DJI Fly,, 1.8.0,54E6999D-4E41-3C56-C869-63925F82E9FA,1581F4XF3229R006W0A6,,,,,,,,,,
6/22/2023,8:05:00.77 PM,0m 17.9s,17.9,43.0429437393766,-77.666281941504,41.9,41.9,35.4,604,39.2,4.220649,4.905992,2.23694,3.579104,3.579104,3.579104,,,-1.7,-6,146.5,146.5,P-GPS (Brake),Other,,23,5,True,,Mini 3 Pro,False,False,,Smart,RC,False,True,False,,,True,,False,False,False,False,False,False,False,False,False,False,0,Follow Yaw,-33.9,0.1,-177.7,182.3,False,False,False,False,False,True,,True,Normal,100,100,719,1024,1024,1359,N,False,False,False,False,False,0,False,False,False,False,71,7.664,1613,2285,7.664,False,3.833,3.831,0.004,False,False,4.847,91.4,90.8,91.4,,,,,,,,,Idle,,,True,,False,10,Go Home,True,True,True,False,False,False,False,False,False,False,False,False,43.0428875252967,-77.6663246167718,23.4,436.3,1640.4,True,1,1,False,False,False,False,,True,False,False,,328,,16.4,Calm,48,, 1.8.0,DJI Mini 3 Pro,1581F4XF3229R006,53HFK5R0M30ACD,5HAZK6H0018AUR,52XPK6HCA105XX,101.4,0.7,39.3,9.437649,6.71082,0,4049,DJI Mini 3 Pro,1581F4XF3229R006,53HFK5R0M30ACD,5HAZK6H0018AUR,52XPK6HCA105XX,DJI Fly,, 1.8.0,54E6999D-4E41-3C56-C869-63925F82E9FA,1581F4XF3229R006W0A6,,,,,,,,,,
6/22/2023,8:05:01.08 PM,0m 18.1s,18.1,43.04294571942,-77.6662781180854,41.9,41.9,35.4,604,40.4,4.220649,4.905992,2.23694,3.579104,3.579104,3.579104,,,-2,-6.3,148.6,148.6,P-GPS (Brake),Other,,23,5,True,,Mini 3 Pro,False,False,,Smart,RC,False,True,False,,,True,,False,False,False,False,False,False,False,False,False,False,0,Follow Yaw,-33.9,0,-175.6,184.4,False,False,False,False,False,True,,True,Normal,100,100,760,1024,1024,1306,N,False,False,False,False,False,0,False,False,False,False,71,7.664,1613,2285,7.664,False,3.833,3.831,0.004,False,False,4.847,91.4,90.8,91.4,,,,,,,,,Idle,,,True,,False,10,Go Home,True,True,True,False,False,False,False,False,False,False,False,False,43.0428875252967,-77.6663246167718,24.5,436.3,1640.4,True,1,1,False,False,False,False,,True,False,False,,328,,16.4,Calm,48,, 1.8.0,DJI Mini 3 Pro,1581F4XF3229R006,53HFK5R0M30ACD,5HAZK6H0018AUR,52XPK6HCA105XX,101.4,0.7,39.3,9.437649,6.71082,0,4049,DJI Mini 3 Pro,1581F4XF3229R006,53HFK5R0M30ACD,5HAZK6H0018AUR,52XPK6HCA105XX,DJI Fly,, 1.8.0,54E6999D-4E41-3C56-C869-63925F82E9FA,1581F4XF3229R006W0A6,,,,,,,,,,
6/22/2023,8:05:01.28 PM,0m 18.3s,18.3,43.0429476015019,-77.6662740967673,41.9,41.9,35.4,604,41.7,4.30284,4.905992,2.013246,3.579104,3.802798,3.802798,,,-1.6,-6.6,150.7,150.7,P-GPS (Brake),Other,,23,5,True,,Mini 3 Pro,False,False,,Smart,RC,False,True,False,,,True,,False,False,False,False,False,False,False,False,False,False,0,Follow Yaw,-33.9,0,-173.8,186.2,False,False,False,False,False,True,,True,Normal,100,100,764,1024,1024,1328,N,False,False,False,False,False,0,False,False,False,False,71,7.664,1613,2285,7.664,False,3.833,3.831,0.004,False,False,4.847,91.4,90.8,91.4,,,,,,,,,Idle,,,True,,False,10,Go Home,True,True,True,False,False,False,False,False,False,False,False,False,43.0428875252967,-77.6663246167718,25.7,436.3,1640.4,True,1,1,False,False,False,False,,True,False,False,,328,,16.4,Calm,48,, 1.8.0,DJI Mini 3 Pro,1581F4XF3229R006,53HFK5R0M30ACD,5HAZK6H0018AUR,52XPK6HCA105XX,101.4,0.7,39.3,9.437649,6.71082,0,4049,DJI Mini 3 Pro,1581F4XF3229R006,53HFK5R0M30ACD,5HAZK6H0018AUR,52XPK6HCA105XX,DJI Fly,, 1.8.0,54E6999D-4E41-3C56-C869-63925F82E9FA,1581F4XF3229R006W0A6,,,,,,,,,,
6/22/2023,8:05:01.49 PM,0m 18.5s,18.5,43.042949390471,-77.666269801261,41.9,41.9,35.4,604,43,4.501754,4.905992,2.013246,3.579104,4.026492,4.026492,,,-0.7,-4.8,152.3,152.3,P-GPS (Brake),Other,,23,5,True,,Mini 3 Pro,False,False,,Smart,RC,False,True,False,,,True,,False,False,False,False,False,False,False,False,False,False,0,Follow Yaw,-33.9,0,-172.3,187.7,False,False,False,False,False,True,,True,Normal,100,100,764,1024,1024,1343,N,False,False,False,False,False,0,False,False,False,False,71,7.664,1613,2285,7.664,False,3.833,3.831,0.004,False,False,4.847,91.4,90.8,91.4,,,,,,,,,Idle,,,True,,False,10,Go Home,True,True,True,False,False,False,False,False,False,False,False,False,43.0428875252967,-77.6663246167718,26.8,436.3,1640.4,True,1,1,False,False,False,False,,True,False,False,,328,,16.4,Calm,48,, 1.8.0,DJI Mini 3 Pro,1581F4XF3229R006,53HFK5R0M30ACD,5HAZK6H0018AUR,52XPK6HCA105XX,101.4,0.7,39.3,9.437649,6.71082,0,4049,DJI Mini 3 Pro,1581F4XF3229R006,53HFK5R0M30ACD,5HAZK6H0018AUR,52XPK6HCA105XX,DJI Fly,, 1.8.0,54E6999D-4E41-3C56-C869-63925F82E9FA,1581F4XF3229R006W0A6,,,,,,,,,,
6/22/2023,8:05:01.69 PM,0m 18.7s,18.7,43.0429510596333,-77.6662653907256,41.9,41.9,35.4,604,44.4,4.40626,4.905992,1.789552,3.579104,4.026492,4.026492,,,-0.7,-4.5,153.9,153.9,P-GPS (Brake),Other,,23,5,True,,Mini 3 Pro,False,False,,Smart,RC,False,True,False,,,True,,False,False,False,False,False,False,False,False,False,False,0,Follow Yaw,-33.9,0,-170.6,189.4,False,False,False,False,False,True,,True,Normal,100,100,764,1024,1024,1345,N,False,False,False,False,False,0,False,False,False,False,71,7.661,1612,2285,7.661,False,3.832,3.829,0.004,False,False,4.834,91.4,90.8,91.4,,,,,,,,,Idle,,,True,,False,10,Go Home,True,True,True,False,False,False,False,False,False,False,False,False,43.0428875252967,-77.6663246167718,28,436.3,1640.4,True,1,1,False,False,False,False,,True,False,False,,328,,16.4,Calm,48,, 1.8.0,DJI Mini 3 Pro,1581F4XF3229R006,53HFK5R0M30ACD,5HAZK6H0018AUR,52XPK6HCA105XX,101.4,0.7,39.3,9.437649,6.71082,0,4049,DJI Mini 3 Pro,1581F4XF3229R006,53HFK5R0M30ACD,5HAZK6H0018AUR,52XPK6HCA105XX,DJI Fly,, 1.8.0,54E6999D-4E41-3C56-C869-63925F82E9FA,1581F4XF3229R006W0A6,,,,,,,,,,
6/22/2023,8:05:01.79 PM,0m 18.9s,18.9,43.042952644331,-77.6662609497427,41.9,41.9,35.4,604,45.7,4.611569,4.905992,1.789552,3.579104,4.250186,4.250186,,,-1.2,-3.9,155.6,155.6,P-GPS (Brake),Other,,23,5,True,,Mini 3 Pro,False,False,,Smart,RC,False,True,False,,,True,,False,False,False,False,False,False,False,False,False,False,0,Follow Yaw,-33.9,0,-168.9,191.1,False,False,False,False,False,True,,True,Normal,100,100,764,1024,1024,1345,N,False,False,False,False,False,0,False,False,False,False,71,7.661,1612,2285,7.661,False,3.832,3.829,0.004,False,False,4.834,91.4,90.8,91.4,,,,,,,,,Idle,,,True,,False,10,Go Home,True,True,True,False,False,False,False,False,False,False,False,False,43.0428875252967,-77.6663246167718,29.1,436.3,1640.4,True,1,1,False,False,False,False,,True,False,False,,328,,16.4,Calm,48,, 1.8.0,DJI Mini 3 Pro,1581F4XF3229R006,53HFK5R0M30ACD,5HAZK6H0018AUR,52XPK6HCA105XX,101.4,0.7,39.3,9.437649,6.71082,0,4049,DJI Mini 3 Pro,1581F4XF3229R006,53HFK5R0M30ACD,5HAZK6H0018AUR,52XPK6HCA105XX,DJI Fly,, 1.8.0,54E6999D-4E41-3C56-C869-63925F82E9FA,1581F4XF3229R006W0A6,,,,,,,,,,
6/22/2023,8:05:02.09 PM,0m 19.1s,19.1,43.0429540847208,-77.6662565113503,41.9,41.9,35.4,604,47,4.320248,4.905992,1.565858,3.579104,4.026492,4.250186,,,-1.1,-3.6,157.3,157.3,P-GPS (Brake),Other,,23,5,True,,Mini 3 Pro,False,False,,Smart,RC,False,True,False,,,True,,False,False,False,False,False,False,False,False,False,False,0,Follow Yaw,-33.9,0,-167.1,192.9,False,False,False,False,False,True,,True,Normal,100,100,757,1024,1024,1344,N,False,False,False,False,False,0,False,False,False,False,71,7.661,1612,2285,7.661,False,3.832,3.829,0.004,False,False,4.834,91.4,90.8,91.4,,,,,,,,,Idle,,,True,,False,10,Go Home,True,True,True,False,False,False,False,False,False,False,False,False,43.0428875252967,-77.6663246167718,30.3,436.3,1640.4,True,1,1,False,False,False,False,,True,False,False,,328,,16.4,Calm,48,, 1.8.0,DJI Mini 3 Pro,1581F4XF3229R006,53HFK5R0M30ACD,5HAZK6H0018AUR,52XPK6HCA105XX,101.4,0.7,39.3,9.437649,6.71082,0,4049,DJI Mini 3 Pro,1581F4XF3229R006,53HFK5R0M30ACD,5HAZK6H0018AUR,52XPK6HCA105XX,DJI Fly,, 1.8.0,54E6999D-4E41-3C56-C869-63925F82E9FA,1581F4XF3229R006W0A6,,,,,,,,,,
6/22/2023,8:05:02.19 PM,0m 19.3s,19.3,43.0429553496965,-77.6662521176123,41.9,41.9,35.4,604,48.2,4.244295,4.905992,1.342164,3.579104,4.026492,4.250186,,,-0.3,-4.7,159.1,159.1,P-GPS (Brake),Other,,23,5,True,,Mini 3 Pro,False,False,,Smart,RC,False,True,False,,,True,,False,False,False,False,False,False,False,False,False,False,0,Follow Yaw,-33.9,0,-165.2,194.8,False,False,False,False,False,True,,True,Normal,100,100,754,1024,1024,1361,N,False,False,False,False,False,0,False,False,False,False,71,7.661,1612,2285,7.661,False,3.832,3.829,0.004,False,False,4.834,91.4,90.8,91.4,,,,,,,,,Idle,,,True,,False,10,Go Home,True,True,True,False,False,False,False,False,False,False,False,False,43.0428875252967,-77.6663246167718,31.3,436.3,1640.4,True,1,1,False,False,False,False,,True,False,False,,328,,16.4,Calm,48,, 1.8.0,DJI Mini 3 Pro,1581F4XF3229R006,53HFK5R0M30ACD,5HAZK6H0018AUR,52XPK6HCA105XX,101.4,0.7,39.3,9.437649,6.71082,0,4049,DJI Mini 3 Pro,1581F4XF3229R006,53HFK5R0M30ACD,5HAZK6H0018AUR,52XPK6HCA105XX,DJI Fly,, 1.8.0,54E6999D-4E41-3C56-C869-63925F82E9FA,1581F4XF3229R006W0A6,,,,,,,,,,
6/22/2023,8:05:02.50 PM,0m 19.5s,19.5,43.042956526177,-77.6662477323901,41.9,41.9,35.4,604,49.5,4.178948,4.905992,1.11847,3.579104,4.026492,4.250186,,,-1.2,-4.9,161,161,P-GPS (Brake),Other,,23,5,True,,Mini 3 Pro,False,False,,Smart,RC,False,True,False,,,True,,False,False,False,False,False,False,False,False,False,False,0,Follow Yaw,-33.9,0,-163.3,196.7,False,False,False,False,False,True,,True,Normal,100,100,749,1024,1024,1358,N,False,False,False,False,False,0,False,False,False,False,71,7.661,1612,2285,7.661,False,3.832,3.829,0.004,False,False,4.834,91.4,90.8,91.4,,,,,,,,,Idle,,,True,,False,10,Go Home,True,True,True,False,False,False,False,False,False,False,False,False,43.0428875252967,-77.6663246167718,32.4,436.3,1640.4,True,1,1,False,False,False,False,,True,False,False,,328,,16.4,Calm,48,, 1.8.0,DJI Mini 3 Pro,1581F4XF3229R006,53HFK5R0M30ACD,5HAZK6H0018AUR,52XPK6HCA105XX,101.4,0.7,39.3,9.437649,6.71082,0,4049,DJI Mini 3 Pro,1581F4XF3229R006,53HFK5R0M30ACD,5HAZK6H0018AUR,52XPK6HCA105XX,DJI Fly,, 1.8.0,54E6999D-4E41-3C56-C869-63925F82E9FA,1581F4XF3229R006W0A6,,,,,,,,,,
6/22/2023,8:05:02.60 PM,0m 19.7s,19.7,43.0429575798266,-77.6662433142472,41.9,41.9,35.4,604,50.7,4.178948,4.905992,1.11847,3.579104,4.026492,4.250186,,,-0.8,-4.9,162.9,162.9,P-GPS (Brake),Other,,23,5,True,,Mini 3 Pro,False,False,,Smart,RC,False,True,False,,,True,,False,False,False,False,False,False,False,False,False,False,0,Follow Yaw,-33.9,0,-161.3,198.7,False,False,False,False,False,True,,True,Normal,100,100,745,1024,1024,1336,N,False,False,False,False,False,0,False,False,False,False,71,7.655,1610,2285,7.655,False,3.829,3.826,0.004,False,False,4.887,91.4,90.8,91.4,,,,,,,,,Idle,,,True,,False,10,Go Home,True,True,True,False,False,False,False,False,False,False,False,False,43.0428875252967,-77.6663246167718,33.5,436.3,1640.4,True,1,1,False,False,False,False,,True,False,False,,328,,16.4,Calm,48,, 1.8.0,DJI Mini 3 Pro,1581F4XF3229R006,53HFK5R0M30ACD,5HAZK6H0018AUR,52XPK6HCA105XX,101.4,0.7,39.3,9.437649,6.71082,0,4049,DJI Mini 3 Pro,1581F4XF3229R006,53HFK5R0M30ACD,5HAZK6H0018AUR,52XPK6HCA105XX,DJI Fly,, 1.8.0,54E6999D-4E41-3C56-C869-63925F82E9FA,1581F4XF3229R006W0A6,,,,,,,,,,
6/22/2023,8:05:02.80 PM,0m 19.9s,19.9,43.0429585308885,-77.6662388825362,41.9,41.9,35.4,604,51.9,4.124713,4.905992,0.894776,3.579104,4.026492,4.250186,,,-0.8,-5.3,164.8,164.8,P-GPS (Brake),Other,,23,5,True,,Mini 3 Pro,False,False,,Smart,RC,False,True,False,,,True,,False,False,False,False,False,False,False,False,False,False,0,Follow Yaw,-33.9,0,-159.6,200.4,False,False,False,False,False,True,,True,Normal,100,100,732,1024,1024,1271,N,False,False,False,False,False,0,False,False,False,False,71,7.655,1610,2285,7.655,False,3.829,3.826,0.004,False,False,4.887,91.4,90.8,91.4,,,,,,,,,Idle,,,True,,False,10,Go Home,True,True,True,False,False,False,False,False,False,False,False,False,43.0428875252967,-77.6663246167718,34.5,436.3,1640.4,True,1,1,False,False,False,False,,True,False,False,,328,,16.4,Calm,48,, 1.8.0,DJI Mini 3 Pro,1581F4XF3229R006,53HFK5R0M30ACD,5HAZK6H0018AUR,52XPK6HCA105XX,101.4,0.7,39.3,9.437649,6.71082,0,4049,DJI Mini 3 Pro,1581F4XF3229R006,53HFK5R0M30ACD,5HAZK6H0018AUR,52XPK6HCA105XX,DJI Fly,, 1.8.0,54E6999D-4E41-3C56-C869-63925F82E9FA,1581F4XF3229R006W0A6,,,,,,,,,,
6/22/2023,8:05:03.00 PM,0m 20.1s,20.1,43.0429593722182,-77.6662344333833,41.9,41.9,35.4,604,53.2,4.343351,4.905992,0.894776,3.579104,4.250186,4.250186,,,0,-6.1,166.6,166.6,P-GPS (Brake),Other,,23,5,True,,Mini 3 Pro,False,False,,Smart,RC,False,True,False,,,True,,False,False,False,False,False,False,False,False,False,False,0,Follow Yaw,-33.9,0,-158.3,201.7,False,False,False,False,False,True,,True,Normal,100,100,680,1024,1024,1250,N,False,False,False,False,False,0,False,False,False,False,71,7.655,1610,2285,7.655,False,3.829,3.826,0.004,False,False,4.887,91.4,90.8,91.4,,,,,,,,,Idle,,,True,,False,10,Go Home,True,True,True,False,False,False,False,False,False,False,False,False,43.0428875252967,-77.6663246167718,35.5,436.3,1640.4,True,1,1,False,False,False,False,,True,False,False,,328,,16.4,Calm,48,, 1.8.0,DJI Mini 3 Pro,1581F4XF3229R006,53HFK5R0M30ACD,5HAZK6H0018AUR,52XPK6HCA105XX,101.4,0.7,39.3,9.437649,6.71082,0,4049,DJI Mini 3 Pro,1581F4XF3229R006,53HFK5R0M30ACD,5HAZK6H0018AUR,52XPK6HCA105XX,DJI Fly,, 1.8.0,54E6999D-4E41-3C56-C869-63925F82E9FA,1581F4XF3229R006W0A6,,,,,,,,,,
6/22/2023,8:05:03.21 PM,0m 20.3s,20.3,43.0429601580177,-77.6662298918799,41.9,41.9,35.4,604,54.4,4.30284,4.905992,0.671082,3.579104,4.250186,4.250186,,,-0.2,-7.3,167.8,167.8,P-GPS (Brake),Other,,23,5,True,,Mini 3 Pro,False,False,,Smart,RC,False,True,False,,,True,,False,False,False,False,False,False,False,False,False,False,0,Follow Yaw,-33.9,0,-157.4,202.6,False,False,False,False,False,True,,True,Normal,100,100,642,1024,1024,1218,N,False,False,False,False,False,0,False,False,False,False,71,7.655,1610,2285,7.655,False,3.829,3.826,0.004,False,False,4.887,91.4,90.8,91.4,,,,,,,,,Idle,,,True,,False,10,Go Home,True,True,True,False,False,False,False,False,False,False,False,False,43.0428875252967,-77.6663246167718,36.6,436.3,1640.4,True,1,1,False,False,False,False,,True,False,False,,328,,16.4,Calm,48,, 1.8.0,DJI Mini 3 Pro,1581F4XF3229R006,53HFK5R0M30ACD,5HAZK6H0018AUR,52XPK6HCA105XX,101.4,0.7,39.3,9.437649,6.71082,0,4049,DJI Mini 3 Pro,1581F4XF3229R006,53HFK5R0M30ACD,5HAZK6H0018AUR,52XPK6HCA105XX,DJI Fly,, 1.8.0,54E6999D-4E41-3C56-C869-63925F82E9FA,1581F4XF3229R006W0A6,,,,,,,,,,
6/22/2023,8:05:03.41 PM,0m 20.5s,20.5,43.0429609018999,-77.6662251603657,41.9,41.9,35.4,604,55.7,4.523931,4.905992,0.671082,3.579104,4.47388,4.47388,,,0.1,-9.8,168.7,168.7,P-GPS (Brake),Other,,23,5,True,,Mini 3 Pro,False,False,,Smart,RC,False,True,False,,,True,,False,False,False,False,False,False,False,False,False,False,0,Follow Yaw,-33.9,0,-156.6,203.4,False,False,False,False,False,True,,True,Normal,100,100,641,1024,1024,1277,N,False,False,False,False,False,0,False,False,False,False,71,7.655,1610,2285,7.655,False,3.829,3.826,0.004,False,False,4.887,91.4,90.8,91.4,,,,,,,,,Idle,,,True,,False,10,Go Home,True,True,True,False,False,False,False,False,False,False,False,False,43.0428875252967,-77.6663246167718,37.6,436.3,1640.4,True,1,1,False,False,False,False,,True,False,False,,328,,16.4,Calm,48,, 1.8.0,DJI Mini 3 Pro,1581F4XF3229R006,53HFK5R0M30ACD,5HAZK6H0018AUR,52XPK6HCA105XX,101.4,0.7,39.3,9.437649,6.71082,0,4049,DJI Mini 3 Pro,1581F4XF3229R006,53HFK5R0M30ACD,5HAZK6H0018AUR,52XPK6HCA105XX,DJI Fly,, 1.8.0,54E6999D-4E41-3C56-C869-63925F82E9FA,1581F4XF3229R006W0A6,,,,,,,,,,
6/22/2023,8:05:03.61 PM,0m 20.7s,20.7,43.0429616296164,-77.6662200472183,41.6,41.9,35.4,604,57.1,4.966812,4.966812,0.671082,3.579104,4.921268,4.921268,,,0.5,-10.3,169.3,169.3,P-GPS (Brake),Other,,23,5,True,,Mini 3 Pro,False,False,,Smart,RC,False,True,False,,,True,,False,False,False,False,False,False,False,False,False,False,0,Follow Yaw,-33.9,0,-155.9,204.1,False,False,False,False,False,True,,True,Normal,100,100,641,1024,1024,1318,N,False,False,False,False,False,0,False,False,False,False,71,7.648,1609,2285,7.648,False,3.825,3.823,0.004,False,False,4.886,91.6,90.8,91.5,,,,,,,,,Idle,,,True,,False,10,Go Home,True,True,True,False,False,False,False,False,False,False,False,False,43.0428875252967,-77.6663246167718,38.8,436.3,1640.4,True,1,1,False,False,False,False,,True,False,False,,328,,16.4,Calm,48,, 1.8.0,DJI Mini 3 Pro,1581F4XF3229R006,53HFK5R0M30ACD,5HAZK6H0018AUR,52XPK6HCA105XX,101.4,0.7,39.3,9.437649,6.71082,0,4049,DJI Mini 3 Pro,1581F4XF3229R006,53HFK5R0M30ACD,5HAZK6H0018AUR,52XPK6HCA105XX,DJI Fly,, 1.8.0,54E6999D-4E41-3C56-C869-63925F82E9FA,1581F4XF3229R006W0A6,,,,,,,,,,
6/22/2023,8:05:03.81 PM,0m 20.9s,20.9,43.0429623647861,-77.6662144622968,41.9,41.9,35.4,604,58.6,5.410436,5.410436,0.671082,3.579104,5.368656,5.368656,,,0,-10,170.1,170.1,P-GPS (Brake),Other,,23,5,True,,Mini 3 Pro,False,False,,Smart,RC,False,True,False,,,True,,False,False,False,False,False,False,False,False,False,False,0,Follow Yaw,-33.9,0,-154.8,205.2,False,False,False,False,False,True,,True,Normal,100,100,641,1024,1024,1311,N,False,False,False,False,False,0,False,False,False,False,71,7.648,1609,2285,7.648,False,3.825,3.823,0.004,False,False,4.886,91.6,90.8,91.5,,,,,,,,,Idle,,,True,,False,10,Go Home,True,True,True,False,False,False,False,False,False,False,False,False,43.0428875252967,-77.6663246167718,40,436.3,1640.4,True,1,1,False,False,False,False,,True,False,False,,328,,16.4,Calm,48,, 1.8.0,DJI Mini 3 Pro,1581F4XF3229R006,53HFK5R0M30ACD,5HAZK6H0018AUR,52XPK6HCA105XX,101.4,0.7,39.3,9.437649,6.71082,0,4049,DJI Mini 3 Pro,1581F4XF3229R006,53HFK5R0M30ACD,5HAZK6H0018AUR,52XPK6HCA105XX,DJI Fly,, 1.8.0,54E6999D-4E41-3C56-C869-63925F82E9FA,1581F4XF3229R006W0A6,,,,,,,,,,
6/22/2023,8:05:04.01 PM,0m 21.1s,21.1,43.0429630898041,-77.6662084750237,41.9,41.9,35.4,604,60.2,5.632471,5.632471,0.671082,3.579104,5.59235,5.59235,,,-0.9,-9.5,171.4,171.4,P-GPS (Brake),Other,,23,5,True,,Mini 3 Pro,False,False,,Smart,RC,False,True,False,,,True,,False,False,False,False,False,False,False,False,False,False,0,Follow Yaw,-33.9,0,-153.5,206.5,False,False,False,False,False,True,,True,Normal,100,100,641,1024,1024,1321,N,False,False,False,False,False,0,False,False,False,False,71,7.648,1609,2285,7.648,False,3.825,3.823,0.004,False,False,4.886,91.6,90.8,91.5,,,,,,,,,Idle,,,True,,False,10,Go Home,True,True,True,False,False,False,False,False,False,False,False,False,43.0428875252967,-77.6663246167718,41.4,436.3,1640.4,True,1,1,False,False,False,False,,True,False,False,,328,,16.4,Calm,48,, 1.8.0,DJI Mini 3 Pro,1581F4XF3229R006,53HFK5R0M30ACD,5HAZK6H0018AUR,52XPK6HCA105XX,101.4,0.7,39.3,9.437649,6.71082,0,4049,DJI Mini 3 Pro,1581F4XF3229R006,53HFK5R0M30ACD,5HAZK6H0018AUR,52XPK6HCA105XX,DJI Fly,, 1.8.0,54E6999D-4E41-3C56-C869-63925F82E9FA,1581F4XF3229R006W0A6,,,,,,,,,,
6/22/2023,8:05:04.22 PM,0m 21.3s,21.3,43.0429637203473,-77.6662021073422,41.9,41.9,35.4,604,61.9,5.833225,5.833225,0.447388,3.579104,5.816044,5.816044,,,-0.8,-10.4,172.8,172.8,P-GPS (Brake),Other,,23,5,True,,Mini 3 Pro,False,False,,Smart,RC,False,True,False,,,True,,False,False,False,False,False,False,False,False,False,False,0,Follow Yaw,-33.9,0,-152.1,207.9,False,False,False,False,False,True,,True,Normal,100,100,641,1024,1024,1359,N,False,False,False,False,False,0,False,False,False,False,71,7.648,1609,2285,7.648,False,3.825,3.823,0.004,False,False,4.886,91.6,90.8,91.5,,,,,,,,,Idle,,,True,,False,10,Go Home,True,True,True,False,False,False,False,False,False,False,False,False,43.0428875252967,-77.6663246167718,42.8,436.3,1640.4,True,1,1,False,False,False,False,,True,False,False,,328,,16.4,Calm,48,, 1.8.0,DJI Mini 3 Pro,1581F4XF3229R006,53HFK5R0M30ACD,5HAZK6H0018AUR,52XPK6HCA105XX,101.4,0.7,39.3,9.437649,6.71082,0,4049,DJI Mini 3 Pro,1581F4XF3229R006,53HFK5R0M30ACD,5HAZK6H0018AUR,52XPK6HCA105XX,DJI Fly,, 1.8.0,54E6999D-4E41-3C56-C869-63925F82E9FA,1581F4XF3229R006W0A6,,,,,,,,,,
6/22/2023,8:05:04.52 PM,0m 21.5s,21.5,43.0429642516611,-77.6661954145091,41.9,41.9,35.4,604,63.7,6.279389,6.279389,0.447388,3.579104,6.263432,6.263432,,,-1.5,-10.5,174.2,174.2,P-GPS (Brake),Other,,23,5,True,,Mini 3 Pro,False,False,,Smart,RC,False,True,False,,,True,,False,False,False,False,False,False,False,False,False,False,0,Follow Yaw,-33.9,0,-150.3,209.7,False,False,False,False,False,True,,True,Normal,100,100,641,1024,1024,1344,N,False,False,False,False,False,0,False,False,False,False,71,7.648,1609,2285,7.648,False,3.825,3.823,0.004,False,False,4.886,91.6,90.8,91.5,,,,,,,,,Idle,,,True,,False,10,Go Home,True,True,True,False,False,False,False,False,False,False,False,False,43.0428875252967,-77.6663246167718,44.3,436.3,1640.4,True,1,1,False,False,False,False,,True,False,False,,328,,16.4,Calm,48,, 1.8.0,DJI Mini 3 Pro,1581F4XF3229R006,53HFK5R0M30ACD,5HAZK6H0018AUR,52XPK6HCA105XX,101.4,0.7,39.3,9.437649,6.71082,0,4049,DJI Mini 3 Pro,1581F4XF3229R006,53HFK5R0M30ACD,5HAZK6H0018AUR,52XPK6HCA105XX,DJI Fly,, 1.8.0,54E6999D-4E41-3C56-C869-63925F82E9FA,1581F4XF3229R006W0A6,,,,,,,,,,
6/22/2023,8:05:04.62 PM,0m 21.7s,21.7,43.0429646960731,-77.66618840766,41.9,41.9,35.4,604,65.6,6.490981,6.490981,0.223694,3.579104,6.487126,6.487126,,,-1.5,-10.4,175.9,175.9,P-GPS (Brake),Other,,23,5,True,,Mini 3 Pro,False,False,,Smart,RC,False,True,False,,,True,,False,False,False,False,False,False,False,False,False,False,0,Follow Yaw,-33.9,0,-148.5,211.5,False,False,False,False,False,True,,True,Normal,100,100,641,1024,1024,1391,N,False,False,False,False,False,0,False,False,False,False,71,7.648,1609,2285,7.648,False,3.825,3.823,0.004,False,False,4.886,91.6,90.8,91.5,,,,,,,,,Idle,,,True,,False,10,Go Home,True,True,True,False,False,False,False,False,False,False,False,False,43.0428875252967,-77.6663246167718,45.9,436.3,1640.4,True,1,1,False,False,False,False,,True,False,False,,328,,16.4,Calm,48,, 1.8.0,DJI Mini 3 Pro,1581F4XF3229R006,53HFK5R0M30ACD,5HAZK6H0018AUR,52XPK6HCA105XX,101.4,0.7,39.3,9.437649,6.71082,0,4049,DJI Mini 3 Pro,1581F4XF3229R006,53HFK5R0M30ACD,5HAZK6H0018AUR,52XPK6HCA105XX,DJI Fly,, 1.8.0,54E6999D-4E41-3C56-C869-63925F82E9FA,1581F4XF3229R006W0A6,,,,,,,,,,
6/22/2023,8:05:04.82 PM,0m 21.9s,21.9,43.0429650306072,-77.6661811068979,41.9,41.9,35.4,604,67.6,6.714547,6.714547,0.223694,3.579104,6.71082,6.71082,,,-2.2,-10.7,177.9,177.9,P-GPS (Brake),Other,,23,5,True,,Mini 3 Pro,False,False,,Smart,RC,False,True,False,,,True,,False,False,False,False,False,False,False,False,False,False,0,Follow Yaw,-33.9,0.1,-146.5,213.5,False,False,False,False,False,True,,True,Normal,100,100,641,1024,1024,1410,N,False,False,False,False,False,0,False,False,False,False,71,7.65,1608,2285,7.65,False,3.827,3.823,0.004,False,False,4.947,91.6,90.8,91.5,,,,,,,,,Idle,,,True,,False,10,Go Home,True,True,True,False,False,False,False,False,False,False,False,False,43.0428875252967,-77.6663246167718,47.5,436.3,1640.4,True,1,1,False,False,False,False,,True,False,False,,328,,16.4,Calm,48,, 1.8.0,DJI Mini 3 Pro,1581F4XF3229R006,53HFK5R0M30ACD,5HAZK6H0018AUR,52XPK6HCA105XX,101.4,0.7,39.3,9.437649,6.71082,0,4049,DJI Mini 3 Pro,1581F4XF3229R006,53HFK5R0M30ACD,5HAZK6H0018AUR,52XPK6HCA105XX,DJI Fly,, 1.8.0,54E6999D-4E41-3C56-C869-63925F82E9FA,1581F4XF3229R006W0A6,,,,,,,,,,
6/22/2023,8:05:05.02 PM,0m 22.1s,22.1,43.0429651594178,-77.6661735482088,41.9,41.9,35.4,604,69.6,6.934514,6.934514,,3.579104,6.934514,6.934514,,,-3.6,-10.2,-179.9,180.1,P-GPS (Brake),Other,,23,5,True,,Mini 3 Pro,False,False,,Smart,RC,False,True,False,,,True,,False,False,False,False,False,False,False,False,False,False,0,Follow Yaw,-33.9,0.1,-144,216,False,False,False,False,False,True,,True,Normal,100,100,653,1024,1024,1391,N,False,False,False,False,False,0,False,False,False,False,71,7.65,1608,2285,7.65,False,3.827,3.823,0.004,False,False,4.947,91.6,90.8,91.5,,,,,,,,,Idle,,,True,,False,10,Go Home,True,True,True,False,False,False,False,False,False,False,False,False,43.0428875252967,-77.6663246167718,49.2,436.3,1640.4,True,1,1,False,False,False,False,,True,False,False,,328,,16.4,Calm,48,, 1.8.0,DJI Mini 3 Pro,1581F4XF3229R006,53HFK5R0M30ACD,5HAZK6H0018AUR,52XPK6HCA105XX,101.4,0.7,39.3,9.437649,6.71082,0,4049,DJI Mini 3 Pro,1581F4XF3229R006,53HFK5R0M30ACD,5HAZK6H0018AUR,52XPK6HCA105XX,DJI Fly,, 1.8.0,54E6999D-4E41-3C56-C869-63925F82E9FA,1581F4XF3229R006W0A6,,,,,,,,,,
6/22/2023,8:05:05.23 PM,0m 22.3s,22.3,43.0429649882015,-77.6661657469249,41.9,41.9,35.4,604,71.7,7.172175,7.172175,-0.447388,3.579104,7.158208,7.158208,,,-3.1,-10,-177.4,182.6,P-GPS (Brake),Other,,23,5,True,,Mini 3 Pro,False,False,,Smart,RC,False,True,False,,,True,,False,False,False,False,False,False,False,False,False,False,0,Follow Yaw,-33.9,0.1,-141.3,218.7,False,False,False,False,False,True,,True,Normal,100,100,662,1024,1024,1390,N,False,False,False,False,False,0,False,False,False,False,71,7.65,1608,2285,7.65,False,3.827,3.823,0.004,False,False,4.947,91.6,90.8,91.5,,,,,,,,,Idle,,,True,,False,10,Go Home,True,True,True,False,False,False,False,False,False,False,False,False,43.0428875252967,-77.6663246167718,50.9,436.3,1640.4,True,1,1,False,False,False,False,,True,False,False,,328,,16.4,Calm,48,, 1.8.0,DJI Mini 3 Pro,1581F4XF3229R006,53HFK5R0M30ACD,5HAZK6H0018AUR,52XPK6HCA105XX,101.4,0.7,39.3,9.437649,6.71082,0,4049,DJI Mini 3 Pro,1581F4XF3229R006,53HFK5R0M30ACD,5HAZK6H0018AUR,52XPK6HCA105XX,DJI Fly,, 1.8.0,54E6999D-4E41-3C56-C869-63925F82E9FA,1581F4XF3229R006W0A6,,,,,,,,,,
6/22/2023,8:05:05.43 PM,0m 22.5s,22.5,43.0429645101904,-77.666157744471,41.9,41.9,35.4,604,73.8,7.412342,7.412342,-0.671082,3.579104,7.381902,7.381902,,,-2.4,-9.3,-174.8,185.2,P-GPS (Brake),Other,,23,5,True,,Mini 3 Pro,False,False,,Smart,RC,False,True,False,,,True,,False,False,False,False,False,False,False,False,False,False,0,Follow Yaw,-33.9,0.1,-138.7,221.3,False,False,False,False,False,True,,True,Normal,100,100,678,1024,1024,1389,N,False,False,False,False,False,0,False,False,False,False,71,7.65,1608,2285,7.65,False,3.827,3.823,0.004,False,False,4.947,91.6,90.8,91.5,,,,,,,,,Idle,,,True,,False,10,Go Home,True,True,True,False,False,False,False,False,False,False,False,False,43.0428875252967,-77.6663246167718,52.6,436.3,1640.4,True,1,1,False,False,False,False,,True,False,False,,328,,16.4,Calm,48,, 1.8.0,DJI Mini 3 Pro,1581F4XF3229R006,53HFK5R0M30ACD,5HAZK6H0018AUR,52XPK6HCA105XX,101.4,0.7,39.3,9.437649,6.71082,0,4049,DJI Mini 3 Pro,1581F4XF3229R006,53HFK5R0M30ACD,5HAZK6H0018AUR,52XPK6HCA105XX,DJI Fly,, 1.8.0,54E6999D-4E41-3C56-C869-63925F82E9FA,1581F4XF3229R006W0A6,,,,,,,,,,
6/22/2023,8:05:05.63 PM,0m 22.7s,22.7,43.0429637070002,-77.66614963141,41.9,41.9,35.4,604,76,7.466153,7.466153,-1.11847,3.579104,7.381902,7.381902,,,-1.6,-8.2,-172.4,187.6,P-GPS (Brake),Other,,23,5,True,,Mini 3 Pro,False,False,,Smart,RC,False,True,False,,,True,,False,False,False,False,False,False,False,False,False,False,0,Follow Yaw,-33.9,0.1,-136.2,223.8,False,False,False,False,False,True,,True,Normal,100,100,678,1024,1024,1383,N,False,False,False,False,False,0,False,False,False,False,71,7.65,1608,2285,7.65,False,3.827,3.823,0.004,False,False,4.947,91.6,90.8,91.5,,,,,,,,,Idle,,,True,,False,10,Go Home,True,True,True,False,False,False,False,False,False,False,False,False,43.0428875252967,-77.6663246167718,54.3,436.3,1640.4,True,1,1,False,False,False,False,,True,False,False,,328,,16.4,Calm,48,, 1.8.0,DJI Mini 3 Pro,1581F4XF3229R006,53HFK5R0M30ACD,5HAZK6H0018AUR,52XPK6HCA105XX,101.4,0.7,39.3,9.437649,6.71082,0,4049,DJI Mini 3 Pro,1581F4XF3229R006,53HFK5R0M30ACD,5HAZK6H0018AUR,52XPK6HCA105XX,DJI Fly,, 1.8.0,54E6999D-4E41-3C56-C869-63925F82E9FA,1581F4XF3229R006W0A6,,,,,,,,,,
6/22/2023,8:05:05.83 PM,0m 22.9s,22.9,43.0429626422481,-77.6661415330481,41.9,41.9,35.4,604,78.2,7.502924,7.502924,-1.342164,3.579104,7.381902,7.381902,,,-2.1,-7.2,-169.7,190.3,P-GPS (Brake),Other,,23,5,True,,Mini 3 Pro,False,False,,Smart,RC,False,True,False,,,True,,False,False,False,False,False,False,False,False,False,False,0,Follow Yaw,-33.9,0.1,-133.7,226.3,False,False,False,False,False,True,,True,Normal,100,100,678,1024,1024,1356,N,False,False,False,False,False,0,False,False,False,False,71,7.649,1606,2285,7.649,False,3.825,3.824,0.004,False,False,4.698,91.6,90.8,91.5,,,,,,,,,Idle,,,True,,False,10,Go Home,True,True,True,False,False,False,False,False,False,False,False,False,43.0428875252967,-77.6663246167718,55.9,436.3,1640.4,True,1,1,False,False,False,False,,True,False,False,,328,,16.4,Calm,48,, 1.8.0,DJI Mini 3 Pro,1581F4XF3229R006,53HFK5R0M30ACD,5HAZK6H0018AUR,52XPK6HCA105XX,101.4,0.7,39.3,9.437649,6.71082,0,4049,DJI Mini 3 Pro,1581F4XF3229R006,53HFK5R0M30ACD,5HAZK6H0018AUR,52XPK6HCA105XX,DJI Fly,, 1.8.0,54E6999D-4E41-3C56-C869-63925F82E9FA,1581F4XF3229R006W0A6,,,,,,,,,,
6/22/2023,8:05:06.04 PM,0m 23.1s,23.1,43.0429613522658,-77.666133524452,41.9,41.9,35.4,604,80.4,7.378511,7.502924,-1.789552,3.579104,7.158208,7.381902,,,-1.5,-7.7,-167.3,192.7,P-GPS (Brake),Other,,23,5,True,,Mini 3 Pro,False,False,,Smart,RC,False,True,False,,,True,,False,False,False,False,False,False,False,False,False,False,0,Follow Yaw,-33.9,0.1,-131.5,228.5,False,False,False,False,False,True,,True,Normal,100,100,678,1024,1024,1344,N,False,False,False,False,False,0,False,False,False,False,71,7.649,1606,2285,7.649,False,3.825,3.824,0.004,False,False,4.698,91.6,90.8,91.5,,,,,,,,,Idle,,,True,,False,10,Go Home,True,True,True,False,False,False,False,False,False,False,False,False,43.0428875252967,-77.6663246167718,57.6,436.3,1640.4,True,1,1,False,False,False,False,,True,False,False,,328,,16.4,Calm,48,, 1.8.0,DJI Mini 3 Pro,1581F4XF3229R006,53HFK5R0M30ACD,5HAZK6H0018AUR,52XPK6HCA105XX,101.4,0.7,39.3,9.437649,6.71082,0,4049,DJI Mini 3 Pro,1581F4XF3229R006,53HFK5R0M30ACD,5HAZK6H0018AUR,52XPK6HCA105XX,DJI Fly,, 1.8.0,54E6999D-4E41-3C56-C869-63925F82E9FA,1581F4XF3229R006W0A6,,,,,,,,,,
6/22/2023,8:05:06.24 PM,0m 23.3s,23.3,43.0429598203225,-77.6661256013666,41.9,41.9,35.4,604,82.5,7.435933,7.502924,-2.013246,3.579104,7.158208,7.381902,,,-1.9,-6.6,-165,195,P-GPS (Brake),Other,,23,5,True,,Mini 3 Pro,False,False,,Smart,RC,False,True,False,,,True,,False,False,False,False,False,False,False,False,False,False,0,Follow Yaw,-33.9,0,-129.5,230.5,False,False,False,False,False,True,,True,Normal,100,100,678,1024,1024,1339,N,False,False,False,False,False,0,False,False,False,False,71,7.649,1606,2285,7.649,False,3.825,3.824,0.004,False,False,4.698,91.6,90.8,91.5,,,,,,,,,Idle,,,True,,False,10,Go Home,True,True,True,False,False,False,False,False,False,False,False,False,43.0428875252967,-77.6663246167718,59.2,436.3,1640.4,True,1,1,False,False,False,False,,True,False,False,,328,,16.4,Calm,48,, 1.8.0,DJI Mini 3 Pro,1581F4XF3229R006,53HFK5R0M30ACD,5HAZK6H0018AUR,52XPK6HCA105XX,101.4,0.7,39.3,9.437649,6.71082,0,4049,DJI Mini 3 Pro,1581F4XF3229R006,53HFK5R0M30ACD,5HAZK6H0018AUR,52XPK6HCA105XX,DJI Fly,, 1.8.0,54E6999D-4E41-3C56-C869-63925F82E9FA,1581F4XF3229R006W0A6,,,,,,,,,,
6/22/2023,8:05:06.44 PM,0m 23.5s,23.5,43.0429580298242,-77.6661177692542,41.9,41.9,35.4,604,84.7,7.286383,7.502924,-2.23694,3.579104,6.934514,7.381902,,,-0.4,-7.8,-163.1,196.9,P-GPS (Brake),Other,,23,5,True,,Mini 3 Pro,False,False,,Smart,RC,False,True,False,,,True,,False,False,False,False,False,False,False,False,False,False,0,Follow Yaw,-33.9,0,-127.6,232.4,False,False,False,False,False,True,,True,Normal,100,100,678,1024,1024,1336,N,False,False,False,False,False,0,False,False,False,False,71,7.649,1606,2285,7.649,False,3.825,3.824,0.004,False,False,4.698,91.6,90.8,91.5,,,,,,,,,Idle,,,True,,False,10,Go Home,True,True,True,False,False,False,False,False,False,False,False,False,43.0428875252967,-77.6663246167718,60.8,436.3,1640.4,True,1,1,False,False,False,False,,True,False,False,,328,,16.4,Calm,48,, 1.8.0,DJI Mini 3 Pro,1581F4XF3229R006,53HFK5R0M30ACD,5HAZK6H0018AUR,52XPK6HCA105XX,101.4,0.7,39.3,9.437649,6.71082,0,4049,DJI Mini 3 Pro,1581F4XF3229R006,53HFK5R0M30ACD,5HAZK6H0018AUR,52XPK6HCA105XX,DJI Fly,, 1.8.0,54E6999D-4E41-3C56-C869-63925F82E9FA,1581F4XF3229R006W0A6,,,,,,,,,,
6/22/2023,8:05:06.64 PM,0m 23.7s,23.7,43.0429560416295,-77.6661099906989,41.9,41.9,35.4,604,86.9,7.358138,7.502924,-2.460634,3.579104,6.934514,7.381902,,,0.2,-6.6,-161.5,198.5,P-GPS (Brake),Other,,23,5,True,,Mini 3 Pro,False,False,,Smart,RC,False,True,False,,,True,,False,False,False,False,False,False,False,False,False,False,0,Follow Yaw,-33.9,0,-125.9,234.1,False,False,False,False,False,True,,True,Normal,100,100,677,1024,1024,1330,N,False,False,False,False,False,0,False,False,False,False,71,7.649,1606,2285,7.649,False,3.825,3.824,0.004,False,False,4.698,91.6,90.8,91.5,,,,,,,,,Idle,,,True,,False,10,Go Home,True,True,True,False,False,False,False,False,False,False,False,False,43.0428875252967,-77.6663246167718,62.4,436.3,1640.4,True,1,1,False,False,False,False,,True,False,False,,328,,16.4,Calm,48,, 1.8.0,DJI Mini 3 Pro,1581F4XF3229R006,53HFK5R0M30ACD,5HAZK6H0018AUR,52XPK6HCA105XX,101.4,0.7,39.3,9.437649,6.71082,0,4049,DJI Mini 3 Pro,1581F4XF3229R006,53HFK5R0M30ACD,5HAZK6H0018AUR,52XPK6HCA105XX,DJI Fly,, 1.8.0,54E6999D-4E41-3C56-C869-63925F82E9FA,1581F4XF3229R006W0A6,,,,,,,,,,
6/22/2023,8:05:06.84 PM,0m 23.9s,23.9,43.042953901074,-77.6661023237588,41.9,41.9,35.4,604,89.1,7.227774,7.502924,-2.684328,3.579104,6.71082,7.381902,,,0.2,-7.1,-159.7,200.3,P-GPS (Brake),Other,,23,5,True,,Mini 3 Pro,False,False,,Smart,RC,False,True,False,,,True,,False,False,False,False,False,False,False,False,False,False,0,Follow Yaw,-33.9,0,-124.2,235.8,False,False,False,False,False,True,,True,Normal,100,100,675,1024,1024,1380,N,False,False,False,False,False,0,False,False,False,False,71,7.665,1605,2285,7.665,False,3.833,3.832,0.004,False,False,4.669,91.8,90.8,91.7,,,,,,,,,Idle,,,True,,False,10,Go Home,True,True,True,False,False,False,False,False,False,False,False,False,43.0428875252967,-77.6663246167718,64,436.3,1640.4,True,1,1,False,False,False,False,,True,False,False,,328,,16.4,Calm,48,, 1.8.0,DJI Mini 3 Pro,1581F4XF3229R006,53HFK5R0M30ACD,5HAZK6H0018AUR,52XPK6HCA105XX,101.4,0.7,39.3,9.437649,6.71082,0,4049,DJI Mini 3 Pro,1581F4XF3229R006,53HFK5R0M30ACD,5HAZK6H0018AUR,52XPK6HCA105XX,DJI Fly,, 1.8.0,54E6999D-4E41-3C56-C869-63925F82E9FA,1581F4XF3229R006W0A6,,,,,,,,,,
6/22/2023,8:05:07.05 PM,0m 24.1s,24.1,43.0429516229612,-77.6660947913851,41.9,41.9,35.4,604,91.3,7.313801,7.502924,-2.908022,3.579104,6.71082,7.381902,,,-0.5,-6.8,-157.9,202.1,P-GPS (Brake),Other,,23,5,True,,Mini 3 Pro,False,False,,Smart,RC,False,True,False,,,True,,False,False,False,False,False,False,False,False,False,False,0,Follow Yaw,-33.9,0,-122.4,237.6,False,False,False,False,False,True,,True,Normal,100,100,674,1024,1024,1394,N,False,False,False,False,False,0,False,False,False,False,71,7.665,1605,2285,7.665,False,3.833,3.832,0.004,False,False,4.669,91.8,90.8,91.7,,,,,,,,,Idle,,,True,,False,10,Go Home,True,True,True,False,False,False,False,False,False,False,False,False,43.0428875252967,-77.6663246167718,65.5,436.3,1640.4,True,1,1,False,False,False,False,,True,False,False,,328,,16.4,Calm,48,, 1.8.0,DJI Mini 3 Pro,1581F4XF3229R006,53HFK5R0M30ACD,5HAZK6H0018AUR,52XPK6HCA105XX,101.4,0.7,39.3,9.437649,6.71082,0,4049,DJI Mini 3 Pro,1581F4XF3229R006,53HFK5R0M30ACD,5HAZK6H0018AUR,52XPK6HCA105XX,DJI Fly,, 1.8.0,54E6999D-4E41-3C56-C869-63925F82E9FA,1581F4XF3229R006W0A6,,,,,,,,,,
6/22/2023,8:05:07.25 PM,0m 24.3s,24.3,43.0429491043737,-77.6660873631482,41.9,41.9,35.4,604,93.5,7.502924,7.502924,-3.35541,3.579104,6.71082,7.381902,,,-0.6,-7.7,-155.9,204.1,P-GPS (Brake),Other,,23,5,True,,Mini 3 Pro,False,False,,Smart,RC,False,True,False,,,True,,False,False,False,False,False,False,False,False,False,False,0,Follow Yaw,-33.9,0.1,-120.1,239.9,False,False,False,False,False,True,,True,Normal,100,100,674,1024,1024,1389,N,False,False,False,False,False,0,False,False,False,False,71,7.665,1605,2285,7.665,False,3.833,3.832,0.004,False,False,4.669,91.8,90.8,91.7,,,,,,,,,Idle,,,True,,False,10,Go Home,True,True,True,False,False,False,False,False,False,False,False,False,43.0428875252967,-77.6663246167718,67.1,436.3,1640.4,True,1,1,False,False,False,False,,True,False,False,,328,,16.4,Calm,48,, 1.8.0,DJI Mini 3 Pro,1581F4XF3229R006,53HFK5R0M30ACD,5HAZK6H0018AUR,52XPK6HCA105XX,101.4,0.7,39.3,9.437649,6.71082,0,4049,DJI Mini 3 Pro,1581F4XF3229R006,53HFK5R0M30ACD,5HAZK6H0018AUR,52XPK6HCA105XX,DJI Fly,, 1.8.0,54E6999D-4E41-3C56-C869-63925F82E9FA,1581F4XF3229R006W0A6,,,,,,,,,,
6/22/2023,8:05:07.45 PM,0m 24.5s,24.5,43.0429463220868,-77.6660800036012,41.9,41.9,35.4,604,95.7,7.408966,7.502924,-3.579104,3.579104,6.487126,7.381902,,,-0.6,-6.1,-153.8,206.2,P-GPS (Brake),Other,,23,5,True,,Mini 3 Pro,False,False,,Smart,RC,False,True,False,,,True,,False,False,False,False,False,False,False,False,False,False,0,Follow Yaw,-33.9,0.1,-117.7,242.3,False,False,False,False,False,True,,True,Normal,100,100,675,1024,1024,1361,N,False,False,False,False,False,0,False,False,False,False,71,7.665,1605,2285,7.665,False,3.833,3.832,0.004,False,False,4.669,91.8,90.8,91.7,,,,,,,,,Idle,,,True,,False,10,Go Home,True,True,True,False,False,False,False,False,False,False,False,False,43.0428875252967,-77.6663246167718,68.6,436.3,1640.4,True,1,1,False,False,False,False,,True,False,False,,328,,16.4,Calm,48,, 1.8.0,DJI Mini 3 Pro,1581F4XF3229R006,53HFK5R0M30ACD,5HAZK6H0018AUR,52XPK6HCA105XX,101.4,0.7,39.3,9.437649,6.71082,0,4049,DJI Mini 3 Pro,1581F4XF3229R006,53HFK5R0M30ACD,5HAZK6H0018AUR,52XPK6HCA105XX,DJI Fly,, 1.8.0,54E6999D-4E41-3C56-C869-63925F82E9FA,1581F4XF3229R006W0A6,,,,,,,,,,
6/22/2023,8:05:07.65 PM,0m 24.7s,24.7,43.042943331879,-77.6660727287561,41.9,41.9,35.4,604,97.9,7.519579,7.519579,-3.802798,3.579104,6.487126,7.381902,,,0.6,-6,-151.5,208.5,P-GPS (Brake),Other,,23,5,True,,Mini 3 Pro,False,False,,Smart,RC,False,True,False,,,True,,False,False,False,False,False,False,False,False,False,False,0,Follow Yaw,-33.9,0.1,-115.5,244.5,False,False,False,False,False,True,,True,Normal,100,100,675,1024,1024,1409,N,False,False,False,False,False,0,False,False,False,False,71,7.665,1605,2285,7.665,False,3.833,3.832,0.004,False,False,4.669,91.8,90.8,91.7,,,,,,,,,Idle,,,True,,False,10,Go Home,True,True,True,False,False,False,False,False,False,False,False,False,43.0428875252967,-77.6663246167718,70.1,436.3,1640.4,True,1,1,False,False,False,False,,True,False,False,,328,,16.4,Calm,48,, 1.8.0,DJI Mini 3 Pro,1581F4XF3229R006,53HFK5R0M30ACD,5HAZK6H0018AUR,52XPK6HCA105XX,101.4,0.7,39.3,9.437649,6.71082,0,4049,DJI Mini 3 Pro,1581F4XF3229R006,53HFK5R0M30ACD,5HAZK6H0018AUR,52XPK6HCA105XX,DJI Fly,, 1.8.0,54E6999D-4E41-3C56-C869-63925F82E9FA,1581F4XF3229R006W0A6,,,,,,,,,,
6/22/2023,8:05:07.86 PM,0m 24.9s,24.9,43.0429401711146,-77.6660655904702,41.9,41.9,35.4,604,100.1,7.44602,7.519579,-4.026492,3.579104,6.263432,7.381902,,,-1.1,-5.3,-149.2,210.8,P-GPS (Brake),Other,,23,5,True,,Mini 3 Pro,False,False,,Smart,RC,False,True,False,,,True,,False,False,False,False,False,False,False,False,False,False,0,Follow Yaw,-33.9,0.1,-113.1,246.9,False,False,False,False,False,True,,True,Normal,100,100,675,1024,1024,1364,N,False,False,False,False,False,0,False,False,False,False,71,7.66,1604,2285,7.66,False,3.83,3.83,0.004,False,False,4.458,91.8,90.8,91.7,,,,,,,,,Idle,,,True,,False,10,Go Home,True,True,True,False,False,False,False,False,False,False,False,False,43.0428875252967,-77.6663246167718,71.6,436.3,1640.4,True,1,1,False,False,False,False,,True,False,False,,328,,16.4,Calm,48,, 1.8.0,DJI Mini 3 Pro,1581F4XF3229R006,53HFK5R0M30ACD,5HAZK6H0018AUR,52XPK6HCA105XX,101.4,0.7,39.3,9.437649,6.71082,0,4049,DJI Mini 3 Pro,1581F4XF3229R006,53HFK5R0M30ACD,5HAZK6H0018AUR,52XPK6HCA105XX,DJI Fly,, 1.8.0,54E6999D-4E41-3C56-C869-63925F82E9FA,1581F4XF3229R006W0A6,,,,,,,,,,
6/22/2023,8:05:08.06 PM,0m 25.1s,25.1,43.0429367785407,-77.6660586349041,41.9,41.9,35.4,604,102.4,7.38529,7.519579,-4.250186,3.579104,6.039738,7.381902,,,-0.5,-5.8,-146.9,213.1,P-GPS (Brake),Other,,23,5,True,,Mini 3 Pro,False,False,,Smart,RC,False,True,False,,,True,,False,False,False,False,False,False,False,False,False,False,0,Follow Yaw,-33.9,0.1,-110.6,249.4,False,False,False,False,False,True,,True,Normal,100,100,675,1024,1024,1353,N,False,False,False,False,False,0,False,False,False,False,71,7.66,1604,2285,7.66,False,3.83,3.83,0.004,False,False,4.458,91.8,90.8,91.7,,,,,,,,,Idle,,,True,,False,10,Go Home,True,True,True,False,False,False,False,False,False,False,False,False,43.0428875252967,-77.6663246167718,73.1,436.3,1640.4,True,1,1,False,False,False,False,,True,False,False,,328,,16.4,Calm,48,, 1.8.0,DJI Mini 3 Pro,1581F4XF3229R006,53HFK5R0M30ACD,5HAZK6H0018AUR,52XPK6HCA105XX,101.4,0.7,39.3,9.437649,6.71082,0,4049,DJI Mini 3 Pro,1581F4XF3229R006,53HFK5R0M30ACD,5HAZK6H0018AUR,52XPK6HCA105XX,DJI Fly,, 1.8.0,54E6999D-4E41-3C56-C869-63925F82E9FA,1581F4XF3229R006W0A6,,,,,,,,,,
6/22/2023,8:05:08.26 PM,0m 25.3s,25.3,43.0429332052028,-77.6660518739906,41.9,41.9,35.4,604,104.6,7.337708,7.519579,-4.47388,3.579104,5.816044,7.381902,,,0,-6,-144.3,215.7,P-GPS (Brake),Other,,23,5,True,,Mini 3 Pro,False,False,,Smart,RC,False,True,False,,,True,,False,False,False,False,False,False,False,False,False,False,0,Follow Yaw,-33.9,0.1,-108.4,251.6,False,False,False,False,False,True,,True,Normal,100,100,675,1024,1024,1394,N,False,False,False,False,False,0,False,False,False,False,71,7.66,1604,2285,7.66,False,3.83,3.83,0.004,False,False,4.458,91.8,90.8,91.7,,,,,,,,,Idle,,,True,,False,10,Go Home,True,True,True,False,False,False,False,False,False,False,False,False,43.0428875252967,-77.6663246167718,74.6,436.3,1640.4,True,1,1,False,False,False,False,,True,False,False,,328,,16.4,Calm,48,, 1.8.0,DJI Mini 3 Pro,1581F4XF3229R006,53HFK5R0M30ACD,5HAZK6H0018AUR,52XPK6HCA105XX,101.4,0.7,39.3,9.437649,6.71082,0,4049,DJI Mini 3 Pro,1581F4XF3229R006,53HFK5R0M30ACD,5HAZK6H0018AUR,52XPK6HCA105XX,DJI Fly,, 1.8.0,54E6999D-4E41-3C56-C869-63925F82E9FA,1581F4XF3229R006W0A6,,,,,,,,,,
6/22/2023,8:05:08.46 PM,0m 25.5s,25.5,43.042929440645,-77.6660452749555,41.9,41.9,35.4,604,106.8,7.4762,7.519579,-4.697574,3.579104,5.816044,7.381902,,,-1.2,-5.5,-142.1,217.9,P-GPS (Brake),Other,,23,5,True,,Mini 3 Pro,False,False,,Smart,RC,False,True,False,,,True,,False,False,False,False,False,False,False,False,False,False,0,Follow Yaw,-33.9,0.1,-106.2,253.8,False,False,False,False,False,True,,True,Normal,100,100,675,1024,1024,1361,N,False,False,False,False,False,0,False,False,False,False,71,7.66,1604,2285,7.66,False,3.83,3.83,0.004,False,False,4.458,91.8,90.8,91.7,,,,,,,,,Idle,,,True,,False,10,Go Home,True,True,True,False,False,False,False,False,False,False,False,False,43.0428875252967,-77.6663246167718,76,436.3,1640.4,True,1,1,False,False,False,False,,True,False,False,,328,,16.4,Calm,48,, 1.8.0,DJI Mini 3 Pro,1581F4XF3229R006,53HFK5R0M30ACD,5HAZK6H0018AUR,52XPK6HCA105XX,101.4,0.7,39.3,9.437649,6.71082,0,4049,DJI Mini 3 Pro,1581F4XF3229R006,53HFK5R0M30ACD,5HAZK6H0018AUR,52XPK6HCA105XX,DJI Fly,, 1.8.0,54E6999D-4E41-3C56-C869-63925F82E9FA,1581F4XF3229R006W0A6,,,,,,,,,,
6/22/2023,8:05:08.67 PM,0m 25.7s,25.7,43.0429254652408,-77.6660388738082,41.9,41.9,35.4,604,109.1,7.599013,7.599013,-5.144962,3.579104,5.59235,7.381902,,,-0.2,-4.6,-139.9,220.1,P-GPS (Brake),Other,,23,5,True,,Mini 3 Pro,False,False,,Smart,RC,False,True,False,,,True,,False,False,False,False,False,False,False,False,False,False,0,Follow Yaw,-33.9,0.1,-104,256,False,False,False,False,False,True,,True,Normal,100,100,675,1024,1024,1344,N,False,False,False,False,False,0,False,False,False,False,71,7.66,1604,2285,7.66,False,3.83,3.83,0.004,False,False,4.458,91.8,90.8,91.7,,,,,,,,,Idle,,,True,,False,10,Go Home,True,True,True,False,False,False,False,False,False,False,False,False,43.0428875252967,-77.6663246167718,77.4,436.3,1640.4,True,1,1,False,False,False,False,,True,False,False,,328,,16.4,Calm,48,, 1.8.0,DJI Mini 3 Pro,1581F4XF3229R006,53HFK5R0M30ACD,5HAZK6H0018AUR,52XPK6HCA105XX,101.4,0.7,39.3,9.437649,6.71082,0,4049,DJI Mini 3 Pro,1581F4XF3229R006,53HFK5R0M30ACD,5HAZK6H0018AUR,52XPK6HCA105XX,DJI Fly,, 1.8.0,54E6999D-4E41-3C56-C869-63925F82E9FA,1581F4XF3229R006W0A6,,,,,,,,,,
6/22/2023,8:05:08.87 PM,0m 25.9s,25.9,43.0429213241073,-77.6660326849901,41.9,41.9,35.4,604,111.3,7.435933,7.599013,-5.144962,3.579104,5.368656,7.381902,,,0,-5,-137.7,222.3,P-GPS (Brake),Other,,23,5,True,,Mini 3 Pro,False,False,,Smart,RC,False,True,False,,,True,,False,False,False,False,False,False,False,False,False,False,0,Follow Yaw,-33.9,0,-102,258,False,False,False,False,False,True,,True,Normal,100,100,677,1024,1024,1342,N,False,False,False,False,False,0,False,False,False,False,71,7.655,1603,2285,7.655,False,3.828,3.827,0.004,False,False,4.544,91.9,90.8,91.9,,,,,,,,,Idle,,,True,,False,10,Go Home,True,True,True,False,False,False,False,False,False,False,False,False,43.0428875252967,-77.6663246167718,78.8,436.3,1640.4,True,1,1,False,False,False,False,,True,False,False,,328,,16.4,Calm,48,, 1.8.0,DJI Mini 3 Pro,1581F4XF3229R006,53HFK5R0M30ACD,5HAZK6H0018AUR,52XPK6HCA105XX,101.4,0.7,39.3,9.437649,6.71082,0,4049,DJI Mini 3 Pro,1581F4XF3229R006,53HFK5R0M30ACD,5HAZK6H0018AUR,52XPK6HCA105XX,DJI Fly,, 1.8.0,54E6999D-4E41-3C56-C869-63925F82E9FA,1581F4XF3229R006W0A6,,,,,,,,,,
6/22/2023,8:05:09.07 PM,0m 26.1s,26.1,43.0429170212517,-77.6660267100249,41.9,41.9,35.4,604,113.5,7.435933,7.599013,-5.368656,3.579104,5.144962,7.381902,,,0,-4.4,-135.8,224.2,P-GPS (Brake),Other,,23,5,True,,Mini 3 Pro,False,False,,Smart,RC,False,True,False,,,True,,False,False,False,False,False,False,False,False,False,False,0,Follow Yaw,-33.9,0,-100.1,259.9,False,False,False,False,False,True,,True,Normal,100,100,678,1004,1024,1341,N,False,False,False,False,False,0,False,False,False,False,71,7.655,1603,2285,7.655,False,3.828,3.827,0.004,False,False,4.544,91.9,90.8,91.9,,,,,,,,,Idle,,,True,,False,10,Go Home,True,True,True,False,False,False,False,False,False,False,False,False,43.0428875252967,-77.6663246167718,80.1,436.3,1640.4,True,1,1,False,False,False,False,,True,False,False,,328,,16.4,Calm,48,, 1.8.0,DJI Mini 3 Pro,1581F4XF3229R006,53HFK5R0M30ACD,5HAZK6H0018AUR,52XPK6HCA105XX,101.4,0.7,39.3,9.437649,6.71082,0,4049,DJI Mini 3 Pro,1581F4XF3229R006,53HFK5R0M30ACD,5HAZK6H0018AUR,52XPK6HCA105XX,DJI Fly,, 1.8.0,54E6999D-4E41-3C56-C869-63925F82E9FA,1581F4XF3229R006W0A6,,,,,,,,,,
6/22/2023,8:05:09.27 PM,0m 26.3s,26.3,43.0429126009921,-77.6660209323849,41.9,41.9,35.4,604,115.8,7.449379,7.599013,-5.59235,3.579104,4.921268,7.381902,,,0.4,-4.9,-133.9,226.1,P-GPS (Brake),Other,,23,5,True,,Mini 3 Pro,False,False,,Smart,RC,False,True,False,,,True,,False,False,False,False,False,False,False,False,False,False,0,Follow Yaw,-33.9,0,-98.3,261.7,False,False,False,False,False,True,,True,Normal,100,100,677,921,1024,1340,N,False,False,False,False,False,0,False,False,False,False,71,7.655,1603,2285,7.655,False,3.828,3.827,0.004,False,False,4.544,91.9,90.8,91.9,,,,,,,,,Idle,,,True,,False,10,Go Home,True,True,True,False,False,False,False,False,False,False,False,False,43.0428875252967,-77.6663246167718,81.4,436.3,1640.4,True,1,1,False,False,False,False,,True,False,False,,328,,16.4,Calm,48,, 1.8.0,DJI Mini 3 Pro,1581F4XF3229R006,53HFK5R0M30ACD,5HAZK6H0018AUR,52XPK6HCA105XX,101.4,0.7,39.3,9.437649,6.71082,0,4049,DJI Mini 3 Pro,1581F4XF3229R006,53HFK5R0M30ACD,5HAZK6H0018AUR,52XPK6HCA105XX,DJI Fly,, 1.8.0,54E6999D-4E41-3C56-C869-63925F82E9FA,1581F4XF3229R006W0A6,,,,,,,,,,
6/22/2023,8:05:09.48 PM,0m 26.5s,26.5,43.0429080593194,-77.6660153371364,41.9,41.9,35.4,604,118,7.449379,7.599013,-5.59235,3.579104,4.921268,7.381902,,,-1,-4.1,-132.1,227.9,P-GPS (Brake),Other,,23,5,True,,Mini 3 Pro,False,False,,Smart,RC,False,True,False,,,True,,False,False,False,False,False,False,False,False,False,False,0,Follow Yaw,-33.9,0,-96.5,263.5,False,False,False,False,False,True,,True,Normal,100,100,678,915,1024,1340,N,False,False,False,False,False,0,False,False,False,False,71,7.655,1603,2285,7.655,False,3.828,3.827,0.004,False,False,4.544,91.9,90.8,91.9,,,,,,,,,Idle,,,True,,False,10,Go Home,True,True,True,False,False,False,False,False,False,False,False,False,43.0428875252967,-77.6663246167718,82.7,436.3,1640.4,True,1,1,False,False,False,False,,True,False,False,,328,,16.4,Calm,48,, 1.8.0,DJI Mini 3 Pro,1581F4XF3229R006,53HFK5R0M30ACD,5HAZK6H0018AUR,52XPK6HCA105XX,101.4,0.7,39.3,9.437649,6.71082,0,4049,DJI Mini 3 Pro,1581F4XF3229R006,53HFK5R0M30ACD,5HAZK6H0018AUR,52XPK6HCA105XX,DJI Fly,, 1.8.0,54E6999D-4E41-3C56-C869-63925F82E9FA,1581F4XF3229R006W0A6,,,,,,,,,,
6/22/2023,8:05:09.68 PM,0m 26.7s,26.7,43.0429033930916,-77.6660099724797,41.9,41.9,35.4,604,120.2,7.4762,7.599013,-5.816044,3.579104,4.697574,7.381902,,,1.2,-4.7,-130.4,229.6,P-GPS (Brake),Other,,23,5,True,,Mini 3 Pro,False,False,,Smart,RC,False,True,False,,,True,,False,False,False,False,False,False,False,False,False,False,0,Follow Yaw,-33.9,0,-94.8,265.2,False,False,False,False,False,True,,True,Normal,100,100,677,912,1024,1340,N,False,False,False,False,False,0,False,False,False,False,71,7.655,1603,2285,7.655,False,3.828,3.827,0.004,False,False,4.544,91.9,90.8,91.9,,,,,,,,,Idle,,,True,,False,10,Go Home,True,True,True,False,False,False,False,False,False,False,False,False,43.0428875252967,-77.6663246167718,84,436.3,1640.4,True,1,1,False,False,False,False,,True,False,False,,328,,16.4,Calm,48,, 1.8.0,DJI Mini 3 Pro,1581F4XF3229R006,53HFK5R0M30ACD,5HAZK6H0018AUR,52XPK6HCA105XX,101.4,0.7,39.3,9.437649,6.71082,0,4049,DJI Mini 3 Pro,1581F4XF3229R006,53HFK5R0M30ACD,5HAZK6H0018AUR,52XPK6HCA105XX,DJI Fly,, 1.8.0,54E6999D-4E41-3C56-C869-63925F82E9FA,1581F4XF3229R006W0A6,,,,,,,,,,
6/22/2023,8:05:09.88 PM,0m 26.9s,26.9,43.0428986100051,-77.666004755471,41.9,41.9,35.4,604,122.4,7.337708,7.599013,-5.816044,3.579104,4.47388,7.381902,,,0.5,-4.5,-128.5,231.5,P-GPS (Brake),Other,,23,5,True,,Mini 3 Pro,False,False,,Smart,RC,False,True,False,,,True,,False,False,False,False,False,False,False,False,False,False,0,Follow Yaw,-33.9,0,-93,267,False,False,False,False,False,True,,True,Normal,100,100,677,906,1024,1366,N,False,False,False,False,False,0,False,False,False,False,71,7.652,1601,2285,7.652,False,3.828,3.827,0.004,False,False,4.577,91.9,90.8,91.9,,,,,,,,,Idle,,,True,,False,10,Go Home,True,True,True,False,False,False,False,False,False,False,False,False,43.0428875252967,-77.6663246167718,85.3,436.3,1640.4,True,1,1,False,False,False,False,,True,False,False,,328,,16.4,Calm,48,, 1.8.0,DJI Mini 3 Pro,1581F4XF3229R006,53HFK5R0M30ACD,5HAZK6H0018AUR,52XPK6HCA105XX,101.4,0.7,39.3,9.437649,6.71082,0,4049,DJI Mini 3 Pro,1581F4XF3229R006,53HFK5R0M30ACD,5HAZK6H0018AUR,52XPK6HCA105XX,DJI Fly,, 1.8.0,54E6999D-4E41-3C56-C869-63925F82E9FA,1581F4XF3229R006W0A6,,,,,,,,,,
6/22/2023,8:05:10.08 PM,0m 27.1s,27.1,43.0428937022756,-77.6659996541099,41.9,41.9,35.4,604,124.7,7.516251,7.599013,-6.039738,3.579104,4.47388,7.381902,,,0.6,-4.8,-126.8,233.2,P-GPS (Brake),Other,,23,5,True,,Mini 3 Pro,False,False,,Smart,RC,False,True,False,,,True,,False,False,False,False,False,False,False,False,False,False,0,Follow Yaw,-33.9,0.1,-89.7,270.3,False,False,False,False,False,True,,True,Normal,100,100,677,885,1024,1472,N,False,False,False,False,False,0,False,False,False,False,71,7.648,1601,2285,7.648,False,3.826,3.822,0.004,False,False,4.577,91.9,90.8,91.9,,,,,,,,,Idle,,,True,,False,10,Go Home,True,True,True,False,False,False,False,False,False,False,False,False,43.0428875252967,-77.6663246167718,86.6,436.3,1640.4,True,1,1,False,False,False,False,,True,False,False,,328,,16.4,Calm,48,, 1.8.0,DJI Mini 3 Pro,1581F4XF3229R006,53HFK5R0M30ACD,5HAZK6H0018AUR,52XPK6HCA105XX,101.4,0.7,39.3,9.437649,6.71082,0,4049,DJI Mini 3 Pro,1581F4XF3229R006,53HFK5R0M30ACD,5HAZK6H0018AUR,52XPK6HCA105XX,DJI Fly,, 1.8.0,54E6999D-4E41-3C56-C869-63925F82E9FA,1581F4XF3229R006W0A6,,,,,,,,,,
6/22/2023,8:05:10.28 PM,0m 27.3s,27.3,43.0428886516474,-77.6659947500974,41.9,41.9,35.4,604,127,7.44602,7.599013,-6.263432,3.579104,4.026492,7.381902,,,-1.3,-4.5,-124.8,235.2,P-GPS (Brake),Other,,23,5,True,,Mini 3 Pro,False,False,,Smart,RC,False,True,False,,,True,,False,False,False,False,False,False,False,False,False,False,0,Follow Yaw,-33.9,0.1,-88.1,271.9,False,False,False,False,False,True,,True,Normal,100,100,679,886,1024,1471,N,False,False,False,False,False,0,False,False,False,False,71,7.648,1601,2285,7.648,False,3.826,3.822,0.004,False,False,4.577,91.9,90.8,91.9,,,,,,,,,Idle,,,True,,False,10,Go Home,True,True,True,False,False,False,False,False,False,False,False,False,43.0428875252967,-77.6663246167718,87.9,436.3,1640.4,True,1,1,False,False,False,False,,True,False,False,,328,,16.4,Calm,48,, 1.8.0,DJI Mini 3 Pro,1581F4XF3229R006,53HFK5R0M30ACD,5HAZK6H0018AUR,52XPK6HCA105XX,101.4,0.7,39.3,9.437649,6.71082,0,4049,DJI Mini 3 Pro,1581F4XF3229R006,53HFK5R0M30ACD,5HAZK6H0018AUR,52XPK6HCA105XX,DJI Fly,, 1.8.0,54E6999D-4E41-3C56-C869-63925F82E9FA,1581F4XF3229R006W0A6,,,,,,,,,,
6/22/2023,8:05:10.49 PM,0m 27.5s,27.5,43.042883421203,-77.6659902092973,41.9,41.9,35.4,604,129.2,7.519579,7.599013,-6.487126,3.579104,3.802798,7.381902,,,-0.5,-3.6,-121.8,238.2,P-GPS (Brake),Other,,23,5,True,,Mini 3 Pro,False,False,,Smart,RC,False,True,False,,,True,,False,False,False,False,False,False,False,False,False,False,0,Follow Yaw,-33.9,0.1,-84.3,275.7,False,False,False,False,False,True,,True,Normal,100,100,713,909,1024,1466,N,False,False,False,False,False,0,False,False,False,False,71,7.648,1601,2285,7.648,False,3.826,3.822,0.004,False,False,4.577,91.9,90.8,91.9,,,,,,,,,Idle,,,True,,False,10,Go Home,True,True,True,False,False,False,False,False,False,False,False,False,43.0428875252967,-77.6663246167718,89.1,436.3,1640.4,True,1,1,False,False,False,False,,True,False,False,,328,,16.4,Calm,48,, 1.8.0,DJI Mini 3 Pro,1581F4XF3229R006,53HFK5R0M30ACD,5HAZK6H0018AUR,52XPK6HCA105XX,101.4,0.7,39.3,9.437649,6.71082,0,4049,DJI Mini 3 Pro,1581F4XF3229R006,53HFK5R0M30ACD,5HAZK6H0018AUR,52XPK6HCA105XX,DJI Fly,, 1.8.0,54E6999D-4E41-3C56-C869-63925F82E9FA,1581F4XF3229R006W0A6,,,,,,,,,,
6/22/2023,8:05:10.59 PM,0m 27.7s,27.7,43.0428780390304,-77.6659860221681,41.9,41.9,35.4,604,131.5,7.303532,7.599013,-6.487126,3.579104,3.35541,7.381902,,,-1.7,-3.7,-117.9,242.1,P-GPS (Brake),Other,,23,5,True,,Mini 3 Pro,False,False,,Smart,RC,False,True,False,,,True,,False,False,False,False,False,False,False,False,False,False,0,Follow Yaw,-33.9,0.1,-80.4,279.6,False,False,False,False,False,True,,True,Normal,100,100,714,909,1024,1465,N,False,False,False,False,False,0,False,False,False,False,71,7.648,1601,2285,7.648,False,3.826,3.822,0.004,False,False,4.577,91.9,90.8,91.9,,,,,,,,,Idle,,,True,,False,10,Go Home,True,True,True,False,False,False,False,False,False,False,False,False,43.0428875252967,-77.6663246167718,90.3,436.3,1640.4,True,1,1,False,False,False,False,,True,False,False,,328,,16.4,Calm,48,, 1.8.0,DJI Mini 3 Pro,1581F4XF3229R006,53HFK5R0M30ACD,5HAZK6H0018AUR,52XPK6HCA105XX,101.4,0.7,39.3,9.437649,6.71082,0,4049,DJI Mini 3 Pro,1581F4XF3229R006,53HFK5R0M30ACD,5HAZK6H0018AUR,52XPK6HCA105XX,DJI Fly,, 1.8.0,54E6999D-4E41-3C56-C869-63925F82E9FA,1581F4XF3229R006W0A6,,,,,,,,,,
6/22/2023,8:05:10.79 PM,0m 27.9s,27.9,43.0428725281384,-77.6659822599785,41.9,41.9,35.4,604,133.7,7.405589,7.599013,-6.71082,3.579104,3.131716,7.381902,,,-1.7,-2.7,-114,246,P-GPS (Brake),Other,,23,5,True,,Mini 3 Pro,False,False,,Smart,RC,False,True,False,,,True,,False,False,False,False,False,False,False,False,False,False,0,Follow Yaw,-33.9,0.1,-76.5,283.5,False,False,False,False,False,True,,True,Normal,100,100,716,911,1024,1464,N,False,False,False,False,False,0,False,False,False,False,71,7.648,1601,2285,7.648,False,3.826,3.822,0.004,False,False,4.577,91.9,90.8,91.9,,,,,,,,,Idle,,,True,,False,10,Go Home,True,True,True,False,False,False,False,False,False,False,False,False,43.0428875252967,-77.6663246167718,91.4,436.3,1640.4,True,1,1,False,False,False,False,,True,False,False,,328,,16.4,Calm,48,, 1.8.0,DJI Mini 3 Pro,1581F4XF3229R006,53HFK5R0M30ACD,5HAZK6H0018AUR,52XPK6HCA105XX,101.4,0.7,39.3,9.437649,6.71082,0,4049,DJI Mini 3 Pro,1581F4XF3229R006,53HFK5R0M30ACD,5HAZK6H0018AUR,52XPK6HCA105XX,DJI Fly,, 1.8.0,54E6999D-4E41-3C56-C869-63925F82E9FA,1581F4XF3229R006W0A6,,,,,,,,,,
6/22/2023,8:05:11.09 PM,0m 28.1s,28.1,43.0428669751801,-77.6659789652083,41.9,41.9,35.4,604,135.9,7.227774,7.599013,-6.71082,3.579104,2.684328,7.381902,,,-1.8,-2.9,-110.1,249.9,P-GPS (Brake),Other,,23,5,True,,Mini 3 Pro,False,False,,Smart,RC,False,True,False,,,True,,False,False,False,False,False,False,False,False,False,False,0,Follow Yaw,-33.9,0.1,-72.6,287.4,False,False,False,False,False,True,,True,Normal,100,100,716,912,1024,1464,N,False,False,False,False,False,0,False,False,False,False,71,7.645,1600,2285,7.645,False,3.824,3.821,0.004,False,False,4.679,91.9,90.8,91.9,,,,,,,,,Idle,,,True,,False,10,Go Home,True,True,True,False,False,False,False,False,False,False,False,False,43.0428875252967,-77.6663246167718,92.4,436.3,1640.4,True,1,1,False,False,False,False,,True,False,False,,328,,16.4,Calm,48,, 1.8.0,DJI Mini 3 Pro,1581F4XF3229R006,53HFK5R0M30ACD,5HAZK6H0018AUR,52XPK6HCA105XX,101.4,0.7,39.3,9.437649,6.71082,0,4049,DJI Mini 3 Pro,1581F4XF3229R006,53HFK5R0M30ACD,5HAZK6H0018AUR,52XPK6HCA105XX,DJI Fly,, 1.8.0,54E6999D-4E41-3C56-C869-63925F82E9FA,1581F4XF3229R006W0A6,,,,,,,,,,
6/22/2023,8:05:11.29 PM,0m 28.3s,28.3,43.0428614145824,-77.6659761620044,41.9,41.9,35.4,604,138.1,7.073825,7.599013,-6.71082,3.579104,2.23694,7.381902,,,-3.6,-2.6,-106.1,253.9,P-GPS (Brake),Other,,23,5,True,,Mini 3 Pro,False,False,,Smart,RC,False,True,False,,,True,,False,False,False,False,False,False,False,False,False,False,0,Follow Yaw,-33.9,0.1,-68.7,291.3,False,False,False,False,False,True,,True,Normal,100,100,713,912,1024,1458,N,False,False,False,False,False,0,False,False,False,False,71,7.645,1600,2285,7.645,False,3.824,3.821,0.004,False,False,4.679,91.9,90.8,91.9,,,,,,,,,Idle,,,True,,False,10,Go Home,True,True,True,False,False,False,False,False,False,False,False,False,43.0428875252967,-77.6663246167718,93.3,436.3,1640.4,True,1,1,False,False,False,False,,True,False,False,,328,,16.4,Calm,48,, 1.8.0,DJI Mini 3 Pro,1581F4XF3229R006,53HFK5R0M30ACD,5HAZK6H0018AUR,52XPK6HCA105XX,101.4,0.7,39.3,9.437649,6.71082,0,4049,DJI Mini 3 Pro,1581F4XF3229R006,53HFK5R0M30ACD,5HAZK6H0018AUR,52XPK6HCA105XX,DJI Fly,, 1.8.0,54E6999D-4E41-3C56-C869-63925F82E9FA,1581F4XF3229R006W0A6,,,,,,,,,,
6/22/2023,8:05:11.50 PM,0m 28.5s,28.5,43.0428558254089,-77.6659738850636,41.9,41.9,35.4,604,140.2,6.945329,7.599013,-6.71082,3.579104,1.789552,7.381902,,,-2.1,-2.4,-102.3,257.7,P-GPS (Brake),Other,,23,5,True,,Mini 3 Pro,False,False,,Smart,RC,False,True,False,,,True,,False,False,False,False,False,False,False,False,False,False,0,Follow Yaw,-33.9,0.1,-64.9,295.1,False,False,False,False,False,True,,True,Normal,100,100,712,912,1024,1426,N,False,False,False,False,False,0,False,False,False,False,71,7.645,1600,2285,7.645,False,3.824,3.821,0.004,False,False,4.679,91.9,90.8,91.9,,,,,,,,,Idle,,,True,,False,10,Go Home,True,True,True,False,False,False,False,False,False,False,False,False,43.0428875252967,-77.6663246167718,94.2,436.3,1640.4,True,1,1,False,False,False,False,,True,False,False,,328,,16.4,Calm,48,, 1.8.0,DJI Mini 3 Pro,1581F4XF3229R006,53HFK5R0M30ACD,5HAZK6H0018AUR,52XPK6HCA105XX,101.4,0.7,39.3,9.437649,6.71082,0,4049,DJI Mini 3 Pro,1581F4XF3229R006,53HFK5R0M30ACD,5HAZK6H0018AUR,52XPK6HCA105XX,DJI Fly,, 1.8.0,54E6999D-4E41-3C56-C869-63925F82E9FA,1581F4XF3229R006W0A6,,,,,,,,,,
6/22/2023,8:05:11.60 PM,0m 28.7s,28.7,43.0428502967493,-77.665972038009,41.9,41.9,35.4,604,142.3,6.84372,7.599013,-6.71082,3.579104,1.342164,7.381902,,,-3.3,-3.9,-98.4,261.6,P-GPS (Brake),Other,,23,5,True,,Mini 3 Pro,False,False,,Smart,RC,False,True,False,,,True,,False,False,False,False,False,False,False,False,False,False,0,Follow Yaw,-33.9,0.1,-61.2,298.8,False,False,False,False,False,True,,True,Normal,100,100,701,932,1024,1364,N,False,False,False,False,False,0,False,False,False,False,71,7.645,1600,2285,7.645,False,3.824,3.821,0.004,False,False,4.679,91.9,90.8,91.9,,,,,,,,,Idle,,,True,,False,10,Go Home,True,True,True,False,False,False,False,False,False,False,False,False,43.0428875252967,-77.6663246167718,94.9,436.3,1640.4,True,1,1,False,False,False,False,,True,False,False,,328,,16.4,Calm,48,, 1.8.0,DJI Mini 3 Pro,1581F4XF3229R006,53HFK5R0M30ACD,5HAZK6H0018AUR,52XPK6HCA105XX,101.4,0.7,39.3,9.437649,6.71082,0,4049,DJI Mini 3 Pro,1581F4XF3229R006,53HFK5R0M30ACD,5HAZK6H0018AUR,52XPK6HCA105XX,DJI Fly,, 1.8.0,54E6999D-4E41-3C56-C869-63925F82E9FA,1581F4XF3229R006W0A6,,,,,,,,,,
6/22/2023,8:05:11.81 PM,0m 28.9s,28.9,43.0428447398214,-77.6659706575532,41.9,41.9,35.4,604,144.4,6.770208,7.599013,-6.71082,3.579104,0.894776,7.381902,,,-0.8,-3.6,-94.7,265.3,P-GPS (Brake),Other,,23,5,True,,Mini 3 Pro,False,False,,Smart,RC,False,True,False,,,True,,False,False,False,False,False,False,False,False,False,False,0,Follow Yaw,-33.9,0.1,-58.2,301.8,False,False,False,False,False,True,,True,Normal,100,100,697,936,1024,1360,N,False,False,False,False,False,0,False,False,False,False,71,7.645,1600,2285,7.645,False,3.824,3.821,0.004,False,False,4.679,91.9,90.8,91.9,,,,,,,,,Idle,,,True,,False,10,Go Home,True,True,True,False,False,False,False,False,False,False,False,False,43.0428875252967,-77.6663246167718,95.6,436.3,1640.4,True,1,1,False,False,False,False,,True,False,False,,328,,16.4,Calm,48,, 1.8.0,DJI Mini 3 Pro,1581F4XF3229R006,53HFK5R0M30ACD,5HAZK6H0018AUR,52XPK6HCA105XX,101.4,0.7,39.3,9.437649,6.71082,0,4049,DJI Mini 3 Pro,1581F4XF3229R006,53HFK5R0M30ACD,5HAZK6H0018AUR,52XPK6HCA105XX,DJI Fly,, 1.8.0,54E6999D-4E41-3C56-C869-63925F82E9FA,1581F4XF3229R006W0A6,,,,,,,,,,
6/22/2023,8:05:12.11 PM,0m 29.1s,29.1,43.042839157647,-77.6659696489841,41.9,41.9,35.4,604,146.4,6.74429,7.599013,-6.71082,3.579104,0.671082,7.381902,,,-0.5,-3.7,-91.9,268.1,P-GPS (Brake),Other,,23,5,True,,Mini 3 Pro,False,False,,Smart,RC,False,True,False,,,True,,False,False,False,False,False,False,False,False,False,False,0,Follow Yaw,-33.9,0,-55.9,304.1,False,False,False,False,False,True,,True,Normal,100,100,697,942,1024,1340,N,False,False,False,False,False,0,False,False,False,False,70,7.648,1599,2285,7.648,False,3.826,3.822,0.004,False,False,4.709,91.9,90.8,91.9,,,,,,,,,Idle,,,True,,False,10,Go Home,True,True,True,False,False,False,False,False,False,False,False,False,43.0428875252967,-77.6663246167718,96.2,436.3,1640.4,True,1,1,False,False,False,False,,True,False,False,,328,,16.4,Calm,48,, 1.8.0,DJI Mini 3 Pro,1581F4XF3229R006,53HFK5R0M30ACD,5HAZK6H0018AUR,52XPK6HCA105XX,101.4,0.7,39.3,9.437649,6.71082,0,4049,DJI Mini 3 Pro,1581F4XF3229R006,53HFK5R0M30ACD,5HAZK6H0018AUR,52XPK6HCA105XX,DJI Fly,, 1.8.0,54E6999D-4E41-3C56-C869-63925F82E9FA,1581F4XF3229R006W0A6,,,,,,,,,,
6/22/2023,8:05:12.21 PM,0m 29.3s,29.3,43.0428336094401,-77.6659689573496,41.9,41.9,35.4,604,148.4,6.714547,7.599013,-6.71082,3.579104,0.223694,7.381902,,,0,-3.8,-89.6,270.4,P-GPS (Brake),Other,,23,5,True,,Mini 3 Pro,False,False,,Smart,RC,False,True,False,,,True,,False,False,False,False,False,False,False,False,False,False,0,Follow Yaw,-33.9,0,-54,306,False,False,False,False,False,True,,True,Normal,100,100,697,942,1024,1340,N,False,False,False,False,False,0,False,False,False,False,70,7.648,1599,2285,7.648,False,3.826,3.822,0.004,False,False,4.709,91.9,90.8,91.9,,,,,,,,,Idle,,,True,,False,10,Go Home,True,True,True,False,False,False,False,False,False,False,False,False,43.0428875252967,-77.6663246167718,96.8,436.3,1640.4,True,1,1,False,False,False,False,,True,False,False,,328,,16.4,Calm,48,, 1.8.0,DJI Mini 3 Pro,1581F4XF3229R006,53HFK5R0M30ACD,5HAZK6H0018AUR,52XPK6HCA105XX,101.4,0.7,39.3,9.437649,6.71082,0,4049,DJI Mini 3 Pro,1581F4XF3229R006,53HFK5R0M30ACD,5HAZK6H0018AUR,52XPK6HCA105XX,DJI Fly,, 1.8.0,54E6999D-4E41-3C56-C869-63925F82E9FA,1581F4XF3229R006W0A6,,,,,,,,,,
6/22/2023,8:05:12.41 PM,0m 29.5s,29.5,43.0428280830828,-77.6659685352233,41.9,41.9,35.4,604,150.5,6.71082,7.599013,-6.71082,3.579104,,7.381902,,,0.1,-3.5,-87.6,272.4,P-GPS (Brake),Other,,23,5,True,,Mini 3 Pro,False,False,,Smart,RC,False,True,False,,,True,,False,False,False,False,False,False,False,False,False,False,0,Follow Yaw,-33.9,0,-52.1,307.9,False,False,False,False,False,True,,True,Normal,100,100,697,941,1024,1346,N,False,False,False,False,False,0,False,False,False,False,70,7.648,1599,2285,7.648,False,3.826,3.822,0.004,False,False,4.709,91.9,90.8,91.9,,,,,,,,,Idle,,,True,,False,10,Go Home,True,True,True,False,False,False,False,False,False,False,False,False,43.0428875252967,-77.6663246167718,97.3,436.3,1640.4,True,1,1,False,False,False,False,,True,False,False,,328,,16.4,Calm,48,, 1.8.0,DJI Mini 3 Pro,1581F4XF3229R006,53HFK5R0M30ACD,5HAZK6H0018AUR,52XPK6HCA105XX,101.4,0.7,39.3,9.437649,6.71082,0,4049,DJI Mini 3 Pro,1581F4XF3229R006,53HFK5R0M30ACD,5HAZK6H0018AUR,52XPK6HCA105XX,DJI Fly,, 1.8.0,54E6999D-4E41-3C56-C869-63925F82E9FA,1581F4XF3229R006W0A6,,,,,,,,,,
6/22/2023,8:05:12.62 PM,0m 29.7s,29.7,43.0428225834455,-77.6659683862623,41.9,41.9,35.4,604,152.5,6.71082,7.599013,-6.71082,3.579104,,7.381902,,,0.4,-3.8,-85.9,274.1,P-GPS (Brake),Other,,23,5,True,,Mini 3 Pro,False,False,,Smart,RC,False,True,False,,,True,,False,False,False,False,False,False,False,False,False,False,0,Follow Yaw,-33.9,0,-49.4,310.6,False,False,False,False,False,True,,True,Normal,100,100,697,934,1024,1381,N,False,False,False,False,False,0,False,False,False,False,70,7.648,1599,2285,7.648,False,3.826,3.822,0.004,False,False,4.709,91.9,90.8,91.9,,,,,,,,,Idle,,,True,,False,10,Go Home,True,True,True,False,False,False,False,False,False,False,False,False,43.0428875252967,-77.6663246167718,97.8,436.3,1640.4,True,1,1,False,False,False,False,,True,False,False,,328,,16.4,Calm,48,, 1.8.0,DJI Mini 3 Pro,1581F4XF3229R006,53HFK5R0M30ACD,5HAZK6H0018AUR,52XPK6HCA105XX,101.4,0.7,39.3,9.437649,6.71082,0,4049,DJI Mini 3 Pro,1581F4XF3229R006,53HFK5R0M30ACD,5HAZK6H0018AUR,52XPK6HCA105XX,DJI Fly,, 1.8.0,54E6999D-4E41-3C56-C869-63925F82E9FA,1581F4XF3229R006W0A6,,,,,,,,,,
6/22/2023,8:05:12.82 PM,0m 29.9s,29.9,43.0428170931973,-77.6659685373566,41.9,41.9,35.4,604,154.5,6.714547,7.599013,-6.71082,3.579104,-0.223694,7.381902,,,1,-3.5,-84.1,275.9,P-GPS (Brake),Other,,23,5,True,,Mini 3 Pro,False,False,,Smart,RC,False,True,False,,,True,,False,False,False,False,False,False,False,False,False,False,0,Follow Yaw,-33.9,0.1,-48.4,311.6,False,False,False,False,False,True,,True,Normal,100,100,694,929,1024,1403,N,False,False,False,False,False,0,False,False,False,False,70,7.648,1599,2285,7.648,False,3.826,3.822,0.004,False,False,4.709,91.9,90.8,91.9,,,,,,,,,Idle,,,True,,False,10,Go Home,True,True,True,False,False,False,False,False,False,False,False,False,43.0428875252967,-77.6663246167718,98.3,436.3,1640.4,True,1,1,False,False,False,False,,True,False,False,,328,,16.4,Calm,48,, 1.8.0,DJI Mini 3 Pro,1581F4XF3229R006,53HFK5R0M30ACD,5HAZK6H0018AUR,52XPK6HCA105XX,101.4,0.7,39.3,9.437649,6.71082,0,4049,DJI Mini 3 Pro,1581F4XF3229R006,53HFK5R0M30ACD,5HAZK6H0018AUR,52XPK6HCA105XX,DJI Fly,, 1.8.0,54E6999D-4E41-3C56-C869-63925F82E9FA,1581F4XF3229R006W0A6,,,,,,,,,,
6/22/2023,8:05:13.02 PM,0m 30.1s,30.1,43.0428116239593,-77.6659689111187,41.9,41.9,35.4,604,156.5,6.725716,7.599013,-6.71082,3.579104,-0.447388,7.381902,,,-0.4,-3.9,-82.1,277.9,P-GPS (Brake),Other,,23,5,True,,Mini 3 Pro,False,False,,Smart,RC,False,True,False,,,True,,False,False,False,False,False,False,False,False,False,False,0,Follow Yaw,-33.9,0.1,-46,314,False,False,False,False,False,True,,True,Normal,100,100,693,933,1024,1381,N,False,False,False,False,False,0,False,False,False,False,70,7.644,1597,2285,7.644,False,3.824,3.82,0.004,False,False,4.711,91.9,90.8,91.9,,,,,,,,,Idle,,,True,,False,10,Go Home,True,True,True,False,False,False,False,False,False,False,False,False,43.0428875252967,-77.6663246167718,98.7,436.3,1640.4,True,1,1,False,False,False,False,,True,False,False,,328,,16.4,Calm,48,, 1.8.0,DJI Mini 3 Pro,1581F4XF3229R006,53HFK5R0M30ACD,5HAZK6H0018AUR,52XPK6HCA105XX,101.4,0.7,39.3,9.437649,6.71082,0,4049,DJI Mini 3 Pro,1581F4XF3229R006,53HFK5R0M30ACD,5HAZK6H0018AUR,52XPK6HCA105XX,DJI Fly,, 1.8.0,54E6999D-4E41-3C56-C869-63925F82E9FA,1581F4XF3229R006W0A6,,,,,,,,,,
6/22/2023,8:05:13.22 PM,0m 30.3s,30.3,43.0428061706127,-77.665969581818,41.9,41.9,35.4,604,158.5,6.74429,7.599013,-6.71082,3.579104,-0.671082,7.381902,,,-0.2,-3.4,-79.6,280.4,P-GPS (Brake),Other,,23,5,True,,Mini 3 Pro,False,False,,Smart,RC,False,True,False,,,True,,False,False,False,False,False,False,False,False,False,False,0,Follow Yaw,-33.9,0.1,-43.3,316.7,False,False,False,False,False,True,,True,Normal,100,100,693,933,1024,1379,N,False,False,False,False,False,0,False,False,False,False,70,7.644,1597,2285,7.644,False,3.824,3.82,0.004,False,False,4.711,91.9,90.8,91.9,,,,,,,,,Idle,,,True,,False,10,Go Home,True,True,True,False,False,False,False,False,False,False,False,False,43.0428875252967,-77.6663246167718,99.2,436.3,1640.4,True,1,1,False,False,False,False,,True,False,False,,328,,16.4,Calm,48,, 1.8.0,DJI Mini 3 Pro,1581F4XF3229R006,53HFK5R0M30ACD,5HAZK6H0018AUR,52XPK6HCA105XX,101.4,0.7,39.3,9.437649,6.71082,0,4049,DJI Mini 3 Pro,1581F4XF3229R006,53HFK5R0M30ACD,5HAZK6H0018AUR,52XPK6HCA105XX,DJI Fly,, 1.8.0,54E6999D-4E41-3C56-C869-63925F82E9FA,1581F4XF3229R006W0A6,,,,,,,,,,
6/22/2023,8:05:13.42 PM,0m 30.5s,30.5,43.042800716011,-77.6659705534634,41.9,41.9,35.4,604,160.5,6.803387,7.599013,-6.71082,3.579104,-1.11847,7.381902,,,0.2,-3.2,-77.1,282.9,P-GPS (Brake),Other,,23,5,True,,Mini 3 Pro,False,False,,Smart,RC,False,True,False,,,True,,False,False,False,False,False,False,False,False,False,False,0,Follow Yaw,-33.9,0.1,-40.9,319.1,False,False,False,False,False,True,,True,Normal,100,100,693,935,1024,1379,N,False,False,False,False,False,0,False,False,False,False,70,7.644,1597,2285,7.644,False,3.824,3.82,0.004,False,False,4.711,91.9,90.8,91.9,,,,,,,,,Idle,,,True,,False,10,Go Home,True,True,True,False,False,False,False,False,False,False,False,False,43.0428875252967,-77.6663246167718,99.5,436.3,1640.4,True,1,1,False,False,False,False,,True,False,False,,328,,16.4,Calm,48,, 1.8.0,DJI Mini 3 Pro,1581F4XF3229R006,53HFK5R0M30ACD,5HAZK6H0018AUR,52XPK6HCA105XX,101.4,0.7,39.3,9.437649,6.71082,0,4049,DJI Mini 3 Pro,1581F4XF3229R006,53HFK5R0M30ACD,5HAZK6H0018AUR,52XPK6HCA105XX,DJI Fly,, 1.8.0,54E6999D-4E41-3C56-C869-63925F82E9FA,1581F4XF3229R006W0A6,,,,,,,,,,
6/22/2023,8:05:13.63 PM,0m 30.7s,30.7,43.0427953183102,-77.6659718165134,41.9,41.9,35.4,604,162.5,6.624515,7.599013,-6.487126,3.579104,-1.342164,7.381902,,,-0.6,-3.5,-74.5,285.5,P-GPS (Brake),Other,,23,5,True,,Mini 3 Pro,False,False,,Smart,RC,False,True,False,,,True,,False,False,False,False,False,False,False,False,False,False,0,Follow Yaw,-33.9,0.1,-38.5,321.5,False,False,False,False,False,True,,True,Normal,100,100,693,940,1024,1360,N,False,False,False,False,False,0,False,False,False,False,70,7.644,1597,2285,7.644,False,3.824,3.82,0.004,False,False,4.711,91.9,90.8,91.9,,,,,,,,,Idle,,,True,,False,10,Go Home,True,True,True,False,False,False,False,False,False,False,False,False,43.0428875252967,-77.6663246167718,99.8,436.3,1640.4,True,1,1,False,False,False,False,,True,False,False,,328,,16.4,Calm,48,, 1.8.0,DJI Mini 3 Pro,1581F4XF3229R006,53HFK5R0M30ACD,5HAZK6H0018AUR,52XPK6HCA105XX,101.4,0.7,39.3,9.437649,6.71082,0,4049,DJI Mini 3 Pro,1581F4XF3229R006,53HFK5R0M30ACD,5HAZK6H0018AUR,52XPK6HCA105XX,DJI Fly,, 1.8.0,54E6999D-4E41-3C56-C869-63925F82E9FA,1581F4XF3229R006W0A6,,,,,,,,,,
6/22/2023,8:05:13.83 PM,0m 30.9s,30.9,43.042789950893,-77.6659734294363,41.9,41.9,35.4,604,164.5,6.673433,7.599013,-6.487126,3.579104,-1.565858,7.381902,,,0.6,-3.2,-72.3,287.7,P-GPS (Brake),Other,,23,5,True,,Mini 3 Pro,False,False,,Smart,RC,False,True,False,,,True,,False,False,False,False,False,False,False,False,False,False,0,Follow Yaw,-33.9,0.1,-36.4,323.6,False,False,False,False,False,True,,True,Normal,100,100,702,945,1024,1354,N,False,False,False,False,False,0,False,False,False,False,70,7.644,1597,2285,7.644,False,3.824,3.82,0.004,False,False,4.711,91.9,90.8,91.9,,,,,,,,,Idle,,,True,,False,10,Go Home,True,True,True,False,False,False,False,False,False,False,False,False,43.0428875252967,-77.6663246167718,100.1,436.3,1640.4,True,1,1,False,False,False,False,,True,False,False,,328,,16.4,Calm,48,, 1.8.0,DJI Mini 3 Pro,1581F4XF3229R006,53HFK5R0M30ACD,5HAZK6H0018AUR,52XPK6HCA105XX,101.4,0.7,39.3,9.437649,6.71082,0,4049,DJI Mini 3 Pro,1581F4XF3229R006,53HFK5R0M30ACD,5HAZK6H0018AUR,52XPK6HCA105XX,DJI Fly,, 1.8.0,54E6999D-4E41-3C56-C869-63925F82E9FA,1581F4XF3229R006W0A6,,,,,,,,,,
6/22/2023,8:05:14.03 PM,0m 31.1s,31.1,43.0427846134939,-77.6659753048578,41.9,41.9,35.4,604,166.5,6.729435,7.599013,-6.487126,3.579104,-1.789552,7.381902,,,-0.1,-2.7,-70.1,289.9,P-GPS (Brake),Other,,23,5,True,,Mini 3 Pro,False,False,,Smart,RC,False,True,False,,,True,,False,False,False,False,False,False,False,False,False,False,0,Follow Yaw,-33.9,0,-34.3,325.7,False,False,False,False,False,True,,True,Normal,100,100,702,945,1024,1350,N,False,False,False,False,False,0,False,False,False,False,70,7.636,1596,2285,7.636,False,3.819,3.817,0.004,False,False,4.735,91.9,90.8,91.9,,,,,,,,,Idle,,,True,,False,10,Go Home,True,True,True,False,False,False,False,False,False,False,False,False,43.0428875252967,-77.6663246167718,100.4,436.3,1640.4,True,1,1,False,False,False,False,,True,False,False,,328,,16.4,Calm,48,, 1.8.0,DJI Mini 3 Pro,1581F4XF3229R006,53HFK5R0M30ACD,5HAZK6H0018AUR,52XPK6HCA105XX,101.4,0.7,39.3,9.437649,6.71082,0,4049,DJI Mini 3 Pro,1581F4XF3229R006,53HFK5R0M30ACD,5HAZK6H0018AUR,52XPK6HCA105XX,DJI Fly,, 1.8.0,54E6999D-4E41-3C56-C869-63925F82E9FA,1581F4XF3229R006W0A6,,,,,,,,,,
6/22/2023,8:05:14.23 PM,0m 31.3s,31.3,43.042779329766,-77.6659774483574,41.9,41.9,35.4,604,168.5,6.792345,7.599013,-6.487126,3.579104,-2.013246,7.381902,,,0,-2.7,-68.1,291.9,P-GPS (Brake),Other,,23,5,True,,Mini 3 Pro,False,False,,Smart,RC,False,True,False,,,True,,False,False,False,False,False,False,False,False,False,False,0,Follow Yaw,-33.9,0,-32.4,327.6,False,False,False,False,False,True,,True,Normal,100,100,703,945,1024,1350,N,False,False,False,False,False,0,False,False,False,False,70,7.636,1596,2285,7.636,False,3.819,3.817,0.004,False,False,4.735,91.9,90.8,91.9,,,,,,,,,Idle,,,True,,False,10,Go Home,True,True,True,False,False,False,False,False,False,False,False,False,43.0428875252967,-77.6663246167718,100.6,436.3,1640.4,True,1,1,False,False,False,False,,True,False,False,,328,,16.4,Calm,48,, 1.8.0,DJI Mini 3 Pro,1581F4XF3229R006,53HFK5R0M30ACD,5HAZK6H0018AUR,52XPK6HCA105XX,101.4,0.7,39.3,9.437649,6.71082,0,4049,DJI Mini 3 Pro,1581F4XF3229R006,53HFK5R0M30ACD,5HAZK6H0018AUR,52XPK6HCA105XX,DJI Fly,, 1.8.0,54E6999D-4E41-3C56-C869-63925F82E9FA,1581F4XF3229R006W0A6,,,,,,,,,,
6/22/2023,8:05:14.43 PM,0m 31.5s,31.5,43.0427740931555,-77.6659798534412,41.9,41.9,35.4,604,170.5,6.6509,7.599013,-6.263432,3.579104,-2.23694,7.381902,,,0.1,-2.7,-66.1,293.9,P-GPS (Brake),Other,,23,5,True,,Mini 3 Pro,False,False,,Smart,RC,False,True,False,,,True,,False,False,False,False,False,False,False,False,False,False,0,Follow Yaw,-33.9,0,-30.5,329.5,False,False,False,False,False,True,,True,Normal,100,100,704,945,1024,1349,N,False,False,False,False,False,0,False,False,False,False,70,7.636,1596,2285,7.636,False,3.819,3.817,0.004,False,False,4.735,91.9,90.8,91.9,,,,,,,,,Idle,,,True,,False,10,Go Home,True,True,True,False,False,False,False,False,False,False,False,False,43.0428875252967,-77.6663246167718,100.8,436.3,1640.4,True,1,1,False,False,False,False,,True,False,False,,328,,16.4,Calm,48,, 1.8.0,DJI Mini 3 Pro,1581F4XF3229R006,53HFK5R0M30ACD,5HAZK6H0018AUR,52XPK6HCA105XX,101.4,0.7,39.3,9.437649,6.71082,0,4049,DJI Mini 3 Pro,1581F4XF3229R006,53HFK5R0M30ACD,5HAZK6H0018AUR,52XPK6HCA105XX,DJI Fly,, 1.8.0,54E6999D-4E41-3C56-C869-63925F82E9FA,1581F4XF3229R006W0A6,,,,,,,,,,
6/22/2023,8:05:14.64 PM,0m 31.7s,31.7,43.0427689167954,-77.6659825011667,41.9,41.9,35.4,604,172.5,6.729435,7.599013,-6.263432,3.579104,-2.460634,7.381902,,,0.4,-2.1,-64.1,295.9,P-GPS (Brake),Other,,23,5,True,,Mini 3 Pro,False,False,,Smart,RC,False,True,False,,,True,,False,False,False,False,False,False,False,False,False,False,0,Follow Yaw,-33.9,0,-28.6,331.4,False,False,False,False,False,True,,True,Normal,100,100,707,943,1024,1349,N,False,False,False,False,False,0,False,False,False,False,70,7.636,1596,2285,7.636,False,3.819,3.817,0.004,False,False,4.735,91.9,90.8,91.9,,,,,,,,,Idle,,,True,,False,10,Go Home,True,True,True,False,False,False,False,False,False,False,False,False,43.0428875252967,-77.6663246167718,100.9,436.3,1640.4,True,1,1,False,False,False,False,,True,False,False,,328,,16.4,Calm,48,, 1.8.0,DJI Mini 3 Pro,1581F4XF3229R006,53HFK5R0M30ACD,5HAZK6H0018AUR,52XPK6HCA105XX,101.4,0.7,39.3,9.437649,6.71082,0,4049,DJI Mini 3 Pro,1581F4XF3229R006,53HFK5R0M30ACD,5HAZK6H0018AUR,52XPK6HCA105XX,DJI Fly,, 1.8.0,54E6999D-4E41-3C56-C869-63925F82E9FA,1581F4XF3229R006W0A6,,,,,,,,,,
6/22/2023,8:05:14.84 PM,0m 31.9s,31.9,43.0427638205435,-77.665985356181,41.9,41.9,35.4,604,174.5,6.609391,7.599013,-6.039738,3.579104,-2.684328,7.381902,,,0,-1.7,-62.3,297.7,P-GPS (Brake),Other,,23,5,True,,Mini 3 Pro,False,False,,Smart,RC,False,True,False,,,True,,False,False,False,False,False,False,False,False,False,False,0,Follow Yaw,-33.9,0,-26.7,333.3,False,False,False,False,False,True,,True,Normal,100,100,710,943,1024,1349,N,False,False,False,False,False,0,False,False,False,False,70,7.636,1596,2285,7.636,False,3.819,3.817,0.004,False,False,4.735,91.9,90.8,91.9,,,,,,,,,Idle,,,True,,False,10,Go Home,True,True,True,False,False,False,False,False,False,False,False,False,43.0428875252967,-77.6663246167718,101,436.3,1640.4,True,1,1,False,False,False,False,,True,False,False,,328,,16.4,Calm,48,, 1.8.0,DJI Mini 3 Pro,1581F4XF3229R006,53HFK5R0M30ACD,5HAZK6H0018AUR,52XPK6HCA105XX,101.4,0.7,39.3,9.437649,6.71082,0,4049,DJI Mini 3 Pro,1581F4XF3229R006,53HFK5R0M30ACD,5HAZK6H0018AUR,52XPK6HCA105XX,DJI Fly,, 1.8.0,54E6999D-4E41-3C56-C869-63925F82E9FA,1581F4XF3229R006W0A6,,,,,,,,,,
6/22/2023,8:05:15.04 PM,0m 32.1s,32.1,43.0427588036376,-77.6659884672937,41.9,41.9,35.4,604,176.5,6.703359,7.599013,-6.039738,3.579104,-2.908022,7.381902,,,0.6,-2.4,-60.5,299.5,P-GPS (Brake),Other,,23,5,True,,Mini 3 Pro,False,False,,Smart,RC,False,True,False,,,True,,False,False,False,False,False,False,False,False,False,False,0,Follow Yaw,-33.9,0,-24.8,335.2,False,False,False,False,False,True,,True,Normal,100,100,710,944,1024,1352,N,False,False,False,False,False,0,False,False,False,False,70,7.636,1596,2285,7.636,False,3.819,3.817,0.004,False,False,4.735,91.9,90.8,91.9,,,,,,,,,Idle,,,True,,False,10,Go Home,True,True,True,False,False,False,False,False,False,False,False,False,43.0428875252967,-77.6663246167718,101.1,436.3,1640.4,True,1,1,False,False,False,False,,True,False,False,,328,,16.4,Calm,48,, 1.8.0,DJI Mini 3 Pro,1581F4XF3229R006,53HFK5R0M30ACD,5HAZK6H0018AUR,52XPK6HCA105XX,101.4,0.7,39.3,9.437649,6.71082,0,4049,DJI Mini 3 Pro,1581F4XF3229R006,53HFK5R0M30ACD,5HAZK6H0018AUR,52XPK6HCA105XX,DJI Fly,, 1.8.0,54E6999D-4E41-3C56-C869-63925F82E9FA,1581F4XF3229R006W0A6,,,,,,,,,,
6/22/2023,8:05:15.24 PM,0m 32.3s,32.3,43.0427538686217,-77.6659918124912,41.6,41.9,35.4,604,178.6,6.605604,7.599013,-5.816044,3.579104,-3.131716,7.381902,,,0.4,-1.2,-58.6,301.4,P-GPS (Brake),Other,,23,5,True,,Mini 3 Pro,False,False,,Smart,RC,False,True,False,,,True,,False,False,False,False,False,False,False,False,False,False,0,Follow Yaw,-33.9,0,-23,337,False,False,False,False,False,True,,True,Normal,100,100,710,945,1024,1349,N,False,False,False,False,False,0,False,False,False,False,70,7.631,1595,2285,7.631,False,3.817,3.814,0.004,False,False,4.854,92.1,90.8,92.1,,,,,,,,,Idle,,,True,,False,10,Go Home,True,True,True,False,False,False,False,False,False,False,False,False,43.0428875252967,-77.6663246167718,101.2,436.3,1640.4,True,1,1,False,False,False,False,,True,False,False,,328,,16.4,Calm,48,, 1.8.0,DJI Mini 3 Pro,1581F4XF3229R006,53HFK5R0M30ACD,5HAZK6H0018AUR,52XPK6HCA105XX,101.4,0.7,39.3,9.437649,6.71082,0,4049,DJI Mini 3 Pro,1581F4XF3229R006,53HFK5R0M30ACD,5HAZK6H0018AUR,52XPK6HCA105XX,DJI Fly,, 1.8.0,54E6999D-4E41-3C56-C869-63925F82E9FA,1581F4XF3229R006W0A6,,,,,,,,,,
6/22/2023,8:05:15.45 PM,0m 32.5s,32.5,43.0427490154447,-77.6659953361886,41.6,41.9,35.4,604,180.6,6.605604,7.599013,-5.816044,3.579104,-3.131716,7.381902,,,0,-1.6,-56.7,303.3,P-GPS (Brake),Other,,23,5,True,,Mini 3 Pro,False,False,,Smart,RC,False,True,False,,,True,,False,False,False,False,False,False,False,False,False,False,0,Follow Yaw,-33.9,0,-21.1,338.9,False,False,False,False,False,True,,True,Normal,100,100,710,945,1024,1348,N,False,False,False,False,False,0,False,False,False,False,70,7.631,1595,2285,7.631,False,3.817,3.814,0.004,False,False,4.854,92.1,90.8,92.1,,,,,,,,,Idle,,,True,,False,10,Go Home,True,True,True,False,False,False,False,False,False,False,False,False,43.0428875252967,-77.6663246167718,101.2,436.3,1640.4,True,1,1,False,False,False,False,,True,False,False,,328,,16.4,Calm,48,, 1.8.0,DJI Mini 3 Pro,1581F4XF3229R006,53HFK5R0M30ACD,5HAZK6H0018AUR,52XPK6HCA105XX,101.4,0.7,39.3,9.437649,6.71082,0,4049,DJI Mini 3 Pro,1581F4XF3229R006,53HFK5R0M30ACD,5HAZK6H0018AUR,52XPK6HCA105XX,DJI Fly,, 1.8.0,54E6999D-4E41-3C56-C869-63925F82E9FA,1581F4XF3229R006W0A6,,,,,,,,,,
6/22/2023,8:05:15.65 PM,0m 32.7s,32.7,43.0427442359851,-77.6659990582193,41.6,41.9,35.4,604,182.6,6.521744,7.599013,-5.59235,3.579104,-3.35541,7.381902,,,0,-1.9,-54.8,305.2,P-GPS (Brake),Other,,23,5,True,,Mini 3 Pro,False,False,,Smart,RC,False,True,False,,,True,,False,False,False,False,False,False,False,False,False,False,0,Follow Yaw,-33.9,0,-19.2,340.8,False,False,False,False,False,True,,True,Normal,100,100,710,945,1024,1345,N,False,False,False,False,False,0,False,False,False,False,70,7.631,1595,2285,7.631,False,3.817,3.814,0.004,False,False,4.854,92.1,90.8,92.1,,,,,,,,,Idle,,,True,,False,10,Go Home,True,True,True,False,False,False,False,False,False,False,False,False,43.0428875252967,-77.6663246167718,101.3,436.3,1640.4,True,1,1,False,False,False,False,,True,False,False,,328,,16.4,Calm,48,, 1.8.0,DJI Mini 3 Pro,1581F4XF3229R006,53HFK5R0M30ACD,5HAZK6H0018AUR,52XPK6HCA105XX,101.4,0.7,39.3,9.437649,6.71082,0,4049,DJI Mini 3 Pro,1581F4XF3229R006,53HFK5R0M30ACD,5HAZK6H0018AUR,52XPK6HCA105XX,DJI Fly,, 1.8.0,54E6999D-4E41-3C56-C869-63925F82E9FA,1581F4XF3229R006W0A6,,,,,,,,,,
6/22/2023,8:05:15.85 PM,0m 32.9s,32.9,43.0427395570227,-77.6660029344388,41.6,41.9,35.4,604,184.6,6.452321,7.599013,-5.368656,3.579104,-3.579104,7.381902,,,-0.2,-1.3,-53,307,P-GPS (Brake),Other,,23,5,True,,Mini 3 Pro,False,False,,Smart,RC,False,True,False,,,True,,False,False,False,False,False,False,False,False,False,False,0,Follow Yaw,-33.9,0,-17.3,342.7,False,False,False,False,False,True,,True,Normal,100,100,711,946,1024,1342,N,False,False,False,False,False,0,False,False,False,False,70,7.631,1595,2285,7.631,False,3.817,3.814,0.004,False,False,4.854,92.1,90.8,92.1,,,,,,,,,Idle,,,True,,False,10,Go Home,True,True,True,False,False,False,False,False,False,False,False,False,43.0428875252967,-77.6663246167718,101.3,436.3,1640.4,True,1,1,False,False,False,False,,True,False,False,,328,,16.4,Calm,48,, 1.8.0,DJI Mini 3 Pro,1581F4XF3229R006,53HFK5R0M30ACD,5HAZK6H0018AUR,52XPK6HCA105XX,101.4,0.7,39.3,9.437649,6.71082,0,4049,DJI Mini 3 Pro,1581F4XF3229R006,53HFK5R0M30ACD,5HAZK6H0018AUR,52XPK6HCA105XX,DJI Fly,, 1.8.0,54E6999D-4E41-3C56-C869-63925F82E9FA,1581F4XF3229R006W0A6,,,,,,,,,,
6/22/2023,8:05:16.05 PM,0m 33.1s,33.1,43.0427349928214,-77.6660069799684,41.6,41.9,35.4,604,186.5,6.452321,7.599013,-5.368656,3.579104,-3.579104,7.381902,,,-0.2,-1.5,-51.1,308.9,P-GPS (Brake),Other,,23,5,True,,Mini 3 Pro,False,False,,Smart,RC,False,True,False,,,True,,False,False,False,False,False,False,False,False,False,False,0,Follow Yaw,-33.9,0,-15.5,344.5,False,False,False,False,False,True,,True,Normal,100,100,710,946,1024,1343,N,False,False,False,False,False,0,False,False,False,False,70,7.631,1595,2285,7.631,False,3.817,3.814,0.004,False,False,4.854,92.1,90.8,92.1,,,,,,,,,Idle,,,True,,False,10,Go Home,True,True,True,False,False,False,False,False,False,False,False,False,43.0428875252967,-77.6663246167718,101.3,436.3,1640.4,True,1,1,False,False,False,False,,True,False,False,,328,,16.4,Calm,48,, 1.8.0,DJI Mini 3 Pro,1581F4XF3229R006,53HFK5R0M30ACD,5HAZK6H0018AUR,52XPK6HCA105XX,101.4,0.7,39.3,9.437649,6.71082,0,4049,DJI Mini 3 Pro,1581F4XF3229R006,53HFK5R0M30ACD,5HAZK6H0018AUR,52XPK6HCA105XX,DJI Fly,, 1.8.0,54E6999D-4E41-3C56-C869-63925F82E9FA,1581F4XF3229R006W0A6,,,,,,,,,,
6/22/2023,8:05:16.25 PM,0m 33.3s,33.3,43.0427305269929,-77.6660111755139,41.6,41.9,35.4,604,188.5,6.397804,7.599013,-5.144962,3.579104,-3.802798,7.381902,,,-0.5,-1.7,-49.2,310.8,P-GPS (Brake),Other,,23,5,True,,Mini 3 Pro,False,False,,Smart,RC,False,True,False,,,True,,False,False,False,False,False,False,False,False,False,False,0,Follow Yaw,-33.9,0,-13.7,346.3,False,False,False,False,False,True,,True,Normal,100,100,710,944,1024,1347,N,False,False,False,False,False,0,False,False,False,False,70,7.631,1593,2285,7.631,False,3.817,3.814,0.004,False,False,4.946,92.1,90.8,92.1,,,,,,,,,Idle,,,True,,False,10,Go Home,True,True,True,False,False,False,False,False,False,False,False,False,43.0428875252967,-77.6663246167718,101.3,436.3,1640.4,True,1,1,False,False,False,False,,True,False,False,,328,,16.4,Calm,48,, 1.8.0,DJI Mini 3 Pro,1581F4XF3229R006,53HFK5R0M30ACD,5HAZK6H0018AUR,52XPK6HCA105XX,101.4,0.7,39.3,9.437649,6.71082,0,4049,DJI Mini 3 Pro,1581F4XF3229R006,53HFK5R0M30ACD,5HAZK6H0018AUR,52XPK6HCA105XX,DJI Fly,, 1.8.0,54E6999D-4E41-3C56-C869-63925F82E9FA,1581F4XF3229R006W0A6,,,,,,,,,,
6/22/2023,8:05:16.46 PM,0m 33.5s,33.5,43.0427261311209,-77.6660155554436,41.6,41.9,35.4,604,190.5,6.533243,7.599013,-5.144962,3.579104,-4.026492,7.381902,,,-0.9,-1.2,-47.5,312.5,P-GPS (Brake),Other,,23,5,True,,Mini 3 Pro,False,False,,Smart,RC,False,True,False,,,True,,False,False,False,False,False,False,False,False,False,False,0,Follow Yaw,-33.9,0,-11.9,348.1,False,False,False,False,False,True,,True,Normal,100,100,710,945,1024,1352,N,False,False,False,False,False,0,False,False,False,False,70,7.631,1593,2285,7.631,False,3.817,3.814,0.004,False,False,4.946,92.1,90.8,92.1,,,,,,,,,Idle,,,True,,False,10,Go Home,True,True,True,False,False,False,False,False,False,False,False,False,43.0428875252967,-77.6663246167718,101.2,436.3,1640.4,True,1,1,False,False,False,False,,True,False,False,,328,,16.4,Calm,48,, 1.8.0,DJI Mini 3 Pro,1581F4XF3229R006,53HFK5R0M30ACD,5HAZK6H0018AUR,52XPK6HCA105XX,101.4,0.7,39.3,9.437649,6.71082,0,4049,DJI Mini 3 Pro,1581F4XF3229R006,53HFK5R0M30ACD,5HAZK6H0018AUR,52XPK6HCA105XX,DJI Fly,, 1.8.0,54E6999D-4E41-3C56-C869-63925F82E9FA,1581F4XF3229R006W0A6,,,,,,,,,,
6/22/2023,8:05:16.66 PM,0m 33.7s,33.7,43.0427218410662,-77.6660200958452,41.6,41.9,35.4,604,192.5,6.358578,7.599013,-4.921268,3.579104,-4.026492,7.381902,,,-1.4,-1.3,-45.6,314.4,P-GPS (Brake),Other,,23,5,True,,Mini 3 Pro,False,False,,Smart,RC,False,True,False,,,True,,False,False,False,False,False,False,False,False,False,False,0,Follow Yaw,-33.9,0,-10.1,349.9,False,False,False,False,False,True,,True,Normal,100,100,710,944,1024,1358,N,False,False,False,False,False,0,False,False,False,False,70,7.631,1593,2285,7.631,False,3.817,3.814,0.004,False,False,4.946,92.1,90.8,92.1,,,,,,,,,Idle,,,True,,False,10,Go Home,True,True,True,False,False,False,False,False,False,False,False,False,43.0428875252967,-77.6663246167718,101.2,436.3,1640.4,True,1,1,False,False,False,False,,True,False,False,,328,,16.4,Calm,48,, 1.8.0,DJI Mini 3 Pro,1581F4XF3229R006,53HFK5R0M30ACD,5HAZK6H0018AUR,52XPK6HCA105XX,101.4,0.7,39.3,9.437649,6.71082,0,4049,DJI Mini 3 Pro,1581F4XF3229R006,53HFK5R0M30ACD,5HAZK6H0018AUR,52XPK6HCA105XX,DJI Fly,, 1.8.0,54E6999D-4E41-3C56-C869-63925F82E9FA,1581F4XF3229R006W0A6,,,,,,,,,,
6/22/2023,8:05:16.86 PM,0m 33.9s,33.9,43.0427176907705,-77.6660248149811,41.6,41.9,35.4,604,194.4,6.502534,7.599013,-4.921268,3.579104,-4.250186,7.381902,,,-1.6,-1.1,-43.8,316.2,P-GPS (Brake),Other,,23,5,True,,Mini 3 Pro,False,False,,Smart,RC,False,True,False,,,True,,False,False,False,False,False,False,False,False,False,False,0,Follow Yaw,-33.9,0,-8.1,351.9,False,False,False,False,False,True,,True,Normal,100,100,710,944,1024,1359,N,False,False,False,False,False,0,False,False,False,False,70,7.631,1593,2285,7.631,False,3.817,3.814,0.004,False,False,4.946,92.1,90.8,92.1,,,,,,,,,Idle,,,True,,False,10,Go Home,True,True,True,False,False,False,False,False,False,False,False,False,43.0428875252967,-77.6663246167718,101.1,436.3,1640.4,True,1,1,False,False,False,False,,True,False,False,,328,,16.4,Calm,48,, 1.8.0,DJI Mini 3 Pro,1581F4XF3229R006,53HFK5R0M30ACD,5HAZK6H0018AUR,52XPK6HCA105XX,101.4,0.7,39.3,9.437649,6.71082,0,4049,DJI Mini 3 Pro,1581F4XF3229R006,53HFK5R0M30ACD,5HAZK6H0018AUR,52XPK6HCA105XX,DJI Fly,, 1.8.0,54E6999D-4E41-3C56-C869-63925F82E9FA,1581F4XF3229R006W0A6,,,,,,,,,,
6/22/2023,8:05:17.06 PM,0m 34.1s,34.1,43.0427136648307,-77.6660297194156,41.9,41.9,35.4,604,196.4,6.487126,7.599013,-4.697574,3.579104,-4.47388,7.381902,,,-1.7,-0.8,-41.8,318.2,P-GPS (Brake),Other,,23,5,True,,Mini 3 Pro,False,False,,Smart,RC,False,True,False,,,True,,False,False,False,False,False,False,False,False,False,False,0,Follow Yaw,-33.9,0,-6.2,353.8,False,False,False,False,False,True,,True,Normal,100,100,710,944,1024,1357,N,False,False,False,False,False,0,False,False,False,False,70,7.631,1593,2285,7.631,False,3.817,3.814,0.004,False,False,4.946,92.1,90.8,92.1,,,,,,,,,Idle,,,True,,False,10,Go Home,True,True,True,False,False,False,False,False,False,False,False,False,43.0428875252967,-77.6663246167718,101,436.3,1640.4,True,1,1,False,False,False,False,,True,False,False,,328,,16.4,Calm,48,, 1.8.0,DJI Mini 3 Pro,1581F4XF3229R006,53HFK5R0M30ACD,5HAZK6H0018AUR,52XPK6HCA105XX,101.4,0.7,39.3,9.437649,6.71082,0,4049,DJI Mini 3 Pro,1581F4XF3229R006,53HFK5R0M30ACD,5HAZK6H0018AUR,52XPK6HCA105XX,DJI Fly,, 1.8.0,54E6999D-4E41-3C56-C869-63925F82E9FA,1581F4XF3229R006W0A6,,,,,,,,,,
6/22/2023,8:05:17.26 PM,0m 34.3s,34.3,43.0427097711453,-77.6660347929022,41.9,41.9,35.4,604,198.4,6.327021,7.599013,-4.47388,3.579104,-4.47388,7.381902,,,-1.7,-1.2,-39.8,320.2,P-GPS (Brake),Other,,23,5,True,,Mini 3 Pro,False,False,,Smart,RC,False,True,False,,,True,,False,False,False,False,False,False,False,False,False,False,0,Follow Yaw,-33.9,0,-4.2,355.8,False,False,False,False,False,True,,True,Normal,100,100,710,944,1024,1357,N,False,False,False,False,False,0,False,False,False,False,70,7.628,1592,2285,7.628,False,3.816,3.812,0.004,False,False,4.959,92.3,90.8,92.3,,,,,,,,,Idle,,,True,,False,10,Go Home,True,True,True,False,False,False,False,False,False,False,False,False,43.0428875252967,-77.6663246167718,100.8,436.3,1640.4,True,1,1,False,False,False,False,,True,False,False,,328,,16.4,Calm,48,, 1.8.0,DJI Mini 3 Pro,1581F4XF3229R006,53HFK5R0M30ACD,5HAZK6H0018AUR,52XPK6HCA105XX,101.4,0.7,39.3,9.437649,6.71082,0,4049,DJI Mini 3 Pro,1581F4XF3229R006,53HFK5R0M30ACD,5HAZK6H0018AUR,52XPK6HCA105XX,DJI Fly,, 1.8.0,54E6999D-4E41-3C56-C869-63925F82E9FA,1581F4XF3229R006W0A6,,,,,,,,,,
6/22/2023,8:05:17.47 PM,0m 34.5s,34.5,43.0427060600359,-77.6660400730211,41.9,41.9,35.4,604,200.3,6.334925,7.599013,-4.250186,3.579104,-4.697574,7.381902,,,-1.8,-0.8,-37.9,322.1,P-GPS (Brake),Other,,23,5,True,,Mini 3 Pro,False,False,,Smart,RC,False,True,False,,,True,,False,False,False,False,False,False,False,False,False,False,0,Follow Yaw,-33.9,0,-2.2,357.8,False,False,False,False,False,True,,True,Normal,100,100,710,943,1024,1357,N,False,False,False,False,False,0,False,False,False,False,70,7.628,1592,2285,7.628,False,3.816,3.812,0.004,False,False,4.959,92.3,90.8,92.3,,,,,,,,,Idle,,,True,,False,10,Go Home,True,True,True,False,False,False,False,False,False,False,False,False,43.0428875252967,-77.6663246167718,100.6,436.3,1640.4,True,1,1,False,False,False,False,,True,False,False,,328,,16.4,Calm,48,, 1.8.0,DJI Mini 3 Pro,1581F4XF3229R006,53HFK5R0M30ACD,5HAZK6H0018AUR,52XPK6HCA105XX,101.4,0.7,39.3,9.437649,6.71082,0,4049,DJI Mini 3 Pro,1581F4XF3229R006,53HFK5R0M30ACD,5HAZK6H0018AUR,52XPK6HCA105XX,DJI Fly,, 1.8.0,54E6999D-4E41-3C56-C869-63925F82E9FA,1581F4XF3229R006W0A6,,,,,,,,,,
6/22/2023,8:05:17.67 PM,0m 34.7s,34.7,43.0427025089546,-77.666045580309,41.9,41.9,35.4,604,202.3,6.358578,7.599013,-4.026492,3.579104,-4.921268,7.381902,,,-1.1,-0.6,-36,324,P-GPS (Brake),Other,,23,5,True,,Mini 3 Pro,False,False,,Smart,RC,False,True,False,,,True,,False,False,False,False,False,False,False,False,False,False,0,Follow Yaw,-33.9,0,-0.3,359.7,False,False,False,False,False,True,,True,Normal,100,100,710,943,1024,1357,N,False,False,False,False,False,0,False,False,False,False,70,7.628,1592,2285,7.628,False,3.816,3.812,0.004,False,False,4.959,92.3,90.8,92.3,,,,,,,,,Idle,,,True,,False,10,Go Home,True,True,True,False,False,False,False,False,False,False,False,False,43.0428875252967,-77.6663246167718,100.4,436.3,1640.4,True,1,1,False,False,False,False,,True,False,False,,328,,16.4,Calm,48,, 1.8.0,DJI Mini 3 Pro,1581F4XF3229R006,53HFK5R0M30ACD,5HAZK6H0018AUR,52XPK6HCA105XX,101.4,0.7,39.3,9.437649,6.71082,0,4049,DJI Mini 3 Pro,1581F4XF3229R006,53HFK5R0M30ACD,5HAZK6H0018AUR,52XPK6HCA105XX,DJI Fly,, 1.8.0,54E6999D-4E41-3C56-C869-63925F82E9FA,1581F4XF3229R006W0A6,,,,,,,,,,
6/22/2023,8:05:17.87 PM,0m 34.9s,34.9,43.0426990581564,-77.6660512453023,41.9,41.9,35.4,604,204.3,6.533243,7.599013,-4.026492,3.579104,-5.144962,7.381902,,,-1.1,0.2,-34,326,P-GPS (Brake),Other,,23,5,True,,Mini 3 Pro,False,False,,Smart,RC,False,True,False,,,True,,False,False,False,False,False,False,False,False,False,False,0,Follow Yaw,-33.9,0,1.6,1.6,False,False,False,False,False,True,,True,Normal,100,100,710,939,1024,1357,N,False,False,False,False,False,0,False,False,False,False,70,7.628,1592,2285,7.628,False,3.816,3.812,0.004,False,False,4.959,92.3,90.8,92.3,,,,,,,,,Idle,,,True,,False,10,Go Home,True,True,True,False,False,False,False,False,False,False,False,False,43.0428875252967,-77.6663246167718,100.1,436.3,1640.4,True,1,1,False,False,False,False,,True,False,False,,328,,16.4,Calm,48,, 1.8.0,DJI Mini 3 Pro,1581F4XF3229R006,53HFK5R0M30ACD,5HAZK6H0018AUR,52XPK6HCA105XX,101.4,0.7,39.3,9.437649,6.71082,0,4049,DJI Mini 3 Pro,1581F4XF3229R006,53HFK5R0M30ACD,5HAZK6H0018AUR,52XPK6HCA105XX,DJI Fly,, 1.8.0,54E6999D-4E41-3C56-C869-63925F82E9FA,1581F4XF3229R006W0A6,,,,,,,,,,
6/22/2023,8:05:18.07 PM,0m 35.1s,35.1,43.042695746072,-77.6660570097905,41.9,41.9,35.4,604,206.2,6.397804,7.599013,-3.802798,3.579104,-5.144962,7.381902,,,-1.2,0.1,-32.1,327.9,P-GPS (Brake),Other,,23,5,True,,Mini 3 Pro,False,False,,Smart,RC,False,True,False,,,True,,False,False,False,False,False,False,False,False,False,False,0,Follow Yaw,-33.9,0,3.6,3.6,False,False,False,False,False,True,,True,Normal,100,100,710,938,1024,1358,N,False,False,False,False,False,0,False,False,False,False,70,7.628,1592,2285,7.628,False,3.816,3.812,0.004,False,False,4.959,92.3,90.8,92.3,,,,,,,,,Idle,,,True,,False,10,Go Home,True,True,True,False,False,False,False,False,False,False,False,False,43.0428875252967,-77.6663246167718,99.9,436.3,1640.4,True,1,1,False,False,False,False,,True,False,False,,328,,16.4,Calm,48,, 1.8.0,DJI Mini 3 Pro,1581F4XF3229R006,53HFK5R0M30ACD,5HAZK6H0018AUR,52XPK6HCA105XX,101.4,0.7,39.3,9.437649,6.71082,0,4049,DJI Mini 3 Pro,1581F4XF3229R006,53HFK5R0M30ACD,5HAZK6H0018AUR,52XPK6HCA105XX,DJI Fly,, 1.8.0,54E6999D-4E41-3C56-C869-63925F82E9FA,1581F4XF3229R006W0A6,,,,,,,,,,
6/22/2023,8:05:18.27 PM,0m 35.3s,35.3,43.0426925925765,-77.6660628527211,41.9,41.9,35.4,604,208.1,6.452321,7.599013,-3.579104,3.579104,-5.368656,7.381902,,,-1.4,0.1,-30.1,329.9,P-GPS (Brake),Other,,23,5,True,,Mini 3 Pro,False,False,,Smart,RC,False,True,False,,,True,,False,False,False,False,False,False,False,False,False,False,0,Follow Yaw,-33.9,0,5.5,5.5,False,False,False,False,False,True,,True,Normal,100,100,710,938,1024,1358,N,False,False,False,False,False,0,False,False,False,False,70,7.625,1590,2285,7.625,False,3.815,3.81,0.005,False,False,5.049,92.3,90.8,92.3,,,,,,,,,Idle,,,True,,False,10,Go Home,True,True,True,False,False,False,False,False,False,False,False,False,43.0428875252967,-77.6663246167718,99.6,436.3,1640.4,True,1,1,False,False,False,False,,True,False,False,,328,,16.4,Calm,48,, 1.8.0,DJI Mini 3 Pro,1581F4XF3229R006,53HFK5R0M30ACD,5HAZK6H0018AUR,52XPK6HCA105XX,101.4,0.7,39.3,9.437649,6.71082,0,4049,DJI Mini 3 Pro,1581F4XF3229R006,53HFK5R0M30ACD,5HAZK6H0018AUR,52XPK6HCA105XX,DJI Fly,, 1.8.0,54E6999D-4E41-3C56-C869-63925F82E9FA,1581F4XF3229R006W0A6,,,,,,,,,,
6/22/2023,8:05:18.48 PM,0m 35.5s,35.5,43.0426895683884,-77.6660687761806,41.9,41.9,35.4,604,210.1,6.330974,7.599013,-3.35541,3.579104,-5.368656,7.381902,,,-1.8,0,-28.1,331.9,P-GPS (Brake),Other,,23,5,True,,Mini 3 Pro,False,False,,Smart,RC,False,True,False,,,True,,False,False,False,False,False,False,False,False,False,False,0,Follow Yaw,-33.9,0,8.5,8.5,False,False,False,False,False,True,,True,Normal,100,100,710,938,1024,1358,N,False,False,False,False,False,0,False,False,False,False,70,7.625,1590,2285,7.625,False,3.815,3.81,0.005,False,False,5.049,92.3,90.8,92.3,,,,,,,,,Idle,,,True,,False,10,Go Home,True,True,True,False,False,False,False,False,False,False,False,False,43.0428875252967,-77.6663246167718,99.3,436.3,1640.4,True,1,1,False,False,False,False,,True,False,False,,328,,16.4,Calm,48,, 1.8.0,DJI Mini 3 Pro,1581F4XF3229R006,53HFK5R0M30ACD,5HAZK6H0018AUR,52XPK6HCA105XX,101.4,0.7,39.3,9.437649,6.71082,0,4049,DJI Mini 3 Pro,1581F4XF3229R006,53HFK5R0M30ACD,5HAZK6H0018AUR,52XPK6HCA105XX,DJI Fly,, 1.8.0,54E6999D-4E41-3C56-C869-63925F82E9FA,1581F4XF3229R006W0A6,,,,,,,,,,
6/22/2023,8:05:18.58 PM,0m 35.7s,35.7,43.0426866807383,-77.6660747997679,41.9,41.9,35.4,604,212,6.330974,7.599013,-3.35541,3.579104,-5.368656,7.381902,,,-2,0,-26.2,333.8,P-GPS (Brake),Other,,23,5,True,,Mini 3 Pro,False,False,,Smart,RC,False,True,False,,,True,,False,False,False,False,False,False,False,False,False,False,0,Follow Yaw,-33.9,0,9.5,9.5,False,False,False,False,False,True,,True,Normal,100,100,710,938,1024,1358,N,False,False,False,False,False,0,False,False,False,False,70,7.625,1590,2285,7.625,False,3.815,3.81,0.005,False,False,5.049,92.3,90.8,92.3,,,,,,,,,Idle,,,True,,False,10,Go Home,True,True,True,False,False,False,False,False,False,False,False,False,43.0428875252967,-77.6663246167718,99,436.3,1640.4,True,1,1,False,False,False,False,,True,False,False,,328,,16.4,Calm,48,, 1.8.0,DJI Mini 3 Pro,1581F4XF3229R006,53HFK5R0M30ACD,5HAZK6H0018AUR,52XPK6HCA105XX,101.4,0.7,39.3,9.437649,6.71082,0,4049,DJI Mini 3 Pro,1581F4XF3229R006,53HFK5R0M30ACD,5HAZK6H0018AUR,52XPK6HCA105XX,DJI Fly,, 1.8.0,54E6999D-4E41-3C56-C869-63925F82E9FA,1581F4XF3229R006W0A6,,,,,,,,,,
6/22/2023,8:05:18.78 PM,0m 35.9s,35.9,43.042683906924,-77.666080927867,41.9,41.9,35.4,604,213.9,6.409526,7.599013,-3.131716,3.579104,-5.59235,7.381902,,,-2.7,0,-24.3,335.7,P-GPS (Brake),Other,,23,5,True,,Mini 3 Pro,False,False,,Smart,RC,False,True,False,,,True,,False,False,False,False,False,False,False,False,False,False,0,Follow Yaw,-33.9,0,11.5,11.5,False,False,False,False,False,True,,True,Normal,100,100,710,939,1024,1358,N,False,False,False,False,False,0,False,False,False,False,70,7.625,1590,2285,7.625,False,3.815,3.81,0.005,False,False,5.049,92.3,90.8,92.3,,,,,,,,,Idle,,,True,,False,10,Go Home,True,True,True,False,False,False,False,False,False,False,False,False,43.0428875252967,-77.6663246167718,98.6,436.3,1640.4,True,1,1,False,False,False,False,,True,False,False,,328,,16.4,Calm,48,, 1.8.0,DJI Mini 3 Pro,1581F4XF3229R006,53HFK5R0M30ACD,5HAZK6H0018AUR,52XPK6HCA105XX,101.4,0.7,39.3,9.437649,6.71082,0,4049,DJI Mini 3 Pro,1581F4XF3229R006,53HFK5R0M30ACD,5HAZK6H0018AUR,52XPK6HCA105XX,DJI Fly,, 1.8.0,54E6999D-4E41-3C56-C869-63925F82E9FA,1581F4XF3229R006W0A6,,,,,,,,,,
6/22/2023,8:05:18.98 PM,0m 36.1s,36.1,43.042681266889,-77.6660872050912,41.9,41.9,35.4,604,215.8,6.30325,7.599013,-2.908022,3.579104,-5.59235,7.381902,,,-3,0.3,-22.2,337.8,P-GPS (Brake),Other,,23,5,True,,Mini 3 Pro,False,False,,Smart,RC,False,True,False,,,True,,False,False,False,False,False,False,False,False,False,False,0,Follow Yaw,-33.9,0,13.4,13.4,False,False,False,False,False,True,,True,Normal,100,100,710,940,1024,1358,N,False,False,False,False,False,0,False,False,False,False,70,7.625,1590,2285,7.625,False,3.815,3.81,0.005,False,False,5.049,92.3,90.8,92.3,,,,,,,,,Idle,,,True,,False,10,Go Home,True,True,True,False,False,False,False,False,False,False,False,False,43.0428875252967,-77.6663246167718,98.3,436.3,1640.4,True,1,1,False,False,False,False,,True,False,False,,328,,16.4,Calm,48,, 1.8.0,DJI Mini 3 Pro,1581F4XF3229R006,53HFK5R0M30ACD,5HAZK6H0018AUR,52XPK6HCA105XX,101.4,0.7,39.3,9.437649,6.71082,0,4049,DJI Mini 3 Pro,1581F4XF3229R006,53HFK5R0M30ACD,5HAZK6H0018AUR,52XPK6HCA105XX,DJI Fly,, 1.8.0,54E6999D-4E41-3C56-C869-63925F82E9FA,1581F4XF3229R006W0A6,,,,,,,,,,
6/22/2023,8:05:19.28 PM,0m 36.3s,36.3,43.0426788113832,-77.6660936173976,41.9,41.9,35.4,604,217.8,6.405621,7.599013,-2.684328,3.579104,-5.816044,7.381902,,,-3.2,0.2,-20.3,339.7,P-GPS (Brake),Other,,23,5,True,,Mini 3 Pro,False,False,,Smart,RC,False,True,False,,,True,,False,False,False,False,False,False,False,False,False,False,0,Follow Yaw,-33.9,0,15.4,15.4,False,False,False,False,False,True,,True,Normal,100,100,709,942,1024,1359,N,False,False,False,False,False,0,False,False,False,False,70,7.621,1589,2285,7.621,False,3.812,3.809,0.005,False,False,5.154,92.3,90.8,92.3,,,,,,,,,Idle,,,True,,False,10,Go Home,True,True,True,False,False,False,False,False,False,False,False,False,43.0428875252967,-77.6663246167718,97.9,436.3,1640.4,True,1,1,False,False,False,False,,True,False,False,,328,,16.4,Calm,48,, 1.8.0,DJI Mini 3 Pro,1581F4XF3229R006,53HFK5R0M30ACD,5HAZK6H0018AUR,52XPK6HCA105XX,101.4,0.7,39.3,9.437649,6.71082,0,4049,DJI Mini 3 Pro,1581F4XF3229R006,53HFK5R0M30ACD,5HAZK6H0018AUR,52XPK6HCA105XX,DJI Fly,, 1.8.0,54E6999D-4E41-3C56-C869-63925F82E9FA,1581F4XF3229R006W0A6,,,,,,,,,,
6/22/2023,8:05:19.49 PM,0m 36.5s,36.5,43.0426765761302,-77.6661001371697,41.9,41.9,35.4,604,219.7,6.315147,7.599013,-2.460634,3.579104,-5.816044,7.381902,,,-2.9,0.7,-18.2,341.8,P-GPS (Brake),Other,,23,5,True,,Mini 3 Pro,False,False,,Smart,RC,False,True,False,,,True,,False,False,False,False,False,False,False,False,False,False,0,Follow Yaw,-33.9,0,17.4,17.4,False,False,False,False,False,True,,True,Normal,100,100,707,942,1024,1362,N,False,False,False,False,False,0,False,False,False,False,70,7.621,1589,2285,7.621,False,3.812,3.809,0.005,False,False,5.154,92.3,90.8,92.3,,,,,,,,,Idle,,,True,,False,10,Go Home,True,True,True,False,False,False,False,False,False,False,False,False,43.0428875252967,-77.6663246167718,97.4,436.3,1640.4,True,1,1,False,False,False,False,,True,False,False,,328,,16.4,Calm,48,, 1.8.0,DJI Mini 3 Pro,1581F4XF3229R006,53HFK5R0M30ACD,5HAZK6H0018AUR,52XPK6HCA105XX,101.4,0.7,39.3,9.437649,6.71082,0,4049,DJI Mini 3 Pro,1581F4XF3229R006,53HFK5R0M30ACD,5HAZK6H0018AUR,52XPK6HCA105XX,DJI Fly,, 1.8.0,54E6999D-4E41-3C56-C869-63925F82E9FA,1581F4XF3229R006W0A6,,,,,,,,,,
6/22/2023,8:05:19.59 PM,0m 36.7s,36.7,43.0426745287645,-77.6661067154807,41.9,41.9,35.4,604,221.6,6.231393,7.599013,-2.23694,3.579104,-5.816044,7.381902,,,-2.4,0.2,-16.3,343.7,P-GPS (Brake),Other,,23,5,True,,Mini 3 Pro,False,False,,Smart,RC,False,True,False,,,True,,False,False,False,False,False,False,False,False,False,False,0,Follow Yaw,-33.9,0,19.4,19.4,False,False,False,False,False,True,,True,Normal,100,100,707,942,1024,1363,N,False,False,False,False,False,0,False,False,False,False,70,7.621,1589,2285,7.621,False,3.812,3.809,0.005,False,False,5.154,92.3,90.8,92.3,,,,,,,,,Idle,,,True,,False,10,Go Home,True,True,True,False,False,False,False,False,False,False,False,False,43.0428875252967,-77.6663246167718,97,436.3,1640.4,True,1,1,False,False,False,False,,True,False,False,,328,,16.4,Calm,48,, 1.8.0,DJI Mini 3 Pro,1581F4XF3229R006,53HFK5R0M30ACD,5HAZK6H0018AUR,52XPK6HCA105XX,101.4,0.7,39.3,9.437649,6.71082,0,4049,DJI Mini 3 Pro,1581F4XF3229R006,53HFK5R0M30ACD,5HAZK6H0018AUR,52XPK6HCA105XX,DJI Fly,, 1.8.0,54E6999D-4E41-3C56-C869-63925F82E9FA,1581F4XF3229R006W0A6,,,,,,,,,,
6/22/2023,8:05:19.89 PM,0m 36.9s,36.9,43.042672602979,-77.6661133265189,41.9,41.9,35.4,604,223.5,6.366442,7.599013,-2.013246,3.579104,-6.039738,7.381902,,,-2.7,0.7,-14.4,345.6,P-GPS (Brake),Other,,23,5,True,,Mini 3 Pro,False,False,,Smart,RC,False,True,False,,,True,,False,False,False,False,False,False,False,False,False,False,0,Follow Yaw,-33.9,0,21.4,21.4,False,False,False,False,False,True,,True,Normal,100,100,706,942,1024,1364,N,False,False,False,False,False,0,False,False,False,False,70,7.621,1589,2285,7.621,False,3.812,3.809,0.005,False,False,5.154,92.3,90.8,92.3,,,,,,,,,Idle,,,True,,False,10,Go Home,True,True,True,False,False,False,False,False,False,False,False,False,43.0428875252967,-77.6663246167718,96.5,436.3,1640.4,True,1,1,False,False,False,False,,True,False,False,,328,,16.4,Calm,48,, 1.8.0,DJI Mini 3 Pro,1581F4XF3229R006,53HFK5R0M30ACD,5HAZK6H0018AUR,52XPK6HCA105XX,101.4,0.7,39.3,9.437649,6.71082,0,4049,DJI Mini 3 Pro,1581F4XF3229R006,53HFK5R0M30ACD,5HAZK6H0018AUR,52XPK6HCA105XX,DJI Fly,, 1.8.0,54E6999D-4E41-3C56-C869-63925F82E9FA,1581F4XF3229R006W0A6,,,,,,,,,,
6/22/2023,8:05:20.09 PM,0m 37.1s,37.1,43.0426708301626,-77.6661199608953,41.9,41.9,35.4,604,225.4,6.29928,7.599013,-1.789552,3.579104,-6.039738,7.381902,,,-3,0.3,-12.3,347.7,P-GPS (Brake),Other,,23,5,True,,Mini 3 Pro,False,False,,Smart,RC,False,True,False,,,True,,False,False,False,False,False,False,False,False,False,False,0,Follow Yaw,-33.9,0,23.5,23.5,False,False,False,False,False,True,,True,Normal,100,100,707,942,1024,1364,N,False,False,False,False,False,0,False,False,False,False,70,7.621,1589,2285,7.621,False,3.812,3.809,0.005,False,False,5.154,92.3,90.8,92.3,,,,,,,,,Idle,,,True,,False,10,Go Home,True,True,True,False,False,False,False,False,False,False,False,False,43.0428875252967,-77.6663246167718,96,436.3,1640.4,True,1,1,False,False,False,False,,True,False,False,,328,,16.4,Calm,48,, 1.8.0,DJI Mini 3 Pro,1581F4XF3229R006,53HFK5R0M30ACD,5HAZK6H0018AUR,52XPK6HCA105XX,101.4,0.7,39.3,9.437649,6.71082,0,4049,DJI Mini 3 Pro,1581F4XF3229R006,53HFK5R0M30ACD,5HAZK6H0018AUR,52XPK6HCA105XX,DJI Fly,, 1.8.0,54E6999D-4E41-3C56-C869-63925F82E9FA,1581F4XF3229R006W0A6,,,,,,,,,,
6/22/2023,8:05:20.19 PM,0m 37.3s,37.3,43.0426692380888,-77.6661266306247,41.9,41.9,35.4,604,227.3,6.239418,7.599013,-1.565858,3.579104,-6.039738,7.381902,,,-3.2,-0.8,-10.2,349.8,P-GPS (Brake),Other,,23,5,True,,Mini 3 Pro,False,False,,Smart,RC,False,True,False,,,True,,False,False,False,False,False,False,False,False,False,False,0,Follow Yaw,-33.9,0,25.5,25.5,False,False,False,False,False,True,,True,Normal,100,100,707,942,1024,1364,N,False,False,False,False,False,0,False,False,False,False,70,7.619,1588,2285,7.619,False,3.811,3.808,0.005,False,False,5.171,92.3,90.8,92.3,,,,,,,,,Idle,,,True,,False,10,Go Home,True,True,True,False,False,False,False,False,False,False,False,False,43.0428875252967,-77.6663246167718,95.5,436.3,1640.4,True,1,1,False,False,False,False,,True,False,False,,328,,16.4,Calm,48,, 1.8.0,DJI Mini 3 Pro,1581F4XF3229R006,53HFK5R0M30ACD,5HAZK6H0018AUR,52XPK6HCA105XX,101.4,0.7,39.3,9.437649,6.71082,0,4049,DJI Mini 3 Pro,1581F4XF3229R006,53HFK5R0M30ACD,5HAZK6H0018AUR,52XPK6HCA105XX,DJI Fly,, 1.8.0,54E6999D-4E41-3C56-C869-63925F82E9FA,1581F4XF3229R006W0A6,,,,,,,,,,
6/22/2023,8:05:20.50 PM,0m 37.5s,37.5,43.0426677904173,-77.6661333802618,41.9,41.9,35.4,604,229.1,6.239418,7.599013,-1.565858,3.579104,-6.039738,7.381902,,,-3.7,-0.9,-8.1,351.9,P-GPS (Brake),Other,,23,5,True,,Mini 3 Pro,False,False,,Smart,RC,False,True,False,,,True,,False,False,False,False,False,False,False,False,False,False,0,Follow Yaw,-33.9,0,27.5,27.5,False,False,False,False,False,True,,True,Normal,100,100,707,942,1024,1364,N,False,False,False,False,False,0,False,False,False,False,70,7.619,1588,2285,7.619,False,3.811,3.808,0.005,False,False,5.171,92.3,90.8,92.3,,,,,,,,,Idle,,,True,,False,10,Go Home,True,True,True,False,False,False,False,False,False,False,False,False,43.0428875252967,-77.6663246167718,95,436.3,1640.4,True,1,1,False,False,False,False,,True,False,False,,328,,16.4,Calm,48,, 1.8.0,DJI Mini 3 Pro,1581F4XF3229R006,53HFK5R0M30ACD,5HAZK6H0018AUR,52XPK6HCA105XX,101.4,0.7,39.3,9.437649,6.71082,0,4049,DJI Mini 3 Pro,1581F4XF3229R006,53HFK5R0M30ACD,5HAZK6H0018AUR,52XPK6HCA105XX,DJI Fly,, 1.8.0,54E6999D-4E41-3C56-C869-63925F82E9FA,1581F4XF3229R006W0A6,,,,,,,,,,
6/22/2023,8:05:20.60 PM,0m 37.7s,37.7,43.042666479849,-77.6661402049772,41.9,41.9,35.4,604,231,6.18707,7.599013,-1.342164,3.579104,-6.039738,7.381902,,,-3.9,-0.3,-6,354,P-GPS (Brake),Other,,23,5,True,,Mini 3 Pro,False,False,,Smart,RC,False,True,False,,,True,,False,False,False,False,False,False,False,False,False,False,0,Follow Yaw,-33.9,0.1,29.6,29.6,False,False,False,False,False,True,,True,Normal,100,100,707,943,1024,1363,N,False,False,False,False,False,0,False,False,False,False,70,7.619,1588,2285,7.619,False,3.811,3.808,0.005,False,False,5.171,92.3,90.8,92.3,,,,,,,,,Idle,,,True,,False,10,Go Home,True,True,True,False,False,False,False,False,False,False,False,False,43.0428875252967,-77.6663246167718,94.4,436.3,1640.4,True,1,1,False,False,False,False,,True,False,False,,328,,16.4,Calm,48,, 1.8.0,DJI Mini 3 Pro,1581F4XF3229R006,53HFK5R0M30ACD,5HAZK6H0018AUR,52XPK6HCA105XX,101.4,0.7,39.3,9.437649,6.71082,0,4049,DJI Mini 3 Pro,1581F4XF3229R006,53HFK5R0M30ACD,5HAZK6H0018AUR,52XPK6HCA105XX,DJI Fly,, 1.8.0,54E6999D-4E41-3C56-C869-63925F82E9FA,1581F4XF3229R006W0A6,,,,,,,,,,
6/22/2023,8:05:20.90 PM,0m 37.9s,37.9,43.0426653725369,-77.666147023269,41.9,41.9,35.4,604,232.9,6.105657,7.599013,-0.894776,3.579104,-6.039738,7.381902,,,-3.8,-0.6,-4,356,P-GPS (Brake),Other,,23,5,True,,Mini 3 Pro,False,False,,Smart,RC,False,True,False,,,True,,False,False,False,False,False,False,False,False,False,False,0,Follow Yaw,-33.9,0,31.6,31.6,False,False,False,False,False,True,,True,Normal,100,100,706,946,1024,1363,N,False,False,False,False,False,0,False,False,False,False,70,7.619,1588,2285,7.619,False,3.811,3.808,0.005,False,False,5.171,92.3,90.8,92.3,,,,,,,,,Idle,,,True,,False,10,Go Home,True,True,True,False,False,False,False,False,False,False,False,False,43.0428875252967,-77.6663246167718,93.8,436.3,1640.4,True,1,1,False,False,False,False,,True,False,False,,328,,16.4,Calm,48,, 1.8.0,DJI Mini 3 Pro,1581F4XF3229R006,53HFK5R0M30ACD,5HAZK6H0018AUR,52XPK6HCA105XX,101.4,0.7,39.3,9.437649,6.71082,0,4049,DJI Mini 3 Pro,1581F4XF3229R006,53HFK5R0M30ACD,5HAZK6H0018AUR,52XPK6HCA105XX,DJI Fly,, 1.8.0,54E6999D-4E41-3C56-C869-63925F82E9FA,1581F4XF3229R006W0A6,,,,,,,,,,
6/22/2023,8:05:21.10 PM,0m 38.1s,38.1,43.0426644738096,-77.6661538523215,41.9,41.9,35.4,604,234.7,6.076905,7.599013,-0.671082,3.579104,-6.039738,7.381902,,,-3.5,-0.8,-2,358,P-GPS (Brake),Other,,24,5,True,,Mini 3 Pro,False,False,,Smart,RC,False,True,False,,,True,,False,False,False,False,False,False,False,False,False,False,0,Follow Yaw,-33.9,0,33.7,33.7,False,False,False,False,False,True,,True,Normal,100,100,706,947,1024,1362,N,False,False,False,False,False,0,False,False,False,False,70,7.619,1588,2285,7.619,False,3.811,3.808,0.005,False,False,5.171,92.3,90.8,92.3,,,,,,,,,Idle,,,True,,False,10,Go Home,True,True,True,False,False,False,False,False,False,False,False,False,43.0428875252967,-77.6663246167718,93.2,436.3,1640.4,True,1,1,False,False,False,False,,True,False,False,,328,,16.4,Calm,48,, 1.8.0,DJI Mini 3 Pro,1581F4XF3229R006,53HFK5R0M30ACD,5HAZK6H0018AUR,52XPK6HCA105XX,101.4,0.7,39.3,9.437649,6.71082,0,4049,DJI Mini 3 Pro,1581F4XF3229R006,53HFK5R0M30ACD,5HAZK6H0018AUR,52XPK6HCA105XX,DJI Fly,, 1.8.0,54E6999D-4E41-3C56-C869-63925F82E9FA,1581F4XF3229R006W0A6,,,,,,,,,,
6/22/2023,8:05:21.31 PM,0m 38.3s,38.3,43.0426637497254,-77.6661606883601,41.9,41.9,35.4,604,236.6,6.056285,7.599013,-0.447388,3.579104,-6.039738,7.381902,,,-3.5,-1.3,0,0,P-GPS (Brake),Other,,24,5,True,,Mini 3 Pro,False,False,,Smart,RC,False,True,False,,,True,,False,False,False,False,False,False,False,False,False,False,0,Follow Yaw,-33.9,0,35.7,35.7,False,False,False,False,False,True,,True,Normal,100,100,706,948,1024,1361,N,False,False,False,False,False,0,False,False,False,False,70,7.627,1586,2285,7.627,False,3.815,3.812,0.005,False,False,4.915,92.5,90.8,92.4,,,,,,,,,Idle,,,True,,False,10,Go Home,True,True,True,False,False,False,False,False,False,False,False,False,43.0428875252967,-77.6663246167718,92.5,436.3,1640.4,True,1,1,False,False,False,False,,True,False,False,,328,,16.4,Calm,48,, 1.8.0,DJI Mini 3 Pro,1581F4XF3229R006,53HFK5R0M30ACD,5HAZK6H0018AUR,52XPK6HCA105XX,101.4,0.7,39.3,9.437649,6.71082,0,4049,DJI Mini 3 Pro,1581F4XF3229R006,53HFK5R0M30ACD,5HAZK6H0018AUR,52XPK6HCA105XX,DJI Fly,, 1.8.0,54E6999D-4E41-3C56-C869-63925F82E9FA,1581F4XF3229R006W0A6,,,,,,,,,,
6/22/2023,8:05:21.51 PM,0m 38.5s,38.5,43.0426631859948,-77.6661675423332,41.9,41.9,35.4,604,238.4,6.267425,7.599013,-0.223694,3.579104,-6.263432,7.381902,,,-3.8,-1.5,2,2,P-GPS (Brake),Other,,24,5,True,,Mini 3 Pro,False,False,,Smart,RC,False,True,False,,,True,,False,False,False,False,False,False,False,False,False,False,0,Follow Yaw,-33.9,0,37.7,37.7,False,False,False,False,False,True,,True,Normal,100,100,706,949,1024,1358,N,False,False,False,False,False,0,False,False,False,False,70,7.627,1586,2285,7.627,False,3.815,3.812,0.005,False,False,4.915,92.5,90.8,92.4,,,,,,,,,Idle,,,True,,False,10,Go Home,True,True,True,False,False,False,False,False,False,False,False,False,43.0428875252967,-77.6663246167718,91.9,436.3,1640.4,True,1,1,False,False,False,False,,True,False,False,,328,,16.4,Calm,48,, 1.8.0,DJI Mini 3 Pro,1581F4XF3229R006,53HFK5R0M30ACD,5HAZK6H0018AUR,52XPK6HCA105XX,101.4,0.7,39.3,9.437649,6.71082,0,4049,DJI Mini 3 Pro,1581F4XF3229R006,53HFK5R0M30ACD,5HAZK6H0018AUR,52XPK6HCA105XX,DJI Fly,, 1.8.0,54E6999D-4E41-3C56-C869-63925F82E9FA,1581F4XF3229R006W0A6,,,,,,,,,,
6/22/2023,8:05:21.61 PM,0m 38.7s,38.7,43.0426627907391,-77.6661743984748,41.9,41.9,35.4,604,240.2,6.263432,7.599013,,3.579104,-6.263432,7.381902,,,-4.1,-1.1,4,4,P-GPS (Brake),Other,,24,5,True,,Mini 3 Pro,False,False,,Smart,RC,False,True,False,,,True,,False,False,False,False,False,False,False,False,False,False,0,Follow Yaw,-33.9,0,39.7,39.7,False,False,False,False,False,True,,True,Normal,100,100,706,949,1024,1356,N,False,False,False,False,False,0,False,False,False,False,70,7.627,1586,2285,7.627,False,3.815,3.812,0.005,False,False,4.915,92.5,90.8,92.4,,,,,,,,,Idle,,,True,,False,10,Go Home,True,True,True,False,False,False,False,False,False,False,False,False,43.0428875252967,-77.6663246167718,91.2,436.3,1640.4,True,1,1,False,False,False,False,,True,False,False,,328,,16.4,Calm,48,, 1.8.0,DJI Mini 3 Pro,1581F4XF3229R006,53HFK5R0M30ACD,5HAZK6H0018AUR,52XPK6HCA105XX,101.4,0.7,39.3,9.437649,6.71082,0,4049,DJI Mini 3 Pro,1581F4XF3229R006,53HFK5R0M30ACD,5HAZK6H0018AUR,52XPK6HCA105XX,DJI Fly,, 1.8.0,54E6999D-4E41-3C56-C869-63925F82E9FA,1581F4XF3229R006W0A6,,,,,,,,,,
6/22/2023,8:05:21.81 PM,0m 38.9s,38.9,43.042662586472,-77.6661812515687,41.9,41.9,35.4,604,242.1,6.039738,7.599013,,3.579104,-6.039738,7.381902,,,-4,-1.7,6.1,6.1,P-GPS (Brake),Other,,24,5,True,,Mini 3 Pro,False,False,,Smart,RC,False,True,False,,,True,,False,False,False,False,False,False,False,False,False,False,0,Follow Yaw,-33.9,0,41.7,41.7,False,False,False,False,False,True,,True,Normal,100,100,706,950,1024,1355,N,False,False,False,False,False,0,False,False,False,False,70,7.627,1586,2285,7.627,False,3.815,3.812,0.005,False,False,4.915,92.5,90.8,92.4,,,,,,,,,Idle,,,True,,False,10,Go Home,True,True,True,False,False,False,False,False,False,False,False,False,43.0428875252967,-77.6663246167718,90.5,436.3,1640.4,True,1,1,False,False,False,False,,True,False,False,,328,,16.4,Calm,48,, 1.8.0,DJI Mini 3 Pro,1581F4XF3229R006,53HFK5R0M30ACD,5HAZK6H0018AUR,52XPK6HCA105XX,101.4,0.7,39.3,9.437649,6.71082,0,4049,DJI Mini 3 Pro,1581F4XF3229R006,53HFK5R0M30ACD,5HAZK6H0018AUR,52XPK6HCA105XX,DJI Fly,, 1.8.0,54E6999D-4E41-3C56-C869-63925F82E9FA,1581F4XF3229R006W0A6,,,,,,,,,,
6/22/2023,8:05:22.11 PM,0m 39.1s,39.1,43.0426625692527,-77.6661880645622,41.9,41.9,35.4,604,243.9,6.039738,7.599013,,3.579104,-6.039738,7.381902,,,-4.6,-1.4,8.1,8.1,P-GPS (Brake),Other,,24,5,True,,Mini 3 Pro,False,False,,Smart,RC,False,True,False,,,True,,False,False,False,False,False,False,False,False,False,False,0,Follow Yaw,-33.9,0,43.7,43.7,False,False,False,False,False,True,,True,Normal,100,100,706,950,1024,1355,N,False,False,False,False,False,0,False,False,False,False,70,7.627,1586,2285,7.627,False,3.815,3.812,0.005,False,False,4.915,92.5,90.8,92.4,,,,,,,,,Idle,,,True,,False,10,Go Home,True,True,True,False,False,False,False,False,False,False,False,False,43.0428875252967,-77.6663246167718,89.7,436.3,1640.4,True,1,1,False,False,False,False,,True,False,False,,328,,16.4,Calm,48,, 1.8.0,DJI Mini 3 Pro,1581F4XF3229R006,53HFK5R0M30ACD,5HAZK6H0018AUR,52XPK6HCA105XX,101.4,0.7,39.3,9.437649,6.71082,0,4049,DJI Mini 3 Pro,1581F4XF3229R006,53HFK5R0M30ACD,5HAZK6H0018AUR,52XPK6HCA105XX,DJI Fly,, 1.8.0,54E6999D-4E41-3C56-C869-63925F82E9FA,1581F4XF3229R006W0A6,,,,,,,,,,
6/22/2023,8:05:22.22 PM,0m 39.3s,39.3,43.0426627329988,-77.6661948246083,41.9,41.9,35.4,604,245.7,6.043879,7.599013,0.223694,3.579104,-6.039738,7.381902,,,-4.6,-2.2,10.1,10.1,P-GPS (Brake),Other,,24,5,True,,Mini 3 Pro,False,False,,Smart,RC,False,True,False,,,True,,False,False,False,False,False,False,False,False,False,False,0,Follow Yaw,-33.9,0,45.6,45.6,False,False,False,False,False,True,,True,Normal,100,100,706,950,1024,1355,N,False,False,False,False,False,0,False,False,False,False,70,7.627,1585,2285,7.627,False,3.815,3.812,0.005,False,False,4.716,92.5,90.8,92.4,,,,,,,,,Idle,,,True,,False,10,Go Home,True,True,True,False,False,False,False,False,False,False,False,False,43.0428875252967,-77.6663246167718,89,436.3,1640.4,True,1,1,False,False,False,False,,True,False,False,,328,,16.4,Calm,48,, 1.8.0,DJI Mini 3 Pro,1581F4XF3229R006,53HFK5R0M30ACD,5HAZK6H0018AUR,52XPK6HCA105XX,101.4,0.7,39.3,9.437649,6.71082,0,4049,DJI Mini 3 Pro,1581F4XF3229R006,53HFK5R0M30ACD,5HAZK6H0018AUR,52XPK6HCA105XX,DJI Fly,, 1.8.0,54E6999D-4E41-3C56-C869-63925F82E9FA,1581F4XF3229R006W0A6,,,,,,,,,,
6/22/2023,8:05:22.52 PM,0m 39.5s,39.5,43.0426630855746,-77.6662015513995,41.9,41.9,35.4,604,247.5,6.076905,7.599013,0.671082,3.579104,-6.039738,7.381902,,,-3.8,-2.4,12,12,P-GPS (Brake),Other,,24,5,True,,Mini 3 Pro,False,False,,Smart,RC,False,True,False,,,True,,False,False,False,False,False,False,False,False,False,False,0,Follow Yaw,-33.9,0,47.6,47.6,False,False,False,False,False,True,,True,Normal,100,100,705,952,1024,1355,N,False,False,False,False,False,0,False,False,False,False,70,7.63,1585,2285,7.63,False,3.817,3.813,0.005,False,False,4.716,92.5,90.8,92.4,,,,,,,,,Idle,,,True,,False,10,Go Home,True,True,True,False,False,False,False,False,False,False,False,False,43.0428875252967,-77.6663246167718,88.2,436.3,1640.4,True,1,1,False,False,False,False,,True,False,False,,328,,16.4,Calm,48,, 1.8.0,DJI Mini 3 Pro,1581F4XF3229R006,53HFK5R0M30ACD,5HAZK6H0018AUR,52XPK6HCA105XX,101.4,0.7,39.3,9.437649,6.71082,0,4049,DJI Mini 3 Pro,1581F4XF3229R006,53HFK5R0M30ACD,5HAZK6H0018AUR,52XPK6HCA105XX,DJI Fly,, 1.8.0,54E6999D-4E41-3C56-C869-63925F82E9FA,1581F4XF3229R006W0A6,,,,,,,,,,
6/22/2023,8:05:22.62 PM,0m 39.7s,39.7,43.0426636190815,-77.6662082768193,41.9,41.9,35.4,604,249.3,6.076905,7.599013,0.671082,3.579104,-6.039738,7.381902,,,-3.7,-2.1,14,14,P-GPS (Brake),Other,,24,5,True,,Mini 3 Pro,False,False,,Smart,RC,False,True,False,,,True,,False,False,False,False,False,False,False,False,False,False,0,Follow Yaw,-33.9,0,49.5,49.5,False,False,False,False,False,True,,True,Normal,100,100,703,952,1024,1355,N,False,False,False,False,False,0,False,False,False,False,70,7.63,1585,2285,7.63,False,3.817,3.813,0.005,False,False,4.716,92.5,90.8,92.4,,,,,,,,,Idle,,,True,,False,10,Go Home,True,True,True,False,False,False,False,False,False,False,False,False,43.0428875252967,-77.6663246167718,87.3,436.3,1640.4,True,1,1,False,False,False,False,,True,False,False,,328,,16.4,Calm,48,, 1.8.0,DJI Mini 3 Pro,1581F4XF3229R006,53HFK5R0M30ACD,5HAZK6H0018AUR,52XPK6HCA105XX,101.4,0.7,39.3,9.437649,6.71082,0,4049,DJI Mini 3 Pro,1581F4XF3229R006,53HFK5R0M30ACD,5HAZK6H0018AUR,52XPK6HCA105XX,DJI Fly,, 1.8.0,54E6999D-4E41-3C56-C869-63925F82E9FA,1581F4XF3229R006W0A6,,,,,,,,,,
6/22/2023,8:05:22.82 PM,0m 39.9s,39.9,43.0426642963566,-77.6662149421414,41.9,41.9,35.4,604,251.1,6.105657,7.599013,0.894776,3.579104,-6.039738,7.381902,,,-4,-2.9,15.8,15.8,P-GPS (Brake),Other,,24,5,True,,Mini 3 Pro,False,False,,Smart,RC,False,True,False,,,True,,False,False,False,False,False,False,False,False,False,False,0,Follow Yaw,-33.9,0,51.5,51.5,False,False,False,False,False,True,,True,Normal,100,100,702,952,1024,1355,N,False,False,False,False,False,0,False,False,False,False,70,7.63,1585,2285,7.63,False,3.817,3.813,0.005,False,False,4.716,92.5,90.8,92.4,,,,,,,,,Idle,,,True,,False,10,Go Home,True,True,True,False,False,False,False,False,False,False,False,False,43.0428875252967,-77.6663246167718,86.5,436.3,1640.4,True,1,1,False,False,False,False,,True,False,False,,328,,16.4,Calm,48,, 1.8.0,DJI Mini 3 Pro,1581F4XF3229R006,53HFK5R0M30ACD,5HAZK6H0018AUR,52XPK6HCA105XX,101.4,0.7,39.3,9.437649,6.71082,0,4049,DJI Mini 3 Pro,1581F4XF3229R006,53HFK5R0M30ACD,5HAZK6H0018AUR,52XPK6HCA105XX,DJI Fly,, 1.8.0,54E6999D-4E41-3C56-C869-63925F82E9FA,1581F4XF3229R006W0A6,,,,,,,,,,
6/22/2023,8:05:23.02 PM,0m 40.1s,40.1,43.0426651300447,-77.6662216076451,41.9,41.9,35.4,604,252.9,5.922612,7.599013,1.11847,3.579104,-5.816044,7.381902,,,-4,-3,17.8,17.8,P-GPS (Brake),Other,,24,5,True,,Mini 3 Pro,False,False,,Smart,RC,False,True,False,,,True,,False,False,False,False,False,False,False,False,False,False,0,Follow Yaw,-33.9,0,53.4,53.4,False,False,False,False,False,True,,True,Normal,100,100,701,952,1024,1355,N,False,False,False,False,False,0,False,False,False,False,70,7.63,1585,2285,7.63,False,3.817,3.813,0.005,False,False,4.716,92.5,90.8,92.4,,,,,,,,,Idle,,,True,,False,10,Go Home,True,True,True,False,False,False,False,False,False,False,False,False,43.0428875252967,-77.6663246167718,85.6,436.3,1640.4,True,1,1,False,False,False,False,,True,False,False,,328,,16.4,Calm,48,, 1.8.0,DJI Mini 3 Pro,1581F4XF3229R006,53HFK5R0M30ACD,5HAZK6H0018AUR,52XPK6HCA105XX,101.4,0.7,39.3,9.437649,6.71082,0,4049,DJI Mini 3 Pro,1581F4XF3229R006,53HFK5R0M30ACD,5HAZK6H0018AUR,52XPK6HCA105XX,DJI Fly,, 1.8.0,54E6999D-4E41-3C56-C869-63925F82E9FA,1581F4XF3229R006W0A6,,,,,,,,,,
6/22/2023,8:05:23.23 PM,0m 40.3s,40.3,43.0426661494441,-77.6662282518737,41.9,41.9,35.4,604,254.7,5.9689,7.599013,1.342164,3.579104,-5.816044,7.381902,,,-4.8,-2.9,19.8,19.8,P-GPS (Brake),Other,,24,5,True,,Mini 3 Pro,False,False,,Smart,RC,False,True,False,,,True,,False,False,False,False,False,False,False,False,False,False,0,Follow Yaw,-33.9,0,55.3,55.3,False,False,False,False,False,True,,True,Normal,100,100,701,952,1024,1355,N,False,False,False,False,False,0,False,False,False,False,70,7.63,1585,2285,7.63,False,3.817,3.813,0.005,False,False,4.716,92.5,90.8,92.4,,,,,,,,,Idle,,,True,,False,10,Go Home,True,True,True,False,False,False,False,False,False,False,False,False,43.0428875252967,-77.6663246167718,84.7,436.3,1640.4,True,1,1,False,False,False,False,,True,False,False,,328,,16.4,Calm,48,, 1.8.0,DJI Mini 3 Pro,1581F4XF3229R006,53HFK5R0M30ACD,5HAZK6H0018AUR,52XPK6HCA105XX,101.4,0.7,39.3,9.437649,6.71082,0,4049,DJI Mini 3 Pro,1581F4XF3229R006,53HFK5R0M30ACD,5HAZK6H0018AUR,52XPK6HCA105XX,DJI Fly,, 1.8.0,54E6999D-4E41-3C56-C869-63925F82E9FA,1581F4XF3229R006W0A6,,,,,,,,,,
6/22/2023,8:05:23.43 PM,0m 40.5s,40.5,43.0426673571249,-77.6662348530949,41.9,41.9,35.4,604,256.5,6.023145,7.599013,1.565858,3.579104,-5.816044,7.381902,,,-4.6,-3,21.7,21.7,P-GPS (Brake),Other,,24,5,True,,Mini 3 Pro,False,False,,Smart,RC,False,True,False,,,True,,False,False,False,False,False,False,False,False,False,False,0,Follow Yaw,-33.9,0,57.3,57.3,False,False,False,False,False,True,,True,Normal,100,100,700,953,1024,1350,N,False,False,False,False,False,0,False,False,False,False,70,7.628,1584,2285,7.628,False,3.816,3.812,0.005,False,False,4.725,92.5,90.8,92.4,,,,,,,,,Idle,,,True,,False,10,Go Home,True,True,True,False,False,False,False,False,False,False,False,False,43.0428875252967,-77.6663246167718,83.8,436.3,1640.4,True,1,1,False,False,False,False,,True,False,False,,328,,16.4,Calm,48,, 1.8.0,DJI Mini 3 Pro,1581F4XF3229R006,53HFK5R0M30ACD,5HAZK6H0018AUR,52XPK6HCA105XX,101.4,0.7,39.3,9.437649,6.71082,0,4049,DJI Mini 3 Pro,1581F4XF3229R006,53HFK5R0M30ACD,5HAZK6H0018AUR,52XPK6HCA105XX,DJI Fly,, 1.8.0,54E6999D-4E41-3C56-C869-63925F82E9FA,1581F4XF3229R006W0A6,,,,,,,,,,
6/22/2023,8:05:23.63 PM,0m 40.7s,40.7,43.0426687481185,-77.666241424865,41.9,41.9,35.4,604,258.3,6.085134,7.599013,1.789552,3.579104,-5.816044,7.381902,,,-4.6,-3,23.7,23.7,P-GPS (Brake),Other,,24,5,True,,Mini 3 Pro,False,False,,Smart,RC,False,True,False,,,True,,False,False,False,False,False,False,False,False,False,False,0,Follow Yaw,-33.9,0,59.2,59.2,False,False,False,False,False,True,,True,Normal,100,100,686,955,1024,1348,N,False,False,False,False,False,0,False,False,False,False,70,7.628,1584,2285,7.628,False,3.816,3.812,0.005,False,False,4.725,92.5,90.8,92.4,,,,,,,,,Idle,,,True,,False,10,Go Home,True,True,True,False,False,False,False,False,False,False,False,False,43.0428875252967,-77.6663246167718,82.8,436.3,1640.4,True,1,1,False,False,False,False,,True,False,False,,328,,16.4,Calm,48,, 1.8.0,DJI Mini 3 Pro,1581F4XF3229R006,53HFK5R0M30ACD,5HAZK6H0018AUR,52XPK6HCA105XX,101.4,0.7,39.3,9.437649,6.71082,0,4049,DJI Mini 3 Pro,1581F4XF3229R006,53HFK5R0M30ACD,5HAZK6H0018AUR,52XPK6HCA105XX,DJI Fly,, 1.8.0,54E6999D-4E41-3C56-C869-63925F82E9FA,1581F4XF3229R006W0A6,,,,,,,,,,
6/22/2023,8:05:23.83 PM,0m 40.9s,40.9,43.0426703321737,-77.6662479658361,41.9,41.9,35.4,604,260.2,6.154634,7.599013,2.013246,3.579104,-5.816044,7.381902,,,-4.6,-2.5,25.6,25.6,P-GPS (Brake),Other,,24,5,True,,Mini 3 Pro,False,False,,Smart,RC,False,True,False,,,True,,False,False,False,False,False,False,False,False,False,False,0,Follow Yaw,-33.9,0,61.1,61.1,False,False,False,False,False,True,,True,Normal,100,100,653,950,1024,1347,N,False,False,False,False,False,0,False,False,False,False,70,7.628,1584,2285,7.628,False,3.816,3.812,0.005,False,False,4.725,92.5,90.8,92.4,,,,,,,,,Idle,,,True,,False,10,Go Home,True,True,True,False,False,False,False,False,False,False,False,False,43.0428875252967,-77.6663246167718,81.8,436.3,1640.4,True,1,1,False,False,False,False,,True,False,False,,328,,16.4,Calm,48,, 1.8.0,DJI Mini 3 Pro,1581F4XF3229R006,53HFK5R0M30ACD,5HAZK6H0018AUR,52XPK6HCA105XX,101.4,0.7,39.3,9.437649,6.71082,0,4049,DJI Mini 3 Pro,1581F4XF3229R006,53HFK5R0M30ACD,5HAZK6H0018AUR,52XPK6HCA105XX,DJI Fly,, 1.8.0,54E6999D-4E41-3C56-C869-63925F82E9FA,1581F4XF3229R006W0A6,,,,,,,,,,
6/22/2023,8:05:24.04 PM,0m 41.1s,41.1,43.0426721089994,-77.666254453889,41.9,41.9,35.4,604,262,6.231393,7.599013,2.23694,3.579104,-5.816044,7.381902,,,-4.6,-4.2,27.5,27.5,P-GPS (Brake),Other,,24,5,True,,Mini 3 Pro,False,False,,Smart,RC,False,True,False,,,True,,False,False,False,False,False,False,False,False,False,False,0,Follow Yaw,-33.9,0,62.9,62.9,False,False,False,False,False,True,,True,Normal,100,100,653,950,1024,1346,N,False,False,False,False,False,0,False,False,False,False,70,7.628,1584,2285,7.628,False,3.816,3.812,0.005,False,False,4.725,92.5,90.8,92.4,,,,,,,,,Idle,,,True,,False,10,Go Home,True,True,True,False,False,False,False,False,False,False,False,False,43.0428875252967,-77.6663246167718,80.7,436.3,1640.4,True,1,1,False,False,False,False,,True,False,False,,328,,16.4,Calm,48,, 1.8.0,DJI Mini 3 Pro,1581F4XF3229R006,53HFK5R0M30ACD,5HAZK6H0018AUR,52XPK6HCA105XX,101.4,0.7,39.3,9.437649,6.71082,0,4049,DJI Mini 3 Pro,1581F4XF3229R006,53HFK5R0M30ACD,5HAZK6H0018AUR,52XPK6HCA105XX,DJI Fly,, 1.8.0,54E6999D-4E41-3C56-C869-63925F82E9FA,1581F4XF3229R006W0A6,,,,,,,,,,
6/22/2023,8:05:24.24 PM,0m 41.3s,41.3,43.0426741036792,-77.6662609678177,41.9,41.9,35.4,604,263.9,6.315147,7.599013,2.460634,3.579104,-5.816044,7.381902,,,-4.3,-5.1,29.4,29.4,P-GPS (Brake),Other,,24,5,True,,Mini 3 Pro,False,False,,Smart,RC,False,True,False,,,True,,False,False,False,False,False,False,False,False,False,False,0,Follow Yaw,-33.9,0,64.8,64.8,False,False,False,False,False,True,,True,Normal,100,100,653,950,1024,1346,N,False,False,False,False,False,0,False,False,False,False,70,7.628,1584,2285,7.628,False,3.816,3.812,0.005,False,False,4.725,92.5,90.8,92.4,,,,,,,,,Idle,,,True,,False,10,Go Home,True,True,True,False,False,False,False,False,False,False,False,False,43.0428875252967,-77.6663246167718,79.6,436.3,1640.4,True,1,1,False,False,False,False,,True,False,False,,328,,16.4,Calm,48,, 1.8.0,DJI Mini 3 Pro,1581F4XF3229R006,53HFK5R0M30ACD,5HAZK6H0018AUR,52XPK6HCA105XX,101.4,0.7,39.3,9.437649,6.71082,0,4049,DJI Mini 3 Pro,1581F4XF3229R006,53HFK5R0M30ACD,5HAZK6H0018AUR,52XPK6HCA105XX,DJI Fly,, 1.8.0,54E6999D-4E41-3C56-C869-63925F82E9FA,1581F4XF3229R006W0A6,,,,,,,,,,
6/22/2023,8:05:24.44 PM,0m 41.5s,41.5,43.0426763262362,-77.6662675655166,41.9,41.9,35.4,604,265.8,6.502534,7.599013,2.908022,3.579104,-5.816044,7.381902,,,-4.6,-5.2,31.2,31.2,P-GPS (Brake),Other,,24,5,True,,Mini 3 Pro,False,False,,Smart,RC,False,True,False,,,True,,False,False,False,False,False,False,False,False,False,False,0,Follow Yaw,-33.9,0,66.6,66.6,False,False,False,False,False,True,,True,Normal,100,100,653,950,1024,1346,N,False,False,False,False,False,0,False,False,False,False,70,7.626,1582,2285,7.626,False,3.815,3.811,0.005,False,False,4.677,92.5,90.8,92.4,,,,,,,,,Idle,,,True,,False,10,Go Home,True,True,True,False,False,False,False,False,False,False,False,False,43.0428875252967,-77.6663246167718,78.5,436.3,1640.4,True,1,1,False,False,False,False,,True,False,False,,328,,16.4,Calm,48,, 1.8.0,DJI Mini 3 Pro,1581F4XF3229R006,53HFK5R0M30ACD,5HAZK6H0018AUR,52XPK6HCA105XX,101.4,0.7,39.3,9.437649,6.71082,0,4049,DJI Mini 3 Pro,1581F4XF3229R006,53HFK5R0M30ACD,5HAZK6H0018AUR,52XPK6HCA105XX,DJI Fly,, 1.8.0,54E6999D-4E41-3C56-C869-63925F82E9FA,1581F4XF3229R006W0A6,,,,,,,,,,
6/22/2023,8:05:24.64 PM,0m 41.7s,41.7,43.0426787633576,-77.6662742287052,41.9,41.9,35.4,604,267.8,6.803387,7.599013,3.131716,3.579104,-6.039738,7.381902,,,-4.9,-5,33.1,33.1,P-GPS (Brake),Other,,24,5,True,,Mini 3 Pro,False,False,,Smart,RC,False,True,False,,,True,,False,False,False,False,False,False,False,False,False,False,0,Follow Yaw,-33.9,0,68.5,68.5,False,False,False,False,False,True,,True,Normal,100,100,653,950,1024,1345,N,False,False,False,False,False,0,False,False,False,False,70,7.626,1582,2285,7.626,False,3.815,3.811,0.005,False,False,4.677,92.5,90.8,92.4,,,,,,,,,Idle,,,True,,False,10,Go Home,True,True,True,False,False,False,False,False,False,False,False,False,43.0428875252967,-77.6663246167718,77.3,436.3,1640.4,True,1,1,False,False,False,False,,True,False,False,,328,,16.4,Calm,48,, 1.8.0,DJI Mini 3 Pro,1581F4XF3229R006,53HFK5R0M30ACD,5HAZK6H0018AUR,52XPK6HCA105XX,101.4,0.7,39.3,9.437649,6.71082,0,4049,DJI Mini 3 Pro,1581F4XF3229R006,53HFK5R0M30ACD,5HAZK6H0018AUR,52XPK6HCA105XX,DJI Fly,, 1.8.0,54E6999D-4E41-3C56-C869-63925F82E9FA,1581F4XF3229R006W0A6,,,,,,,,,,
6/22/2023,8:05:24.84 PM,0m 41.9s,41.9,43.04268139755,-77.6662809004185,41.9,41.9,35.4,604,269.8,6.714547,7.599013,3.35541,3.579104,-5.816044,7.381902,,,-4.6,-5.7,34.9,34.9,P-GPS (Brake),Other,,24,5,True,,Mini 3 Pro,False,False,,Smart,RC,False,True,False,,,True,,False,False,False,False,False,False,False,False,False,False,0,Follow Yaw,-33.9,0,70.3,70.3,False,False,False,False,False,True,,True,Normal,100,100,653,950,1024,1345,N,False,False,False,False,False,0,False,False,False,False,70,7.626,1582,2285,7.626,False,3.815,3.811,0.005,False,False,4.677,92.5,90.8,92.4,,,,,,,,,Idle,,,True,,False,10,Go Home,True,True,True,False,False,False,False,False,False,False,False,False,43.0428875252967,-77.6663246167718,76,436.3,1640.4,True,1,1,False,False,False,False,,True,False,False,,328,,16.4,Calm,48,, 1.8.0,DJI Mini 3 Pro,1581F4XF3229R006,53HFK5R0M30ACD,5HAZK6H0018AUR,52XPK6HCA105XX,101.4,0.7,39.3,9.437649,6.71082,0,4049,DJI Mini 3 Pro,1581F4XF3229R006,53HFK5R0M30ACD,5HAZK6H0018AUR,52XPK6HCA105XX,DJI Fly,, 1.8.0,54E6999D-4E41-3C56-C869-63925F82E9FA,1581F4XF3229R006W0A6,,,,,,,,,,
6/22/2023,8:05:25.05 PM,0m 42.1s,42.1,43.0426842083045,-77.6662875843548,41.9,41.9,35.4,604,271.9,6.829081,7.599013,3.579104,3.579104,-5.816044,7.381902,,,-4.7,-5.9,36.8,36.8,P-GPS (Brake),Other,,24,5,True,,Mini 3 Pro,False,False,,Smart,RC,False,True,False,,,True,,False,False,False,False,False,False,False,False,False,False,0,Follow Yaw,-33.9,0,72.1,72.1,False,False,False,False,False,True,,True,Normal,100,100,651,950,1024,1345,N,False,False,False,False,False,0,False,False,False,False,70,7.626,1582,2285,7.626,False,3.815,3.811,0.005,False,False,4.677,92.5,90.8,92.4,,,,,,,,,Idle,,,True,,False,10,Go Home,True,True,True,False,False,False,False,False,False,False,False,False,43.0428875252967,-77.6663246167718,74.8,436.3,1640.4,True,1,1,False,False,False,False,,True,False,False,,328,,16.4,Calm,48,, 1.8.0,DJI Mini 3 Pro,1581F4XF3229R006,53HFK5R0M30ACD,5HAZK6H0018AUR,52XPK6HCA105XX,101.4,0.7,39.3,9.437649,6.71082,0,4049,DJI Mini 3 Pro,1581F4XF3229R006,53HFK5R0M30ACD,5HAZK6H0018AUR,52XPK6HCA105XX,DJI Fly,, 1.8.0,54E6999D-4E41-3C56-C869-63925F82E9FA,1581F4XF3229R006W0A6,,,,,,,,,,
6/22/2023,8:05:25.25 PM,0m 42.3s,42.3,43.0426872599234,-77.6662942910563,41.9,41.9,35.4,604,274,7.073825,7.599013,4.026492,4.026492,-5.816044,7.381902,,,-4.6,-6.2,38.6,38.6,P-GPS (Brake),Other,,24,5,True,,Mini 3 Pro,False,False,,Smart,RC,False,True,False,,,True,,False,False,False,False,False,False,False,False,False,False,0,Follow Yaw,-33.9,0,74,74,False,False,False,False,False,True,,True,Normal,100,100,651,950,1024,1345,N,False,False,False,False,False,0,False,False,False,False,70,7.626,1582,2285,7.626,False,3.815,3.811,0.005,False,False,4.677,92.5,90.8,92.4,,,,,,,,,Idle,,,True,,False,10,Go Home,True,True,True,False,False,False,False,False,False,False,False,False,43.0428875252967,-77.6663246167718,73.5,436.3,1640.4,True,1,1,False,False,False,False,,True,False,False,,328,,16.4,Calm,48,, 1.8.0,DJI Mini 3 Pro,1581F4XF3229R006,53HFK5R0M30ACD,5HAZK6H0018AUR,52XPK6HCA105XX,101.4,0.7,39.3,9.437649,6.71082,0,4049,DJI Mini 3 Pro,1581F4XF3229R006,53HFK5R0M30ACD,5HAZK6H0018AUR,52XPK6HCA105XX,DJI Fly,, 1.8.0,54E6999D-4E41-3C56-C869-63925F82E9FA,1581F4XF3229R006W0A6,,,,,,,,,,
6/22/2023,8:05:25.45 PM,0m 42.5s,42.5,43.0426905271862,-77.6663010057521,41.9,41.9,35.4,604,276.2,7.203502,7.599013,4.250186,4.250186,-5.816044,7.381902,,,-4.9,-6.1,40.5,40.5,P-GPS (Brake),Other,,24,5,True,,Mini 3 Pro,False,False,,Smart,RC,False,True,False,,,True,,False,False,False,False,False,False,False,False,False,False,0,Follow Yaw,-33.9,0,75.8,75.8,False,False,False,False,False,True,,True,Normal,100,100,650,950,1024,1346,N,False,False,False,False,False,0,False,False,False,False,70,7.625,1581,2285,7.625,False,3.814,3.811,0.005,False,False,4.767,92.7,90.8,92.6,,,,,,,,,Idle,,,True,,False,10,Go Home,True,True,True,False,False,False,False,False,False,False,False,False,43.0428875252967,-77.6663246167718,72.1,436.3,1640.4,True,1,1,False,False,False,False,,True,False,False,,328,,16.4,Calm,48,, 1.8.0,DJI Mini 3 Pro,1581F4XF3229R006,53HFK5R0M30ACD,5HAZK6H0018AUR,52XPK6HCA105XX,101.4,0.7,39.3,9.437649,6.71082,0,4049,DJI Mini 3 Pro,1581F4XF3229R006,53HFK5R0M30ACD,5HAZK6H0018AUR,52XPK6HCA105XX,DJI Fly,, 1.8.0,54E6999D-4E41-3C56-C869-63925F82E9FA,1581F4XF3229R006W0A6,,,,,,,,,,
6/22/2023,8:05:25.65 PM,0m 42.7s,42.7,43.0426940180771,-77.6663076873103,41.9,41.9,35.4,604,278.3,7.337708,7.599013,4.47388,4.47388,-5.816044,7.381902,,,-5.3,-6.4,42.3,42.3,P-GPS (Brake),Other,,24,5,True,,Mini 3 Pro,False,False,,Smart,RC,False,True,False,,,True,,False,False,False,False,False,False,False,False,False,False,0,Follow Yaw,-33.9,0,77.6,77.6,False,False,False,False,False,True,,True,Normal,100,100,647,950,1024,1346,N,False,False,False,False,False,0,False,False,False,False,70,7.625,1581,2285,7.625,False,3.814,3.811,0.005,False,False,4.767,92.7,90.8,92.6,,,,,,,,,Idle,,,True,,False,10,Go Home,True,True,True,False,False,False,False,False,False,False,False,False,43.0428875252967,-77.6663246167718,70.7,436.3,1640.4,True,1,1,False,False,False,False,,True,False,False,,328,,16.4,Calm,48,, 1.8.0,DJI Mini 3 Pro,1581F4XF3229R006,53HFK5R0M30ACD,5HAZK6H0018AUR,52XPK6HCA105XX,101.4,0.7,39.3,9.437649,6.71082,0,4049,DJI Mini 3 Pro,1581F4XF3229R006,53HFK5R0M30ACD,5HAZK6H0018AUR,52XPK6HCA105XX,DJI Fly,, 1.8.0,54E6999D-4E41-3C56-C869-63925F82E9FA,1581F4XF3229R006W0A6,,,,,,,,,,
6/22/2023,8:05:25.85 PM,0m 42.9s,42.9,43.0426977483248,-77.6663143429532,41.9,41.9,35.4,604,280.6,7.4762,7.599013,4.697574,4.697574,-5.816044,7.381902,,,-5.6,-6,44.2,44.2,P-GPS (Brake),Other,,24,5,True,,Mini 3 Pro,False,False,,Smart,RC,False,True,False,,,True,,False,False,False,False,False,False,False,False,False,False,0,Follow Yaw,-33.9,0,79.5,79.5,False,False,False,False,False,True,,True,Normal,100,100,645,950,1024,1346,N,False,False,False,False,False,0,False,False,False,False,70,7.625,1581,2285,7.625,False,3.814,3.811,0.005,False,False,4.767,92.7,90.8,92.6,,,,,,,,,Idle,,,True,,False,10,Go Home,True,True,True,False,False,False,False,False,False,False,False,False,43.0428875252967,-77.6663246167718,69.2,436.3,1640.4,True,1,1,False,False,False,False,,True,False,False,,328,,16.4,Calm,48,, 1.8.0,DJI Mini 3 Pro,1581F4XF3229R006,53HFK5R0M30ACD,5HAZK6H0018AUR,52XPK6HCA105XX,101.4,0.7,39.3,9.437649,6.71082,0,4049,DJI Mini 3 Pro,1581F4XF3229R006,53HFK5R0M30ACD,5HAZK6H0018AUR,52XPK6HCA105XX,DJI Fly,, 1.8.0,54E6999D-4E41-3C56-C869-63925F82E9FA,1581F4XF3229R006W0A6,,,,,,,,,,
6/22/2023,8:05:26.06 PM,0m 43.1s,43.1,43.0427017025775,-77.6663209045069,41.9,41.9,35.4,604,282.9,7.765114,7.765114,5.144962,5.144962,-5.816044,7.381902,,,-5.6,-5.5,46,46,P-GPS (Brake),Other,,24,5,True,,Mini 3 Pro,False,False,,Smart,RC,False,True,False,,,True,,False,False,False,False,False,False,False,False,False,False,0,Follow Yaw,-33.9,0,81.3,81.3,False,False,False,False,False,True,,True,Normal,100,100,643,950,1024,1345,N,False,False,False,False,False,0,False,False,False,False,70,7.625,1581,2285,7.625,False,3.814,3.811,0.005,False,False,4.767,92.7,90.8,92.6,,,,,,,,,Idle,,,True,,False,10,Go Home,True,True,True,False,False,False,False,False,False,False,False,False,43.0428875252967,-77.6663246167718,67.7,436.3,1640.4,True,1,1,False,False,False,False,,True,False,False,,328,,16.4,Calm,48,, 1.8.0,DJI Mini 3 Pro,1581F4XF3229R006,53HFK5R0M30ACD,5HAZK6H0018AUR,52XPK6HCA105XX,101.4,0.7,39.3,9.437649,6.71082,0,4049,DJI Mini 3 Pro,1581F4XF3229R006,53HFK5R0M30ACD,5HAZK6H0018AUR,52XPK6HCA105XX,DJI Fly,, 1.8.0,54E6999D-4E41-3C56-C869-63925F82E9FA,1581F4XF3229R006W0A6,,,,,,,,,,
6/22/2023,8:05:26.26 PM,0m 43.3s,43.3,43.0427058243629,-77.6663273154866,41.9,41.9,35.4,604,285.1,7.752215,7.765114,5.368656,5.368656,-5.59235,7.381902,,,-5,-6.8,47.8,47.8,P-GPS (Brake),Other,,24,5,True,,Mini 3 Pro,False,False,,Smart,RC,False,True,False,,,True,,False,False,False,False,False,False,False,False,False,False,0,Follow Yaw,-33.9,0,83.1,83.1,False,False,False,False,False,True,,True,Normal,100,100,642,950,1024,1346,N,False,False,False,False,False,0,False,False,False,False,70,7.625,1581,2285,7.625,False,3.814,3.811,0.005,False,False,4.767,92.7,90.8,92.6,,,,,,,,,Idle,,,True,,False,10,Go Home,True,True,True,False,False,False,False,False,False,False,False,False,43.0428875252967,-77.6663246167718,66.2,436.3,1640.4,True,1,1,False,False,False,False,,True,False,False,,328,,16.4,Calm,48,, 1.8.0,DJI Mini 3 Pro,1581F4XF3229R006,53HFK5R0M30ACD,5HAZK6H0018AUR,52XPK6HCA105XX,101.4,0.7,39.3,9.437649,6.71082,0,4049,DJI Mini 3 Pro,1581F4XF3229R006,53HFK5R0M30ACD,5HAZK6H0018AUR,52XPK6HCA105XX,DJI Fly,, 1.8.0,54E6999D-4E41-3C56-C869-63925F82E9FA,1581F4XF3229R006W0A6,,,,,,,,,,
6/22/2023,8:05:26.46 PM,0m 43.5s,43.5,43.0427101488904,-77.6663336469139,41.9,41.9,35.4,604,287.4,7.908777,7.908777,5.59235,5.59235,-5.59235,7.381902,,,-5.3,-6.3,49.7,49.7,P-GPS (Brake),Other,,24,5,True,,Mini 3 Pro,False,False,,Smart,RC,False,True,False,,,True,,False,False,False,False,False,False,False,False,False,False,0,Follow Yaw,-33.9,0,85,85,False,False,False,False,False,True,,True,Normal,100,100,643,950,1024,1348,N,False,False,False,False,False,0,False,False,False,False,70,7.623,1580,2285,7.623,False,3.814,3.809,0.005,False,False,4.7,92.7,90.8,92.6,,,,,,,,,Idle,,,True,,False,10,Go Home,True,True,True,False,False,False,False,False,False,False,False,False,43.0428875252967,-77.6663246167718,64.7,436.3,1640.4,True,1,1,False,False,False,False,,True,False,False,,328,,16.4,Calm,48,, 1.8.0,DJI Mini 3 Pro,1581F4XF3229R006,53HFK5R0M30ACD,5HAZK6H0018AUR,52XPK6HCA105XX,101.4,0.7,39.3,9.437649,6.71082,0,4049,DJI Mini 3 Pro,1581F4XF3229R006,53HFK5R0M30ACD,5HAZK6H0018AUR,52XPK6HCA105XX,DJI Fly,, 1.8.0,54E6999D-4E41-3C56-C869-63925F82E9FA,1581F4XF3229R006W0A6,,,,,,,,,,
6/22/2023,8:05:26.66 PM,0m 43.7s,43.7,43.042714663447,-77.6663398637765,41.9,41.9,35.4,604,289.8,7.915101,7.915101,5.816044,5.816044,-5.368656,7.381902,,,-5.9,-6.1,51.5,51.5,P-GPS (Brake),Other,,24,5,True,,Mini 3 Pro,False,False,,Smart,RC,False,True,False,,,True,,False,False,False,False,False,False,False,False,False,False,0,Follow Yaw,-33.9,0,86.8,86.8,False,False,False,False,False,True,,True,Normal,100,100,642,949,1024,1351,N,False,False,False,False,False,0,False,False,False,False,70,7.623,1580,2285,7.623,False,3.814,3.809,0.005,False,False,4.7,92.7,90.8,92.6,,,,,,,,,Idle,,,True,,False,10,Go Home,True,True,True,False,False,False,False,False,False,False,False,False,43.0428875252967,-77.6663246167718,63.1,436.3,1640.4,True,1,1,False,False,False,False,,True,False,False,,328,,16.4,Calm,48,, 1.8.0,DJI Mini 3 Pro,1581F4XF3229R006,53HFK5R0M30ACD,5HAZK6H0018AUR,52XPK6HCA105XX,101.4,0.7,39.3,9.437649,6.71082,0,4049,DJI Mini 3 Pro,1581F4XF3229R006,53HFK5R0M30ACD,5HAZK6H0018AUR,52XPK6HCA105XX,DJI Fly,, 1.8.0,54E6999D-4E41-3C56-C869-63925F82E9FA,1581F4XF3229R006W0A6,,,,,,,,,,
6/22/2023,8:05:26.86 PM,0m 43.9s,43.9,43.0427193741323,-77.6663459334277,41.9,41.9,35.4,604,292.1,8.080897,8.080897,6.039738,6.039738,-5.368656,7.381902,,,-5.4,-6.6,53.4,53.4,P-GPS (Brake),Other,,24,5,True,,Mini 3 Pro,False,False,,Smart,RC,False,True,False,,,True,,False,False,False,False,False,False,False,False,False,False,0,Follow Yaw,-33.9,0,88.7,88.7,False,False,False,False,False,True,,True,Normal,100,100,643,948,1024,1358,N,False,False,False,False,False,0,False,False,False,False,70,7.623,1580,2285,7.623,False,3.814,3.809,0.005,False,False,4.7,92.7,90.8,92.6,,,,,,,,,Idle,,,True,,False,10,Go Home,True,True,True,False,False,False,False,False,False,False,False,False,43.0428875252967,-77.6663246167718,61.6,436.3,1640.4,True,1,1,False,False,False,False,,True,False,False,,328,,16.4,Calm,48,, 1.8.0,DJI Mini 3 Pro,1581F4XF3229R006,53HFK5R0M30ACD,5HAZK6H0018AUR,52XPK6HCA105XX,101.4,0.7,39.3,9.437649,6.71082,0,4049,DJI Mini 3 Pro,1581F4XF3229R006,53HFK5R0M30ACD,5HAZK6H0018AUR,52XPK6HCA105XX,DJI Fly,, 1.8.0,54E6999D-4E41-3C56-C869-63925F82E9FA,1581F4XF3229R006W0A6,,,,,,,,,,
6/22/2023,8:05:27.06 PM,0m 44.1s,44.1,43.042724245411,-77.6663518381792,41.9,41.9,35.4,604,294.5,8.105628,8.105628,6.263432,6.263432,-5.144962,7.381902,,,-6,-6.5,55.3,55.3,P-GPS (Brake),Other,,24,5,True,,Mini 3 Pro,False,False,,Smart,RC,False,True,False,,,True,,False,False,False,False,False,False,False,False,False,False,0,Follow Yaw,-33.9,0,90.6,90.6,False,False,False,False,False,True,,True,Normal,100,100,642,948,1024,1358,N,False,False,False,False,False,0,False,False,False,False,70,7.623,1580,2285,7.623,False,3.814,3.809,0.005,False,False,4.7,92.7,90.8,92.6,,,,,,,,,Idle,,,True,,False,10,Go Home,True,True,True,False,False,False,False,False,False,False,False,False,43.0428875252967,-77.6663246167718,60,436.3,1640.4,True,1,1,False,False,False,False,,True,False,False,,328,,16.4,Calm,48,, 1.8.0,DJI Mini 3 Pro,1581F4XF3229R006,53HFK5R0M30ACD,5HAZK6H0018AUR,52XPK6HCA105XX,101.4,0.7,39.3,9.437649,6.71082,0,4049,DJI Mini 3 Pro,1581F4XF3229R006,53HFK5R0M30ACD,5HAZK6H0018AUR,52XPK6HCA105XX,DJI Fly,, 1.8.0,54E6999D-4E41-3C56-C869-63925F82E9FA,1581F4XF3229R006W0A6,,,,,,,,,,
6/22/2023,8:05:27.27 PM,0m 44.3s,44.3,43.0427292922066,-77.6663575081367,41.9,41.9,35.4,604,296.9,8.142584,8.142584,6.487126,6.487126,-4.921268,7.381902,,,-5.2,-7.2,57.2,57.2,P-GPS (Brake),Other,,24,5,True,,Mini 3 Pro,False,False,,Smart,RC,False,True,False,,,True,,False,False,False,False,False,False,False,False,False,False,0,Follow Yaw,-33.9,0,92.6,92.6,False,False,False,False,False,True,,True,Normal,100,100,642,948,1024,1358,N,False,False,False,False,False,0,False,False,False,False,70,7.623,1580,2285,7.623,False,3.814,3.809,0.005,False,False,4.7,92.7,90.8,92.6,,,,,,,,,Idle,,,True,,False,10,Go Home,True,True,True,False,False,False,False,False,False,False,False,False,43.0428875252967,-77.6663246167718,58.3,436.3,1640.4,True,1,1,False,False,False,False,,True,False,False,,328,,16.4,Calm,48,, 1.8.0,DJI Mini 3 Pro,1581F4XF3229R006,53HFK5R0M30ACD,5HAZK6H0018AUR,52XPK6HCA105XX,101.4,0.7,39.3,9.437649,6.71082,0,4049,DJI Mini 3 Pro,1581F4XF3229R006,53HFK5R0M30ACD,5HAZK6H0018AUR,52XPK6HCA105XX,DJI Fly,, 1.8.0,54E6999D-4E41-3C56-C869-63925F82E9FA,1581F4XF3229R006W0A6,,,,,,,,,,
6/22/2023,8:05:27.47 PM,0m 44.5s,44.5,43.0427345377866,-77.666363017218,41.9,41.9,35.4,604,299.3,8.191599,8.191599,6.71082,6.71082,-4.697574,7.381902,,,-6.8,-6.7,59.2,59.2,P-GPS (Brake),Other,,24,5,True,,Mini 3 Pro,False,False,,Smart,RC,False,True,False,,,True,,False,False,False,False,False,False,False,False,False,False,0,Follow Yaw,-33.9,0,94.6,94.6,False,False,False,False,False,True,,True,Normal,100,100,642,948,1024,1357,N,False,False,False,False,False,0,False,False,False,False,70,7.627,1578,2285,7.627,False,3.817,3.81,0.007,False,False,4.711,92.7,90.8,92.6,,,,,,,,,Idle,,,True,,False,10,Go Home,True,True,True,False,False,False,False,False,False,False,False,False,43.0428875252967,-77.6663246167718,56.7,436.3,1640.4,True,1,1,False,False,False,False,,True,False,False,,328,,16.4,Calm,48,, 1.8.0,DJI Mini 3 Pro,1581F4XF3229R006,53HFK5R0M30ACD,5HAZK6H0018AUR,52XPK6HCA105XX,101.4,0.7,39.3,9.437649,6.71082,0,4049,DJI Mini 3 Pro,1581F4XF3229R006,53HFK5R0M30ACD,5HAZK6H0018AUR,52XPK6HCA105XX,DJI Fly,, 1.8.0,54E6999D-4E41-3C56-C869-63925F82E9FA,1581F4XF3229R006W0A6,,,,,,,,,,
6/22/2023,8:05:27.67 PM,0m 44.7s,44.7,43.0427399350077,-77.6663683056067,41.9,41.9,35.4,604,301.7,8.252459,8.252459,6.934514,6.934514,-4.47388,7.381902,,,-5.9,-7.2,61.2,61.2,P-GPS (Brake),Other,,24,5,True,,Mini 3 Pro,False,False,,Smart,RC,False,True,False,,,True,,False,False,False,False,False,False,False,False,False,False,0,Follow Yaw,-33.9,0,96.5,96.5,False,False,False,False,False,True,,True,Normal,100,100,642,948,1024,1357,N,False,False,False,False,False,0,False,False,False,False,70,7.627,1578,2285,7.627,False,3.817,3.81,0.007,False,False,4.711,92.7,90.8,92.6,,,,,,,,,Idle,,,True,,False,10,Go Home,True,True,True,False,False,False,False,False,False,False,False,False,43.0428875252967,-77.6663246167718,55,436.3,1640.4,True,1,1,False,False,False,False,,True,False,False,,328,,16.4,Calm,48,, 1.8.0,DJI Mini 3 Pro,1581F4XF3229R006,53HFK5R0M30ACD,5HAZK6H0018AUR,52XPK6HCA105XX,101.4,0.7,39.3,9.437649,6.71082,0,4049,DJI Mini 3 Pro,1581F4XF3229R006,53HFK5R0M30ACD,5HAZK6H0018AUR,52XPK6HCA105XX,DJI Fly,, 1.8.0,54E6999D-4E41-3C56-C869-63925F82E9FA,1581F4XF3229R006W0A6,,,,,,,,,,
6/22/2023,8:05:27.87 PM,0m 44.9s,44.9,43.0427454970629,-77.6663733165574,41.9,41.9,35.4,604,304.2,8.324903,8.324903,7.158208,7.158208,-4.250186,7.381902,,,-6.1,-7.8,63.2,63.2,P-GPS (Brake),Other,,24,5,True,,Mini 3 Pro,False,False,,Smart,RC,False,True,False,,,True,,False,False,False,False,False,False,False,False,False,False,0,Follow Yaw,-33.9,0,98.5,98.5,False,False,False,False,False,True,,True,Normal,100,100,642,948,1024,1359,N,False,False,False,False,False,0,False,False,False,False,70,7.627,1578,2285,7.627,False,3.817,3.81,0.007,False,False,4.711,92.7,90.8,92.6,,,,,,,,,Idle,,,True,,False,10,Go Home,True,True,True,False,False,False,False,False,False,False,False,False,43.0428875252967,-77.6663246167718,53.4,436.3,1640.4,True,1,1,False,False,False,False,,True,False,False,,328,,16.4,Calm,48,, 1.8.0,DJI Mini 3 Pro,1581F4XF3229R006,53HFK5R0M30ACD,5HAZK6H0018AUR,52XPK6HCA105XX,101.4,0.7,39.3,9.437649,6.71082,0,4049,DJI Mini 3 Pro,1581F4XF3229R006,53HFK5R0M30ACD,5HAZK6H0018AUR,52XPK6HCA105XX,DJI Fly,, 1.8.0,54E6999D-4E41-3C56-C869-63925F82E9FA,1581F4XF3229R006W0A6,,,,,,,,,,
6/22/2023,8:05:28.08 PM,0m 45.1s,45.1,43.0427512032461,-77.66637808581,41.9,41.9,35.4,604,306.6,8.212951,8.324903,7.158208,7.158208,-4.026492,7.381902,,,-6.7,-7.8,65.3,65.3,P-GPS (Brake),Other,,24,5,True,,Mini 3 Pro,False,False,,Smart,RC,False,True,False,,,True,,False,False,False,False,False,False,False,False,False,False,0,Follow Yaw,-33.9,0,100.5,100.5,False,False,False,False,False,True,,True,Normal,100,100,642,948,1024,1359,N,False,False,False,False,False,0,False,False,False,False,70,7.627,1578,2285,7.627,False,3.817,3.81,0.007,False,False,4.711,92.7,90.8,92.6,,,,,,,,,Idle,,,True,,False,10,Go Home,True,True,True,False,False,False,False,False,False,False,False,False,43.0428875252967,-77.6663246167718,51.7,436.3,1640.4,True,1,1,False,False,False,False,,True,False,False,,328,,16.4,Calm,48,, 1.8.0,DJI Mini 3 Pro,1581F4XF3229R006,53HFK5R0M30ACD,5HAZK6H0018AUR,52XPK6HCA105XX,101.4,0.7,39.3,9.437649,6.71082,0,4049,DJI Mini 3 Pro,1581F4XF3229R006,53HFK5R0M30ACD,5HAZK6H0018AUR,52XPK6HCA105XX,DJI Fly,, 1.8.0,54E6999D-4E41-3C56-C869-63925F82E9FA,1581F4XF3229R006W0A6,,,,,,,,,,
6/22/2023,8:05:28.28 PM,0m 45.3s,45.3,43.0427570381629,-77.6663825664243,41.9,41.9,35.4,604,309,8.303839,8.324903,7.381902,7.381902,-3.802798,7.381902,,,-6.2,-8.3,67.3,67.3,P-GPS (Brake),Other,,24,5,True,,Mini 3 Pro,False,False,,Smart,RC,False,True,False,,,True,,False,False,False,False,False,False,False,False,False,False,0,Follow Yaw,-33.9,0,102.5,102.5,False,False,False,False,False,True,,True,Normal,100,100,642,948,1024,1359,N,False,False,False,False,False,0,False,False,False,False,70,7.627,1578,2285,7.627,False,3.817,3.81,0.007,False,False,4.711,92.7,90.8,92.6,,,,,,,,,Idle,,,True,,False,10,Go Home,True,True,True,False,False,False,False,False,False,False,False,False,43.0428875252967,-77.6663246167718,50,436.3,1640.4,True,1,1,False,False,False,False,,True,False,False,,328,,16.4,Calm,48,, 1.8.0,DJI Mini 3 Pro,1581F4XF3229R006,53HFK5R0M30ACD,5HAZK6H0018AUR,52XPK6HCA105XX,101.4,0.7,39.3,9.437649,6.71082,0,4049,DJI Mini 3 Pro,1581F4XF3229R006,53HFK5R0M30ACD,5HAZK6H0018AUR,52XPK6HCA105XX,DJI Fly,, 1.8.0,54E6999D-4E41-3C56-C869-63925F82E9FA,1581F4XF3229R006W0A6,,,,,,,,,,
6/22/2023,8:05:28.48 PM,0m 45.5s,45.5,43.0427630178245,-77.6663867610438,41.9,41.9,35.4,604,311.5,8.312873,8.324903,7.605596,7.605596,-3.35541,7.381902,,,-6.2,-7.8,69.3,69.3,P-GPS (Brake),Other,,24,5,True,,Mini 3 Pro,False,False,,Smart,RC,False,True,False,,,True,,False,False,False,False,False,False,False,False,False,False,0,Follow Yaw,-33.9,0,104.4,104.4,False,False,False,False,False,True,,True,Normal,100,100,642,948,1024,1364,N,False,False,False,False,False,0,False,False,False,False,70,7.619,1577,2285,7.619,False,3.812,3.807,0.007,False,False,4.612,92.7,90.8,92.6,,,,,,,,,Idle,,,True,,False,10,Go Home,True,True,True,False,False,False,False,False,False,False,False,False,43.0428875252967,-77.6663246167718,48.3,436.3,1640.4,True,1,1,False,False,False,False,,True,False,False,,328,,16.4,Calm,48,, 1.8.0,DJI Mini 3 Pro,1581F4XF3229R006,53HFK5R0M30ACD,5HAZK6H0018AUR,52XPK6HCA105XX,101.4,0.7,39.3,9.437649,6.71082,0,4049,DJI Mini 3 Pro,1581F4XF3229R006,53HFK5R0M30ACD,5HAZK6H0018AUR,52XPK6HCA105XX,DJI Fly,, 1.8.0,54E6999D-4E41-3C56-C869-63925F82E9FA,1581F4XF3229R006W0A6,,,,,,,,,,
6/22/2023,8:05:28.68 PM,0m 45.7s,45.7,43.0427691335529,-77.6663906343094,41.9,41.9,35.4,604,313.9,8.432403,8.432403,7.82929,7.82929,-3.131716,7.381902,,,-5.5,-8.5,71.1,71.1,P-GPS (Brake),Other,,24,5,True,,Mini 3 Pro,False,False,,Smart,RC,False,True,False,,,True,,False,False,False,False,False,False,False,False,False,False,0,Follow Yaw,-33.9,0,106.5,106.5,False,False,False,False,False,True,,True,Normal,100,100,642,947,1024,1367,N,False,False,False,False,False,0,False,False,False,False,70,7.619,1577,2285,7.619,False,3.812,3.807,0.007,False,False,4.612,92.7,90.8,92.6,,,,,,,,,Idle,,,True,,False,10,Go Home,True,True,True,False,False,False,False,False,False,False,False,False,43.0428875252967,-77.6663246167718,46.6,436.3,1640.4,True,1,1,False,False,False,False,,True,False,False,,328,,16.4,Calm,48,, 1.8.0,DJI Mini 3 Pro,1581F4XF3229R006,53HFK5R0M30ACD,5HAZK6H0018AUR,52XPK6HCA105XX,101.4,0.7,39.3,9.437649,6.71082,0,4049,DJI Mini 3 Pro,1581F4XF3229R006,53HFK5R0M30ACD,5HAZK6H0018AUR,52XPK6HCA105XX,DJI Fly,, 1.8.0,54E6999D-4E41-3C56-C869-63925F82E9FA,1581F4XF3229R006W0A6,,,,,,,,,,
6/22/2023,8:05:28.78 PM,0m 45.9s,45.9,43.0427754146036,-77.6663942321474,41.9,41.9,35.4,604,316.4,8.561959,8.561959,8.052984,8.052984,-2.908022,7.381902,,,-6,-7.7,73.2,73.2,P-GPS (Brake),Other,,24,5,True,,Mini 3 Pro,False,False,,Smart,RC,False,True,False,,,True,,False,False,False,False,False,False,False,False,False,False,0,Follow Yaw,-33.9,0,108.5,108.5,False,False,False,False,False,True,,True,Normal,100,100,642,947,1024,1367,N,False,False,False,False,False,0,False,False,False,False,70,7.619,1577,2285,7.619,False,3.812,3.807,0.007,False,False,4.612,92.7,90.8,92.6,,,,,,,,,Idle,,,True,,False,10,Go Home,True,True,True,False,False,False,False,False,False,False,False,False,43.0428875252967,-77.6663246167718,44.9,436.3,1640.4,True,1,1,False,False,False,False,,True,False,False,,328,,16.4,Calm,48,, 1.8.0,DJI Mini 3 Pro,1581F4XF3229R006,53HFK5R0M30ACD,5HAZK6H0018AUR,52XPK6HCA105XX,101.4,0.7,39.3,9.437649,6.71082,0,4049,DJI Mini 3 Pro,1581F4XF3229R006,53HFK5R0M30ACD,5HAZK6H0018AUR,52XPK6HCA105XX,DJI Fly,, 1.8.0,54E6999D-4E41-3C56-C869-63925F82E9FA,1581F4XF3229R006W0A6,,,,,,,,,,
6/22/2023,8:05:29.08 PM,0m 46.1s,46.1,43.0427818344967,-77.6663975308679,41.9,41.9,35.4,604,318.9,8.48859,8.561959,8.052984,8.052984,-2.684328,7.381902,,,-5.3,-8,75.1,75.1,P-GPS (Brake),Other,,24,5,True,,Mini 3 Pro,False,False,,Smart,RC,False,True,False,,,True,,False,False,False,False,False,False,False,False,False,False,0,Follow Yaw,-33.9,0,110.6,110.6,False,False,False,False,False,True,,True,Normal,100,100,642,947,1024,1367,N,False,False,False,False,False,0,False,False,False,False,70,7.619,1577,2285,7.619,False,3.812,3.807,0.007,False,False,4.612,92.7,90.8,92.6,,,,,,,,,Idle,,,True,,False,10,Go Home,True,True,True,False,False,False,False,False,False,False,False,False,43.0428875252967,-77.6663246167718,43.1,436.3,1640.4,True,1,1,False,False,False,False,,True,False,False,,328,,16.4,Calm,48,, 1.8.0,DJI Mini 3 Pro,1581F4XF3229R006,53HFK5R0M30ACD,5HAZK6H0018AUR,52XPK6HCA105XX,101.4,0.7,39.3,9.437649,6.71082,0,4049,DJI Mini 3 Pro,1581F4XF3229R006,53HFK5R0M30ACD,5HAZK6H0018AUR,52XPK6HCA105XX,DJI Fly,, 1.8.0,54E6999D-4E41-3C56-C869-63925F82E9FA,1581F4XF3229R006W0A6,,,,,,,,,,
6/22/2023,8:05:29.29 PM,0m 46.3s,46.3,43.0427883578255,-77.6664005696217,41.9,41.9,35.4,604,321.4,8.634704,8.634704,8.276678,8.276678,-2.460634,7.381902,,,-6.7,-7.6,77.4,77.4,P-GPS (Brake),Other,,24,5,True,,Mini 3 Pro,False,False,,Smart,RC,False,True,False,,,True,,False,False,False,False,False,False,False,False,False,False,0,Follow Yaw,-33.9,0.1,112.7,112.7,False,False,False,False,False,True,,True,Normal,100,100,642,947,1024,1366,N,False,False,False,False,False,0,False,False,False,False,70,7.619,1577,2285,7.619,False,3.812,3.807,0.007,False,False,4.612,92.7,90.8,92.6,,,,,,,,,Idle,,,True,,False,10,Go Home,True,True,True,False,False,False,False,False,False,False,False,False,43.0428875252967,-77.6663246167718,41.4,436.3,1640.4,True,1,1,False,False,False,False,,True,False,False,,328,,16.4,Calm,48,, 1.8.0,DJI Mini 3 Pro,1581F4XF3229R006,53HFK5R0M30ACD,5HAZK6H0018AUR,52XPK6HCA105XX,101.4,0.7,39.3,9.437649,6.71082,0,4049,DJI Mini 3 Pro,1581F4XF3229R006,53HFK5R0M30ACD,5HAZK6H0018AUR,52XPK6HCA105XX,DJI Fly,, 1.8.0,54E6999D-4E41-3C56-C869-63925F82E9FA,1581F4XF3229R006W0A6,,,,,,,,,,
6/22/2023,8:05:29.49 PM,0m 46.5s,46.5,43.0427949535267,-77.6664032422268,41.9,41.9,35.4,604,324,8.518013,8.634704,8.276678,8.276678,-2.013246,7.381902,,,-5.9,-7.6,79.4,79.4,P-GPS (Brake),Other,,24,5,True,,Mini 3 Pro,False,False,,Smart,RC,False,True,False,,,True,,False,False,False,False,False,False,False,False,False,False,0,Follow Yaw,-33.9,0,114.8,114.8,False,False,False,False,False,True,,True,Normal,100,100,642,947,1024,1365,N,False,False,False,False,False,0,False,False,False,False,69,7.62,1576,2285,7.62,False,3.812,3.808,0.007,False,False,4.767,92.8,90.8,92.8,,,,,,,,,Idle,,,True,,False,10,Go Home,True,True,True,False,False,False,False,False,False,False,False,False,43.0428875252967,-77.6663246167718,39.7,436.3,1640.4,True,1,1,False,False,False,False,,True,False,False,,328,,16.4,Calm,48,, 1.8.0,DJI Mini 3 Pro,1581F4XF3229R006,53HFK5R0M30ACD,5HAZK6H0018AUR,52XPK6HCA105XX,101.4,0.7,39.3,9.437649,6.71082,0,4049,DJI Mini 3 Pro,1581F4XF3229R006,53HFK5R0M30ACD,5HAZK6H0018AUR,52XPK6HCA105XX,DJI Fly,, 1.8.0,54E6999D-4E41-3C56-C869-63925F82E9FA,1581F4XF3229R006W0A6,,,,,,,,,,
6/22/2023,8:05:29.59 PM,0m 46.7s,46.7,43.0428016194072,-77.6664055626029,41.9,41.9,35.4,604,326.5,8.643392,8.643392,8.500372,8.500372,-1.565858,7.381902,,,-5.8,-8,81.6,81.6,P-GPS (Brake),Other,,24,5,True,,Mini 3 Pro,False,False,,Smart,RC,False,True,False,,,True,,False,False,False,False,False,False,False,False,False,False,0,Follow Yaw,-33.9,0,116.9,116.9,False,False,False,False,False,True,,True,Normal,100,100,642,947,1024,1365,N,False,False,False,False,False,0,False,False,False,False,69,7.62,1576,2285,7.62,False,3.812,3.808,0.007,False,False,4.767,92.8,90.8,92.8,,,,,,,,,Idle,,,True,,False,10,Go Home,True,True,True,False,False,False,False,False,False,False,False,False,43.0428875252967,-77.6663246167718,38,436.3,1640.4,True,1,1,False,False,False,False,,True,False,False,,328,,16.4,Calm,48,, 1.8.0,DJI Mini 3 Pro,1581F4XF3229R006,53HFK5R0M30ACD,5HAZK6H0018AUR,52XPK6HCA105XX,101.4,0.7,39.3,9.437649,6.71082,0,4049,DJI Mini 3 Pro,1581F4XF3229R006,53HFK5R0M30ACD,5HAZK6H0018AUR,52XPK6HCA105XX,DJI Fly,, 1.8.0,54E6999D-4E41-3C56-C869-63925F82E9FA,1581F4XF3229R006W0A6,,,,,,,,,,
6/22/2023,8:05:29.79 PM,0m 46.9s,46.9,43.0428083693368,-77.6664075106762,41.9,41.9,35.4,604,329,8.60568,8.643392,8.500372,8.500372,-1.342164,7.381902,,,-5.3,-7.7,83.6,83.6,P-GPS (Brake),Other,,24,5,True,,Mini 3 Pro,False,False,,Smart,RC,False,True,False,,,True,,False,False,False,False,False,False,False,False,False,False,0,Follow Yaw,-33.9,0,119,119,False,False,False,False,False,True,,True,Normal,100,100,647,947,1024,1357,N,False,False,False,False,False,0,False,False,False,False,69,7.62,1576,2285,7.62,False,3.812,3.808,0.007,False,False,4.767,92.8,90.8,92.8,,,,,,,,,Idle,,,True,,False,10,Go Home,True,True,True,False,False,False,False,False,False,False,False,False,43.0428875252967,-77.6663246167718,36.3,436.3,1640.4,True,1,1,False,False,False,False,,True,False,False,,328,,16.4,Calm,48,, 1.8.0,DJI Mini 3 Pro,1581F4XF3229R006,53HFK5R0M30ACD,5HAZK6H0018AUR,52XPK6HCA105XX,101.4,0.7,39.3,9.437649,6.71082,0,4049,DJI Mini 3 Pro,1581F4XF3229R006,53HFK5R0M30ACD,5HAZK6H0018AUR,52XPK6HCA105XX,DJI Fly,, 1.8.0,54E6999D-4E41-3C56-C869-63925F82E9FA,1581F4XF3229R006W0A6,,,,,,,,,,
6/22/2023,8:05:30.09 PM,0m 47.1s,47.1,43.0428152074831,-77.6664091338382,41.9,41.9,35.4,604,331.5,8.547335,8.643392,8.500372,8.500372,-0.894776,7.381902,,,-4.8,-7.7,85.6,85.6,P-GPS (Brake),Other,,24,5,True,,Mini 3 Pro,False,False,,Smart,RC,False,True,False,,,True,,False,False,False,False,False,False,False,False,False,False,0,Follow Yaw,-33.9,0,121,121,False,False,False,False,False,True,,True,Normal,100,100,840,1024,1024,1346,N,False,False,False,False,False,0,False,False,False,False,69,7.62,1576,2285,7.62,False,3.812,3.808,0.007,False,False,4.767,92.8,90.8,92.8,,,,,,,,,Idle,,,True,,False,10,Go Home,True,True,True,False,False,False,False,False,False,False,False,False,43.0428875252967,-77.6663246167718,34.6,436.3,1640.4,True,1,1,False,False,False,False,,True,False,False,,328,,16.4,Calm,48,, 1.8.0,DJI Mini 3 Pro,1581F4XF3229R006,53HFK5R0M30ACD,5HAZK6H0018AUR,52XPK6HCA105XX,101.4,0.7,39.3,9.437649,6.71082,0,4049,DJI Mini 3 Pro,1581F4XF3229R006,53HFK5R0M30ACD,5HAZK6H0018AUR,52XPK6HCA105XX,DJI Fly,, 1.8.0,54E6999D-4E41-3C56-C869-63925F82E9FA,1581F4XF3229R006W0A6,,,,,,,,,,
6/22/2023,8:05:30.20 PM,0m 47.3s,47.3,43.0428220729191,-77.6664104510019,41.9,41.9,35.4,604,334,8.52682,8.643392,8.500372,8.500372,-0.671082,7.381902,,,-4.9,-6.1,87.5,87.5,P-GPS (Brake),Other,,24,5,True,,Mini 3 Pro,False,False,,Smart,RC,False,True,False,,,True,,False,False,False,False,False,False,False,False,False,False,0,Follow Yaw,-33.9,0,122.9,122.9,False,False,False,False,False,True,,True,Normal,100,100,1024,1024,1024,1228,N,False,False,False,False,False,0,False,False,False,False,69,7.62,1576,2285,7.62,False,3.812,3.808,0.007,False,False,4.767,92.8,90.8,92.8,,,,,,,,,Idle,,,True,,False,10,Go Home,True,True,True,False,False,False,False,False,False,False,False,False,43.0428875252967,-77.6663246167718,33,436.3,1640.4,True,1,1,False,False,False,False,,True,False,False,,328,,16.4,Calm,48,, 1.8.0,DJI Mini 3 Pro,1581F4XF3229R006,53HFK5R0M30ACD,5HAZK6H0018AUR,52XPK6HCA105XX,101.4,0.7,39.3,9.437649,6.71082,0,4049,DJI Mini 3 Pro,1581F4XF3229R006,53HFK5R0M30ACD,5HAZK6H0018AUR,52XPK6HCA105XX,DJI Fly,, 1.8.0,54E6999D-4E41-3C56-C869-63925F82E9FA,1581F4XF3229R006W0A6,,,,,,,,,,
6/22/2023,8:05:30.50 PM,0m 47.5s,47.5,43.0428288485576,-77.6664114427678,41.9,41.9,35.4,604,336.5,8.28876,8.643392,8.276678,8.500372,-0.447388,7.381902,,,-4.2,0,89.2,89.2,P-GPS (Brake),Other,,24,5,True,,Mini 3 Pro,False,False,,Smart,RC,False,True,False,,,True,,False,False,False,False,False,False,False,False,False,False,0,Follow Yaw,-33.9,0,124.3,124.3,False,False,False,False,False,True,,True,Normal,100,100,1024,1024,1024,1243,N,False,False,False,False,False,0,False,False,False,False,69,7.628,1574,2285,7.628,False,3.816,3.812,0.007,False,False,4.736,92.8,90.8,92.8,,,,,,,,,Idle,,,True,,False,10,Go Home,True,True,True,False,False,False,False,False,False,False,False,False,43.0428875252967,-77.6663246167718,31.5,436.3,1640.4,True,1,1,False,False,False,False,,True,False,False,,328,,16.4,Calm,48,, 1.8.0,DJI Mini 3 Pro,1581F4XF3229R006,53HFK5R0M30ACD,5HAZK6H0018AUR,52XPK6HCA105XX,101.4,0.7,39.3,9.437649,6.71082,0,4049,DJI Mini 3 Pro,1581F4XF3229R006,53HFK5R0M30ACD,5HAZK6H0018AUR,52XPK6HCA105XX,DJI Fly,, 1.8.0,54E6999D-4E41-3C56-C869-63925F82E9FA,1581F4XF3229R006W0A6,,,,,,,,,,
6/22/2023,8:05:30.70 PM,0m 47.7s,47.7,43.0428351282034,-77.6664121381475,41.9,41.9,35.4,604,338.8,7.38529,8.643392,7.381902,8.500372,-0.223694,7.381902,,,-3.9,20.5,89.7,89.7,P-GPS (Brake),Other,,24,5,True,,Mini 3 Pro,False,False,,Smart,RC,False,True,False,,,True,,False,False,False,False,False,False,False,False,False,False,0,Follow Yaw,-33.9,0,125.1,125.1,False,False,False,False,False,True,,True,Normal,100,100,1024,1024,1024,1313,N,False,False,False,False,False,0,False,False,False,False,69,7.628,1574,2285,7.628,False,3.816,3.812,0.007,False,False,4.736,92.8,90.8,92.8,,,,,,,,,Idle,,,True,,False,10,Go Home,True,True,True,False,False,False,False,False,False,False,False,False,43.0428875252967,-77.6663246167718,30.1,436.3,1640.4,True,1,1,False,False,False,False,,True,False,False,,328,,16.4,Calm,48,, 1.8.0,DJI Mini 3 Pro,1581F4XF3229R006,53HFK5R0M30ACD,5HAZK6H0018AUR,52XPK6HCA105XX,101.4,0.7,39.3,9.437649,6.71082,0,4049,DJI Mini 3 Pro,1581F4XF3229R006,53HFK5R0M30ACD,5HAZK6H0018AUR,52XPK6HCA105XX,DJI Fly,, 1.8.0,54E6999D-4E41-3C56-C869-63925F82E9FA,1581F4XF3229R006W0A6,,,,,,,,,,
6/22/2023,8:05:30.80 PM,0m 47.9s,47.9,43.0428399579416,-77.6664125016646,41.9,41.9,35.4,604,340.6,5.144962,8.643392,5.144962,8.500372,,7.381902,0.223694,0.223694,-1.2,25.3,91.1,91.1,P-GPS (Brake),Other,,24,5,True,,Mini 3 Pro,False,False,,Smart,RC,False,True,False,,,True,,False,False,False,False,False,False,False,False,False,False,0,Follow Yaw,-33.9,0,126.1,126.1,False,False,False,False,False,True,,True,Normal,100,100,878,1024,1024,1371,N,False,False,False,False,False,0,False,False,False,False,69,7.628,1574,2285,7.628,False,3.816,3.812,0.007,False,False,4.736,92.8,90.8,92.8,,,,,,,,,Idle,,,True,,False,10,Go Home,True,True,True,False,False,False,False,False,False,False,False,False,43.0428875252967,-77.6663246167718,29.1,436.3,1640.4,True,1,1,False,False,False,False,,True,False,False,,328,,16.4,Calm,48,, 1.8.0,DJI Mini 3 Pro,1581F4XF3229R006,53HFK5R0M30ACD,5HAZK6H0018AUR,52XPK6HCA105XX,101.4,0.7,39.3,9.437649,6.71082,0,4049,DJI Mini 3 Pro,1581F4XF3229R006,53HFK5R0M30ACD,5HAZK6H0018AUR,52XPK6HCA105XX,DJI Fly,, 1.8.0,54E6999D-4E41-3C56-C869-63925F82E9FA,1581F4XF3229R006W0A6,,,,,,,,,,
6/22/2023,8:05:31.11 PM,0m 48.1s,48.1,43.0428429397411,-77.6664127117959,41.9,41.9,35.4,604,341.7,2.908022,8.643392,2.908022,8.500372,,7.381902,,0.223694,-2.3,13.7,92.3,92.3,P-GPS (Brake),Other,,24,5,True,,Mini 3 Pro,False,False,,Smart,RC,False,True,False,,,True,,False,False,False,False,False,False,False,False,False,False,0,Follow Yaw,-33.9,0.1,127.8,127.8,False,False,False,False,False,True,,True,Normal,100,100,806,1015,1024,1466,N,False,False,False,False,False,0,False,False,False,False,69,7.628,1574,2285,7.628,False,3.816,3.812,0.007,False,False,4.736,92.8,90.8,92.8,,,,,,,,,Idle,,,True,,False,10,Go Home,True,True,True,False,False,False,False,False,False,False,False,False,43.0428875252967,-77.6663246167718,28.5,436.3,1640.4,True,1,1,False,False,False,False,,True,False,False,,328,,16.4,Calm,48,, 1.8.0,DJI Mini 3 Pro,1581F4XF3229R006,53HFK5R0M30ACD,5HAZK6H0018AUR,52XPK6HCA105XX,101.4,0.7,39.3,9.437649,6.71082,0,4049,DJI Mini 3 Pro,1581F4XF3229R006,53HFK5R0M30ACD,5HAZK6H0018AUR,52XPK6HCA105XX,DJI Fly,, 1.8.0,54E6999D-4E41-3C56-C869-63925F82E9FA,1581F4XF3229R006W0A6,,,,,,,,,,
6/22/2023,8:05:31.21 PM,0m 48.3s,48.3,43.0428446493087,-77.6664128205803,41.9,41.9,35.4,604,342.3,1.789552,8.643392,1.789552,8.500372,,7.381902,,0.223694,-4.2,1.9,94,94,P-GPS (Brake),Other,,24,5,True,,Mini 3 Pro,False,False,,Smart,RC,False,True,False,,,True,,False,False,False,False,False,False,False,False,False,False,0,Follow Yaw,-33.9,0.1,130.7,130.7,False,False,False,False,False,True,,True,Normal,100,100,779,1012,1024,1495,N,False,False,False,False,False,0,False,False,False,False,69,7.628,1574,2285,7.628,False,3.816,3.812,0.007,False,False,4.736,92.8,90.8,92.8,,,,,,,,,Idle,,,True,,False,10,Go Home,True,True,True,False,False,False,False,False,False,False,False,False,43.0428875252967,-77.6663246167718,28.2,436.3,1640.4,True,1,1,False,False,False,False,,True,False,False,,328,,16.4,Calm,48,, 1.8.0,DJI Mini 3 Pro,1581F4XF3229R006,53HFK5R0M30ACD,5HAZK6H0018AUR,52XPK6HCA105XX,101.4,0.7,39.3,9.437649,6.71082,0,4049,DJI Mini 3 Pro,1581F4XF3229R006,53HFK5R0M30ACD,5HAZK6H0018AUR,52XPK6HCA105XX,DJI Fly,, 1.8.0,54E6999D-4E41-3C56-C869-63925F82E9FA,1581F4XF3229R006W0A6,,,,,,,,,,
6/22/2023,8:05:31.51 PM,0m 48.5s,48.5,43.0428458448697,-77.6664127260086,41.9,41.9,35.4,604,342.7,1.360677,8.643392,1.342164,8.500372,0.223694,7.381902,,0.223694,-1.6,-4,97,97,P-GPS (Brake),Other,,24,5,True,,Mini 3 Pro,False,False,,Smart,RC,False,True,False,,,True,,False,False,False,False,False,False,False,False,False,False,0,Follow Yaw,-33.9,0.1,134.6,134.6,False,False,False,False,False,True,,True,Normal,100,100,777,1016,1024,1361,N,False,False,False,False,False,0,False,False,False,False,69,7.607,1573,2285,7.607,False,3.804,3.803,0.007,False,False,4.65,92.8,90.8,92.8,,,,,,,,,Idle,,,True,,False,10,Go Home,True,True,True,False,False,False,False,False,False,False,False,False,43.0428875252967,-77.6663246167718,27.9,436.3,1640.4,True,1,1,False,False,False,False,,True,False,False,,328,,16.4,Calm,48,, 1.8.0,DJI Mini 3 Pro,1581F4XF3229R006,53HFK5R0M30ACD,5HAZK6H0018AUR,52XPK6HCA105XX,101.4,0.7,39.3,9.437649,6.71082,0,4049,DJI Mini 3 Pro,1581F4XF3229R006,53HFK5R0M30ACD,5HAZK6H0018AUR,52XPK6HCA105XX,DJI Fly,, 1.8.0,54E6999D-4E41-3C56-C869-63925F82E9FA,1581F4XF3229R006W0A6,,,,,,,,,,
6/22/2023,8:05:31.61 PM,0m 48.7s,48.7,43.0428470503917,-77.6664125909263,41.9,41.9,35.4,604,343.2,1.581755,8.643392,1.565858,8.500372,0.223694,7.381902,,0.223694,-2.4,-6.2,101,101,P-GPS (Brake),Other,,24,5,True,,Mini 3 Pro,False,False,,Smart,RC,False,True,False,,,True,,False,False,False,False,False,False,False,False,False,False,0,Follow Yaw,-33.9,0.1,138.3,138.3,False,False,False,False,False,True,,True,Normal,100,100,721,1019,1024,1340,N,False,False,False,False,False,0,False,False,False,False,69,7.607,1573,2285,7.607,False,3.804,3.803,0.007,False,False,4.65,92.8,90.8,92.8,,,,,,,,,Idle,,,True,,False,10,Go Home,True,True,True,False,False,False,False,False,False,False,False,False,43.0428875252967,-77.6663246167718,27.7,436.3,1640.4,True,1,1,False,False,False,False,,True,False,False,,328,,16.4,Calm,48,, 1.8.0,DJI Mini 3 Pro,1581F4XF3229R006,53HFK5R0M30ACD,5HAZK6H0018AUR,52XPK6HCA105XX,101.4,0.7,39.3,9.437649,6.71082,0,4049,DJI Mini 3 Pro,1581F4XF3229R006,53HFK5R0M30ACD,5HAZK6H0018AUR,52XPK6HCA105XX,DJI Fly,, 1.8.0,54E6999D-4E41-3C56-C869-63925F82E9FA,1581F4XF3229R006W0A6,,,,,,,,,,
6/22/2023,8:05:31.81 PM,0m 48.9s,48.9,43.0428484794604,-77.6664122644267,41.9,41.9,35.4,604,343.7,1.844627,8.643392,1.789552,8.500372,0.447388,7.381902,,0.223694,-1.9,-4.3,104.7,104.7,P-GPS (Brake),Other,,24,5,True,,Mini 3 Pro,False,False,,Smart,RC,False,True,False,,,True,,False,False,False,False,False,False,False,False,False,False,0,Follow Yaw,-33.9,0.1,140.9,140.9,False,False,False,False,False,True,,True,Normal,100,100,702,1019,1024,1339,N,False,False,False,False,False,0,False,False,False,False,69,7.607,1573,2285,7.607,False,3.804,3.803,0.007,False,False,4.65,92.8,90.8,92.8,,,,,,,,,Idle,,,True,,False,10,Go Home,True,True,True,False,False,False,False,False,False,False,False,False,43.0428875252967,-77.6663246167718,27.3,436.3,1640.4,True,1,1,False,False,False,False,,True,False,False,,328,,16.4,Calm,48,, 1.8.0,DJI Mini 3 Pro,1581F4XF3229R006,53HFK5R0M30ACD,5HAZK6H0018AUR,52XPK6HCA105XX,101.4,0.7,39.3,9.437649,6.71082,0,4049,DJI Mini 3 Pro,1581F4XF3229R006,53HFK5R0M30ACD,5HAZK6H0018AUR,52XPK6HCA105XX,DJI Fly,, 1.8.0,54E6999D-4E41-3C56-C869-63925F82E9FA,1581F4XF3229R006W0A6,,,,,,,,,,
6/22/2023,8:05:32.12 PM,0m 49.1s,49.1,43.0428500316793,-77.6664117021483,41.9,41.9,35.4,604,344.3,1.911242,8.643392,1.789552,8.500372,0.671082,7.381902,,0.223694,-1.6,-6.2,107.1,107.1,P-GPS (Brake),Other,,24,5,True,,Mini 3 Pro,False,False,,Smart,RC,False,True,False,,,True,,False,False,False,False,False,False,False,False,False,False,0,Follow Yaw,-33.9,0,142.8,142.8,False,False,False,False,False,True,,True,Normal,100,100,685,1020,1024,1340,N,False,False,False,False,False,0,False,False,False,False,69,7.607,1573,2285,7.607,False,3.804,3.803,0.007,False,False,4.65,92.8,90.8,92.8,,,,,,,,,Idle,,,True,,False,10,Go Home,True,True,True,False,False,False,False,False,False,False,False,False,43.0428875252967,-77.6663246167718,26.9,436.3,1640.4,True,1,1,False,False,False,False,,True,False,False,,328,,16.4,Calm,48,, 1.8.0,DJI Mini 3 Pro,1581F4XF3229R006,53HFK5R0M30ACD,5HAZK6H0018AUR,52XPK6HCA105XX,101.4,0.7,39.3,9.437649,6.71082,0,4049,DJI Mini 3 Pro,1581F4XF3229R006,53HFK5R0M30ACD,5HAZK6H0018AUR,52XPK6HCA105XX,DJI Fly,, 1.8.0,54E6999D-4E41-3C56-C869-63925F82E9FA,1581F4XF3229R006W0A6,,,,,,,,,,
6/22/2023,8:05:32.22 PM,0m 49.3s,49.3,43.0428517753064,-77.6664109021046,41.9,41.9,35.4,604,345,2.335433,8.643392,2.23694,8.500372,0.671082,7.381902,,0.223694,-0.9,-7.9,109.1,109.1,P-GPS (Brake),Other,,24,5,True,,Mini 3 Pro,False,False,,Smart,RC,False,True,False,,,True,,False,False,False,False,False,False,False,False,False,False,0,Follow Yaw,-33.9,0,144.6,144.6,False,False,False,False,False,True,,True,Normal,100,100,679,1020,1024,1336,N,False,False,False,False,False,0,False,False,False,False,69,7.607,1573,2285,7.607,False,3.804,3.803,0.007,False,False,4.65,92.8,90.8,92.8,,,,,,,,,Idle,,,True,,False,10,Go Home,True,True,True,False,False,False,False,False,False,False,False,False,43.0428875252967,-77.6663246167718,26.4,436.3,1640.4,True,1,1,False,False,False,False,,True,False,False,,328,,16.4,Calm,48,, 1.8.0,DJI Mini 3 Pro,1581F4XF3229R006,53HFK5R0M30ACD,5HAZK6H0018AUR,52XPK6HCA105XX,101.4,0.7,39.3,9.437649,6.71082,0,4049,DJI Mini 3 Pro,1581F4XF3229R006,53HFK5R0M30ACD,5HAZK6H0018AUR,52XPK6HCA105XX,DJI Fly,, 1.8.0,54E6999D-4E41-3C56-C869-63925F82E9FA,1581F4XF3229R006W0A6,,,,,,,,,,
6/22/2023,8:05:32.52 PM,0m 49.5s,49.5,43.0428537505181,-77.6664098407462,41.9,41.9,35.4,604,345.7,2.618271,8.643392,2.460634,8.500372,0.894776,7.381902,,0.223694,-1.6,-7.5,111,111,P-GPS (Brake),Other,,24,5,True,,Mini 3 Pro,False,False,,Smart,RC,False,True,False,,,True,,False,False,False,False,False,False,False,False,False,False,0,Follow Yaw,-33.9,0,146.4,146.4,False,False,False,False,False,True,,True,Normal,100,100,658,1021,1024,1326,N,False,False,False,False,False,0,False,False,False,False,69,7.607,1573,2285,7.607,False,3.804,3.803,0.007,False,False,4.65,92.8,90.8,92.8,,,,,,,,,Idle,,,True,,False,10,Go Home,True,True,True,False,False,False,False,False,False,False,False,False,43.0428875252967,-77.6663246167718,25.8,436.3,1640.4,True,1,1,False,False,False,False,,True,False,False,,328,,16.4,Calm,48,, 1.8.0,DJI Mini 3 Pro,1581F4XF3229R006,53HFK5R0M30ACD,5HAZK6H0018AUR,52XPK6HCA105XX,101.4,0.7,39.3,9.437649,6.71082,0,4049,DJI Mini 3 Pro,1581F4XF3229R006,53HFK5R0M30ACD,5HAZK6H0018AUR,52XPK6HCA105XX,DJI Fly,, 1.8.0,54E6999D-4E41-3C56-C869-63925F82E9FA,1581F4XF3229R006W0A6,,,,,,,,,,
6/22/2023,8:05:32.62 PM,0m 49.7s,49.7,43.042855929772,-77.6664085014751,41.9,41.9,35.4,604,346.6,2.908022,8.643392,2.684328,8.500372,1.11847,7.381902,,0.223694,-1.9,-7.5,112.7,112.7,P-GPS (Brake),Other,,24,5,True,,Mini 3 Pro,False,False,,Smart,RC,False,True,False,,,True,,False,False,False,False,False,False,False,False,False,False,0,Follow Yaw,-33.9,0,148.1,148.1,False,False,False,False,False,True,,True,Normal,100,100,653,1020,1024,1326,N,False,False,False,False,False,0,False,False,False,False,69,7.616,1572,2285,7.616,False,3.809,3.807,0.007,False,False,4.97,92.8,90.8,92.8,,,,,,,,,Idle,,,True,,False,10,Go Home,True,True,True,False,False,False,False,False,False,False,False,False,43.0428875252967,-77.6663246167718,25.1,436.3,1640.4,True,1,1,False,False,False,False,,True,False,False,,328,,16.4,Calm,48,, 1.8.0,DJI Mini 3 Pro,1581F4XF3229R006,53HFK5R0M30ACD,5HAZK6H0018AUR,52XPK6HCA105XX,101.4,0.7,39.3,9.437649,6.71082,0,4049,DJI Mini 3 Pro,1581F4XF3229R006,53HFK5R0M30ACD,5HAZK6H0018AUR,52XPK6HCA105XX,DJI Fly,, 1.8.0,54E6999D-4E41-3C56-C869-63925F82E9FA,1581F4XF3229R006W0A6,,,,,,,,,,
6/22/2023,8:05:32.82 PM,0m 49.9s,49.9,43.0428583169189,-77.6664068808099,41.9,41.9,35.4,604,347.6,3.407205,8.643392,3.131716,8.500372,1.342164,7.381902,,0.223694,0.1,-10,114.2,114.2,P-GPS (Brake),Other,,24,5,True,,Mini 3 Pro,False,False,,Smart,RC,False,True,False,,,True,,False,False,False,False,False,False,False,False,False,False,0,Follow Yaw,-33.9,0,149.7,149.7,False,False,False,False,False,True,,True,Normal,100,100,639,1020,1024,1325,N,False,False,False,False,False,0,False,False,False,False,69,7.616,1572,2285,7.616,False,3.809,3.807,0.007,False,False,4.97,92.8,90.8,92.8,,,,,,,,,Idle,,,True,,False,10,Go Home,True,True,True,False,False,False,False,False,False,False,False,False,43.0428875252967,-77.6663246167718,24.3,436.3,1640.4,True,1,1,False,False,False,False,,True,False,False,,328,,16.4,Calm,48,, 1.8.0,DJI Mini 3 Pro,1581F4XF3229R006,53HFK5R0M30ACD,5HAZK6H0018AUR,52XPK6HCA105XX,101.4,0.7,39.3,9.437649,6.71082,0,4049,DJI Mini 3 Pro,1581F4XF3229R006,53HFK5R0M30ACD,5HAZK6H0018AUR,52XPK6HCA105XX,DJI Fly,, 1.8.0,54E6999D-4E41-3C56-C869-63925F82E9FA,1581F4XF3229R006W0A6,,,,,,,,,,
6/22/2023,8:05:33.03 PM,0m 50.1s,50.1,43.0428610742807,-77.6664051157494,41.9,41.9,35.4,604,348.7,3.906647,8.643392,3.579104,8.500372,1.565858,7.381902,,0.223694,-2.1,-11.1,116.1,116.1,P-GPS (Brake),Other,,24,5,True,,Mini 3 Pro,False,False,,Smart,RC,False,True,False,,,True,,False,False,False,False,False,False,False,False,False,False,0,Follow Yaw,-33.9,0,151.2,151.2,False,False,False,False,False,True,,True,Normal,100,100,635,1020,1024,1214,N,False,False,False,False,False,0,False,False,False,False,69,7.616,1572,2285,7.616,False,3.809,3.807,0.007,False,False,4.97,92.8,90.8,92.8,,,,,,,,,Idle,,,True,,False,10,Go Home,True,True,True,False,False,False,False,False,False,False,False,False,43.0428875252967,-77.6663246167718,23.5,436.3,1640.4,True,1,1,False,False,False,False,,True,False,False,,328,,16.4,Calm,48,, 1.8.0,DJI Mini 3 Pro,1581F4XF3229R006,53HFK5R0M30ACD,5HAZK6H0018AUR,52XPK6HCA105XX,101.4,0.7,39.3,9.437649,6.71082,0,4049,DJI Mini 3 Pro,1581F4XF3229R006,53HFK5R0M30ACD,5HAZK6H0018AUR,52XPK6HCA105XX,DJI Fly,, 1.8.0,54E6999D-4E41-3C56-C869-63925F82E9FA,1581F4XF3229R006W0A6,,,,,,,,,,
6/22/2023,8:05:33.23 PM,0m 50.3s,50.3,43.0428642270876,-77.6664030994726,41.9,41.9,35.4,604,350,4.40626,8.643392,4.026492,8.500372,1.789552,7.381902,,0.223694,-2.4,-10.1,117.7,117.7,P-GPS (Brake),Other,,24,5,True,,Mini 3 Pro,False,False,,Smart,RC,False,True,False,,,True,,False,False,False,False,False,False,False,False,False,False,0,Follow Yaw,-33.9,0,152.3,152.3,False,False,False,False,False,True,,True,Normal,100,100,621,1021,1024,1190,N,False,False,False,False,False,0,False,False,False,False,69,7.616,1572,2285,7.616,False,3.809,3.807,0.007,False,False,4.97,92.8,90.8,92.8,,,,,,,,,Idle,,,True,,False,10,Go Home,True,True,True,False,False,False,False,False,False,False,False,False,43.0428875252967,-77.6663246167718,22.5,436.3,1640.4,True,1,1,False,False,False,False,,True,False,False,,328,,16.4,Calm,48,, 1.8.0,DJI Mini 3 Pro,1581F4XF3229R006,53HFK5R0M30ACD,5HAZK6H0018AUR,52XPK6HCA105XX,101.4,0.7,39.3,9.437649,6.71082,0,4049,DJI Mini 3 Pro,1581F4XF3229R006,53HFK5R0M30ACD,5HAZK6H0018AUR,52XPK6HCA105XX,DJI Fly,, 1.8.0,54E6999D-4E41-3C56-C869-63925F82E9FA,1581F4XF3229R006W0A6,,,,,,,,,,
6/22/2023,8:05:33.43 PM,0m 50.5s,50.5,43.0428676636457,-77.666400771829,41.9,41.9,35.4,604,351.4,4.802913,8.643392,4.250186,8.500372,2.23694,7.381902,,0.223694,-2.8,-10.9,118.8,118.8,P-GPS (Brake),Other,,24,5,True,,Mini 3 Pro,False,False,,Smart,RC,False,True,False,,,True,,False,False,False,False,False,False,False,False,False,False,0,Follow Yaw,-33.9,0,152.9,152.9,False,False,False,False,False,True,,True,Normal,100,100,617,1021,1024,1179,N,False,False,False,False,False,0,False,False,False,False,69,7.616,1572,2285,7.616,False,3.809,3.807,0.007,False,False,4.97,92.8,90.8,92.8,,,,,,,,,Idle,,,True,,False,10,Go Home,True,True,True,False,False,False,False,False,False,False,False,False,43.0428875252967,-77.6663246167718,21.5,436.3,1640.4,True,1,1,False,False,False,False,,True,False,False,,328,,16.4,Calm,48,, 1.8.0,DJI Mini 3 Pro,1581F4XF3229R006,53HFK5R0M30ACD,5HAZK6H0018AUR,52XPK6HCA105XX,101.4,0.7,39.3,9.437649,6.71082,0,4049,DJI Mini 3 Pro,1581F4XF3229R006,53HFK5R0M30ACD,5HAZK6H0018AUR,52XPK6HCA105XX,DJI Fly,, 1.8.0,54E6999D-4E41-3C56-C869-63925F82E9FA,1581F4XF3229R006W0A6,,,,,,,,,,
6/22/2023,8:05:33.63 PM,0m 50.7s,50.7,43.0428713819758,-77.6663981588411,41.9,41.9,35.4,604,352.9,5.30301,8.643392,4.697574,8.500372,2.460634,7.381902,,0.223694,-2,-11.1,119.3,119.3,P-GPS (Brake),Other,,24,5,True,,Mini 3 Pro,False,False,,Smart,RC,False,True,False,,,True,,False,False,False,False,False,False,False,False,False,False,0,Follow Yaw,-33.9,0,153.3,153.3,False,False,False,False,False,True,,True,Normal,100,100,617,1021,1024,1223,N,False,False,False,False,False,0,False,False,False,False,69,7.613,1570,2285,7.613,False,3.808,3.805,0.007,False,False,4.865,93,90.8,93,,,,,,,,,Idle,,,True,,False,10,Go Home,True,True,True,False,False,False,False,False,False,False,False,False,43.0428875252967,-77.6663246167718,20.4,436.3,1640.4,True,1,1,False,False,False,False,,True,False,False,,328,,16.4,Calm,48,, 1.8.0,DJI Mini 3 Pro,1581F4XF3229R006,53HFK5R0M30ACD,5HAZK6H0018AUR,52XPK6HCA105XX,101.4,0.7,39.3,9.437649,6.71082,0,4049,DJI Mini 3 Pro,1581F4XF3229R006,53HFK5R0M30ACD,5HAZK6H0018AUR,52XPK6HCA105XX,DJI Fly,, 1.8.0,54E6999D-4E41-3C56-C869-63925F82E9FA,1581F4XF3229R006W0A6,,,,,,,,,,
6/22/2023,8:05:33.83 PM,0m 50.9s,50.9,43.0428753520424,-77.6663952795275,41.9,41.9,35.4,604,354.5,5.605755,8.643392,4.921268,8.500372,2.684328,7.381902,,0.223694,-2.3,-11.8,119.8,119.8,P-GPS (Brake),Other,,24,5,True,,Mini 3 Pro,False,False,,Smart,RC,False,True,False,,,True,,False,False,False,False,False,False,False,False,False,False,0,Follow Yaw,-33.9,0,153.7,153.7,False,False,False,False,False,True,,True,Normal,100,100,617,1020,1024,1238,N,False,False,False,False,False,0,False,False,False,False,69,7.613,1570,2285,7.613,False,3.808,3.805,0.007,False,False,4.865,93,90.8,93,,,,,,,,,Idle,,,True,,False,10,Go Home,True,True,True,False,False,False,False,False,False,False,False,False,43.0428875252967,-77.6663246167718,19.3,436.3,1640.4,True,1,1,False,False,False,False,,True,False,False,,328,,16.4,Calm,48,, 1.8.0,DJI Mini 3 Pro,1581F4XF3229R006,53HFK5R0M30ACD,5HAZK6H0018AUR,52XPK6HCA105XX,101.4,0.7,39.3,9.437649,6.71082,0,4049,DJI Mini 3 Pro,1581F4XF3229R006,53HFK5R0M30ACD,5HAZK6H0018AUR,52XPK6HCA105XX,DJI Fly,, 1.8.0,54E6999D-4E41-3C56-C869-63925F82E9FA,1581F4XF3229R006W0A6,,,,,,,,,,
6/22/2023,8:05:34.04 PM,0m 51.1s,51.1,43.042879533872,-77.6663921220433,41.9,41.9,35.4,604,356.3,5.909926,8.643392,5.144962,8.500372,2.908022,7.381902,,0.223694,-1.8,-12.1,120.1,120.1,P-GPS (Brake),Other,,24,5,True,,Mini 3 Pro,False,False,,Smart,RC,False,True,False,,,True,,False,False,False,False,False,False,False,False,False,False,0,Follow Yaw,-33.9,0,154.2,154.2,False,False,False,False,False,True,,True,Normal,100,100,617,1019,1024,1253,N,False,False,False,False,False,0,False,False,False,False,69,7.613,1570,2285,7.613,False,3.808,3.805,0.007,False,False,4.865,93,90.8,93,,,,,,,,,Idle,,,True,,False,10,Go Home,True,True,True,False,False,False,False,False,False,False,False,False,43.0428875252967,-77.6663246167718,18.2,436.3,1640.4,True,1,1,False,False,False,False,,True,False,False,,328,,16.4,Calm,48,, 1.8.0,DJI Mini 3 Pro,1581F4XF3229R006,53HFK5R0M30ACD,5HAZK6H0018AUR,52XPK6HCA105XX,101.4,0.7,39.3,9.437649,6.71082,0,4049,DJI Mini 3 Pro,1581F4XF3229R006,53HFK5R0M30ACD,5HAZK6H0018AUR,52XPK6HCA105XX,DJI Fly,, 1.8.0,54E6999D-4E41-3C56-C869-63925F82E9FA,1581F4XF3229R006W0A6,,,,,,,,,,
6/22/2023,8:05:34.24 PM,0m 51.3s,51.3,43.0428839805559,-77.6663887142747,41.9,41.9,35.4,604,358.1,6.409526,8.643392,5.59235,8.500372,3.131716,7.381902,,0.223694,-2,-12.1,120.6,120.6,P-GPS (Brake),Other,,24,5,True,,Mini 3 Pro,False,False,,Smart,RC,False,True,False,,,True,,False,False,False,False,False,False,False,False,False,False,0,Follow Yaw,-33.9,0,154.9,154.9,False,False,False,False,False,True,,True,Normal,100,100,617,1018,1024,1276,N,False,False,False,False,False,0,False,False,False,False,69,7.613,1570,2285,7.613,False,3.808,3.805,0.007,False,False,4.865,93,90.8,93,,,,,,,,,Idle,,,True,,False,10,Go Home,True,True,True,False,False,False,False,False,False,False,False,False,43.0428875252967,-77.6663246167718,17.1,436.3,1640.4,True,1,1,False,False,False,False,,True,False,False,,328,,16.4,Calm,48,, 1.8.0,DJI Mini 3 Pro,1581F4XF3229R006,53HFK5R0M30ACD,5HAZK6H0018AUR,52XPK6HCA105XX,101.4,0.7,39.3,9.437649,6.71082,0,4049,DJI Mini 3 Pro,1581F4XF3229R006,53HFK5R0M30ACD,5HAZK6H0018AUR,52XPK6HCA105XX,DJI Fly,, 1.8.0,54E6999D-4E41-3C56-C869-63925F82E9FA,1581F4XF3229R006W0A6,,,,,,,,,,
6/22/2023,8:05:34.44 PM,0m 51.5s,51.5,43.0428886650572,-77.6663850496048,41.9,41.9,35.4,604,360.1,6.714547,8.643392,5.816044,8.500372,3.35541,7.381902,,0.223694,-2.4,-11.4,121.4,121.4,P-GPS (Brake),Other,,24,5,True,,Mini 3 Pro,False,False,,Smart,RC,False,True,False,,,True,,False,False,False,False,False,False,False,False,False,False,0,Follow Yaw,-33.9,0,155.8,155.8,False,False,False,False,False,True,,True,Normal,100,100,618,1018,1024,1276,N,False,False,False,False,False,0,False,False,False,False,69,7.613,1570,2285,7.613,False,3.808,3.805,0.007,False,False,4.865,93,90.8,93,,,,,,,,,Idle,,,True,,False,10,Go Home,True,True,True,False,False,False,False,False,False,False,False,False,43.0428875252967,-77.6663246167718,16.1,436.3,1640.4,True,1,1,False,False,False,False,,True,False,False,,328,,16.4,Calm,48,, 1.8.0,DJI Mini 3 Pro,1581F4XF3229R006,53HFK5R0M30ACD,5HAZK6H0018AUR,52XPK6HCA105XX,101.4,0.7,39.3,9.437649,6.71082,0,4049,DJI Mini 3 Pro,1581F4XF3229R006,53HFK5R0M30ACD,5HAZK6H0018AUR,52XPK6HCA105XX,DJI Fly,, 1.8.0,54E6999D-4E41-3C56-C869-63925F82E9FA,1581F4XF3229R006W0A6,,,,,,,,,,
6/22/2023,8:05:34.64 PM,0m 51.7s,51.7,43.0428935147641,-77.6663811122676,41.9,41.9,35.4,604,362.2,7.137205,8.643392,6.039738,8.500372,3.802798,7.381902,,0.223694,-2.7,-11.7,122.4,122.4,P-GPS (Brake),Other,,24,5,True,,Mini 3 Pro,False,False,,Smart,RC,False,True,False,,,True,,False,False,False,False,False,False,False,False,False,False,0,Follow Yaw,-33.9,0,156.8,156.8,False,False,False,False,False,True,,True,Normal,100,100,618,1016,1024,1279,N,False,False,False,False,False,0,False,False,False,False,69,7.612,1568,2285,7.612,False,3.808,3.804,0.007,False,False,4.742,93,90.8,93,,,,,,,,,Idle,,,True,,False,10,Go Home,True,True,True,False,False,False,False,False,False,False,False,False,43.0428875252967,-77.6663246167718,15.2,436.3,1640.4,True,1,1,False,False,False,False,,True,False,False,,328,,16.4,Calm,48,, 1.8.0,DJI Mini 3 Pro,1581F4XF3229R006,53HFK5R0M30ACD,5HAZK6H0018AUR,52XPK6HCA105XX,101.4,0.7,39.3,9.437649,6.71082,0,4049,DJI Mini 3 Pro,1581F4XF3229R006,53HFK5R0M30ACD,5HAZK6H0018AUR,52XPK6HCA105XX,DJI Fly,, 1.8.0,54E6999D-4E41-3C56-C869-63925F82E9FA,1581F4XF3229R006W0A6,,,,,,,,,,
6/22/2023,8:05:34.84 PM,0m 51.9s,51.9,43.0428985007686,-77.6663768828871,41.9,41.9,35.4,604,364.3,7.44602,8.643392,6.263432,8.500372,4.026492,7.381902,,0.223694,-2.8,-12.3,123.2,123.2,P-GPS (Brake),Other,,24,5,True,,Mini 3 Pro,False,False,,Smart,RC,False,True,False,,,True,,False,False,False,False,False,False,False,False,False,False,0,Follow Yaw,-33.9,0,157.8,157.8,False,False,False,False,False,True,,True,Normal,100,100,621,1016,1024,1279,N,False,False,False,False,False,0,False,False,False,False,69,7.612,1568,2285,7.612,False,3.808,3.804,0.007,False,False,4.742,93,90.8,93,,,,,,,,,Idle,,,True,,False,10,Go Home,True,True,True,False,False,False,False,False,False,False,False,False,43.0428875252967,-77.6663246167718,14.4,436.3,1640.4,True,1,1,False,False,False,False,,True,False,False,,328,,16.4,Calm,48,, 1.8.0,DJI Mini 3 Pro,1581F4XF3229R006,53HFK5R0M30ACD,5HAZK6H0018AUR,52XPK6HCA105XX,101.4,0.7,39.3,9.437649,6.71082,0,4049,DJI Mini 3 Pro,1581F4XF3229R006,53HFK5R0M30ACD,5HAZK6H0018AUR,52XPK6HCA105XX,DJI Fly,, 1.8.0,54E6999D-4E41-3C56-C869-63925F82E9FA,1581F4XF3229R006W0A6,,,,,,,,,,
6/22/2023,8:05:35.05 PM,0m 52.1s,52.1,43.0429036335685,-77.6663722842516,41.9,41.9,35.4,604,366.5,7.697154,8.643392,6.263432,8.500372,4.47388,7.381902,,0.223694,-2.4,-10.4,124.3,124.3,P-GPS (Brake),Other,,24,5,True,,Mini 3 Pro,False,False,,Smart,RC,False,True,False,,,True,,False,False,False,False,False,False,False,False,False,False,0,Follow Yaw,-33.9,0,158.9,158.9,False,False,False,False,False,True,,True,Normal,100,100,639,1016,1024,1271,N,False,False,False,False,False,0,False,False,False,False,69,7.612,1568,2285,7.612,False,3.808,3.804,0.007,False,False,4.742,93,90.8,93,,,,,,,,,Idle,,,True,,False,10,Go Home,True,True,True,False,False,False,False,False,False,False,False,False,43.0428875252967,-77.6663246167718,14,436.3,1640.4,True,1,1,False,False,False,False,,True,False,False,,328,,16.4,Calm,48,, 1.8.0,DJI Mini 3 Pro,1581F4XF3229R006,53HFK5R0M30ACD,5HAZK6H0018AUR,52XPK6HCA105XX,101.4,0.7,39.3,9.437649,6.71082,0,4049,DJI Mini 3 Pro,1581F4XF3229R006,53HFK5R0M30ACD,5HAZK6H0018AUR,52XPK6HCA105XX,DJI Fly,, 1.8.0,54E6999D-4E41-3C56-C869-63925F82E9FA,1581F4XF3229R006W0A6,,,,,,,,,,
6/22/2023,8:05:35.25 PM,0m 52.3s,52.3,43.0429088683029,-77.6663673581551,41.9,41.9,35.4,604,368.9,8.009369,8.643392,6.487126,8.500372,4.697574,7.381902,,0.223694,-1.3,-10.1,125.2,125.2,P-GPS (Brake),Other,,24,5,True,,Mini 3 Pro,False,False,,Smart,RC,False,True,False,,,True,,False,False,False,False,False,False,False,False,False,False,0,Follow Yaw,-33.9,0,159.9,159.9,False,False,False,False,False,True,,True,Normal,100,100,724,1024,1024,1266,N,False,False,False,False,False,0,False,False,False,False,69,7.612,1568,2285,7.612,False,3.808,3.804,0.007,False,False,4.742,93,90.8,93,,,,,,,,,Idle,,,True,,False,10,Go Home,True,True,True,False,False,False,False,False,False,False,False,False,43.0428875252967,-77.6663246167718,13.8,436.3,1640.4,True,1,1,False,False,False,False,,True,False,False,,328,,16.4,Calm,48,, 1.8.0,DJI Mini 3 Pro,1581F4XF3229R006,53HFK5R0M30ACD,5HAZK6H0018AUR,52XPK6HCA105XX,101.4,0.7,39.3,9.437649,6.71082,0,4049,DJI Mini 3 Pro,1581F4XF3229R006,53HFK5R0M30ACD,5HAZK6H0018AUR,52XPK6HCA105XX,DJI Fly,, 1.8.0,54E6999D-4E41-3C56-C869-63925F82E9FA,1581F4XF3229R006W0A6,,,,,,,,,,
6/22/2023,8:05:35.45 PM,0m 52.5s,52.5,43.0429141540205,-77.666362268551,41.9,41.9,35.4,604,371.2,8.009369,8.643392,6.487126,8.500372,4.697574,7.381902,,0.223694,-1.6,-6.5,126.2,126.2,P-GPS (Brake),Other,,24,5,True,,Mini 3 Pro,False,False,,Smart,RC,False,True,False,,,True,,False,False,False,False,False,False,False,False,False,False,0,Follow Yaw,-33.9,0,160.8,160.8,False,False,False,False,False,True,,True,Normal,100,100,722,1024,1024,1282,N,False,False,False,False,False,0,False,False,False,False,69,7.612,1568,2285,7.612,False,3.808,3.804,0.007,False,False,4.742,93,90.8,93,,,,,,,,,Idle,,,True,,False,10,Go Home,True,True,True,False,False,False,False,False,False,False,False,False,43.0428875252967,-77.6663246167718,13.9,436.3,1640.4,True,1,1,False,False,False,False,,True,False,False,,328,,16.4,Calm,48,, 1.8.0,DJI Mini 3 Pro,1581F4XF3229R006,53HFK5R0M30ACD,5HAZK6H0018AUR,52XPK6HCA105XX,101.4,0.7,39.3,9.437649,6.71082,0,4049,DJI Mini 3 Pro,1581F4XF3229R006,53HFK5R0M30ACD,5HAZK6H0018AUR,52XPK6HCA105XX,DJI Fly,, 1.8.0,54E6999D-4E41-3C56-C869-63925F82E9FA,1581F4XF3229R006W0A6,,,,,,,,,,
6/22/2023,8:05:35.65 PM,0m 52.7s,52.7,43.0429193629324,-77.6663571455045,41.9,41.9,35.4,604,373.6,7.82929,8.643392,6.263432,8.500372,4.697574,7.381902,,0.223694,-1.8,-4.2,127.1,127.1,P-GPS (Brake),Other,,24,5,True,,Mini 3 Pro,False,False,,Smart,RC,False,True,False,,,True,,False,False,False,False,False,False,False,False,False,False,0,Follow Yaw,-33.9,0,161.8,161.8,False,False,False,False,False,True,,True,Normal,100,100,713,1024,1024,1288,N,False,False,False,False,False,0,False,False,False,False,69,7.613,1566,2285,7.613,False,3.809,3.804,0.007,False,False,4.759,93,90.8,93,,,,,,,,,Idle,,,True,,False,10,Go Home,True,True,True,False,False,False,False,False,False,False,False,False,43.0428875252967,-77.6663246167718,14.4,436.3,1640.4,True,1,1,False,False,False,False,,True,False,False,,328,,16.4,Calm,48,, 1.8.0,DJI Mini 3 Pro,1581F4XF3229R006,53HFK5R0M30ACD,5HAZK6H0018AUR,52XPK6HCA105XX,101.4,0.7,39.3,9.437649,6.71082,0,4049,DJI Mini 3 Pro,1581F4XF3229R006,53HFK5R0M30ACD,5HAZK6H0018AUR,52XPK6HCA105XX,DJI Fly,, 1.8.0,54E6999D-4E41-3C56-C869-63925F82E9FA,1581F4XF3229R006W0A6,,,,,,,,,,
6/22/2023,8:05:35.86 PM,0m 52.9s,52.9,43.0429243584385,-77.6663521096977,41.9,41.9,35.4,604,375.8,7.651512,8.643392,6.039738,8.500372,4.697574,7.381902,,0.223694,-2.3,-4.9,128.1,128.1,P-GPS (Brake),Other,,24,5,True,,Mini 3 Pro,False,False,,Smart,RC,False,True,False,,,True,,False,False,False,False,False,False,False,False,False,False,0,Follow Yaw,-33.9,0,162.9,162.9,False,False,False,False,False,True,,True,Normal,100,100,694,1022,1024,1289,N,False,False,False,False,False,0,False,False,False,False,69,7.613,1566,2285,7.613,False,3.809,3.804,0.007,False,False,4.759,93,90.8,93,,,,,,,,,Idle,,,True,,False,10,Go Home,True,True,True,False,False,False,False,False,False,False,False,False,43.0428875252967,-77.6663246167718,15.3,436.3,1640.4,True,1,1,False,False,False,False,,True,False,False,,328,,16.4,Calm,48,, 1.8.0,DJI Mini 3 Pro,1581F4XF3229R006,53HFK5R0M30ACD,5HAZK6H0018AUR,52XPK6HCA105XX,101.4,0.7,39.3,9.437649,6.71082,0,4049,DJI Mini 3 Pro,1581F4XF3229R006,53HFK5R0M30ACD,5HAZK6H0018AUR,52XPK6HCA105XX,DJI Fly,, 1.8.0,54E6999D-4E41-3C56-C869-63925F82E9FA,1581F4XF3229R006W0A6,,,,,,,,,,
6/22/2023,8:05:36.06 PM,0m 53.1s,53.1,43.0429291375169,-77.6663471321893,41.9,41.9,35.4,604,378,7.4762,8.643392,5.816044,8.500372,4.697574,7.381902,,0.223694,-2.3,-5.8,129.3,129.3,P-GPS (Brake),Other,,24,5,True,,Mini 3 Pro,False,False,,Smart,RC,False,True,False,,,True,,False,False,False,False,False,False,False,False,False,False,0,Follow Yaw,-33.9,0,164.1,164.1,False,False,False,False,False,True,,True,Normal,100,100,695,1018,1024,1294,N,False,False,False,False,False,0,False,False,False,False,69,7.613,1566,2285,7.613,False,3.809,3.804,0.007,False,False,4.759,93,90.8,93,,,,,,,,,Idle,,,True,,False,10,Go Home,True,True,True,False,False,False,False,False,False,False,False,False,43.0428875252967,-77.6663246167718,16.3,436.3,1640.4,True,1,1,False,False,False,False,,True,False,False,,328,,16.4,Calm,48,, 1.8.0,DJI Mini 3 Pro,1581F4XF3229R006,53HFK5R0M30ACD,5HAZK6H0018AUR,52XPK6HCA105XX,101.4,0.7,39.3,9.437649,6.71082,0,4049,DJI Mini 3 Pro,1581F4XF3229R006,53HFK5R0M30ACD,5HAZK6H0018AUR,52XPK6HCA105XX,DJI Fly,, 1.8.0,54E6999D-4E41-3C56-C869-63925F82E9FA,1581F4XF3229R006W0A6,,,,,,,,,,
6/22/2023,8:05:36.26 PM,0m 53.3s,53.3,43.0429337607306,-77.6663421619602,41.9,41.9,35.4,604,380.2,7.303532,8.643392,5.59235,8.500372,4.697574,7.381902,,0.223694,-2.9,-6.5,130.5,130.5,P-GPS (Brake),Other,,24,5,True,,Mini 3 Pro,False,False,,Smart,RC,False,True,False,,,True,,False,False,False,False,False,False,False,False,False,False,0,Follow Yaw,-33.9,0,165.2,165.2,False,False,False,False,False,True,,True,Normal,100,100,697,1011,1024,1372,N,False,False,False,False,False,0,False,False,False,False,69,7.613,1566,2285,7.613,False,3.809,3.804,0.007,False,False,4.759,93,90.8,93,,,,,,,,,Idle,,,True,,False,10,Go Home,True,True,True,False,False,False,False,False,False,False,False,False,43.0428875252967,-77.6663246167718,17.5,436.3,1640.4,True,1,1,False,False,False,False,,True,False,False,,328,,16.4,Calm,48,, 1.8.0,DJI Mini 3 Pro,1581F4XF3229R006,53HFK5R0M30ACD,5HAZK6H0018AUR,52XPK6HCA105XX,101.4,0.7,39.3,9.437649,6.71082,0,4049,DJI Mini 3 Pro,1581F4XF3229R006,53HFK5R0M30ACD,5HAZK6H0018AUR,52XPK6HCA105XX,DJI Fly,, 1.8.0,54E6999D-4E41-3C56-C869-63925F82E9FA,1581F4XF3229R006W0A6,,,,,,,,,,
6/22/2023,8:05:36.46 PM,0m 53.5s,53.5,43.0429382566416,-77.6663371161605,41.9,41.9,35.4,604,382.3,7.282948,8.643392,5.368656,8.500372,4.921268,7.381902,,0.223694,-3.7,-6.2,131.7,131.7,P-GPS (Brake),Other,,24,5,True,,Mini 3 Pro,False,False,,Smart,RC,False,True,False,,,True,,False,False,False,False,False,False,False,False,False,False,0,Follow Yaw,-33.9,0,166.7,166.7,False,False,False,False,False,True,,True,Normal,100,100,699,1010,1024,1416,N,False,False,False,False,False,0,False,False,False,False,69,7.613,1566,2285,7.613,False,3.809,3.804,0.007,False,False,4.759,93,90.8,93,,,,,,,,,Idle,,,True,,False,10,Go Home,True,True,True,False,False,False,False,False,False,False,False,False,43.0428875252967,-77.6663246167718,18.8,436.3,1640.4,True,1,1,False,False,False,False,,True,False,False,,328,,16.4,Calm,48,, 1.8.0,DJI Mini 3 Pro,1581F4XF3229R006,53HFK5R0M30ACD,5HAZK6H0018AUR,52XPK6HCA105XX,101.4,0.7,39.3,9.437649,6.71082,0,4049,DJI Mini 3 Pro,1581F4XF3229R006,53HFK5R0M30ACD,5HAZK6H0018AUR,52XPK6HCA105XX,DJI Fly,, 1.8.0,54E6999D-4E41-3C56-C869-63925F82E9FA,1581F4XF3229R006W0A6,,,,,,,,,,
6/22/2023,8:05:36.66 PM,0m 53.7s,53.7,43.042942610836,-77.6663319504495,41.9,41.9,35.4,604,384.4,7.119656,8.643392,5.144962,8.500372,4.921268,7.381902,,0.223694,-4.5,-6,133.2,133.2,P-GPS (Brake),Other,,24,5,True,,Mini 3 Pro,False,False,,Smart,RC,False,True,False,,,True,,False,False,False,False,False,False,False,False,False,False,0,Follow Yaw,-33.9,0.1,168.9,168.9,False,False,False,False,False,True,,True,Normal,100,100,704,1009,1024,1445,N,False,False,False,False,False,0,False,False,False,False,69,7.618,1565,2285,7.618,False,3.811,3.807,0.007,False,False,4.619,93,90.8,93,,,,,,,,,Idle,,,True,,False,10,Go Home,True,True,True,False,False,False,False,False,False,False,False,False,43.0428875252967,-77.6663246167718,20.1,436.3,1640.4,True,1,1,False,False,False,False,,True,False,False,,328,,16.4,Calm,48,, 1.8.0,DJI Mini 3 Pro,1581F4XF3229R006,53HFK5R0M30ACD,5HAZK6H0018AUR,52XPK6HCA105XX,101.4,0.7,39.3,9.437649,6.71082,0,4049,DJI Mini 3 Pro,1581F4XF3229R006,53HFK5R0M30ACD,5HAZK6H0018AUR,52XPK6HCA105XX,DJI Fly,, 1.8.0,54E6999D-4E41-3C56-C869-63925F82E9FA,1581F4XF3229R006W0A6,,,,,,,,,,
6/22/2023,8:05:36.87 PM,0m 53.9s,53.9,43.042946749438,-77.6663266100145,41.9,41.9,35.4,604,386.5,7.119656,8.643392,4.921268,8.500372,5.144962,7.381902,,0.223694,-4.9,-5.7,135.5,135.5,P-GPS (Brake),Other,,24,5,True,,Mini 3 Pro,False,False,,Smart,RC,False,True,False,,,True,,False,False,False,False,False,False,False,False,False,False,0,Follow Yaw,-33.9,0.1,172,172,False,False,False,False,False,True,,True,Normal,100,100,714,1009,1024,1386,N,False,False,False,False,False,0,False,False,False,False,69,7.618,1565,2285,7.618,False,3.811,3.807,0.007,False,False,4.619,93,90.8,93,,,,,,,,,Idle,,,True,,False,10,Go Home,True,True,True,False,False,False,False,False,False,False,False,False,43.0428875252967,-77.6663246167718,21.6,436.3,1640.4,True,1,1,False,False,False,False,,True,False,False,,328,,16.4,Calm,48,, 1.8.0,DJI Mini 3 Pro,1581F4XF3229R006,53HFK5R0M30ACD,5HAZK6H0018AUR,52XPK6HCA105XX,101.4,0.7,39.3,9.437649,6.71082,0,4049,DJI Mini 3 Pro,1581F4XF3229R006,53HFK5R0M30ACD,5HAZK6H0018AUR,52XPK6HCA105XX,DJI Fly,, 1.8.0,54E6999D-4E41-3C56-C869-63925F82E9FA,1581F4XF3229R006W0A6,,,,,,,,,,
6/22/2023,8:05:37.07 PM,0m 54.1s,54.1,43.0429506260625,-77.6663210782335,41.9,41.9,35.4,604,388.5,6.988423,8.643392,4.47388,8.500372,5.368656,7.381902,,0.223694,-5.4,-6.4,138.5,138.5,P-GPS (Brake),Other,,24,5,True,,Mini 3 Pro,False,False,,Smart,RC,False,True,False,,,True,,False,False,False,False,False,False,False,False,False,False,0,Follow Yaw,-33.9,0.1,175.3,175.3,False,False,False,False,False,True,,True,Normal,100,100,728,1013,1024,1351,N,False,False,False,False,False,0,False,False,False,False,69,7.618,1565,2285,7.618,False,3.811,3.807,0.007,False,False,4.619,93,90.8,93,,,,,,,,,Idle,,,True,,False,10,Go Home,True,True,True,False,False,False,False,False,False,False,False,False,43.0428875252967,-77.6663246167718,23,436.3,1640.4,True,1,1,False,False,False,False,,True,False,False,,328,,16.4,Calm,48,, 1.8.0,DJI Mini 3 Pro,1581F4XF3229R006,53HFK5R0M30ACD,5HAZK6H0018AUR,52XPK6HCA105XX,101.4,0.7,39.3,9.437649,6.71082,0,4049,DJI Mini 3 Pro,1581F4XF3229R006,53HFK5R0M30ACD,5HAZK6H0018AUR,52XPK6HCA105XX,DJI Fly,, 1.8.0,54E6999D-4E41-3C56-C869-63925F82E9FA,1581F4XF3229R006W0A6,,,,,,,,,,
6/22/2023,8:05:37.27 PM,0m 54.3s,54.3,43.0429542424872,-77.6663153512475,41.9,41.9,35.4,604,390.5,7.024134,8.643392,4.250186,8.500372,5.59235,7.381902,,0.223694,-2.8,-4.9,141.8,141.8,P-GPS (Brake),Other,,24,5,True,,Mini 3 Pro,False,False,,Smart,RC,False,True,False,,,True,,False,False,False,False,False,False,False,False,False,False,0,Follow Yaw,-33.9,0.1,177.8,177.8,False,False,False,False,False,True,,True,Normal,100,100,728,1014,1024,1416,N,False,False,False,False,False,0,False,False,False,False,69,7.618,1565,2285,7.618,False,3.811,3.807,0.007,False,False,4.619,93,90.8,93,,,,,,,,,Idle,,,True,,False,10,Go Home,True,True,True,False,False,False,False,False,False,False,False,False,43.0428875252967,-77.6663246167718,24.4,436.3,1640.4,True,1,1,False,False,False,False,,True,False,False,,328,,16.4,Calm,48,, 1.8.0,DJI Mini 3 Pro,1581F4XF3229R006,53HFK5R0M30ACD,5HAZK6H0018AUR,52XPK6HCA105XX,101.4,0.7,39.3,9.437649,6.71082,0,4049,DJI Mini 3 Pro,1581F4XF3229R006,53HFK5R0M30ACD,5HAZK6H0018AUR,52XPK6HCA105XX,DJI Fly,, 1.8.0,54E6999D-4E41-3C56-C869-63925F82E9FA,1581F4XF3229R006W0A6,,,,,,,,,,
6/22/2023,8:05:37.47 PM,0m 54.5s,54.5,43.0429576363419,-77.6663095537522,41.9,41.9,35.4,604,392.5,6.891082,8.643392,4.026492,8.500372,5.59235,7.381902,,0.223694,-4.7,-4.6,144.3,144.3,P-GPS (Brake),Other,,24,5,True,,Mini 3 Pro,False,False,,Smart,RC,False,True,False,,,True,,False,False,False,False,False,False,False,False,False,False,0,Follow Yaw,-33.9,0.1,-179.7,180.3,False,False,False,False,False,True,,True,Normal,100,100,732,1014,1024,1398,N,False,False,False,False,False,0,False,False,False,False,69,7.618,1565,2285,7.618,False,3.811,3.807,0.007,False,False,4.619,93,90.8,93,,,,,,,,,Idle,,,True,,False,10,Go Home,True,True,True,False,False,False,False,False,False,False,False,False,43.0428875252967,-77.6663246167718,25.8,436.3,1640.4,True,1,1,False,False,False,False,,True,False,False,,328,,16.4,Calm,48,, 1.8.0,DJI Mini 3 Pro,1581F4XF3229R006,53HFK5R0M30ACD,5HAZK6H0018AUR,52XPK6HCA105XX,101.4,0.7,39.3,9.437649,6.71082,0,4049,DJI Mini 3 Pro,1581F4XF3229R006,53HFK5R0M30ACD,5HAZK6H0018AUR,52XPK6HCA105XX,DJI Fly,, 1.8.0,54E6999D-4E41-3C56-C869-63925F82E9FA,1581F4XF3229R006W0A6,,,,,,,,,,
6/22/2023,8:05:37.67 PM,0m 54.7s,54.7,43.0429607406639,-77.6663037030727,41.9,41.9,35.4,604,394.4,6.639605,8.643392,3.579104,8.500372,5.59235,7.381902,,0.223694,-4.3,-5.2,146.6,146.6,P-GPS (Brake),Other,,24,5,True,,Mini 3 Pro,False,False,,Smart,RC,False,True,False,,,True,,False,False,False,False,False,False,False,False,False,False,0,Follow Yaw,-33.9,0.1,-177,183,False,False,False,False,False,True,,True,Normal,100,100,734,1014,1024,1507,N,False,False,False,False,False,0,False,False,False,False,69,7.617,1564,2285,7.617,False,3.81,3.807,0.007,False,False,4.734,93.2,90.8,93.2,,,,,,,,,Idle,,,True,,False,10,Go Home,True,True,True,False,False,False,False,False,False,False,False,False,43.0428875252967,-77.6663246167718,27.2,436.3,1640.4,True,1,1,False,False,False,False,,True,False,False,,328,,16.4,Calm,48,, 1.8.0,DJI Mini 3 Pro,1581F4XF3229R006,53HFK5R0M30ACD,5HAZK6H0018AUR,52XPK6HCA105XX,101.4,0.7,39.3,9.437649,6.71082,0,4049,DJI Mini 3 Pro,1581F4XF3229R006,53HFK5R0M30ACD,5HAZK6H0018AUR,52XPK6HCA105XX,DJI Fly,, 1.8.0,54E6999D-4E41-3C56-C869-63925F82E9FA,1581F4XF3229R006W0A6,,,,,,,,,,
6/22/2023,8:05:37.77 PM,0m 54.9s,54.9,43.0429635569953,-77.6662977948428,41.9,41.9,35.4,604,396.3,6.409526,8.643392,3.131716,8.500372,5.59235,7.381902,,0.223694,-6.1,-4.5,149.5,149.5,P-GPS (Brake),Other,,24,5,True,,Mini 3 Pro,False,False,,Smart,RC,False,True,False,,,True,,False,False,False,False,False,False,False,False,False,False,0,Follow Yaw,-33.9,0.1,-173.5,186.5,False,False,False,False,False,True,,True,Normal,100,100,736,1014,1024,1369,N,False,False,False,False,False,0,False,False,False,False,69,7.617,1564,2285,7.617,False,3.81,3.807,0.007,False,False,4.734,93.2,90.8,93.2,,,,,,,,,Idle,,,True,,False,10,Go Home,True,True,True,False,False,False,False,False,False,False,False,False,43.0428875252967,-77.6663246167718,28.6,436.3,1640.4,True,1,1,False,False,False,False,,True,False,False,,328,,16.4,Calm,48,, 1.8.0,DJI Mini 3 Pro,1581F4XF3229R006,53HFK5R0M30ACD,5HAZK6H0018AUR,52XPK6HCA105XX,101.4,0.7,39.3,9.437649,6.71082,0,4049,DJI Mini 3 Pro,1581F4XF3229R006,53HFK5R0M30ACD,5HAZK6H0018AUR,52XPK6HCA105XX,DJI Fly,, 1.8.0,54E6999D-4E41-3C56-C869-63925F82E9FA,1581F4XF3229R006W0A6,,,,,,,,,,
6/22/2023,8:05:38.08 PM,0m 55.1s,55.1,43.0429660411314,-77.6662917842931,41.9,41.9,35.4,604,398.1,6.203224,8.643392,2.684328,8.500372,5.59235,7.381902,,0.223694,-5.6,-5,153,153,P-GPS (Brake),Other,,24,5,True,,Mini 3 Pro,False,False,,Smart,RC,False,True,False,,,True,,False,False,False,False,False,False,False,False,False,False,0,Follow Yaw,-33.9,0.1,-169.8,190.2,False,False,False,False,False,True,,True,Normal,100,100,735,1020,1024,1348,N,False,False,False,False,False,0,False,False,False,False,69,7.617,1564,2285,7.617,False,3.81,3.807,0.007,False,False,4.734,93.2,90.8,93.2,,,,,,,,,Idle,,,True,,False,10,Go Home,True,True,True,False,False,False,False,False,False,False,False,False,43.0428875252967,-77.6663246167718,29.9,436.3,1640.4,True,1,1,False,False,False,False,,True,False,False,,328,,16.4,Calm,48,, 1.8.0,DJI Mini 3 Pro,1581F4XF3229R006,53HFK5R0M30ACD,5HAZK6H0018AUR,52XPK6HCA105XX,101.4,0.7,39.3,9.437649,6.71082,0,4049,DJI Mini 3 Pro,1581F4XF3229R006,53HFK5R0M30ACD,5HAZK6H0018AUR,52XPK6HCA105XX,DJI Fly,, 1.8.0,54E6999D-4E41-3C56-C869-63925F82E9FA,1581F4XF3229R006W0A6,,,,,,,,,,
6/22/2023,8:05:38.28 PM,0m 55.3s,55.3,43.0429681915987,-77.6662857042124,41.9,41.9,35.4,604,399.9,6.109754,8.643392,2.460634,8.500372,5.59235,7.381902,,0.223694,-3.7,-4.9,156.6,156.6,P-GPS (Brake),Other,,24,5,True,,Mini 3 Pro,False,False,,Smart,RC,False,True,False,,,True,,False,False,False,False,False,False,False,False,False,False,0,Follow Yaw,-33.9,0.1,-167.3,192.7,False,False,False,False,False,True,,True,Normal,100,100,734,1020,1024,1350,N,False,False,False,False,False,0,False,False,False,False,69,7.617,1564,2285,7.617,False,3.81,3.807,0.007,False,False,4.734,93.2,90.8,93.2,,,,,,,,,Idle,,,True,,False,10,Go Home,True,True,True,False,False,False,False,False,False,False,False,False,43.0428875252967,-77.6663246167718,31.2,436.3,1640.4,True,1,1,False,False,False,False,,True,False,False,,328,,16.4,Calm,48,, 1.8.0,DJI Mini 3 Pro,1581F4XF3229R006,53HFK5R0M30ACD,5HAZK6H0018AUR,52XPK6HCA105XX,101.4,0.7,39.3,9.437649,6.71082,0,4049,DJI Mini 3 Pro,1581F4XF3229R006,53HFK5R0M30ACD,5HAZK6H0018AUR,52XPK6HCA105XX,DJI Fly,, 1.8.0,54E6999D-4E41-3C56-C869-63925F82E9FA,1581F4XF3229R006W0A6,,,,,,,,,,
6/22/2023,8:05:38.48 PM,0m 55.5s,55.5,43.0429700787392,-77.6662796253801,41.9,41.9,35.4,604,401.7,6.023145,8.643392,2.23694,8.500372,5.59235,7.381902,,0.223694,-4,-5.2,159.2,159.2,P-GPS (Brake),Other,,24,5,True,,Mini 3 Pro,False,False,,Smart,RC,False,True,False,,,True,,False,False,False,False,False,False,False,False,False,False,0,Follow Yaw,-33.9,0,-165.2,194.8,False,False,False,False,False,True,,True,Normal,100,100,729,1021,1024,1384,N,False,False,False,False,False,0,False,False,False,False,69,7.617,1564,2285,7.617,False,3.81,3.807,0.007,False,False,4.734,93.2,90.8,93.2,,,,,,,,,Idle,,,True,,False,10,Go Home,True,True,True,False,False,False,False,False,False,False,False,False,43.0428875252967,-77.6663246167718,32.4,436.3,1640.4,True,1,1,False,False,False,False,,True,False,False,,328,,16.4,Calm,48,, 1.8.0,DJI Mini 3 Pro,1581F4XF3229R006,53HFK5R0M30ACD,5HAZK6H0018AUR,52XPK6HCA105XX,101.4,0.7,39.3,9.437649,6.71082,0,4049,DJI Mini 3 Pro,1581F4XF3229R006,53HFK5R0M30ACD,5HAZK6H0018AUR,52XPK6HCA105XX,DJI Fly,, 1.8.0,54E6999D-4E41-3C56-C869-63925F82E9FA,1581F4XF3229R006W0A6,,,,,,,,,,
6/22/2023,8:05:38.68 PM,0m 55.7s,55.7,43.0429717170395,-77.6662735486021,41.9,41.9,35.4,604,403.4,5.871701,8.643392,1.789552,8.500372,5.59235,7.381902,,0.223694,-3.6,-5.3,161.2,161.2,P-GPS (Brake),Other,,24,5,True,,Mini 3 Pro,False,False,,Smart,RC,False,True,False,,,True,,False,False,False,False,False,False,False,False,False,False,0,Follow Yaw,-33.9,0.1,-163.1,196.9,False,False,False,False,False,True,,True,Normal,100,100,714,1024,1024,1333,N,False,False,False,False,False,0,False,False,False,False,69,7.617,1562,2285,7.617,False,3.812,3.805,0.007,False,False,4.681,93.2,90.8,93.2,,,,,,,,,Idle,,,True,,False,10,Go Home,True,True,True,False,False,False,False,False,False,False,False,False,43.0428875252967,-77.6663246167718,33.5,436.3,1640.4,True,1,1,False,False,False,False,,True,False,False,,328,,16.4,Calm,48,, 1.8.0,DJI Mini 3 Pro,1581F4XF3229R006,53HFK5R0M30ACD,5HAZK6H0018AUR,52XPK6HCA105XX,101.4,0.7,39.3,9.437649,6.71082,0,4049,DJI Mini 3 Pro,1581F4XF3229R006,53HFK5R0M30ACD,5HAZK6H0018AUR,52XPK6HCA105XX,DJI Fly,, 1.8.0,54E6999D-4E41-3C56-C869-63925F82E9FA,1581F4XF3229R006W0A6,,,,,,,,,,
6/22/2023,8:05:38.78 PM,0m 55.9s,55.9,43.0429730896572,-77.6662674928501,41.9,41.9,35.4,604,405.1,5.751154,8.643392,1.342164,8.500372,5.59235,7.381902,,0.223694,-2,-6,163.1,163.1,P-GPS (Brake),Other,,24,5,True,,Mini 3 Pro,False,False,,Smart,RC,False,True,False,,,True,,False,False,False,False,False,False,False,False,False,False,0,Follow Yaw,-33.9,0,-161,199,False,False,False,False,False,True,,True,Normal,100,100,713,1024,1024,1370,N,False,False,False,False,False,0,False,False,False,False,69,7.617,1562,2285,7.617,False,3.812,3.805,0.007,False,False,4.681,93.2,90.8,93.2,,,,,,,,,Idle,,,True,,False,10,Go Home,True,True,True,False,False,False,False,False,False,False,False,False,43.0428875252967,-77.6663246167718,34.7,436.3,1640.4,True,1,1,False,False,False,False,,True,False,False,,328,,16.4,Calm,48,, 1.8.0,DJI Mini 3 Pro,1581F4XF3229R006,53HFK5R0M30ACD,5HAZK6H0018AUR,52XPK6HCA105XX,101.4,0.7,39.3,9.437649,6.71082,0,4049,DJI Mini 3 Pro,1581F4XF3229R006,53HFK5R0M30ACD,5HAZK6H0018AUR,52XPK6HCA105XX,DJI Fly,, 1.8.0,54E6999D-4E41-3C56-C869-63925F82E9FA,1581F4XF3229R006W0A6,,,,,,,,,,
6/22/2023,8:05:38.99 PM,0m 56.1s,56.1,43.0429742637905,-77.6662614101877,41.9,41.9,35.4,604,406.8,5.7031,8.643392,1.11847,8.500372,5.59235,7.381902,,0.223694,-1.5,-6.3,165.2,165.2,P-GPS (Brake),Other,,24,5,True,,Mini 3 Pro,False,False,,Smart,RC,False,True,False,,,True,,False,False,False,False,False,False,False,False,False,False,0,Follow Yaw,-33.9,0.1,-159.1,200.9,False,False,False,False,False,True,,True,Normal,100,100,712,1024,1024,1461,N,False,False,False,False,False,0,False,False,False,False,69,7.617,1562,2285,7.617,False,3.812,3.805,0.007,False,False,4.681,93.2,90.8,93.2,,,,,,,,,Idle,,,True,,False,10,Go Home,True,True,True,False,False,False,False,False,False,False,False,False,43.0428875252967,-77.6663246167718,35.8,436.3,1640.4,True,1,1,False,False,False,False,,True,False,False,,328,,16.4,Calm,48,, 1.8.0,DJI Mini 3 Pro,1581F4XF3229R006,53HFK5R0M30ACD,5HAZK6H0018AUR,52XPK6HCA105XX,101.4,0.7,39.3,9.437649,6.71082,0,4049,DJI Mini 3 Pro,1581F4XF3229R006,53HFK5R0M30ACD,5HAZK6H0018AUR,52XPK6HCA105XX,DJI Fly,, 1.8.0,54E6999D-4E41-3C56-C869-63925F82E9FA,1581F4XF3229R006W0A6,,,,,,,,,,
6/22/2023,8:05:39.29 PM,0m 56.3s,56.3,43.0429752745117,-77.666255278865,41.9,41.9,35.4,604,408.5,5.663479,8.643392,0.894776,8.500372,5.59235,7.381902,,0.223694,-2.6,-6.1,167.2,167.2,P-GPS (Brake),Other,,24,5,True,,Mini 3 Pro,False,False,,Smart,RC,False,True,False,,,True,,False,False,False,False,False,False,False,False,False,False,0,Follow Yaw,-33.9,0.1,-156.2,203.8,False,False,False,False,False,True,,True,Normal,100,100,713,1020,1024,1456,N,False,False,False,False,False,0,False,False,False,False,69,7.617,1562,2285,7.617,False,3.812,3.805,0.007,False,False,4.681,93.2,90.8,93.2,,,,,,,,,Idle,,,True,,False,10,Go Home,True,True,True,False,False,False,False,False,False,False,False,False,43.0428875252967,-77.6663246167718,36.9,436.3,1640.4,True,1,1,False,False,False,False,,True,False,False,,328,,16.4,Calm,48,, 1.8.0,DJI Mini 3 Pro,1581F4XF3229R006,53HFK5R0M30ACD,5HAZK6H0018AUR,52XPK6HCA105XX,101.4,0.7,39.3,9.437649,6.71082,0,4049,DJI Mini 3 Pro,1581F4XF3229R006,53HFK5R0M30ACD,5HAZK6H0018AUR,52XPK6HCA105XX,DJI Fly,, 1.8.0,54E6999D-4E41-3C56-C869-63925F82E9FA,1581F4XF3229R006W0A6,,,,,,,,,,
6/22/2023,8:05:39.39 PM,0m 56.5s,56.5,43.0429760577584,-77.6662490696275,41.9,41.9,35.4,604,410.2,5.854632,8.643392,0.671082,8.500372,5.816044,7.381902,,0.223694,-3,-6.1,170.1,170.1,P-GPS (Brake),Other,,24,5,True,,Mini 3 Pro,False,False,,Smart,RC,False,True,False,,,True,,False,False,False,False,False,False,False,False,False,False,0,Follow Yaw,-33.9,0.1,-152.6,207.4,False,False,False,False,False,True,,True,Normal,100,100,715,1019,1024,1334,N,False,False,False,False,False,0,False,False,False,False,69,7.617,1562,2285,7.617,False,3.812,3.805,0.007,False,False,4.681,93.2,90.8,93.2,,,,,,,,,Idle,,,True,,False,10,Go Home,True,True,True,False,False,False,False,False,False,False,False,False,43.0428875252967,-77.6663246167718,38,436.3,1640.4,True,1,1,False,False,False,False,,True,False,False,,328,,16.4,Calm,48,, 1.8.0,DJI Mini 3 Pro,1581F4XF3229R006,53HFK5R0M30ACD,5HAZK6H0018AUR,52XPK6HCA105XX,101.4,0.7,39.3,9.437649,6.71082,0,4049,DJI Mini 3 Pro,1581F4XF3229R006,53HFK5R0M30ACD,5HAZK6H0018AUR,52XPK6HCA105XX,DJI Fly,, 1.8.0,54E6999D-4E41-3C56-C869-63925F82E9FA,1581F4XF3229R006W0A6,,,,,,,,,,
6/22/2023,8:05:39.69 PM,0m 56.7s,56.7,43.0429766464098,-77.666242818666,41.9,41.9,35.4,604,411.8,5.833225,8.643392,0.447388,8.500372,5.816044,7.381902,,0.223694,-2.1,-6.6,173.8,173.8,P-GPS (Brake),Other,,24,5,True,,Mini 3 Pro,False,False,,Smart,RC,False,True,False,,,True,,False,False,False,False,False,False,False,False,False,False,0,Follow Yaw,-33.9,0.1,-149.6,210.4,False,False,False,False,False,True,,True,Normal,100,100,723,1020,1024,1309,N,False,False,False,False,False,0,False,False,False,False,69,7.609,1561,2285,7.609,False,3.812,3.805,0.007,False,False,4.731,93.2,90.8,93.2,,,,,,,,,Idle,,,True,,False,10,Go Home,True,True,True,False,False,False,False,False,False,False,False,False,43.0428875252967,-77.6663246167718,39.1,436.3,1640.4,True,1,1,False,False,False,False,,True,False,False,,328,,16.4,Calm,48,, 1.8.0,DJI Mini 3 Pro,1581F4XF3229R006,53HFK5R0M30ACD,5HAZK6H0018AUR,52XPK6HCA105XX,101.4,0.7,39.3,9.437649,6.71082,0,4049,DJI Mini 3 Pro,1581F4XF3229R006,53HFK5R0M30ACD,5HAZK6H0018AUR,52XPK6HCA105XX,DJI Fly,, 1.8.0,54E6999D-4E41-3C56-C869-63925F82E9FA,1581F4XF3229R006W0A6,,,,,,,,,,
6/22/2023,8:05:39.79 PM,0m 56.9s,56.9,43.042977095388,-77.6662365459021,41.9,41.9,35.4,604,413.5,5.820344,8.643392,0.223694,8.500372,5.816044,7.381902,,0.223694,-2.6,-6.3,176.9,176.9,P-GPS (Brake),Other,,24,5,True,,Mini 3 Pro,False,False,,Smart,RC,False,True,False,,,True,,False,False,False,False,False,False,False,False,False,False,0,Follow Yaw,-33.9,0,-147.6,212.4,False,False,False,False,False,True,,True,Normal,100,100,722,1023,1024,1310,N,False,False,False,False,False,0,False,False,False,False,69,7.608,1561,2285,7.608,False,3.807,3.801,0.007,False,False,4.731,93.2,90.8,93.2,,,,,,,,,Idle,,,True,,False,10,Go Home,True,True,True,False,False,False,False,False,False,False,False,False,43.0428875252967,-77.6663246167718,40.2,436.3,1640.4,True,1,1,False,False,False,False,,True,False,False,,328,,16.4,Calm,48,, 1.8.0,DJI Mini 3 Pro,1581F4XF3229R006,53HFK5R0M30ACD,5HAZK6H0018AUR,52XPK6HCA105XX,101.4,0.7,39.3,9.437649,6.71082,0,4049,DJI Mini 3 Pro,1581F4XF3229R006,53HFK5R0M30ACD,5HAZK6H0018AUR,52XPK6HCA105XX,DJI Fly,, 1.8.0,54E6999D-4E41-3C56-C869-63925F82E9FA,1581F4XF3229R006W0A6,,,,,,,,,,
6/22/2023,8:05:40.10 PM,0m 57.1s,57.1,43.0429773557077,-77.6662302596873,41.9,41.9,35.4,604,415.2,5.816044,8.643392,,8.500372,5.816044,7.381902,,0.223694,-1.2,-6,178.7,178.7,P-GPS (Brake),Other,,24,5,True,,Mini 3 Pro,False,False,,Smart,RC,False,True,False,,,True,,False,False,False,False,False,False,False,False,False,False,0,Follow Yaw,-33.9,0,-146,214,False,False,False,False,False,True,,True,Normal,100,100,704,1024,1024,1301,N,False,False,False,False,False,0,False,False,False,False,69,7.608,1561,2285,7.608,False,3.807,3.801,0.007,False,False,4.731,93.2,90.8,93.2,,,,,,,,,Idle,,,True,,False,10,Go Home,True,True,True,False,False,False,False,False,False,False,False,False,43.0428875252967,-77.6663246167718,41.3,436.3,1640.4,True,1,1,False,False,False,False,,True,False,False,,328,,16.4,Calm,48,, 1.8.0,DJI Mini 3 Pro,1581F4XF3229R006,53HFK5R0M30ACD,5HAZK6H0018AUR,52XPK6HCA105XX,101.4,0.7,39.3,9.437649,6.71082,0,4049,DJI Mini 3 Pro,1581F4XF3229R006,53HFK5R0M30ACD,5HAZK6H0018AUR,52XPK6HCA105XX,DJI Fly,, 1.8.0,54E6999D-4E41-3C56-C869-63925F82E9FA,1581F4XF3229R006W0A6,,,,,,,,,,
6/22/2023,8:05:40.20 PM,0m 57.3s,57.3,43.0429774829163,-77.6662240333475,41.9,41.9,35.4,604,416.9,5.59235,8.643392,,8.500372,5.59235,7.381902,,0.223694,-0.9,-7.1,-179.8,180.2,P-GPS (Brake),Other,,24,5,True,,Mini 3 Pro,False,False,,Smart,RC,False,True,False,,,True,,False,False,False,False,False,False,False,False,False,False,0,Follow Yaw,-33.9,0,-144.6,215.4,False,False,False,False,False,True,,True,Normal,100,100,682,1022,1024,1300,N,False,False,False,False,False,0,False,False,False,False,69,7.608,1561,2285,7.608,False,3.807,3.801,0.007,False,False,4.731,93.2,90.8,93.2,,,,,,,,,Idle,,,True,,False,10,Go Home,True,True,True,False,False,False,False,False,False,False,False,False,43.0428875252967,-77.6663246167718,42.3,436.3,1640.4,True,1,1,False,False,False,False,,True,False,False,,328,,16.4,Calm,48,, 1.8.0,DJI Mini 3 Pro,1581F4XF3229R006,53HFK5R0M30ACD,5HAZK6H0018AUR,52XPK6HCA105XX,101.4,0.7,39.3,9.437649,6.71082,0,4049,DJI Mini 3 Pro,1581F4XF3229R006,53HFK5R0M30ACD,5HAZK6H0018AUR,52XPK6HCA105XX,DJI Fly,, 1.8.0,54E6999D-4E41-3C56-C869-63925F82E9FA,1581F4XF3229R006W0A6,,,,,,,,,,
6/22/2023,8:05:40.50 PM,0m 57.5s,57.5,43.0429774603599,-77.6662178299416,41.9,41.9,35.4,604,418.5,5.596822,8.643392,-0.223694,8.500372,5.59235,7.381902,,0.223694,-0.8,-7.4,-178.3,181.7,P-GPS (Brake),Other,,24,5,True,,Mini 3 Pro,False,False,,Smart,RC,False,True,False,,,True,,False,False,False,False,False,False,False,False,False,False,0,Follow Yaw,-33.9,0,-143.3,216.7,False,False,False,False,False,True,,True,Normal,100,100,679,1021,1024,1299,N,False,False,False,False,False,0,False,False,False,False,69,7.608,1561,2285,7.608,False,3.807,3.801,0.007,False,False,4.731,93.2,90.8,93.2,,,,,,,,,Idle,,,True,,False,10,Go Home,True,True,True,False,False,False,False,False,False,False,False,False,43.0428875252967,-77.6663246167718,43.4,436.3,1640.4,True,1,1,False,False,False,False,,True,False,False,,328,,16.4,Calm,48,, 1.8.0,DJI Mini 3 Pro,1581F4XF3229R006,53HFK5R0M30ACD,5HAZK6H0018AUR,52XPK6HCA105XX,101.4,0.7,39.3,9.437649,6.71082,0,4049,DJI Mini 3 Pro,1581F4XF3229R006,53HFK5R0M30ACD,5HAZK6H0018AUR,52XPK6HCA105XX,DJI Fly,, 1.8.0,54E6999D-4E41-3C56-C869-63925F82E9FA,1581F4XF3229R006W0A6,,,,,,,,,,
6/22/2023,8:05:40.60 PM,0m 57.7s,57.7,43.0429772985414,-77.6662116071301,41.9,41.9,35.4,604,420.2,5.596822,8.643392,-0.223694,8.500372,5.59235,7.381902,,0.223694,-0.5,-9,-177,183,P-GPS (Brake),Other,,24,5,True,,Mini 3 Pro,False,False,,Smart,RC,False,True,False,,,True,,False,False,False,False,False,False,False,False,False,False,0,Follow Yaw,-33.9,0,-142,218,False,False,False,False,False,True,,True,Normal,100,100,665,1020,1024,1283,N,False,False,False,False,False,0,False,False,False,False,69,7.608,1561,2285,7.608,False,3.807,3.801,0.007,False,False,4.731,93.2,90.8,93.2,,,,,,,,,Idle,,,True,,False,10,Go Home,True,True,True,False,False,False,False,False,False,False,False,False,43.0428875252967,-77.6663246167718,44.5,436.3,1640.4,True,1,1,False,False,False,False,,True,False,False,,328,,16.4,Calm,48,, 1.8.0,DJI Mini 3 Pro,1581F4XF3229R006,53HFK5R0M30ACD,5HAZK6H0018AUR,52XPK6HCA105XX,101.4,0.7,39.3,9.437649,6.71082,0,4049,DJI Mini 3 Pro,1581F4XF3229R006,53HFK5R0M30ACD,5HAZK6H0018AUR,52XPK6HCA105XX,DJI Fly,, 1.8.0,54E6999D-4E41-3C56-C869-63925F82E9FA,1581F4XF3229R006W0A6,,,,,,,,,,
6/22/2023,8:05:40.80 PM,0m 57.9s,57.9,43.0429770343923,-77.6662052970614,41.9,41.9,35.4,604,421.9,5.833225,8.643392,-0.447388,8.500372,5.816044,7.381902,,0.223694,-1.1,-8.7,-175.6,184.4,P-GPS (Brake),Other,,24,5,True,,Mini 3 Pro,False,False,,Smart,RC,False,True,False,,,True,,False,False,False,False,False,False,False,False,False,False,0,Follow Yaw,-33.9,0,-140.7,219.3,False,False,False,False,False,True,,True,Normal,100,100,654,1019,1024,1283,N,False,False,False,False,False,0,False,False,False,False,69,7.608,1560,2285,7.608,False,3.807,3.801,0.007,False,False,4.794,93.4,90.8,93.3,,,,,,,,,Idle,,,True,,False,10,Go Home,True,True,True,False,False,False,False,False,False,False,False,False,43.0428875252967,-77.6663246167718,45.5,436.3,1640.4,True,1,1,False,False,False,False,,True,False,False,,328,,16.4,Calm,48,, 1.8.0,DJI Mini 3 Pro,1581F4XF3229R006,53HFK5R0M30ACD,5HAZK6H0018AUR,52XPK6HCA105XX,101.4,0.7,39.3,9.437649,6.71082,0,4049,DJI Mini 3 Pro,1581F4XF3229R006,53HFK5R0M30ACD,5HAZK6H0018AUR,52XPK6HCA105XX,DJI Fly,, 1.8.0,54E6999D-4E41-3C56-C869-63925F82E9FA,1581F4XF3229R006W0A6,,,,,,,,,,
6/22/2023,8:05:41.01 PM,0m 58.1s,58.1,43.042976609504,-77.6661988733028,41.9,41.9,35.4,604,423.6,5.854632,8.643392,-0.671082,8.500372,5.816044,7.381902,,0.223694,0,-9.3,-174.5,185.5,P-GPS (Brake),Other,,24,5,True,,Mini 3 Pro,False,False,,Smart,RC,False,True,False,,,True,,False,False,False,False,False,False,False,False,False,False,0,Follow Yaw,-33.9,0,-139.6,220.4,False,False,False,False,False,True,,True,Normal,100,100,629,1010,1024,1286,N,False,False,False,False,False,0,False,False,False,False,69,7.608,1560,2285,7.608,False,3.807,3.801,0.007,False,False,4.794,93.4,90.8,93.3,,,,,,,,,Idle,,,True,,False,10,Go Home,True,True,True,False,False,False,False,False,False,False,False,False,43.0428875252967,-77.6663246167718,46.6,436.3,1640.4,True,1,1,False,False,False,False,,True,False,False,,328,,16.4,Calm,48,, 1.8.0,DJI Mini 3 Pro,1581F4XF3229R006,53HFK5R0M30ACD,5HAZK6H0018AUR,52XPK6HCA105XX,101.4,0.7,39.3,9.437649,6.71082,0,4049,DJI Mini 3 Pro,1581F4XF3229R006,53HFK5R0M30ACD,5HAZK6H0018AUR,52XPK6HCA105XX,DJI Fly,, 1.8.0,54E6999D-4E41-3C56-C869-63925F82E9FA,1581F4XF3229R006W0A6,,,,,,,,,,
6/22/2023,8:05:41.31 PM,0m 58.3s,58.3,43.0429760292394,-77.6661922722867,41.9,41.9,35.4,604,425.3,6.105657,8.643392,-0.894776,8.500372,6.039738,7.381902,,0.223694,1.2,-10.6,-173.6,186.4,P-GPS (Brake),Other,,24,5,True,,Mini 3 Pro,False,False,,Smart,RC,False,True,False,,,True,,False,False,False,False,False,False,False,False,False,False,0,Follow Yaw,-33.9,0,-138.5,221.5,False,False,False,False,False,True,,True,Normal,100,100,623,1003,1024,1287,N,False,False,False,False,False,0,False,False,False,False,69,7.608,1560,2285,7.608,False,3.807,3.801,0.007,False,False,4.794,93.4,90.8,93.3,,,,,,,,,Idle,,,True,,False,10,Go Home,True,True,True,False,False,False,False,False,False,False,False,False,43.0428875252967,-77.6663246167718,47.8,436.3,1640.4,True,1,1,False,False,False,False,,True,False,False,,328,,16.4,Calm,48,, 1.8.0,DJI Mini 3 Pro,1581F4XF3229R006,53HFK5R0M30ACD,5HAZK6H0018AUR,52XPK6HCA105XX,101.4,0.7,39.3,9.437649,6.71082,0,4049,DJI Mini 3 Pro,1581F4XF3229R006,53HFK5R0M30ACD,5HAZK6H0018AUR,52XPK6HCA105XX,DJI Fly,, 1.8.0,54E6999D-4E41-3C56-C869-63925F82E9FA,1581F4XF3229R006W0A6,,,,,,,,,,
6/22/2023,8:05:41.41 PM,0m 58.5s,58.5,43.0429753977625,-77.6661854278083,41.9,41.9,35.4,604,427.2,6.327021,8.643392,-0.894776,8.500372,6.263432,7.381902,,0.223694,-0.4,-11.7,-172.1,187.9,P-GPS (Brake),Other,,24,5,True,,Mini 3 Pro,False,False,,Smart,RC,False,True,False,,,True,,False,False,False,False,False,False,False,False,False,False,0,Follow Yaw,-33.9,0,-137.3,222.7,False,False,False,False,False,True,,True,Normal,100,100,616,1004,1024,1294,N,False,False,False,False,False,0,False,False,False,False,69,7.608,1560,2285,7.608,False,3.807,3.801,0.007,False,False,4.794,93.4,90.8,93.3,,,,,,,,,Idle,,,True,,False,10,Go Home,True,True,True,False,False,False,False,False,False,False,False,False,43.0428875252967,-77.6663246167718,49,436.3,1640.4,True,1,1,False,False,False,False,,True,False,False,,328,,16.4,Calm,48,, 1.8.0,DJI Mini 3 Pro,1581F4XF3229R006,53HFK5R0M30ACD,5HAZK6H0018AUR,52XPK6HCA105XX,101.4,0.7,39.3,9.437649,6.71082,0,4049,DJI Mini 3 Pro,1581F4XF3229R006,53HFK5R0M30ACD,5HAZK6H0018AUR,52XPK6HCA105XX,DJI Fly,, 1.8.0,54E6999D-4E41-3C56-C869-63925F82E9FA,1581F4XF3229R006W0A6,,,,,,,,,,
6/22/2023,8:05:41.61 PM,0m 58.7s,58.7,43.0429746390512,-77.6661782645315,41.9,41.9,35.4,604,429.1,6.803387,8.643392,-1.11847,8.500372,6.71082,7.381902,,0.223694,0.1,-12,-171.1,188.9,P-GPS (Brake),Other,,24,5,True,,Mini 3 Pro,False,False,,Smart,RC,False,True,False,,,True,,False,False,False,False,False,False,False,False,False,False,0,Follow Yaw,-33.9,0,-136.2,223.8,False,False,False,False,False,True,,True,Normal,100,100,615,1006,1024,1295,N,False,False,False,False,False,0,False,False,False,False,69,7.608,1560,2285,7.608,False,3.807,3.801,0.007,False,False,4.794,93.4,90.8,93.3,,,,,,,,,Idle,,,True,,False,10,Go Home,True,True,True,False,False,False,False,False,False,False,False,False,43.0428875252967,-77.6663246167718,50.3,436.3,1640.4,True,1,1,False,False,False,False,,True,False,False,,328,,16.4,Calm,48,, 1.8.0,DJI Mini 3 Pro,1581F4XF3229R006,53HFK5R0M30ACD,5HAZK6H0018AUR,52XPK6HCA105XX,101.4,0.7,39.3,9.437649,6.71082,0,4049,DJI Mini 3 Pro,1581F4XF3229R006,53HFK5R0M30ACD,5HAZK6H0018AUR,52XPK6HCA105XX,DJI Fly,, 1.8.0,54E6999D-4E41-3C56-C869-63925F82E9FA,1581F4XF3229R006W0A6,,,,,,,,,,
6/22/2023,8:05:41.81 PM,0m 58.9s,58.9,43.042973749833,-77.6661707733835,41.9,41.9,35.4,604,431.1,7.063206,8.643392,-1.342164,8.500372,6.934514,7.381902,,0.223694,-0.4,-12.1,-169.9,190.1,P-GPS (Brake),Other,,24,5,True,,Mini 3 Pro,False,False,,Smart,RC,False,True,False,,,True,,False,False,False,False,False,False,False,False,False,False,0,Follow Yaw,-33.9,0,-134.9,225.1,False,False,False,False,False,True,,True,Normal,100,100,602,1013,1024,1295,N,False,False,False,False,False,0,False,False,False,False,69,7.6,1558,2285,7.6,False,3.804,3.796,0.008,False,False,4.785,93.4,90.8,93.3,,,,,,,,,Idle,,,True,,False,10,Go Home,True,True,True,False,False,False,False,False,False,False,False,False,43.0428875252967,-77.6663246167718,51.6,436.3,1640.4,True,1,1,False,False,False,False,,True,False,False,,328,,16.4,Calm,48,, 1.8.0,DJI Mini 3 Pro,1581F4XF3229R006,53HFK5R0M30ACD,5HAZK6H0018AUR,52XPK6HCA105XX,101.4,0.7,39.3,9.437649,6.71082,0,4049,DJI Mini 3 Pro,1581F4XF3229R006,53HFK5R0M30ACD,5HAZK6H0018AUR,52XPK6HCA105XX,DJI Fly,, 1.8.0,54E6999D-4E41-3C56-C869-63925F82E9FA,1581F4XF3229R006W0A6,,,,,,,,,,
6/22/2023,8:05:42.02 PM,0m 59.1s,59.1,43.042972680729,-77.6661629066918,41.9,41.9,35.4,604,433.3,7.327472,8.643392,-1.565858,8.500372,7.158208,7.381902,,0.223694,-1.1,-11.1,-168.5,191.5,P-GPS (Brake),Other,,24,5,True,,Mini 3 Pro,False,False,,Smart,RC,False,True,False,,,True,,False,False,False,False,False,False,False,False,False,False,0,Follow Yaw,-33.9,0,-133.7,226.3,False,False,False,False,False,True,,True,Normal,100,100,602,1012,1024,1298,N,False,False,False,False,False,0,False,False,False,False,69,7.6,1558,2285,7.6,False,3.804,3.796,0.008,False,False,4.785,93.4,90.8,93.3,,,,,,,,,Idle,,,True,,False,10,Go Home,True,True,True,False,False,False,False,False,False,False,False,False,43.0428875252967,-77.6663246167718,53.1,436.3,1640.4,True,1,1,False,False,False,False,,True,False,False,,328,,16.4,Calm,48,, 1.8.0,DJI Mini 3 Pro,1581F4XF3229R006,53HFK5R0M30ACD,5HAZK6H0018AUR,52XPK6HCA105XX,101.4,0.7,39.3,9.437649,6.71082,0,4049,DJI Mini 3 Pro,1581F4XF3229R006,53HFK5R0M30ACD,5HAZK6H0018AUR,52XPK6HCA105XX,DJI Fly,, 1.8.0,54E6999D-4E41-3C56-C869-63925F82E9FA,1581F4XF3229R006W0A6,,,,,,,,,,
6/22/2023,8:05:42.22 PM,0m 59.3s,59.3,43.0429714159931,-77.6661547712656,41.9,41.9,35.4,604,435.5,7.59572,8.643392,-1.789552,8.500372,7.381902,7.381902,,0.223694,0,-13.8,-167.4,192.6,P-GPS (Brake),Other,,24,5,True,,Mini 3 Pro,False,False,,Smart,RC,False,True,False,,,True,,False,False,False,False,False,False,False,False,False,False,0,Follow Yaw,-33.9,0,-132.4,227.6,False,False,False,False,False,True,,True,Normal,100,100,602,1008,1024,1298,N,False,False,False,False,False,0,False,False,False,False,69,7.6,1558,2285,7.6,False,3.804,3.796,0.008,False,False,4.785,93.4,90.8,93.3,,,,,,,,,Idle,,,True,,False,10,Go Home,True,True,True,False,False,False,False,False,False,False,False,False,43.0428875252967,-77.6663246167718,54.6,436.3,1640.4,True,1,1,False,False,False,False,,True,False,False,,328,,16.4,Calm,48,, 1.8.0,DJI Mini 3 Pro,1581F4XF3229R006,53HFK5R0M30ACD,5HAZK6H0018AUR,52XPK6HCA105XX,101.4,0.7,39.3,9.437649,6.71082,0,4049,DJI Mini 3 Pro,1581F4XF3229R006,53HFK5R0M30ACD,5HAZK6H0018AUR,52XPK6HCA105XX,DJI Fly,, 1.8.0,54E6999D-4E41-3C56-C869-63925F82E9FA,1581F4XF3229R006W0A6,,,,,,,,,,
6/22/2023,8:05:42.42 PM,0m 59.5s,59.5,43.0429700080973,-77.66614639832,41.9,41.9,35.4,604,437.8,7.867544,8.643392,-2.013246,8.500372,7.605596,7.605596,,0.223694,-1.8,-12.2,-166,194,P-GPS (Brake),Other,,24,5,True,,Mini 3 Pro,False,False,,Smart,RC,False,True,False,,,True,,False,False,False,False,False,False,False,False,False,False,0,Follow Yaw,-33.9,0,-131.2,228.8,False,False,False,False,False,True,,True,Normal,100,100,602,1007,1024,1305,N,False,False,False,False,False,0,False,False,False,False,69,7.6,1558,2285,7.6,False,3.804,3.796,0.008,False,False,4.785,93.4,90.8,93.3,,,,,,,,,Idle,,,True,,False,10,Go Home,True,True,True,False,False,False,False,False,False,False,False,False,43.0428875252967,-77.6663246167718,56.2,436.3,1640.4,True,1,1,False,False,False,False,,True,False,False,,328,,16.4,Calm,48,, 1.8.0,DJI Mini 3 Pro,1581F4XF3229R006,53HFK5R0M30ACD,5HAZK6H0018AUR,52XPK6HCA105XX,101.4,0.7,39.3,9.437649,6.71082,0,4049,DJI Mini 3 Pro,1581F4XF3229R006,53HFK5R0M30ACD,5HAZK6H0018AUR,52XPK6HCA105XX,DJI Fly,, 1.8.0,54E6999D-4E41-3C56-C869-63925F82E9FA,1581F4XF3229R006W0A6,,,,,,,,,,
6/22/2023,8:05:42.62 PM,0m 59.7s,59.7,43.0429683207005,-77.6661377539556,41.9,41.9,35.4,604,440.2,8.142584,8.643392,-2.23694,8.500372,7.82929,7.82929,,0.223694,0.6,-12.7,-165,195,P-GPS (Brake),Other,,24,5,True,,Mini 3 Pro,False,False,,Smart,RC,False,True,False,,,True,,False,False,False,False,False,False,False,False,False,False,0,Follow Yaw,-33.9,0,-129.9,230.1,False,False,False,False,False,True,,True,Normal,100,100,602,1001,1024,1460,N,False,False,False,False,False,0,False,False,False,False,69,7.6,1558,2285,7.6,False,3.804,3.796,0.008,False,False,4.785,93.4,90.8,93.3,,,,,,,,,Idle,,,True,,False,10,Go Home,True,True,True,False,False,False,False,False,False,False,False,False,43.0428875252967,-77.6663246167718,57.8,436.3,1640.4,True,1,1,False,False,False,False,,True,False,False,,328,,16.4,Calm,48,, 1.8.0,DJI Mini 3 Pro,1581F4XF3229R006,53HFK5R0M30ACD,5HAZK6H0018AUR,52XPK6HCA105XX,101.4,0.7,39.3,9.437649,6.71082,0,4049,DJI Mini 3 Pro,1581F4XF3229R006,53HFK5R0M30ACD,5HAZK6H0018AUR,52XPK6HCA105XX,DJI Fly,, 1.8.0,54E6999D-4E41-3C56-C869-63925F82E9FA,1581F4XF3229R006W0A6,,,,,,,,,,
6/22/2023,8:05:42.82 PM,0m 59.9s,59.9,43.0429664125285,-77.6661288921279,41.9,41.9,35.4,604,442.6,8.48859,8.643392,-2.684328,8.500372,8.052984,8.052984,,0.223694,-2.1,-12,-163.5,196.5,P-GPS (Brake),Other,,24,5,True,,Mini 3 Pro,False,False,,Smart,RC,False,True,False,,,True,,False,False,False,False,False,False,False,False,False,False,0,Follow Yaw,-33.9,0.1,-127.8,232.2,False,False,False,False,False,True,,True,Normal,100,100,602,1002,1024,1464,N,False,False,False,False,False,0,False,False,False,False,69,7.609,1557,2285,7.609,False,3.807,3.802,0.008,False,False,4.733,93.4,90.8,93.3,,,,,,,,,Idle,,,True,,False,10,Go Home,True,True,True,False,False,False,False,False,False,False,False,False,43.0428875252967,-77.6663246167718,59.5,436.3,1640.4,True,1,1,False,False,False,False,,True,False,False,,328,,16.4,Calm,48,, 1.8.0,DJI Mini 3 Pro,1581F4XF3229R006,53HFK5R0M30ACD,5HAZK6H0018AUR,52XPK6HCA105XX,101.4,0.7,39.3,9.437649,6.71082,0,4049,DJI Mini 3 Pro,1581F4XF3229R006,53HFK5R0M30ACD,5HAZK6H0018AUR,52XPK6HCA105XX,DJI Fly,, 1.8.0,54E6999D-4E41-3C56-C869-63925F82E9FA,1581F4XF3229R006W0A6,,,,,,,,,,
6/22/2023,8:05:43.03 PM,1m 0.1s,60.1,43.0429641483367,-77.6661198516127,41.9,41.9,35.4,604,445.2,8.849352,8.849352,-3.131716,8.500372,8.276678,8.276678,,0.223694,-3.6,-10.6,-161.2,198.8,P-GPS (Brake),Other,,24,5,True,,Mini 3 Pro,False,False,,Smart,RC,False,True,False,,,True,,False,False,False,False,False,False,False,False,False,False,0,Follow Yaw,-33.9,0.1,-124.5,235.5,False,False,False,False,False,True,,True,Normal,100,100,603,1001,1024,1447,N,False,False,False,False,False,0,False,False,False,False,69,7.609,1557,2285,7.609,False,3.807,3.802,0.008,False,False,4.733,93.4,90.8,93.3,,,,,,,,,Idle,,,True,,False,10,Go Home,True,True,True,False,False,False,False,False,False,False,False,False,43.0428875252967,-77.6663246167718,61.3,436.3,1640.4,True,1,1,False,False,False,False,,True,False,False,,328,,16.4,Calm,48,, 1.8.0,DJI Mini 3 Pro,1581F4XF3229R006,53HFK5R0M30ACD,5HAZK6H0018AUR,52XPK6HCA105XX,101.4,0.7,39.3,9.437649,6.71082,0,4049,DJI Mini 3 Pro,1581F4XF3229R006,53HFK5R0M30ACD,5HAZK6H0018AUR,52XPK6HCA105XX,DJI Fly,, 1.8.0,54E6999D-4E41-3C56-C869-63925F82E9FA,1581F4XF3229R006W0A6,,,,,,,,,,
6/22/2023,8:05:43.23 PM,1m 0.3s,60.3,43.0429615243217,-77.6661108400153,41.9,41.9,35.4,604,447.8,8.812521,8.849352,-3.579104,8.500372,8.052984,8.276678,,0.223694,-2.6,-12.1,-157.9,202.1,P-GPS (Brake),Other,,24,5,True,,Mini 3 Pro,False,False,,Smart,RC,False,True,False,,,True,,False,False,False,False,False,False,False,False,False,False,0,Follow Yaw,-33.9,0.1,-120.9,239.1,False,False,False,False,False,True,,True,Normal,100,100,605,1002,1024,1412,N,False,False,False,False,False,0,False,False,False,False,69,7.609,1557,2285,7.609,False,3.807,3.802,0.008,False,False,4.733,93.4,90.8,93.3,,,,,,,,,Idle,,,True,,False,10,Go Home,True,True,True,False,False,False,False,False,False,False,False,False,43.0428875252967,-77.6663246167718,63,436.3,1640.4,True,1,1,False,False,False,False,,True,False,False,,328,,16.4,Calm,48,, 1.8.0,DJI Mini 3 Pro,1581F4XF3229R006,53HFK5R0M30ACD,5HAZK6H0018AUR,52XPK6HCA105XX,101.4,0.7,39.3,9.437649,6.71082,0,4049,DJI Mini 3 Pro,1581F4XF3229R006,53HFK5R0M30ACD,5HAZK6H0018AUR,52XPK6HCA105XX,DJI Fly,, 1.8.0,54E6999D-4E41-3C56-C869-63925F82E9FA,1581F4XF3229R006W0A6,,,,,,,,,,
6/22/2023,8:05:43.43 PM,1m 0.5s,60.5,43.0429585956708,-77.6661018426482,41.9,41.9,35.4,604,450.4,9.204131,9.204131,-4.026492,8.500372,8.276678,8.276678,,0.223694,-3.9,-11.3,-154.1,205.9,P-GPS (Brake),Other,,24,5,True,,Mini 3 Pro,False,False,,Smart,RC,False,True,False,,,True,,False,False,False,False,False,False,False,False,False,False,0,Follow Yaw,-33.9,0.1,-117.8,242.2,False,False,False,False,False,True,,True,Normal,100,100,645,1002,1024,1304,N,False,False,False,False,False,0,False,False,False,False,69,7.609,1557,2285,7.609,False,3.807,3.802,0.008,False,False,4.733,93.4,90.8,93.3,,,,,,,,,Idle,,,True,,False,10,Go Home,True,True,True,False,False,False,False,False,False,False,False,False,43.0428875252967,-77.6663246167718,64.8,436.3,1640.4,True,1,1,False,False,False,False,,True,False,False,,328,,16.4,Calm,48,, 1.8.0,DJI Mini 3 Pro,1581F4XF3229R006,53HFK5R0M30ACD,5HAZK6H0018AUR,52XPK6HCA105XX,101.4,0.7,39.3,9.437649,6.71082,0,4049,DJI Mini 3 Pro,1581F4XF3229R006,53HFK5R0M30ACD,5HAZK6H0018AUR,52XPK6HCA105XX,DJI Fly,, 1.8.0,54E6999D-4E41-3C56-C869-63925F82E9FA,1581F4XF3229R006W0A6,,,,,,,,,,
6/22/2023,8:05:43.63 PM,1m 0.7s,60.7,43.0429552841004,-77.6660928401235,41.9,41.9,35.4,604,453.1,9.322969,9.322969,-4.697574,8.500372,8.052984,8.276678,,0.223694,-1.9,-11.6,-151.2,208.8,P-GPS (Brake),Other,,24,5,True,,Mini 3 Pro,False,False,,Smart,RC,False,True,False,,,True,,False,False,False,False,False,False,False,False,False,False,0,Follow Yaw,-33.9,0,-115.4,244.6,False,False,False,False,False,True,,True,Normal,100,100,696,1014,1024,1287,N,False,False,False,False,False,0,False,False,False,False,69,7.609,1557,2285,7.609,False,3.807,3.802,0.008,False,False,4.733,93.4,90.8,93.3,,,,,,,,,Idle,,,True,,False,10,Go Home,True,True,True,False,False,False,False,False,False,False,False,False,43.0428875252967,-77.6663246167718,66.5,436.3,1640.4,True,1,1,False,False,False,False,,True,False,False,,328,,16.4,Calm,48,, 1.8.0,DJI Mini 3 Pro,1581F4XF3229R006,53HFK5R0M30ACD,5HAZK6H0018AUR,52XPK6HCA105XX,101.4,0.7,39.3,9.437649,6.71082,0,4049,DJI Mini 3 Pro,1581F4XF3229R006,53HFK5R0M30ACD,5HAZK6H0018AUR,52XPK6HCA105XX,DJI Fly,, 1.8.0,54E6999D-4E41-3C56-C869-63925F82E9FA,1581F4XF3229R006W0A6,,,,,,,,,,
6/22/2023,8:05:43.83 PM,1m 0.9s,60.9,43.0429516120557,-77.6660838822823,41.9,41.9,35.4,604,455.8,9.43766,9.43766,-4.921268,8.500372,8.052984,8.276678,,0.223694,-0.7,-7.9,-149.1,210.9,P-GPS (Brake),Other,,24,5,True,,Mini 3 Pro,False,False,,Smart,RC,False,True,False,,,True,,False,False,False,False,False,False,False,False,False,False,0,Follow Yaw,-33.9,0,-113.8,246.2,False,False,False,False,False,True,,True,Normal,100,100,696,1014,1024,1373,N,False,False,False,False,False,0,False,False,False,False,69,7.606,1556,2285,7.606,False,3.806,3.8,0.008,False,False,4.882,93.4,90.8,93.3,,,,,,,,,Idle,,,True,,False,10,Go Home,True,True,True,False,False,False,False,False,False,False,False,False,43.0428875252967,-77.6663246167718,68.3,436.3,1640.4,True,1,1,False,False,False,False,,True,False,False,,328,,16.4,Calm,48,, 1.8.0,DJI Mini 3 Pro,1581F4XF3229R006,53HFK5R0M30ACD,5HAZK6H0018AUR,52XPK6HCA105XX,101.4,0.7,39.3,9.437649,6.71082,0,4049,DJI Mini 3 Pro,1581F4XF3229R006,53HFK5R0M30ACD,5HAZK6H0018AUR,52XPK6HCA105XX,DJI Fly,, 1.8.0,54E6999D-4E41-3C56-C869-63925F82E9FA,1581F4XF3229R006W0A6,,,,,,,,,,
6/22/2023,8:05:44.04 PM,1m 1.1s,61.1,43.0429477126177,-77.6660751193751,41.9,41.9,35.4,604,458.6,9.368479,9.43766,-5.144962,8.500372,7.82929,8.276678,,0.223694,-0.6,-5,-147.6,212.4,P-GPS (Brake),Other,,24,5,True,,Mini 3 Pro,False,False,,Smart,RC,False,True,False,,,True,,False,False,False,False,False,False,False,False,False,False,0,Follow Yaw,-33.9,0,-112.3,247.7,False,False,False,False,False,True,,True,Normal,100,100,691,1016,1024,1411,N,False,False,False,False,False,0,False,False,False,False,69,7.606,1556,2285,7.606,False,3.806,3.8,0.008,False,False,4.882,93.4,90.8,93.3,,,,,,,,,Idle,,,True,,False,10,Go Home,True,True,True,False,False,False,False,False,False,False,False,False,43.0428875252967,-77.6663246167718,70,436.3,1640.4,True,1,1,False,False,False,False,,True,False,False,,328,,16.4,Calm,48,, 1.8.0,DJI Mini 3 Pro,1581F4XF3229R006,53HFK5R0M30ACD,5HAZK6H0018AUR,52XPK6HCA105XX,101.4,0.7,39.3,9.437649,6.71082,0,4049,DJI Mini 3 Pro,1581F4XF3229R006,53HFK5R0M30ACD,5HAZK6H0018AUR,52XPK6HCA105XX,DJI Fly,, 1.8.0,54E6999D-4E41-3C56-C869-63925F82E9FA,1581F4XF3229R006W0A6,,,,,,,,,,
6/22/2023,8:05:44.34 PM,1m 1.3s,61.3,43.0429436775371,-77.6660667209229,41.9,41.9,35.4,604,461.2,9.127702,9.43766,-5.368656,8.500372,7.381902,8.276678,,0.223694,-2.2,-3.7,-146,214,P-GPS (Brake),Other,,24,5,True,,Mini 3 Pro,False,False,,Smart,RC,False,True,False,,,True,,False,False,False,False,False,False,False,False,False,False,0,Follow Yaw,-33.9,0.1,-110.2,249.8,False,False,False,False,False,True,,True,Normal,100,100,690,1016,1024,1451,N,False,False,False,False,False,0,False,False,False,False,69,7.606,1556,2285,7.606,False,3.806,3.8,0.008,False,False,4.882,93.4,90.8,93.3,,,,,,,,,Idle,,,True,,False,10,Go Home,True,True,True,False,False,False,False,False,False,False,False,False,43.0428875252967,-77.6663246167718,71.7,436.3,1640.4,True,1,1,False,False,False,False,,True,False,False,,328,,16.4,Calm,48,, 1.8.0,DJI Mini 3 Pro,1581F4XF3229R006,53HFK5R0M30ACD,5HAZK6H0018AUR,52XPK6HCA105XX,101.4,0.7,39.3,9.437649,6.71082,0,4049,DJI Mini 3 Pro,1581F4XF3229R006,53HFK5R0M30ACD,5HAZK6H0018AUR,52XPK6HCA105XX,DJI Fly,, 1.8.0,54E6999D-4E41-3C56-C869-63925F82E9FA,1581F4XF3229R006W0A6,,,,,,,,,,
6/22/2023,8:05:44.44 PM,1m 1.5s,61.5,43.0429394923145,-77.6660587757066,41.9,41.9,35.4,604,463.8,8.908527,9.43766,-5.59235,8.500372,6.934514,8.276678,,0.223694,-2,-4.9,-143.7,216.3,P-GPS (Brake),Other,,24,5,True,,Mini 3 Pro,False,False,,Smart,RC,False,True,False,,,True,,False,False,False,False,False,False,False,False,False,False,0,Follow Yaw,-33.9,0.1,-107.3,252.7,False,False,False,False,False,True,,True,Normal,100,100,690,1016,1024,1376,N,False,False,False,False,False,0,False,False,False,False,69,7.606,1556,2285,7.606,False,3.806,3.8,0.008,False,False,4.882,93.4,90.8,93.3,,,,,,,,,Idle,,,True,,False,10,Go Home,True,True,True,False,False,False,False,False,False,False,False,False,43.0428875252967,-77.6663246167718,73.3,436.3,1640.4,True,1,1,False,False,False,False,,True,False,False,,328,,16.4,Calm,48,, 1.8.0,DJI Mini 3 Pro,1581F4XF3229R006,53HFK5R0M30ACD,5HAZK6H0018AUR,52XPK6HCA105XX,101.4,0.7,39.3,9.437649,6.71082,0,4049,DJI Mini 3 Pro,1581F4XF3229R006,53HFK5R0M30ACD,5HAZK6H0018AUR,52XPK6HCA105XX,DJI Fly,, 1.8.0,54E6999D-4E41-3C56-C869-63925F82E9FA,1581F4XF3229R006W0A6,,,,,,,,,,
6/22/2023,8:05:44.64 PM,1m 1.7s,61.7,43.0429350856141,-77.6660512695431,41.9,41.9,35.4,604,466.4,8.712586,9.43766,-5.816044,8.500372,6.487126,8.276678,,0.223694,-2,-2.8,-141,219,P-GPS (Brake),Other,,24,5,True,,Mini 3 Pro,False,False,,Smart,RC,False,True,False,,,True,,False,False,False,False,False,False,False,False,False,False,0,Follow Yaw,-33.9,0.1,-104.3,255.7,False,False,False,False,False,True,,True,Normal,100,100,691,1016,1024,1261,N,False,False,False,False,False,0,False,False,False,False,69,7.606,1556,2285,7.606,False,3.806,3.8,0.008,False,False,4.882,93.4,90.8,93.3,,,,,,,,,Idle,,,True,,False,10,Go Home,True,True,True,False,False,False,False,False,False,False,False,False,43.0428875252967,-77.6663246167718,74.9,436.3,1640.4,True,1,1,False,False,False,False,,True,False,False,,328,,16.4,Calm,48,, 1.8.0,DJI Mini 3 Pro,1581F4XF3229R006,53HFK5R0M30ACD,5HAZK6H0018AUR,52XPK6HCA105XX,101.4,0.7,39.3,9.437649,6.71082,0,4049,DJI Mini 3 Pro,1581F4XF3229R006,53HFK5R0M30ACD,5HAZK6H0018AUR,52XPK6HCA105XX,DJI Fly,, 1.8.0,54E6999D-4E41-3C56-C869-63925F82E9FA,1581F4XF3229R006W0A6,,,,,,,,,,
6/22/2023,8:05:44.84 PM,1m 1.9s,61.9,43.0429305147135,-77.6660442139195,41.9,41.9,35.4,604,468.9,8.541479,9.43766,-6.039738,8.500372,6.039738,8.276678,,0.223694,0.3,-2.7,-138,222,P-GPS (Brake),Other,,24,5,True,,Mini 3 Pro,False,False,,Smart,RC,False,True,False,,,True,,False,False,False,False,False,False,False,False,False,False,0,Follow Yaw,-33.9,0,-102.3,257.7,False,False,False,False,False,True,,True,Normal,100,100,691,1016,1024,1323,N,False,False,False,False,False,0,False,False,False,False,69,7.608,1554,2285,7.608,False,3.81,3.798,0.012,False,False,4.793,93.4,90.8,93.3,,,,,,,,,Idle,,,True,,False,10,Go Home,True,True,True,False,False,False,False,False,False,False,False,False,43.0428875252967,-77.6663246167718,76.3,436.3,1640.4,True,1,1,False,False,False,False,,True,False,False,,328,,16.4,Calm,48,, 1.8.0,DJI Mini 3 Pro,1581F4XF3229R006,53HFK5R0M30ACD,5HAZK6H0018AUR,52XPK6HCA105XX,101.4,0.7,39.3,9.437649,6.71082,0,4049,DJI Mini 3 Pro,1581F4XF3229R006,53HFK5R0M30ACD,5HAZK6H0018AUR,52XPK6HCA105XX,DJI Fly,, 1.8.0,54E6999D-4E41-3C56-C869-63925F82E9FA,1581F4XF3229R006W0A6,,,,,,,,,,
6/22/2023,8:05:45.05 PM,1m 2.1s,62.1,43.0429258233679,-77.6660375422559,41.9,41.9,35.4,604,471.4,8.384795,9.43766,-6.039738,8.500372,5.816044,8.276678,,0.223694,2,-3.2,-136.1,223.9,P-GPS (Brake),Other,,24,5,True,,Mini 3 Pro,False,False,,Smart,RC,False,True,False,,,True,,False,False,False,False,False,False,False,False,False,False,0,Follow Yaw,-33.9,0,-101,259,False,False,False,False,False,True,,True,Normal,100,100,689,1022,1024,1295,N,False,False,False,False,False,0,False,False,False,False,69,7.608,1554,2285,7.608,False,3.81,3.798,0.012,False,False,4.793,93.4,90.8,93.3,,,,,,,,,Idle,,,True,,False,10,Go Home,True,True,True,False,False,False,False,False,False,False,False,False,43.0428875252967,-77.6663246167718,77.8,436.3,1640.4,True,1,1,False,False,False,False,,True,False,False,,328,,16.4,Calm,48,, 1.8.0,DJI Mini 3 Pro,1581F4XF3229R006,53HFK5R0M30ACD,5HAZK6H0018AUR,52XPK6HCA105XX,101.4,0.7,39.3,9.437649,6.71082,0,4049,DJI Mini 3 Pro,1581F4XF3229R006,53HFK5R0M30ACD,5HAZK6H0018AUR,52XPK6HCA105XX,DJI Fly,, 1.8.0,54E6999D-4E41-3C56-C869-63925F82E9FA,1581F4XF3229R006W0A6,,,,,,,,,,
6/22/2023,8:05:45.25 PM,1m 2.3s,62.3,43.042921007298,-77.6660311339115,41.9,41.9,35.4,604,473.8,8.396723,9.43766,-6.263432,8.500372,5.59235,8.276678,,0.223694,-0.2,-2.4,-134.9,225.1,P-GPS (Brake),Other,,24,5,True,,Mini 3 Pro,False,False,,Smart,RC,False,True,False,,,True,,False,False,False,False,False,False,False,False,False,False,0,Follow Yaw,-33.9,0,-99.5,260.5,False,False,False,False,False,True,,True,Normal,100,100,683,1024,1024,1303,N,False,False,False,False,False,0,False,False,False,False,69,7.608,1554,2285,7.608,False,3.81,3.798,0.012,False,False,4.793,93.4,90.8,93.3,,,,,,,,,Idle,,,True,,False,10,Go Home,True,True,True,False,False,False,False,False,False,False,False,False,43.0428875252967,-77.6663246167718,79.1,436.3,1640.4,True,1,1,False,False,False,False,,True,False,False,,328,,16.4,Calm,48,, 1.8.0,DJI Mini 3 Pro,1581F4XF3229R006,53HFK5R0M30ACD,5HAZK6H0018AUR,52XPK6HCA105XX,101.4,0.7,39.3,9.437649,6.71082,0,4049,DJI Mini 3 Pro,1581F4XF3229R006,53HFK5R0M30ACD,5HAZK6H0018AUR,52XPK6HCA105XX,DJI Fly,, 1.8.0,54E6999D-4E41-3C56-C869-63925F82E9FA,1581F4XF3229R006W0A6,,,,,,,,,,
6/22/2023,8:05:45.45 PM,1m 2.5s,62.5,43.0429161052387,-77.6660250457603,41.9,41.9,35.4,604,476.3,8.105628,9.43766,-6.263432,8.500372,5.144962,8.276678,,0.223694,4.4,-2.9,-133.3,226.7,P-GPS (Brake),Other,,24,5,True,,Mini 3 Pro,False,False,,Smart,RC,False,True,False,,,True,,False,False,False,False,False,False,False,False,False,False,0,Follow Yaw,-33.9,0,-98.3,261.7,False,False,False,False,False,True,,True,Normal,100,100,683,1024,1024,1453,N,False,False,False,False,False,0,False,False,False,False,69,7.608,1554,2285,7.608,False,3.81,3.798,0.012,False,False,4.793,93.4,90.8,93.3,,,,,,,,,Idle,,,True,,False,10,Go Home,True,True,True,False,False,False,False,False,False,False,False,False,43.0428875252967,-77.6663246167718,80.5,436.3,1640.4,True,1,1,False,False,False,False,,True,False,False,,328,,16.4,Calm,48,, 1.8.0,DJI Mini 3 Pro,1581F4XF3229R006,53HFK5R0M30ACD,5HAZK6H0018AUR,52XPK6HCA105XX,101.4,0.7,39.3,9.437649,6.71082,0,4049,DJI Mini 3 Pro,1581F4XF3229R006,53HFK5R0M30ACD,5HAZK6H0018AUR,52XPK6HCA105XX,DJI Fly,, 1.8.0,54E6999D-4E41-3C56-C869-63925F82E9FA,1581F4XF3229R006W0A6,,,,,,,,,,
6/22/2023,8:05:45.65 PM,1m 2.7s,62.7,43.0429112026268,-77.6660191154553,41.9,41.9,35.4,604,478.6,8.105628,9.43766,-6.263432,8.500372,5.144962,8.276678,,0.223694,0,-2.9,-132.2,227.8,P-GPS (Brake),Other,,24,5,True,,Mini 3 Pro,False,False,,Smart,RC,False,True,False,,,True,,False,False,False,False,False,False,False,False,False,False,0,Follow Yaw,-33.9,0.1,-96.4,263.6,False,False,False,False,False,True,,True,Normal,100,100,683,1024,1024,1473,N,False,False,False,False,False,0,False,False,False,False,69,7.608,1554,2285,7.608,False,3.81,3.798,0.012,False,False,4.793,93.4,90.8,93.3,,,,,,,,,Idle,,,True,,False,10,Go Home,True,True,True,False,False,False,False,False,False,False,False,False,43.0428875252967,-77.6663246167718,81.9,436.3,1640.4,True,1,1,False,False,False,False,,True,False,False,,328,,16.4,Calm,48,, 1.8.0,DJI Mini 3 Pro,1581F4XF3229R006,53HFK5R0M30ACD,5HAZK6H0018AUR,52XPK6HCA105XX,101.4,0.7,39.3,9.437649,6.71082,0,4049,DJI Mini 3 Pro,1581F4XF3229R006,53HFK5R0M30ACD,5HAZK6H0018AUR,52XPK6HCA105XX,DJI Fly,, 1.8.0,54E6999D-4E41-3C56-C869-63925F82E9FA,1581F4XF3229R006W0A6,,,,,,,,,,
6/22/2023,8:05:45.85 PM,1m 2.9s,62.9,43.0429061813432,-77.6660134981464,41.9,41.9,35.4,604,481,8.009369,9.43766,-6.487126,8.500372,4.697574,8.276678,,0.223694,-1.5,-1.8,-130.1,229.9,P-GPS (Brake),Other,,24,5,True,,Mini 3 Pro,False,False,,Smart,RC,False,True,False,,,True,,False,False,False,False,False,False,False,False,False,False,0,Follow Yaw,-33.9,0.1,-92.9,267.1,False,False,False,False,False,True,,True,Normal,100,100,683,1023,1024,1421,N,False,False,False,False,False,0,False,False,False,False,68,7.6,1553,2285,7.6,False,3.804,3.796,0.012,False,False,4.761,93.6,90.8,93.5,,,,,,,,,Idle,,,True,,False,10,Go Home,True,True,True,False,False,False,False,False,False,False,False,False,43.0428875252967,-77.6663246167718,83.2,436.3,1640.4,True,1,1,False,False,False,False,,True,False,False,,328,,16.4,Calm,48,, 1.8.0,DJI Mini 3 Pro,1581F4XF3229R006,53HFK5R0M30ACD,5HAZK6H0018AUR,52XPK6HCA105XX,101.4,0.7,39.3,9.437649,6.71082,0,4049,DJI Mini 3 Pro,1581F4XF3229R006,53HFK5R0M30ACD,5HAZK6H0018AUR,52XPK6HCA105XX,DJI Fly,, 1.8.0,54E6999D-4E41-3C56-C869-63925F82E9FA,1581F4XF3229R006W0A6,,,,,,,,,,
6/22/2023,8:05:46.06 PM,1m 3.1s,63.1,43.0429010837336,-77.666008306832,41.9,41.9,35.4,604,483.3,7.755442,9.43766,-6.487126,8.500372,4.250186,8.276678,,0.223694,-0.4,-1.8,-126.7,233.3,P-GPS (Brake),Other,,24,5,True,,Mini 3 Pro,False,False,,Smart,RC,False,True,False,,,True,,False,False,False,False,False,False,False,False,False,False,0,Follow Yaw,-33.9,0.1,-89.4,270.6,False,False,False,False,False,True,,True,Normal,100,100,684,1023,1024,1426,N,False,False,False,False,False,0,False,False,False,False,68,7.6,1553,2285,7.6,False,3.804,3.796,0.012,False,False,4.761,93.6,90.8,93.5,,,,,,,,,Idle,,,True,,False,10,Go Home,True,True,True,False,False,False,False,False,False,False,False,False,43.0428875252967,-77.6663246167718,84.4,436.3,1640.4,True,1,1,False,False,False,False,,True,False,False,,328,,16.4,Calm,48,, 1.8.0,DJI Mini 3 Pro,1581F4XF3229R006,53HFK5R0M30ACD,5HAZK6H0018AUR,52XPK6HCA105XX,101.4,0.7,39.3,9.437649,6.71082,0,4049,DJI Mini 3 Pro,1581F4XF3229R006,53HFK5R0M30ACD,5HAZK6H0018AUR,52XPK6HCA105XX,DJI Fly,, 1.8.0,54E6999D-4E41-3C56-C869-63925F82E9FA,1581F4XF3229R006W0A6,,,,,,,,,,
6/22/2023,8:05:46.26 PM,1m 3.3s,63.3,43.0428959670242,-77.6660035048697,41.9,41.9,35.4,604,485.6,7.519579,9.43766,-6.487126,8.500372,3.802798,8.276678,,0.223694,-1.7,-3.9,-123,237,P-GPS (Brake),Other,,24,5,True,,Mini 3 Pro,False,False,,Smart,RC,False,True,False,,,True,,False,False,False,False,False,False,False,False,False,False,0,Follow Yaw,-33.9,0.1,-86.2,273.8,False,False,False,False,False,True,,True,Normal,100,100,684,1023,1024,1359,N,False,False,False,False,False,0,False,False,False,False,68,7.6,1553,2285,7.6,False,3.804,3.796,0.012,False,False,4.761,93.6,90.8,93.5,,,,,,,,,Idle,,,True,,False,10,Go Home,True,True,True,False,False,False,False,False,False,False,False,False,43.0428875252967,-77.6663246167718,85.6,436.3,1640.4,True,1,1,False,False,False,False,,True,False,False,,328,,16.4,Calm,48,, 1.8.0,DJI Mini 3 Pro,1581F4XF3229R006,53HFK5R0M30ACD,5HAZK6H0018AUR,52XPK6HCA105XX,101.4,0.7,39.3,9.437649,6.71082,0,4049,DJI Mini 3 Pro,1581F4XF3229R006,53HFK5R0M30ACD,5HAZK6H0018AUR,52XPK6HCA105XX,DJI Fly,, 1.8.0,54E6999D-4E41-3C56-C869-63925F82E9FA,1581F4XF3229R006W0A6,,,,,,,,,,
6/22/2023,8:05:46.46 PM,1m 3.5s,63.5,43.0428907532078,-77.6659990988471,41.9,41.9,35.4,604,487.8,7.605596,9.43766,-6.71082,8.500372,3.579104,8.276678,,0.223694,-1.6,-4,-119.8,240.2,P-GPS (Brake),Other,,24,5,True,,Mini 3 Pro,False,False,,Smart,RC,False,True,False,,,True,,False,False,False,False,False,False,False,False,False,False,0,Follow Yaw,-33.9,0.1,-83.3,276.7,False,False,False,False,False,True,,True,Normal,100,100,684,1023,1024,1367,N,False,False,False,False,False,0,False,False,False,False,68,7.6,1553,2285,7.6,False,3.804,3.796,0.012,False,False,4.761,93.6,90.8,93.5,,,,,,,,,Idle,,,True,,False,10,Go Home,True,True,True,False,False,False,False,False,False,False,False,False,43.0428875252967,-77.6663246167718,86.7,436.3,1640.4,True,1,1,False,False,False,False,,True,False,False,,328,,16.4,Calm,48,, 1.8.0,DJI Mini 3 Pro,1581F4XF3229R006,53HFK5R0M30ACD,5HAZK6H0018AUR,52XPK6HCA105XX,101.4,0.7,39.3,9.437649,6.71082,0,4049,DJI Mini 3 Pro,1581F4XF3229R006,53HFK5R0M30ACD,5HAZK6H0018AUR,52XPK6HCA105XX,DJI Fly,, 1.8.0,54E6999D-4E41-3C56-C869-63925F82E9FA,1581F4XF3229R006W0A6,,,,,,,,,,
6/22/2023,8:05:46.66 PM,1m 3.7s,63.7,43.0428853641878,-77.665995059577,41.9,41.9,35.4,604,490.1,7.703652,9.43766,-6.934514,8.500372,3.35541,8.276678,,0.223694,-0.5,-3.6,-117,243,P-GPS (Brake),Other,,24,5,True,,Mini 3 Pro,False,False,,Smart,RC,False,True,False,,,True,,False,False,False,False,False,False,False,False,False,False,0,Follow Yaw,-33.9,0.1,-81.1,278.9,False,False,False,False,False,True,,True,Normal,100,100,684,1023,1024,1373,N,False,False,False,False,False,0,False,False,False,False,68,7.6,1553,2285,7.6,False,3.804,3.796,0.012,False,False,4.761,93.6,90.8,93.5,,,,,,,,,Idle,,,True,,False,10,Go Home,True,True,True,False,False,False,False,False,False,False,False,False,43.0428875252967,-77.6663246167718,87.8,436.3,1640.4,True,1,1,False,False,False,False,,True,False,False,,328,,16.4,Calm,48,, 1.8.0,DJI Mini 3 Pro,1581F4XF3229R006,53HFK5R0M30ACD,5HAZK6H0018AUR,52XPK6HCA105XX,101.4,0.7,39.3,9.437649,6.71082,0,4049,DJI Mini 3 Pro,1581F4XF3229R006,53HFK5R0M30ACD,5HAZK6H0018AUR,52XPK6HCA105XX,DJI Fly,, 1.8.0,54E6999D-4E41-3C56-C869-63925F82E9FA,1581F4XF3229R006W0A6,,,,,,,,,,
6/22/2023,8:05:46.87 PM,1m 3.9s,63.9,43.0428798486676,-77.6659913606148,41.9,41.9,35.4,604,492.3,7.519579,9.43766,-6.934514,8.500372,2.908022,8.276678,,0.223694,-0.2,-2.8,-114.7,245.3,P-GPS (Brake),Other,,24,5,True,,Mini 3 Pro,False,False,,Smart,RC,False,True,False,,,True,,False,False,False,False,False,False,False,False,False,False,0,Follow Yaw,-33.9,0.1,-78.8,281.2,False,False,False,False,False,True,,True,Normal,100,100,684,1023,1024,1376,N,False,False,False,False,False,0,False,False,False,False,68,7.596,1552,2285,7.596,False,3.801,3.795,0.012,False,False,4.794,93.6,90.8,93.5,,,,,,,,,Idle,,,True,,False,10,Go Home,True,True,True,False,False,False,False,False,False,False,False,False,43.0428875252967,-77.6663246167718,88.8,436.3,1640.4,True,1,1,False,False,False,False,,True,False,False,,328,,16.4,Calm,48,, 1.8.0,DJI Mini 3 Pro,1581F4XF3229R006,53HFK5R0M30ACD,5HAZK6H0018AUR,52XPK6HCA105XX,101.4,0.7,39.3,9.437649,6.71082,0,4049,DJI Mini 3 Pro,1581F4XF3229R006,53HFK5R0M30ACD,5HAZK6H0018AUR,52XPK6HCA105XX,DJI Fly,, 1.8.0,54E6999D-4E41-3C56-C869-63925F82E9FA,1581F4XF3229R006W0A6,,,,,,,,,,
6/22/2023,8:05:47.07 PM,1m 4.1s,64.1,43.042874266921,-77.6659879939195,41.9,41.9,35.4,604,494.5,7.644969,9.43766,-7.158208,8.500372,2.684328,8.276678,,0.223694,0.2,-2.9,-112.6,247.4,P-GPS (Brake),Other,,24,5,True,,Mini 3 Pro,False,False,,Smart,RC,False,True,False,,,True,,False,False,False,False,False,False,False,False,False,False,0,Follow Yaw,-33.9,0.1,-76.6,283.4,False,False,False,False,False,True,,True,Normal,100,100,685,1023,1024,1396,N,False,False,False,False,False,0,False,False,False,False,68,7.596,1552,2285,7.596,False,3.801,3.795,0.012,False,False,4.794,93.6,90.8,93.5,,,,,,,,,Idle,,,True,,False,10,Go Home,True,True,True,False,False,False,False,False,False,False,False,False,43.0428875252967,-77.6663246167718,89.8,436.3,1640.4,True,1,1,False,False,False,False,,True,False,False,,328,,16.4,Calm,48,, 1.8.0,DJI Mini 3 Pro,1581F4XF3229R006,53HFK5R0M30ACD,5HAZK6H0018AUR,52XPK6HCA105XX,101.4,0.7,39.3,9.437649,6.71082,0,4049,DJI Mini 3 Pro,1581F4XF3229R006,53HFK5R0M30ACD,5HAZK6H0018AUR,52XPK6HCA105XX,DJI Fly,, 1.8.0,54E6999D-4E41-3C56-C869-63925F82E9FA,1581F4XF3229R006W0A6,,,,,,,,,,
6/22/2023,8:05:47.27 PM,1m 4.3s,64.3,43.0428686542039,-77.6659849719865,41.9,41.9,35.4,604,496.7,7.499589,9.43766,-7.158208,8.500372,2.23694,8.276678,,0.223694,-1.3,-2.7,-110.2,249.8,P-GPS (Brake),Other,,24,5,True,,Mini 3 Pro,False,False,,Smart,RC,False,True,False,,,True,,False,False,False,False,False,False,False,False,False,False,0,Follow Yaw,-33.9,0.1,-74.2,285.8,False,False,False,False,False,True,,True,Normal,100,100,686,1023,1024,1399,N,False,False,False,False,False,0,False,False,False,False,68,7.596,1552,2285,7.596,False,3.801,3.795,0.012,False,False,4.794,93.6,90.8,93.5,,,,,,,,,Idle,,,True,,False,10,Go Home,True,True,True,False,False,False,False,False,False,False,False,False,43.0428875252967,-77.6663246167718,90.8,436.3,1640.4,True,1,1,False,False,False,False,,True,False,False,,328,,16.4,Calm,48,, 1.8.0,DJI Mini 3 Pro,1581F4XF3229R006,53HFK5R0M30ACD,5HAZK6H0018AUR,52XPK6HCA105XX,101.4,0.7,39.3,9.437649,6.71082,0,4049,DJI Mini 3 Pro,1581F4XF3229R006,53HFK5R0M30ACD,5HAZK6H0018AUR,52XPK6HCA105XX,DJI Fly,, 1.8.0,54E6999D-4E41-3C56-C869-63925F82E9FA,1581F4XF3229R006W0A6,,,,,,,,,,
6/22/2023,8:05:47.47 PM,1m 4.5s,64.5,43.0428629759677,-77.6659823285042,41.9,41.9,35.4,604,498.9,7.378511,9.43766,-7.158208,8.500372,1.789552,8.276678,,0.223694,0.4,-4,-107.9,252.1,P-GPS (Brake),Other,,24,5,True,,Mini 3 Pro,False,False,,Smart,RC,False,True,False,,,True,,False,False,False,False,False,False,False,False,False,False,0,Follow Yaw,-33.9,0.1,-71.6,288.4,False,False,False,False,False,True,,True,Normal,100,100,685,1023,1024,1399,N,False,False,False,False,False,0,False,False,False,False,68,7.596,1552,2285,7.596,False,3.801,3.795,0.012,False,False,4.794,93.6,90.8,93.5,,,,,,,,,Idle,,,True,,False,10,Go Home,True,True,True,False,False,False,False,False,False,False,False,False,43.0428875252967,-77.6663246167718,91.6,436.3,1640.4,True,1,1,False,False,False,False,,True,False,False,,328,,16.4,Calm,48,, 1.8.0,DJI Mini 3 Pro,1581F4XF3229R006,53HFK5R0M30ACD,5HAZK6H0018AUR,52XPK6HCA105XX,101.4,0.7,39.3,9.437649,6.71082,0,4049,DJI Mini 3 Pro,1581F4XF3229R006,53HFK5R0M30ACD,5HAZK6H0018AUR,52XPK6HCA105XX,DJI Fly,, 1.8.0,54E6999D-4E41-3C56-C869-63925F82E9FA,1581F4XF3229R006W0A6,,,,,,,,,,
6/22/2023,8:05:47.67 PM,1m 4.7s,64.7,43.0428571978403,-77.6659800239234,41.9,41.9,35.4,604,501.1,7.54615,9.43766,-7.381902,8.500372,1.565858,8.276678,,0.223694,-0.6,-2.6,-105.3,254.7,P-GPS (Brake),Other,,24,5,True,,Mini 3 Pro,False,False,,Smart,RC,False,True,False,,,True,,False,False,False,False,False,False,False,False,False,False,0,Follow Yaw,-33.9,0.1,-68.9,291.1,False,False,False,False,False,True,,True,Normal,100,100,685,1023,1024,1399,N,False,False,False,False,False,0,False,False,False,False,68,7.596,1552,2285,7.596,False,3.801,3.795,0.012,False,False,4.794,93.6,90.8,93.5,,,,,,,,,Idle,,,True,,False,10,Go Home,True,True,True,False,False,False,False,False,False,False,False,False,43.0428875252967,-77.6663246167718,92.5,436.3,1640.4,True,1,1,False,False,False,False,,True,False,False,,328,,16.4,Calm,48,, 1.8.0,DJI Mini 3 Pro,1581F4XF3229R006,53HFK5R0M30ACD,5HAZK6H0018AUR,52XPK6HCA105XX,101.4,0.7,39.3,9.437649,6.71082,0,4049,DJI Mini 3 Pro,1581F4XF3229R006,53HFK5R0M30ACD,5HAZK6H0018AUR,52XPK6HCA105XX,DJI Fly,, 1.8.0,54E6999D-4E41-3C56-C869-63925F82E9FA,1581F4XF3229R006W0A6,,,,,,,,,,
6/22/2023,8:05:47.88 PM,1m 4.9s,64.9,43.0428513765812,-77.6659781137584,41.9,41.9,35.4,604,503.3,7.245061,9.43766,-7.158208,8.500372,1.11847,8.276678,,0.223694,0.9,-2.6,-102.6,257.4,P-GPS (Brake),Other,,24,5,True,,Mini 3 Pro,False,False,,Smart,RC,False,True,False,,,True,,False,False,False,False,False,False,False,False,False,False,0,Follow Yaw,-33.9,0.1,-66.2,293.8,False,False,False,False,False,True,,True,Normal,100,100,685,1023,1024,1399,N,False,False,False,False,False,0,False,False,False,False,68,7.591,1550,2285,7.591,False,3.799,3.792,0.012,False,False,4.841,93.6,90.8,93.5,,,,,,,,,Idle,,,True,,False,10,Go Home,True,True,True,False,False,False,False,False,False,False,False,False,43.0428875252967,-77.6663246167718,93.3,436.3,1640.4,True,1,1,False,False,False,False,,True,False,False,,328,,16.4,Calm,48,, 1.8.0,DJI Mini 3 Pro,1581F4XF3229R006,53HFK5R0M30ACD,5HAZK6H0018AUR,52XPK6HCA105XX,101.4,0.7,39.3,9.437649,6.71082,0,4049,DJI Mini 3 Pro,1581F4XF3229R006,53HFK5R0M30ACD,5HAZK6H0018AUR,52XPK6HCA105XX,DJI Fly,, 1.8.0,54E6999D-4E41-3C56-C869-63925F82E9FA,1581F4XF3229R006W0A6,,,,,,,,,,
6/22/2023,8:05:47.98 PM,1m 5.1s,65.1,43.0428455622505,-77.6659764656231,41.9,41.9,35.4,604,505.5,7.213914,9.43766,-7.158208,8.500372,0.894776,8.276678,,0.223694,-0.5,-2.4,-100.1,259.9,P-GPS (Brake),Other,,24,5,True,,Mini 3 Pro,False,False,,Smart,RC,False,True,False,,,True,,False,False,False,False,False,False,False,False,False,False,0,Follow Yaw,-33.9,0.1,-63.5,296.5,False,False,False,False,False,True,,True,Normal,100,100,685,1023,1024,1399,N,False,False,False,False,False,0,False,False,False,False,68,7.591,1550,2285,7.591,False,3.799,3.792,0.012,False,False,4.841,93.6,90.8,93.5,,,,,,,,,Idle,,,True,,False,10,Go Home,True,True,True,False,False,False,False,False,False,False,False,False,43.0428875252967,-77.6663246167718,94,436.3,1640.4,True,1,1,False,False,False,False,,True,False,False,,328,,16.4,Calm,48,, 1.8.0,DJI Mini 3 Pro,1581F4XF3229R006,53HFK5R0M30ACD,5HAZK6H0018AUR,52XPK6HCA105XX,101.4,0.7,39.3,9.437649,6.71082,0,4049,DJI Mini 3 Pro,1581F4XF3229R006,53HFK5R0M30ACD,5HAZK6H0018AUR,52XPK6HCA105XX,DJI Fly,, 1.8.0,54E6999D-4E41-3C56-C869-63925F82E9FA,1581F4XF3229R006W0A6,,,,,,,,,,
6/22/2023,8:05:48.28 PM,1m 5.3s,65.3,43.0428397549853,-77.6659751240369,41.9,41.9,35.4,604,507.6,7.189596,9.43766,-7.158208,8.500372,0.671082,8.276678,,0.223694,-0.1,-4.4,-97.3,262.7,P-GPS (Brake),Other,,24,5,True,,Mini 3 Pro,False,False,,Smart,RC,False,True,False,,,True,,False,False,False,False,False,False,False,False,False,False,0,Follow Yaw,-33.9,0.1,-60.8,299.2,False,False,False,False,False,True,,True,Normal,100,100,685,1023,1024,1396,N,False,False,False,False,False,0,False,False,False,False,68,7.591,1550,2285,7.591,False,3.799,3.792,0.012,False,False,4.841,93.6,90.8,93.5,,,,,,,,,Idle,,,True,,False,10,Go Home,True,True,True,False,False,False,False,False,False,False,False,False,43.0428875252967,-77.6663246167718,94.7,436.3,1640.4,True,1,1,False,False,False,False,,True,False,False,,328,,16.4,Calm,48,, 1.8.0,DJI Mini 3 Pro,1581F4XF3229R006,53HFK5R0M30ACD,5HAZK6H0018AUR,52XPK6HCA105XX,101.4,0.7,39.3,9.437649,6.71082,0,4049,DJI Mini 3 Pro,1581F4XF3229R006,53HFK5R0M30ACD,5HAZK6H0018AUR,52XPK6HCA105XX,DJI Fly,, 1.8.0,54E6999D-4E41-3C56-C869-63925F82E9FA,1581F4XF3229R006W0A6,,,,,,,,,,
6/22/2023,8:05:48.38 PM,1m 5.5s,65.5,43.0428339089145,-77.6659740854834,41.9,41.9,35.4,604,509.8,7.38529,9.43766,-7.381902,8.500372,0.223694,8.276678,,0.223694,-1.2,-3.6,-94.5,265.5,P-GPS (Brake),Other,,24,5,True,,Mini 3 Pro,False,False,,Smart,RC,False,True,False,,,True,,False,False,False,False,False,False,False,False,False,False,0,Follow Yaw,-33.9,0.1,-58.2,301.8,False,False,False,False,False,True,,True,Normal,100,100,685,1023,1024,1395,N,False,False,False,False,False,0,False,False,False,False,68,7.591,1550,2285,7.591,False,3.799,3.792,0.012,False,False,4.841,93.6,90.8,93.5,,,,,,,,,Idle,,,True,,False,10,Go Home,True,True,True,False,False,False,False,False,False,False,False,False,43.0428875252967,-77.6663246167718,95.4,436.3,1640.4,True,1,1,False,False,False,False,,True,False,False,,328,,16.4,Calm,48,, 1.8.0,DJI Mini 3 Pro,1581F4XF3229R006,53HFK5R0M30ACD,5HAZK6H0018AUR,52XPK6HCA105XX,101.4,0.7,39.3,9.437649,6.71082,0,4049,DJI Mini 3 Pro,1581F4XF3229R006,53HFK5R0M30ACD,5HAZK6H0018AUR,52XPK6HCA105XX,DJI Fly,, 1.8.0,54E6999D-4E41-3C56-C869-63925F82E9FA,1581F4XF3229R006W0A6,,,,,,,,,,
6/22/2023,8:05:48.58 PM,1m 5.7s,65.7,43.0428279487852,-77.6659734269279,41.9,41.9,35.4,604,512,7.381902,9.43766,-7.381902,8.500372,,8.276678,,0.223694,-1.1,-2.5,-91.7,268.3,P-GPS (Brake),Other,,24,5,True,,Mini 3 Pro,False,False,,Smart,RC,False,True,False,,,True,,False,False,False,False,False,False,False,False,False,False,0,Follow Yaw,-33.9,0.1,-55.5,304.5,False,False,False,False,False,True,,True,Normal,100,100,685,1023,1024,1394,N,False,False,False,False,False,0,False,False,False,False,68,7.591,1550,2285,7.591,False,3.799,3.792,0.012,False,False,4.841,93.6,90.8,93.5,,,,,,,,,Idle,,,True,,False,10,Go Home,True,True,True,False,False,False,False,False,False,False,False,False,43.0428875252967,-77.6663246167718,96.1,436.3,1640.4,True,1,1,False,False,False,False,,True,False,False,,328,,16.4,Calm,48,, 1.8.0,DJI Mini 3 Pro,1581F4XF3229R006,53HFK5R0M30ACD,5HAZK6H0018AUR,52XPK6HCA105XX,101.4,0.7,39.3,9.437649,6.71082,0,4049,DJI Mini 3 Pro,1581F4XF3229R006,53HFK5R0M30ACD,5HAZK6H0018AUR,52XPK6HCA105XX,DJI Fly,, 1.8.0,54E6999D-4E41-3C56-C869-63925F82E9FA,1581F4XF3229R006W0A6,,,,,,,,,,
6/22/2023,8:05:48.89 PM,1m 5.9s,65.9,43.042821968828,-77.6659731569508,41.9,41.9,35.4,604,514.1,7.38529,9.43766,-7.381902,8.500372,-0.223694,8.276678,,0.223694,-0.8,-1.4,-89.3,270.7,P-GPS (Brake),Other,,24,5,True,,Mini 3 Pro,False,False,,Smart,RC,False,True,False,,,True,,False,False,False,False,False,False,False,False,False,False,0,Follow Yaw,-33.9,0.1,-52.9,307.1,False,False,False,False,False,True,,True,Normal,100,100,685,1023,1024,1391,N,False,False,False,False,False,0,False,False,False,False,68,7.591,1550,2285,7.591,False,3.799,3.792,0.012,False,False,4.841,93.6,90.8,93.5,,,,,,,,,Idle,,,True,,False,10,Go Home,True,True,True,False,False,False,False,False,False,False,False,False,43.0428875252967,-77.6663246167718,96.7,436.3,1640.4,True,1,1,False,False,False,False,,True,False,False,,328,,16.4,Calm,48,, 1.8.0,DJI Mini 3 Pro,1581F4XF3229R006,53HFK5R0M30ACD,5HAZK6H0018AUR,52XPK6HCA105XX,101.4,0.7,39.3,9.437649,6.71082,0,4049,DJI Mini 3 Pro,1581F4XF3229R006,53HFK5R0M30ACD,5HAZK6H0018AUR,52XPK6HCA105XX,DJI Fly,, 1.8.0,54E6999D-4E41-3C56-C869-63925F82E9FA,1581F4XF3229R006W0A6,,,,,,,,,,
6/22/2023,8:05:48.99 PM,1m 6.1s,66.1,43.0428160011856,-77.665973183489,41.9,41.9,35.4,604,516.3,7.172175,9.43766,-7.158208,8.500372,-0.447388,8.276678,,0.223694,-0.3,-1.4,-86.7,273.3,P-GPS (Brake),Other,,24,5,True,,Mini 3 Pro,False,False,,Smart,RC,False,True,False,,,True,,False,False,False,False,False,False,False,False,False,False,0,Follow Yaw,-33.9,0.1,-50.3,309.7,False,False,False,False,False,True,,True,Normal,100,100,685,1023,1024,1391,N,False,False,False,False,False,0,False,False,False,False,68,7.598,1549,2285,7.598,False,3.803,3.795,0.012,False,False,5.138,93.6,90.8,93.5,,,,,,,,,Idle,,,True,,False,10,Go Home,True,True,True,False,False,False,False,False,False,False,False,False,43.0428875252967,-77.6663246167718,97.2,436.3,1640.4,True,1,1,False,False,False,False,,True,False,False,,328,,16.4,Calm,48,, 1.8.0,DJI Mini 3 Pro,1581F4XF3229R006,53HFK5R0M30ACD,5HAZK6H0018AUR,52XPK6HCA105XX,101.4,0.7,39.3,9.437649,6.71082,0,4049,DJI Mini 3 Pro,1581F4XF3229R006,53HFK5R0M30ACD,5HAZK6H0018AUR,52XPK6HCA105XX,DJI Fly,, 1.8.0,54E6999D-4E41-3C56-C869-63925F82E9FA,1581F4XF3229R006W0A6,,,,,,,,,,
6/22/2023,8:05:49.19 PM,1m 6.3s,66.3,43.0428101517224,-77.6659734508169,41.9,41.9,35.4,604,518.4,7.189596,9.43766,-7.158208,8.500372,-0.671082,8.276678,,0.223694,-1.9,-2.8,-83.9,276.1,P-GPS (Brake),Other,,24,5,True,,Mini 3 Pro,False,False,,Smart,RC,False,True,False,,,True,,False,False,False,False,False,False,False,False,False,False,0,Follow Yaw,-33.9,0.1,-47.8,312.2,False,False,False,False,False,True,,True,Normal,100,100,685,1023,1024,1389,N,False,False,False,False,False,0,False,False,False,False,68,7.598,1549,2285,7.598,False,3.803,3.795,0.012,False,False,5.138,93.6,90.8,93.5,,,,,,,,,Idle,,,True,,False,10,Go Home,True,True,True,False,False,False,False,False,False,False,False,False,43.0428875252967,-77.6663246167718,97.7,436.3,1640.4,True,1,1,False,False,False,False,,True,False,False,,328,,16.4,Calm,48,, 1.8.0,DJI Mini 3 Pro,1581F4XF3229R006,53HFK5R0M30ACD,5HAZK6H0018AUR,52XPK6HCA105XX,101.4,0.7,39.3,9.437649,6.71082,0,4049,DJI Mini 3 Pro,1581F4XF3229R006,53HFK5R0M30ACD,5HAZK6H0018AUR,52XPK6HCA105XX,DJI Fly,, 1.8.0,54E6999D-4E41-3C56-C869-63925F82E9FA,1581F4XF3229R006W0A6,,,,,,,,,,
6/22/2023,8:05:49.49 PM,1m 6.5s,66.5,43.0428043992783,-77.6659739799635,41.9,41.9,35.4,604,520.5,6.992003,9.43766,-6.934514,8.500372,-0.894776,8.276678,,0.223694,-3,-3.7,-81.4,278.6,P-GPS (Brake),Other,,24,5,True,,Mini 3 Pro,False,False,,Smart,RC,False,True,False,,,True,,False,False,False,False,False,False,False,False,False,False,0,Follow Yaw,-33.9,0.1,-45.2,314.8,False,False,False,False,False,True,,True,Normal,100,100,686,1023,1024,1388,N,False,False,False,False,False,0,False,False,False,False,68,7.598,1549,2285,7.598,False,3.803,3.795,0.012,False,False,5.138,93.6,90.8,93.5,,,,,,,,,Idle,,,True,,False,10,Go Home,True,True,True,False,False,False,False,False,False,False,False,False,43.0428875252967,-77.6663246167718,98.2,436.3,1640.4,True,1,1,False,False,False,False,,True,False,False,,328,,16.4,Calm,48,, 1.8.0,DJI Mini 3 Pro,1581F4XF3229R006,53HFK5R0M30ACD,5HAZK6H0018AUR,52XPK6HCA105XX,101.4,0.7,39.3,9.437649,6.71082,0,4049,DJI Mini 3 Pro,1581F4XF3229R006,53HFK5R0M30ACD,5HAZK6H0018AUR,52XPK6HCA105XX,DJI Fly,, 1.8.0,54E6999D-4E41-3C56-C869-63925F82E9FA,1581F4XF3229R006W0A6,,,,,,,,,,
6/22/2023,8:05:49.60 PM,1m 6.7s,66.7,43.042798720012,-77.6659748971024,41.9,41.9,35.4,604,522.6,7.063206,9.43766,-6.934514,8.500372,-1.342164,8.276678,,0.223694,-3.5,-5.3,-78.7,281.3,P-GPS (Brake),Other,,24,5,True,,Mini 3 Pro,False,False,,Smart,RC,False,True,False,,,True,,False,False,False,False,False,False,False,False,False,False,0,Follow Yaw,-33.9,0.1,-42.7,317.3,False,False,False,False,False,True,,True,Normal,100,100,685,1023,1024,1387,N,False,False,False,False,False,0,False,False,False,False,68,7.598,1549,2285,7.598,False,3.803,3.795,0.012,False,False,5.138,93.6,90.8,93.5,,,,,,,,,Idle,,,True,,False,10,Go Home,True,True,True,False,False,False,False,False,False,False,False,False,43.0428875252967,-77.6663246167718,98.7,436.3,1640.4,True,1,1,False,False,False,False,,True,False,False,,328,,16.4,Calm,48,, 1.8.0,DJI Mini 3 Pro,1581F4XF3229R006,53HFK5R0M30ACD,5HAZK6H0018AUR,52XPK6HCA105XX,101.4,0.7,39.3,9.437649,6.71082,0,4049,DJI Mini 3 Pro,1581F4XF3229R006,53HFK5R0M30ACD,5HAZK6H0018AUR,52XPK6HCA105XX,DJI Fly,, 1.8.0,54E6999D-4E41-3C56-C869-63925F82E9FA,1581F4XF3229R006W0A6,,,,,,,,,,
6/22/2023,8:05:49.90 PM,1m 6.9s,66.9,43.0427930197141,-77.6659763273759,41.9,41.9,35.4,604,524.7,7.109106,9.43766,-6.934514,8.500372,-1.565858,8.276678,,0.223694,-1.8,-2.9,-76.5,283.5,P-GPS (Brake),Other,,24,5,True,,Mini 3 Pro,False,False,,Smart,RC,False,True,False,,,True,,False,False,False,False,False,False,False,False,False,False,0,Follow Yaw,-33.9,0.1,-40.2,319.8,False,False,False,False,False,True,,True,Normal,100,100,685,1023,1024,1383,N,False,False,False,False,False,0,False,False,False,False,68,7.598,1549,2285,7.598,False,3.803,3.795,0.012,False,False,5.138,93.6,90.8,93.5,,,,,,,,,Idle,,,True,,False,10,Go Home,True,True,True,False,False,False,False,False,False,False,False,False,43.0428875252967,-77.6663246167718,99,436.3,1640.4,True,1,1,False,False,False,False,,True,False,False,,328,,16.4,Calm,48,, 1.8.0,DJI Mini 3 Pro,1581F4XF3229R006,53HFK5R0M30ACD,5HAZK6H0018AUR,52XPK6HCA105XX,101.4,0.7,39.3,9.437649,6.71082,0,4049,DJI Mini 3 Pro,1581F4XF3229R006,53HFK5R0M30ACD,5HAZK6H0018AUR,52XPK6HCA105XX,DJI Fly,, 1.8.0,54E6999D-4E41-3C56-C869-63925F82E9FA,1581F4XF3229R006W0A6,,,,,,,,,,
6/22/2023,8:05:50.10 PM,1m 7.1s,67.1,43.0427873799665,-77.6659780231018,41.9,41.9,35.4,604,526.9,7.161702,9.43766,-6.934514,8.500372,-1.789552,8.276678,,0.223694,-1.2,-2.1,-74.1,285.9,P-GPS (Brake),Other,,24,5,True,,Mini 3 Pro,False,False,,Smart,RC,False,True,False,,,True,,False,False,False,False,False,False,False,False,False,False,0,Follow Yaw,-33.9,0.1,-36.6,323.4,False,False,False,False,False,True,,True,Normal,100,100,685,1024,1024,1381,N,False,False,False,False,False,0,False,False,False,False,68,7.591,1548,2285,7.591,False,3.798,3.793,0.012,False,False,4.849,93.7,90.8,93.7,,,,,,,,,Idle,,,True,,False,10,Go Home,True,True,True,False,False,False,False,False,False,False,False,False,43.0428875252967,-77.6663246167718,99.3,436.3,1640.4,True,1,1,False,False,False,False,,True,False,False,,328,,16.4,Calm,48,, 1.8.0,DJI Mini 3 Pro,1581F4XF3229R006,53HFK5R0M30ACD,5HAZK6H0018AUR,52XPK6HCA105XX,101.4,0.7,39.3,9.437649,6.71082,0,4049,DJI Mini 3 Pro,1581F4XF3229R006,53HFK5R0M30ACD,5HAZK6H0018AUR,52XPK6HCA105XX,DJI Fly,, 1.8.0,54E6999D-4E41-3C56-C869-63925F82E9FA,1581F4XF3229R006W0A6,,,,,,,,,,
6/22/2023,8:05:50.20 PM,1m 7.3s,67.3,43.0427819030312,-77.6659799290938,41.9,41.9,35.4,604,528.9,6.792345,9.43766,-6.487126,8.500372,-2.013246,8.276678,,0.223694,-3.8,-4,-71.2,288.8,P-GPS (Brake),Other,,25,5,True,,Mini 3 Pro,False,False,,Smart,RC,False,True,False,,,True,,False,False,False,False,False,False,False,False,False,False,0,Follow Yaw,-33.9,0.1,-35.4,324.6,False,False,False,False,False,True,,True,Normal,100,100,685,1024,1024,1379,N,False,False,False,False,False,0,False,False,False,False,68,7.591,1548,2285,7.591,False,3.798,3.793,0.012,False,False,4.849,93.7,90.8,93.7,,,,,,,,,Idle,,,True,,False,10,Go Home,True,True,True,False,False,False,False,False,False,False,False,False,43.0428875252967,-77.6663246167718,99.6,436.3,1640.4,True,1,1,False,False,False,False,,True,False,False,,328,,16.4,Calm,48,, 1.8.0,DJI Mini 3 Pro,1581F4XF3229R006,53HFK5R0M30ACD,5HAZK6H0018AUR,52XPK6HCA105XX,101.4,0.7,39.3,9.437649,6.71082,0,4049,DJI Mini 3 Pro,1581F4XF3229R006,53HFK5R0M30ACD,5HAZK6H0018AUR,52XPK6HCA105XX,DJI Fly,, 1.8.0,54E6999D-4E41-3C56-C869-63925F82E9FA,1581F4XF3229R006W0A6,,,,,,,,,,
6/22/2023,8:05:50.50 PM,1m 7.5s,67.5,43.0427765479417,-77.6659822868918,41.9,41.9,35.4,604,531,6.938121,9.43766,-6.487126,8.500372,-2.460634,8.276678,,0.223694,-1.7,-5.4,-69,291,P-GPS (Brake),Other,,25,5,True,,Mini 3 Pro,False,False,,Smart,RC,False,True,False,,,True,,False,False,False,False,False,False,False,False,False,False,0,Follow Yaw,-33.9,0.1,-33,327,False,False,False,False,False,True,,True,Normal,100,100,685,1024,1024,1367,N,False,False,False,False,False,0,False,False,False,False,68,7.591,1548,2285,7.591,False,3.798,3.793,0.012,False,False,4.849,93.7,90.8,93.7,,,,,,,,,Idle,,,True,,False,10,Go Home,True,True,True,False,False,False,False,False,False,False,False,False,43.0428875252967,-77.6663246167718,99.8,436.3,1640.4,True,1,1,False,False,False,False,,True,False,False,,328,,16.4,Calm,48,, 1.8.0,DJI Mini 3 Pro,1581F4XF3229R006,53HFK5R0M30ACD,5HAZK6H0018AUR,52XPK6HCA105XX,101.4,0.7,39.3,9.437649,6.71082,0,4049,DJI Mini 3 Pro,1581F4XF3229R006,53HFK5R0M30ACD,5HAZK6H0018AUR,52XPK6HCA105XX,DJI Fly,, 1.8.0,54E6999D-4E41-3C56-C869-63925F82E9FA,1581F4XF3229R006W0A6,,,,,,,,,,
6/22/2023,8:05:50.60 PM,1m 7.7s,67.7,43.0427711901364,-77.6659851112886,41.9,41.9,35.4,604,533.1,7.109106,9.43766,-6.487126,8.500372,-2.908022,8.276678,,0.223694,-0.3,-2.9,-66.7,293.3,P-GPS (Brake),Other,,25,5,True,,Mini 3 Pro,False,False,,Smart,RC,False,True,False,,,True,,False,False,False,False,False,False,False,False,False,False,0,Follow Yaw,-33.9,0.1,-30.8,329.2,False,False,False,False,False,True,,True,Normal,100,100,684,1024,1024,1368,N,False,False,False,False,False,0,False,False,False,False,68,7.591,1548,2285,7.591,False,3.798,3.793,0.012,False,False,4.849,93.7,90.8,93.7,,,,,,,,,Idle,,,True,,False,10,Go Home,True,True,True,False,False,False,False,False,False,False,False,False,43.0428875252967,-77.6663246167718,99.9,436.3,1640.4,True,1,1,False,False,False,False,,True,False,False,,328,,16.4,Calm,48,, 1.8.0,DJI Mini 3 Pro,1581F4XF3229R006,53HFK5R0M30ACD,5HAZK6H0018AUR,52XPK6HCA105XX,101.4,0.7,39.3,9.437649,6.71082,0,4049,DJI Mini 3 Pro,1581F4XF3229R006,53HFK5R0M30ACD,5HAZK6H0018AUR,52XPK6HCA105XX,DJI Fly,, 1.8.0,54E6999D-4E41-3C56-C869-63925F82E9FA,1581F4XF3229R006W0A6,,,,,,,,,,
6/22/2023,8:05:50.81 PM,1m 7.9s,67.9,43.0427658678921,-77.6659882448603,41.9,41.9,35.4,604,535.2,7.002729,9.43766,-6.263432,8.500372,-3.131716,8.276678,,0.223694,-0.7,-2.9,-64.4,295.6,P-GPS (Brake),Other,,25,5,True,,Mini 3 Pro,False,False,,Smart,RC,False,True,False,,,True,,False,False,False,False,False,False,False,False,False,False,0,Follow Yaw,-33.9,0.1,-28.6,331.4,False,False,False,False,False,True,,True,Normal,100,100,681,1024,1024,1368,N,False,False,False,False,False,0,False,False,False,False,68,7.591,1548,2285,7.591,False,3.798,3.793,0.012,False,False,4.849,93.7,90.8,93.7,,,,,,,,,Idle,,,True,,False,10,Go Home,True,True,True,False,False,False,False,False,False,False,False,False,43.0428875252967,-77.6663246167718,100,436.3,1640.4,True,1,1,False,False,False,False,,True,False,False,,328,,16.4,Calm,48,, 1.8.0,DJI Mini 3 Pro,1581F4XF3229R006,53HFK5R0M30ACD,5HAZK6H0018AUR,52XPK6HCA105XX,101.4,0.7,39.3,9.437649,6.71082,0,4049,DJI Mini 3 Pro,1581F4XF3229R006,53HFK5R0M30ACD,5HAZK6H0018AUR,52XPK6HCA105XX,DJI Fly,, 1.8.0,54E6999D-4E41-3C56-C869-63925F82E9FA,1581F4XF3229R006W0A6,,,,,,,,,,
6/22/2023,8:05:51.01 PM,1m 8.1s,68.1,43.0427605792211,-77.6659916340616,41.9,41.9,35.4,604,537.3,7.105586,9.43766,-6.263432,8.500372,-3.35541,8.276678,,0.223694,-0.7,-2.7,-62.3,297.7,P-GPS (Brake),Other,,25,5,True,,Mini 3 Pro,False,False,,Smart,RC,False,True,False,,,True,,False,False,False,False,False,False,False,False,False,False,0,Follow Yaw,-33.9,0.1,-26.5,333.5,False,False,False,False,False,True,,True,Normal,100,100,679,1024,1024,1372,N,False,False,False,False,False,0,False,False,False,False,68,7.588,1546,2285,7.588,False,3.797,3.791,0.012,False,False,4.954,93.7,90.8,93.7,,,,,,,,,Idle,,,True,,False,10,Go Home,True,True,True,False,False,False,False,False,False,False,False,False,43.0428875252967,-77.6663246167718,100.1,436.3,1640.4,True,1,1,False,False,False,False,,True,False,False,,328,,16.4,Calm,48,, 1.8.0,DJI Mini 3 Pro,1581F4XF3229R006,53HFK5R0M30ACD,5HAZK6H0018AUR,52XPK6HCA105XX,101.4,0.7,39.3,9.437649,6.71082,0,4049,DJI Mini 3 Pro,1581F4XF3229R006,53HFK5R0M30ACD,5HAZK6H0018AUR,52XPK6HCA105XX,DJI Fly,, 1.8.0,54E6999D-4E41-3C56-C869-63925F82E9FA,1581F4XF3229R006W0A6,,,,,,,,,,
6/22/2023,8:05:51.21 PM,1m 8.3s,68.3,43.0427553701529,-77.6659952478295,41.9,41.9,35.4,604,539.4,7.020571,9.43766,-6.039738,8.500372,-3.579104,8.276678,,0.223694,-0.4,-1.4,-60.2,299.8,P-GPS (Brake),Other,,25,5,True,,Mini 3 Pro,False,False,,Smart,RC,False,True,False,,,True,,False,False,False,False,False,False,False,False,False,False,0,Follow Yaw,-33.9,0.1,-24.3,335.7,False,False,False,False,False,True,,True,Normal,100,100,679,1024,1024,1374,N,False,False,False,False,False,0,False,False,False,False,68,7.588,1546,2285,7.588,False,3.797,3.791,0.012,False,False,4.954,93.7,90.8,93.7,,,,,,,,,Idle,,,True,,False,10,Go Home,True,True,True,False,False,False,False,False,False,False,False,False,43.0428875252967,-77.6663246167718,100.1,436.3,1640.4,True,1,1,False,False,False,False,,True,False,False,,328,,16.4,Calm,48,, 1.8.0,DJI Mini 3 Pro,1581F4XF3229R006,53HFK5R0M30ACD,5HAZK6H0018AUR,52XPK6HCA105XX,101.4,0.7,39.3,9.437649,6.71082,0,4049,DJI Mini 3 Pro,1581F4XF3229R006,53HFK5R0M30ACD,5HAZK6H0018AUR,52XPK6HCA105XX,DJI Fly,, 1.8.0,54E6999D-4E41-3C56-C869-63925F82E9FA,1581F4XF3229R006W0A6,,,,,,,,,,
6/22/2023,8:05:51.41 PM,1m 8.5s,68.5,43.0427502926195,-77.6659989599435,41.9,41.9,35.4,604,541.5,7.020571,9.43766,-6.039738,8.500372,-3.579104,8.276678,,0.223694,-1.5,-4.1,-58.2,301.8,P-GPS (Brake),Other,,25,5,True,,Mini 3 Pro,False,False,,Smart,RC,False,True,False,,,True,,False,False,False,False,False,False,False,False,False,False,0,Follow Yaw,-33.9,0.1,-22.1,337.9,False,False,False,False,False,True,,True,Normal,100,100,679,1024,1024,1375,N,False,False,False,False,False,0,False,False,False,False,68,7.588,1546,2285,7.588,False,3.797,3.791,0.012,False,False,4.954,93.7,90.8,93.7,,,,,,,,,Idle,,,True,,False,10,Go Home,True,True,True,False,False,False,False,False,False,False,False,False,43.0428875252967,-77.6663246167718,100.2,436.3,1640.4,True,1,1,False,False,False,False,,True,False,False,,328,,16.4,Calm,48,, 1.8.0,DJI Mini 3 Pro,1581F4XF3229R006,53HFK5R0M30ACD,5HAZK6H0018AUR,52XPK6HCA105XX,101.4,0.7,39.3,9.437649,6.71082,0,4049,DJI Mini 3 Pro,1581F4XF3229R006,53HFK5R0M30ACD,5HAZK6H0018AUR,52XPK6HCA105XX,DJI Fly,, 1.8.0,54E6999D-4E41-3C56-C869-63925F82E9FA,1581F4XF3229R006W0A6,,,,,,,,,,
6/22/2023,8:05:51.61 PM,1m 8.7s,68.7,43.0427452866533,-77.6660029102919,41.9,41.9,35.4,604,543.6,6.94893,9.43766,-5.816044,8.500372,-3.802798,8.276678,,0.223694,-2.6,-3.9,-55.8,304.2,P-GPS (Brake),Other,,25,5,True,,Mini 3 Pro,False,False,,Smart,RC,False,True,False,,,True,,False,False,False,False,False,False,False,False,False,False,0,Follow Yaw,-33.9,0.1,-19.9,340.1,False,False,False,False,False,True,,True,Normal,100,100,679,1024,1024,1375,N,False,False,False,False,False,0,False,False,False,False,68,7.588,1546,2285,7.588,False,3.797,3.791,0.012,False,False,4.954,93.7,90.8,93.7,,,,,,,,,Idle,,,True,,False,10,Go Home,True,True,True,False,False,False,False,False,False,False,False,False,43.0428875252967,-77.6663246167718,100.2,436.3,1640.4,True,1,1,False,False,False,False,,True,False,False,,328,,16.4,Calm,48,, 1.8.0,DJI Mini 3 Pro,1581F4XF3229R006,53HFK5R0M30ACD,5HAZK6H0018AUR,52XPK6HCA105XX,101.4,0.7,39.3,9.437649,6.71082,0,4049,DJI Mini 3 Pro,1581F4XF3229R006,53HFK5R0M30ACD,5HAZK6H0018AUR,52XPK6HCA105XX,DJI Fly,, 1.8.0,54E6999D-4E41-3C56-C869-63925F82E9FA,1581F4XF3229R006W0A6,,,,,,,,,,
6/22/2023,8:05:51.82 PM,1m 8.9s,68.9,43.0427403778434,-77.6660071791222,41.9,41.9,35.4,604,545.8,7.073825,9.43766,-5.816044,8.500372,-4.026492,8.276678,,0.223694,-1.3,-3.2,-53.7,306.3,P-GPS (Brake),Other,,25,5,True,,Mini 3 Pro,False,False,,Smart,RC,False,True,False,,,True,,False,False,False,False,False,False,False,False,False,False,0,Follow Yaw,-33.9,0.1,-17.7,342.3,False,False,False,False,False,True,,True,Normal,100,100,679,1024,1024,1375,N,False,False,False,False,False,0,False,False,False,False,68,7.588,1546,2285,7.588,False,3.797,3.791,0.012,False,False,4.954,93.7,90.8,93.7,,,,,,,,,Idle,,,True,,False,10,Go Home,True,True,True,False,False,False,False,False,False,False,False,False,43.0428875252967,-77.6663246167718,100.2,436.3,1640.4,True,1,1,False,False,False,False,,True,False,False,,328,,16.4,Calm,48,, 1.8.0,DJI Mini 3 Pro,1581F4XF3229R006,53HFK5R0M30ACD,5HAZK6H0018AUR,52XPK6HCA105XX,101.4,0.7,39.3,9.437649,6.71082,0,4049,DJI Mini 3 Pro,1581F4XF3229R006,53HFK5R0M30ACD,5HAZK6H0018AUR,52XPK6HCA105XX,DJI Fly,, 1.8.0,54E6999D-4E41-3C56-C869-63925F82E9FA,1581F4XF3229R006W0A6,,,,,,,,,,
6/22/2023,8:05:52.02 PM,1m 9.1s,69.1,43.0427355727947,-77.666011660352,41.9,41.9,35.4,604,547.9,7.024134,9.43766,-5.59235,8.500372,-4.250186,8.276678,,0.223694,-2.8,-3.4,-51.4,308.6,P-GPS (Brake),Other,,25,5,True,,Mini 3 Pro,False,False,,Smart,RC,False,True,False,,,True,,False,False,False,False,False,False,False,False,False,False,0,Follow Yaw,-33.9,0.1,-15.4,344.6,False,False,False,False,False,True,,True,Normal,100,100,679,1024,1024,1375,N,False,False,False,False,False,0,False,False,False,False,68,7.59,1545,2285,7.59,False,3.799,3.791,0.012,False,False,5.033,93.9,90.8,93.9,,,,,,,,,Idle,,,True,,False,10,Go Home,True,True,True,False,False,False,False,False,False,False,False,False,43.0428875252967,-77.6663246167718,100.1,436.3,1640.4,True,1,1,False,False,False,False,,True,False,False,,328,,16.4,Calm,48,, 1.8.0,DJI Mini 3 Pro,1581F4XF3229R006,53HFK5R0M30ACD,5HAZK6H0018AUR,52XPK6HCA105XX,101.4,0.7,39.3,9.437649,6.71082,0,4049,DJI Mini 3 Pro,1581F4XF3229R006,53HFK5R0M30ACD,5HAZK6H0018AUR,52XPK6HCA105XX,DJI Fly,, 1.8.0,54E6999D-4E41-3C56-C869-63925F82E9FA,1581F4XF3229R006W0A6,,,,,,,,,,
6/22/2023,8:05:52.22 PM,1m 9.3s,69.3,43.0427309182906,-77.6660163845517,41.9,41.9,35.4,604,550,6.988423,9.43766,-5.368656,8.500372,-4.47388,8.276678,,0.223694,-3,-3.9,-49.1,310.9,P-GPS (Brake),Other,,25,5,True,,Mini 3 Pro,False,False,,Smart,RC,False,True,False,,,True,,False,False,False,False,False,False,False,False,False,False,0,Follow Yaw,-33.9,0.1,-13.2,346.8,False,False,False,False,False,True,,True,Normal,100,100,679,1024,1024,1374,N,False,False,False,False,False,0,False,False,False,False,68,7.59,1545,2285,7.59,False,3.799,3.791,0.012,False,False,5.033,93.9,90.8,93.9,,,,,,,,,Idle,,,True,,False,10,Go Home,True,True,True,False,False,False,False,False,False,False,False,False,43.0428875252967,-77.6663246167718,100,436.3,1640.4,True,1,1,False,False,False,False,,True,False,False,,328,,16.4,Calm,48,, 1.8.0,DJI Mini 3 Pro,1581F4XF3229R006,53HFK5R0M30ACD,5HAZK6H0018AUR,52XPK6HCA105XX,101.4,0.7,39.3,9.437649,6.71082,0,4049,DJI Mini 3 Pro,1581F4XF3229R006,53HFK5R0M30ACD,5HAZK6H0018AUR,52XPK6HCA105XX,DJI Fly,, 1.8.0,54E6999D-4E41-3C56-C869-63925F82E9FA,1581F4XF3229R006W0A6,,,,,,,,,,
6/22/2023,8:05:52.42 PM,1m 9.5s,69.5,43.0427264011126,-77.6660213815651,41.9,41.9,35.4,604,552.1,6.96691,9.43766,-5.144962,8.500372,-4.697574,8.276678,,0.223694,-2.7,-4.1,-46.9,313.1,P-GPS (Brake),Other,,25,5,True,,Mini 3 Pro,False,False,,Smart,RC,False,True,False,,,True,,False,False,False,False,False,False,False,False,False,False,0,Follow Yaw,-33.9,0.1,-10.9,349.1,False,False,False,False,False,True,,True,Normal,100,100,679,1024,1024,1373,N,False,False,False,False,False,0,False,False,False,False,68,7.59,1545,2285,7.59,False,3.799,3.791,0.012,False,False,5.033,93.9,90.8,93.9,,,,,,,,,Idle,,,True,,False,10,Go Home,True,True,True,False,False,False,False,False,False,False,False,False,43.0428875252967,-77.6663246167718,99.9,436.3,1640.4,True,1,1,False,False,False,False,,True,False,False,,328,,16.4,Calm,48,, 1.8.0,DJI Mini 3 Pro,1581F4XF3229R006,53HFK5R0M30ACD,5HAZK6H0018AUR,52XPK6HCA105XX,101.4,0.7,39.3,9.437649,6.71082,0,4049,DJI Mini 3 Pro,1581F4XF3229R006,53HFK5R0M30ACD,5HAZK6H0018AUR,52XPK6HCA105XX,DJI Fly,, 1.8.0,54E6999D-4E41-3C56-C869-63925F82E9FA,1581F4XF3229R006W0A6,,,,,,,,,,
6/22/2023,8:05:52.62 PM,1m 9.7s,69.7,43.0427219970336,-77.6660266066853,41.9,41.9,35.4,604,554.3,6.959723,9.43766,-4.921268,8.500372,-4.921268,8.276678,,0.223694,-3.1,-3.7,-44.6,315.4,P-GPS (Brake),Other,,25,5,True,,Mini 3 Pro,False,False,,Smart,RC,False,True,False,,,True,,False,False,False,False,False,False,False,False,False,False,0,Follow Yaw,-33.9,0.1,-8.7,351.3,False,False,False,False,False,True,,True,Normal,100,100,679,1024,1024,1371,N,False,False,False,False,False,0,False,False,False,False,68,7.59,1545,2285,7.59,False,3.799,3.791,0.012,False,False,5.033,93.9,90.8,93.9,,,,,,,,,Idle,,,True,,False,10,Go Home,True,True,True,False,False,False,False,False,False,False,False,False,43.0428875252967,-77.6663246167718,99.7,436.3,1640.4,True,1,1,False,False,False,False,,True,False,False,,328,,16.4,Calm,48,, 1.8.0,DJI Mini 3 Pro,1581F4XF3229R006,53HFK5R0M30ACD,5HAZK6H0018AUR,52XPK6HCA105XX,101.4,0.7,39.3,9.437649,6.71082,0,4049,DJI Mini 3 Pro,1581F4XF3229R006,53HFK5R0M30ACD,5HAZK6H0018AUR,52XPK6HCA105XX,DJI Fly,, 1.8.0,54E6999D-4E41-3C56-C869-63925F82E9FA,1581F4XF3229R006W0A6,,,,,,,,,,
6/22/2023,8:05:52.83 PM,1m 9.9s,69.9,43.0427177534967,-77.6660320614594,41.9,41.9,35.4,604,556.4,7.119656,9.43766,-4.921268,8.500372,-5.144962,8.276678,,0.223694,-3.4,-4.3,-42.3,317.7,P-GPS (Brake),Other,,25,5,True,,Mini 3 Pro,False,False,,Smart,RC,False,True,False,,,True,,False,False,False,False,False,False,False,False,False,False,0,Follow Yaw,-33.9,0.1,-6.5,353.5,False,False,False,False,False,True,,True,Normal,100,100,679,1024,1024,1371,N,False,False,False,False,False,0,False,False,False,False,68,7.59,1545,2285,7.59,False,3.799,3.791,0.012,False,False,5.033,93.9,90.8,93.9,,,,,,,,,Idle,,,True,,False,10,Go Home,True,True,True,False,False,False,False,False,False,False,False,False,43.0428875252967,-77.6663246167718,99.5,436.3,1640.4,True,1,1,False,False,False,False,,True,False,False,,328,,16.4,Calm,48,, 1.8.0,DJI Mini 3 Pro,1581F4XF3229R006,53HFK5R0M30ACD,5HAZK6H0018AUR,52XPK6HCA105XX,101.4,0.7,39.3,9.437649,6.71082,0,4049,DJI Mini 3 Pro,1581F4XF3229R006,53HFK5R0M30ACD,5HAZK6H0018AUR,52XPK6HCA105XX,DJI Fly,, 1.8.0,54E6999D-4E41-3C56-C869-63925F82E9FA,1581F4XF3229R006W0A6,,,,,,,,,,
6/22/2023,8:05:53.03 PM,1m 10.1s,70.1,43.0427136829581,-77.6660377596958,41.9,41.9,35.4,604,558.5,7.133699,9.43766,-4.697574,8.500372,-5.368656,8.276678,,0.223694,-3.6,-4.1,-40.1,319.9,P-GPS (Brake),Other,,25,5,True,,Mini 3 Pro,False,False,,Smart,RC,False,True,False,,,True,,False,False,False,False,False,False,False,False,False,False,0,Follow Yaw,-33.9,0.1,-4.3,355.7,False,False,False,False,False,True,,True,Normal,100,100,679,1024,1024,1371,N,False,False,False,False,False,0,False,False,False,False,68,7.589,1543,2285,7.589,False,3.798,3.791,0.012,False,False,5.057,93.9,90.8,93.9,,,,,,,,,Idle,,,True,,False,10,Go Home,True,True,True,False,False,False,False,False,False,False,False,False,43.0428875252967,-77.6663246167718,99.3,436.3,1640.4,True,1,1,False,False,False,False,,True,False,False,,328,,16.4,Calm,48,, 1.8.0,DJI Mini 3 Pro,1581F4XF3229R006,53HFK5R0M30ACD,5HAZK6H0018AUR,52XPK6HCA105XX,101.4,0.7,39.3,9.437649,6.71082,0,4049,DJI Mini 3 Pro,1581F4XF3229R006,53HFK5R0M30ACD,5HAZK6H0018AUR,52XPK6HCA105XX,DJI Fly,, 1.8.0,54E6999D-4E41-3C56-C869-63925F82E9FA,1581F4XF3229R006W0A6,,,,,,,,,,
6/22/2023,8:05:53.33 PM,1m 10.3s,70.3,43.0427097830018,-77.6660437139837,41.9,41.9,35.4,604,560.6,7.161702,9.43766,-4.47388,8.500372,-5.59235,8.276678,,0.223694,-3.3,-4.1,-37.9,322.1,P-GPS (Brake),Other,,25,5,True,,Mini 3 Pro,False,False,,Smart,RC,False,True,False,,,True,,False,False,False,False,False,False,False,False,False,False,0,Follow Yaw,-33.9,0.1,-2.1,357.9,False,False,False,False,False,True,,True,Normal,100,100,679,1024,1024,1370,N,False,False,False,False,False,0,False,False,False,False,68,7.589,1543,2285,7.589,False,3.798,3.791,0.012,False,False,5.057,93.9,90.8,93.9,,,,,,,,,Idle,,,True,,False,10,Go Home,True,True,True,False,False,False,False,False,False,False,False,False,43.0428875252967,-77.6663246167718,99,436.3,1640.4,True,1,1,False,False,False,False,,True,False,False,,328,,16.4,Calm,48,, 1.8.0,DJI Mini 3 Pro,1581F4XF3229R006,53HFK5R0M30ACD,5HAZK6H0018AUR,52XPK6HCA105XX,101.4,0.7,39.3,9.437649,6.71082,0,4049,DJI Mini 3 Pro,1581F4XF3229R006,53HFK5R0M30ACD,5HAZK6H0018AUR,52XPK6HCA105XX,DJI Fly,, 1.8.0,54E6999D-4E41-3C56-C869-63925F82E9FA,1581F4XF3229R006W0A6,,,,,,,,,,
6/22/2023,8:05:53.43 PM,1m 10.5s,70.5,43.0427060417715,-77.6660498982069,41.9,41.9,35.4,604,562.8,7.203502,9.43766,-4.250186,8.500372,-5.816044,8.276678,,0.223694,-3.3,-4,-35.7,324.3,P-GPS (Brake),Other,,25,5,True,,Mini 3 Pro,False,False,,Smart,RC,False,True,False,,,True,,False,False,False,False,False,False,False,False,False,False,0,Follow Yaw,-33.9,0.1,0,0,False,False,False,False,False,True,,True,Normal,100,100,679,1024,1024,1371,N,False,False,False,False,False,0,False,False,False,False,68,7.589,1543,2285,7.589,False,3.798,3.791,0.012,False,False,5.057,93.9,90.8,93.9,,,,,,,,,Idle,,,True,,False,10,Go Home,True,True,True,False,False,False,False,False,False,False,False,False,43.0428875252967,-77.6663246167718,98.7,436.3,1640.4,True,1,1,False,False,False,False,,True,False,False,,328,,16.4,Calm,48,, 1.8.0,DJI Mini 3 Pro,1581F4XF3229R006,53HFK5R0M30ACD,5HAZK6H0018AUR,52XPK6HCA105XX,101.4,0.7,39.3,9.437649,6.71082,0,4049,DJI Mini 3 Pro,1581F4XF3229R006,53HFK5R0M30ACD,5HAZK6H0018AUR,52XPK6HCA105XX,DJI Fly,, 1.8.0,54E6999D-4E41-3C56-C869-63925F82E9FA,1581F4XF3229R006W0A6,,,,,,,,,,
6/22/2023,8:05:53.63 PM,1m 10.7s,70.7,43.0427024747045,-77.6660563195392,41.9,41.9,35.4,604,564.9,7.073825,9.43766,-4.026492,8.500372,-5.816044,8.276678,,0.223694,-3,-3.8,-33.6,326.4,P-GPS (Brake),Other,,25,5,True,,Mini 3 Pro,False,False,,Smart,RC,False,True,False,,,True,,False,False,False,False,False,False,False,False,False,False,0,Follow Yaw,-33.9,0.1,2.1,2.1,False,False,False,False,False,True,,True,Normal,100,100,679,1024,1024,1371,N,False,False,False,False,False,0,False,False,False,False,68,7.589,1543,2285,7.589,False,3.798,3.791,0.012,False,False,5.057,93.9,90.8,93.9,,,,,,,,,Idle,,,True,,False,10,Go Home,True,True,True,False,False,False,False,False,False,False,False,False,43.0428875252967,-77.6663246167718,98.3,436.3,1640.4,True,1,1,False,False,False,False,,True,False,False,,328,,16.4,Calm,48,, 1.8.0,DJI Mini 3 Pro,1581F4XF3229R006,53HFK5R0M30ACD,5HAZK6H0018AUR,52XPK6HCA105XX,101.4,0.7,39.3,9.437649,6.71082,0,4049,DJI Mini 3 Pro,1581F4XF3229R006,53HFK5R0M30ACD,5HAZK6H0018AUR,52XPK6HCA105XX,DJI Fly,, 1.8.0,54E6999D-4E41-3C56-C869-63925F82E9FA,1581F4XF3229R006W0A6,,,,,,,,,,
6/22/2023,8:05:53.84 PM,1m 10.9s,70.9,43.0426990880545,-77.6660629360867,41.9,41.9,35.4,604,567.1,7.137205,9.43766,-3.802798,8.500372,-6.039738,8.276678,,0.223694,-3.2,-3.7,-31.4,328.6,P-GPS (Brake),Other,,25,5,True,,Mini 3 Pro,False,False,,Smart,RC,False,True,False,,,True,,False,False,False,False,False,False,False,False,False,False,0,Follow Yaw,-33.9,0.1,4.3,4.3,False,False,False,False,False,True,,True,Normal,100,100,675,1024,1024,1372,N,False,False,False,False,False,0,False,False,False,False,68,7.589,1543,2285,7.589,False,3.798,3.791,0.012,False,False,5.057,93.9,90.8,93.9,,,,,,,,,Idle,,,True,,False,10,Go Home,True,True,True,False,False,False,False,False,False,False,False,False,43.0428875252967,-77.6663246167718,97.9,436.3,1640.4,True,1,1,False,False,False,False,,True,False,False,,328,,16.4,Calm,48,, 1.8.0,DJI Mini 3 Pro,1581F4XF3229R006,53HFK5R0M30ACD,5HAZK6H0018AUR,52XPK6HCA105XX,101.4,0.7,39.3,9.437649,6.71082,0,4049,DJI Mini 3 Pro,1581F4XF3229R006,53HFK5R0M30ACD,5HAZK6H0018AUR,52XPK6HCA105XX,DJI Fly,, 1.8.0,54E6999D-4E41-3C56-C869-63925F82E9FA,1581F4XF3229R006W0A6,,,,,,,,,,
6/22/2023,8:05:54.04 PM,1m 11.1s,71.1,43.042695869674,-77.6660697111367,41.9,41.9,35.4,604,569.2,7.213914,9.43766,-3.579104,8.500372,-6.263432,8.276678,,0.223694,-3.6,-3.5,-29.2,330.8,P-GPS (Brake),Other,,25,5,True,,Mini 3 Pro,False,False,,Smart,RC,False,True,False,,,True,,False,False,False,False,False,False,False,False,False,False,0,Follow Yaw,-33.9,0.1,6.5,6.5,False,False,False,False,False,True,,True,Normal,100,100,668,1024,1024,1372,N,False,False,False,False,False,0,False,False,False,False,68,7.587,1542,2285,7.587,False,3.797,3.79,0.012,False,False,4.954,93.9,90.8,93.9,,,,,,,,,Idle,,,True,,False,10,Go Home,True,True,True,False,False,False,False,False,False,False,False,False,43.0428875252967,-77.6663246167718,97.5,436.3,1640.4,True,1,1,False,False,False,False,,True,False,False,,328,,16.4,Calm,48,, 1.8.0,DJI Mini 3 Pro,1581F4XF3229R006,53HFK5R0M30ACD,5HAZK6H0018AUR,52XPK6HCA105XX,101.4,0.7,39.3,9.437649,6.71082,0,4049,DJI Mini 3 Pro,1581F4XF3229R006,53HFK5R0M30ACD,5HAZK6H0018AUR,52XPK6HCA105XX,DJI Fly,, 1.8.0,54E6999D-4E41-3C56-C869-63925F82E9FA,1581F4XF3229R006W0A6,,,,,,,,,,
6/22/2023,8:05:54.24 PM,1m 11.3s,71.3,43.0426928104134,-77.6660766577707,41.9,41.9,35.4,604,571.4,7.303532,9.43766,-3.35541,8.500372,-6.487126,8.276678,,0.223694,-3.6,-3.4,-27,333,P-GPS (Brake),Other,,25,5,True,,Mini 3 Pro,False,False,,Smart,RC,False,True,False,,,True,,False,False,False,False,False,False,False,False,False,False,0,Follow Yaw,-33.9,0.1,8.7,8.7,False,False,False,False,False,True,,True,Normal,100,100,668,1024,1024,1369,N,False,False,False,False,False,0,False,False,False,False,68,7.587,1542,2285,7.587,False,3.797,3.79,0.012,False,False,4.954,93.9,90.8,93.9,,,,,,,,,Idle,,,True,,False,10,Go Home,True,True,True,False,False,False,False,False,False,False,False,False,43.0428875252967,-77.6663246167718,97,436.3,1640.4,True,1,1,False,False,False,False,,True,False,False,,328,,16.4,Calm,48,, 1.8.0,DJI Mini 3 Pro,1581F4XF3229R006,53HFK5R0M30ACD,5HAZK6H0018AUR,52XPK6HCA105XX,101.4,0.7,39.3,9.437649,6.71082,0,4049,DJI Mini 3 Pro,1581F4XF3229R006,53HFK5R0M30ACD,5HAZK6H0018AUR,52XPK6HCA105XX,DJI Fly,, 1.8.0,54E6999D-4E41-3C56-C869-63925F82E9FA,1581F4XF3229R006W0A6,,,,,,,,,,
6/22/2023,8:05:54.44 PM,1m 11.5s,71.5,43.0426899269267,-77.6660837932434,41.9,41.9,35.4,604,573.6,7.203502,9.43766,-3.131716,8.500372,-6.487126,8.276678,,0.223694,-3.8,-3.8,-24.9,335.1,P-GPS (Brake),Other,,25,5,True,,Mini 3 Pro,False,False,,Smart,RC,False,True,False,,,True,,False,False,False,False,False,False,False,False,False,False,0,Follow Yaw,-33.9,0.1,10.8,10.8,False,False,False,False,False,True,,True,Normal,100,100,668,1023,1024,1369,N,False,False,False,False,False,0,False,False,False,False,68,7.587,1542,2285,7.587,False,3.797,3.79,0.012,False,False,4.954,93.9,90.8,93.9,,,,,,,,,Idle,,,True,,False,10,Go Home,True,True,True,False,False,False,False,False,False,False,False,False,43.0428875252967,-77.6663246167718,96.5,436.3,1640.4,True,1,1,False,False,False,False,,True,False,False,,328,,16.4,Calm,48,, 1.8.0,DJI Mini 3 Pro,1581F4XF3229R006,53HFK5R0M30ACD,5HAZK6H0018AUR,52XPK6HCA105XX,101.4,0.7,39.3,9.437649,6.71082,0,4049,DJI Mini 3 Pro,1581F4XF3229R006,53HFK5R0M30ACD,5HAZK6H0018AUR,52XPK6HCA105XX,DJI Fly,, 1.8.0,54E6999D-4E41-3C56-C869-63925F82E9FA,1581F4XF3229R006W0A6,,,,,,,,,,
6/22/2023,8:05:54.65 PM,1m 11.7s,71.7,43.0426872154617,-77.6660911089273,41.9,41.9,35.4,604,575.8,7.313801,9.43766,-2.908022,8.500372,-6.71082,8.276678,,0.223694,-4.5,-3.3,-22.7,337.3,P-GPS (Brake),Other,,25,5,True,,Mini 3 Pro,False,False,,Smart,RC,False,True,False,,,True,,False,False,False,False,False,False,False,False,False,False,0,Follow Yaw,-33.9,0,12.9,12.9,False,False,False,False,False,True,,True,Normal,100,100,668,1020,1024,1351,N,False,False,False,False,False,0,False,False,False,False,68,7.587,1542,2285,7.587,False,3.797,3.79,0.012,False,False,4.954,93.9,90.8,93.9,,,,,,,,,Idle,,,True,,False,10,Go Home,True,True,True,False,False,False,False,False,False,False,False,False,43.0428875252967,-77.6663246167718,96,436.3,1640.4,True,1,1,False,False,False,False,,True,False,False,,328,,16.4,Calm,48,, 1.8.0,DJI Mini 3 Pro,1581F4XF3229R006,53HFK5R0M30ACD,5HAZK6H0018AUR,52XPK6HCA105XX,101.4,0.7,39.3,9.437649,6.71082,0,4049,DJI Mini 3 Pro,1581F4XF3229R006,53HFK5R0M30ACD,5HAZK6H0018AUR,52XPK6HCA105XX,DJI Fly,, 1.8.0,54E6999D-4E41-3C56-C869-63925F82E9FA,1581F4XF3229R006W0A6,,,,,,,,,,
6/22/2023,8:05:54.85 PM,1m 11.9s,71.9,43.0426846839511,-77.6660985829497,41.9,41.9,35.4,604,578,7.227774,9.43766,-2.684328,8.500372,-6.71082,8.276678,,0.223694,-4.4,-3,-20.5,339.5,P-GPS (Brake),Other,,25,5,True,,Mini 3 Pro,False,False,,Smart,RC,False,True,False,,,True,,False,False,False,False,False,False,False,False,False,False,0,Follow Yaw,-33.9,0,14.9,14.9,False,False,False,False,False,True,,True,Normal,100,100,668,1014,1024,1360,N,False,False,False,False,False,0,False,False,False,False,68,7.587,1542,2285,7.587,False,3.797,3.79,0.012,False,False,4.954,93.9,90.8,93.9,,,,,,,,,Idle,,,True,,False,10,Go Home,True,True,True,False,False,False,False,False,False,False,False,False,43.0428875252967,-77.6663246167718,95.4,436.3,1640.4,True,1,1,False,False,False,False,,True,False,False,,328,,16.4,Calm,48,, 1.8.0,DJI Mini 3 Pro,1581F4XF3229R006,53HFK5R0M30ACD,5HAZK6H0018AUR,52XPK6HCA105XX,101.4,0.7,39.3,9.437649,6.71082,0,4049,DJI Mini 3 Pro,1581F4XF3229R006,53HFK5R0M30ACD,5HAZK6H0018AUR,52XPK6HCA105XX,DJI Fly,, 1.8.0,54E6999D-4E41-3C56-C869-63925F82E9FA,1581F4XF3229R006W0A6,,,,,,,,,,
6/22/2023,8:05:55.05 PM,1m 12.1s,72.1,43.0426823461533,-77.6661061766987,41.9,41.9,35.4,604,580.1,7.358138,9.43766,-2.460634,8.500372,-6.934514,8.276678,,0.223694,-4.7,-3.7,-18.6,341.4,P-GPS (Brake),Other,,25,5,True,,Mini 3 Pro,False,False,,Smart,RC,False,True,False,,,True,,False,False,False,False,False,False,False,False,False,False,0,Follow Yaw,-33.9,0,16.9,16.9,False,False,False,False,False,True,,True,Normal,100,100,668,1014,1024,1360,N,False,False,False,False,False,0,False,False,False,False,68,7.585,1541,2285,7.585,False,3.796,3.789,0.012,False,False,4.995,93.9,90.8,93.9,,,,,,,,,Idle,,,True,,False,10,Go Home,True,True,True,False,False,False,False,False,False,False,False,False,43.0428875252967,-77.6663246167718,94.8,436.3,1640.4,True,1,1,False,False,False,False,,True,False,False,,328,,16.4,Calm,48,, 1.8.0,DJI Mini 3 Pro,1581F4XF3229R006,53HFK5R0M30ACD,5HAZK6H0018AUR,52XPK6HCA105XX,101.4,0.7,39.3,9.437649,6.71082,0,4049,DJI Mini 3 Pro,1581F4XF3229R006,53HFK5R0M30ACD,5HAZK6H0018AUR,52XPK6HCA105XX,DJI Fly,, 1.8.0,54E6999D-4E41-3C56-C869-63925F82E9FA,1581F4XF3229R006W0A6,,,,,,,,,,
6/22/2023,8:05:55.25 PM,1m 12.3s,72.3,43.042680221515,-77.6661138818051,41.9,41.9,35.4,604,582.3,7.286383,9.43766,-2.23694,8.500372,-6.934514,8.276678,,0.223694,-3.9,-4,-16.6,343.4,P-GPS (Brake),Other,,25,5,True,,Mini 3 Pro,False,False,,Smart,RC,False,True,False,,,True,,False,False,False,False,False,False,False,False,False,False,0,Follow Yaw,-33.9,0,18.9,18.9,False,False,False,False,False,True,,True,Normal,100,100,668,1015,1024,1358,N,False,False,False,False,False,0,False,False,False,False,68,7.585,1541,2285,7.585,False,3.796,3.789,0.012,False,False,4.995,93.9,90.8,93.9,,,,,,,,,Idle,,,True,,False,10,Go Home,True,True,True,False,False,False,False,False,False,False,False,False,43.0428875252967,-77.6663246167718,94.2,436.3,1640.4,True,1,1,False,False,False,False,,True,False,False,,328,,16.4,Calm,48,, 1.8.0,DJI Mini 3 Pro,1581F4XF3229R006,53HFK5R0M30ACD,5HAZK6H0018AUR,52XPK6HCA105XX,101.4,0.7,39.3,9.437649,6.71082,0,4049,DJI Mini 3 Pro,1581F4XF3229R006,53HFK5R0M30ACD,5HAZK6H0018AUR,52XPK6HCA105XX,DJI Fly,, 1.8.0,54E6999D-4E41-3C56-C869-63925F82E9FA,1581F4XF3229R006W0A6,,,,,,,,,,
6/22/2023,8:05:55.45 PM,1m 12.5s,72.5,43.0426782948214,-77.6661217015158,41.9,41.9,35.4,604,584.5,7.435933,9.43766,-2.013246,8.500372,-7.158208,8.276678,,0.223694,-4.1,-4.4,-14.6,345.4,P-GPS (Brake),Other,,25,5,True,,Mini 3 Pro,False,False,,Smart,RC,False,True,False,,,True,,False,False,False,False,False,False,False,False,False,False,0,Follow Yaw,-33.9,0,20.9,20.9,False,False,False,False,False,True,,True,Normal,100,100,668,1017,1024,1347,N,False,False,False,False,False,0,False,False,False,False,68,7.585,1541,2285,7.585,False,3.796,3.789,0.012,False,False,4.995,93.9,90.8,93.9,,,,,,,,,Idle,,,True,,False,10,Go Home,True,True,True,False,False,False,False,False,False,False,False,False,43.0428875252967,-77.6663246167718,93.5,436.3,1640.4,True,1,1,False,False,False,False,,True,False,False,,328,,16.4,Calm,48,, 1.8.0,DJI Mini 3 Pro,1581F4XF3229R006,53HFK5R0M30ACD,5HAZK6H0018AUR,52XPK6HCA105XX,101.4,0.7,39.3,9.437649,6.71082,0,4049,DJI Mini 3 Pro,1581F4XF3229R006,53HFK5R0M30ACD,5HAZK6H0018AUR,52XPK6HCA105XX,DJI Fly,, 1.8.0,54E6999D-4E41-3C56-C869-63925F82E9FA,1581F4XF3229R006W0A6,,,,,,,,,,
6/22/2023,8:05:55.66 PM,1m 12.7s,72.7,43.0426765791457,-77.6661296811004,41.9,41.9,35.4,604,586.8,7.54615,9.43766,-1.565858,8.500372,-7.381902,8.276678,,0.223694,-3.7,-4.1,-12.6,347.4,P-GPS (Brake),Other,,25,5,True,,Mini 3 Pro,False,False,,Smart,RC,False,True,False,,,True,,False,False,False,False,False,False,False,False,False,False,0,Follow Yaw,-33.9,0,22.8,22.8,False,False,False,False,False,True,,True,Normal,100,100,668,1017,1024,1348,N,False,False,False,False,False,0,False,False,False,False,68,7.585,1541,2285,7.585,False,3.796,3.789,0.012,False,False,4.995,93.9,90.8,93.9,,,,,,,,,Idle,,,True,,False,10,Go Home,True,True,True,False,False,False,False,False,False,False,False,False,43.0428875252967,-77.6663246167718,92.8,436.3,1640.4,True,1,1,False,False,False,False,,True,False,False,,328,,16.4,Calm,48,, 1.8.0,DJI Mini 3 Pro,1581F4XF3229R006,53HFK5R0M30ACD,5HAZK6H0018AUR,52XPK6HCA105XX,101.4,0.7,39.3,9.437649,6.71082,0,4049,DJI Mini 3 Pro,1581F4XF3229R006,53HFK5R0M30ACD,5HAZK6H0018AUR,52XPK6HCA105XX,DJI Fly,, 1.8.0,54E6999D-4E41-3C56-C869-63925F82E9FA,1581F4XF3229R006W0A6,,,,,,,,,,
6/22/2023,8:05:55.86 PM,1m 12.9s,72.9,43.0426750524367,-77.6661377815957,41.9,41.9,35.4,604,589,7.502924,9.43766,-1.342164,8.500372,-7.381902,8.276678,,0.223694,-3.4,-3.8,-10.7,349.3,P-GPS (Brake),Other,,25,5,True,,Mini 3 Pro,False,False,,Smart,RC,False,True,False,,,True,,False,False,False,False,False,False,False,False,False,False,0,Follow Yaw,-33.9,0,24.7,24.7,False,False,False,False,False,True,,True,Normal,100,100,668,1017,1024,1351,N,False,False,False,False,False,0,False,False,False,False,68,7.585,1541,2285,7.585,False,3.796,3.789,0.012,False,False,4.995,93.9,90.8,93.9,,,,,,,,,Idle,,,True,,False,10,Go Home,True,True,True,False,False,False,False,False,False,False,False,False,43.0428875252967,-77.6663246167718,92.1,436.3,1640.4,True,1,1,False,False,False,False,,True,False,False,,328,,16.4,Calm,48,, 1.8.0,DJI Mini 3 Pro,1581F4XF3229R006,53HFK5R0M30ACD,5HAZK6H0018AUR,52XPK6HCA105XX,101.4,0.7,39.3,9.437649,6.71082,0,4049,DJI Mini 3 Pro,1581F4XF3229R006,53HFK5R0M30ACD,5HAZK6H0018AUR,52XPK6HCA105XX,DJI Fly,, 1.8.0,54E6999D-4E41-3C56-C869-63925F82E9FA,1581F4XF3229R006W0A6,,,,,,,,,,
6/22/2023,8:05:56.06 PM,1m 13.1s,73.1,43.042673652328,-77.6661459689144,41.9,41.9,35.4,604,591.2,7.502924,9.43766,-1.342164,8.500372,-7.381902,8.276678,,0.223694,-3.8,-3.9,-8.9,351.1,P-GPS (Brake),Other,,25,5,True,,Mini 3 Pro,False,False,,Smart,RC,False,True,False,,,True,,False,False,False,False,False,False,False,False,False,False,0,Follow Yaw,-33.9,0,26.6,26.6,False,False,False,False,False,True,,True,Normal,100,100,668,1017,1024,1368,N,False,False,False,False,False,0,False,False,False,False,68,7.587,1539,2285,7.587,False,3.796,3.788,0.012,False,False,4.986,94.1,90.8,94.1,,,,,,,,,Idle,,,True,,False,10,Go Home,True,True,True,False,False,False,False,False,False,False,False,False,43.0428875252967,-77.6663246167718,91.4,436.3,1640.4,True,1,1,False,False,False,False,,True,False,False,,328,,16.4,Calm,48,, 1.8.0,DJI Mini 3 Pro,1581F4XF3229R006,53HFK5R0M30ACD,5HAZK6H0018AUR,52XPK6HCA105XX,101.4,0.7,39.3,9.437649,6.71082,0,4049,DJI Mini 3 Pro,1581F4XF3229R006,53HFK5R0M30ACD,5HAZK6H0018AUR,52XPK6HCA105XX,DJI Fly,, 1.8.0,54E6999D-4E41-3C56-C869-63925F82E9FA,1581F4XF3229R006W0A6,,,,,,,,,,
6/22/2023,8:05:56.26 PM,1m 13.3s,73.3,43.0426724004596,-77.6661542444048,41.9,41.9,35.4,604,593.5,7.687396,9.43766,-1.11847,8.500372,-7.605596,8.276678,,0.223694,-4.7,-3.8,-6.9,353.1,P-GPS (Brake),Other,,25,5,True,,Mini 3 Pro,False,False,,Smart,RC,False,True,False,,,True,,False,False,False,False,False,False,False,False,False,False,0,Follow Yaw,-33.9,0,28.6,28.6,False,False,False,False,False,True,,True,Normal,100,100,668,1016,1024,1372,N,False,False,False,False,False,0,False,False,False,False,68,7.584,1539,2285,7.584,False,3.796,3.788,0.012,False,False,4.986,94.1,90.8,94.1,,,,,,,,,Idle,,,True,,False,10,Go Home,True,True,True,False,False,False,False,False,False,False,False,False,43.0428875252967,-77.6663246167718,90.6,436.3,1640.4,True,1,1,False,False,False,False,,True,False,False,,328,,16.4,Calm,48,, 1.8.0,DJI Mini 3 Pro,1581F4XF3229R006,53HFK5R0M30ACD,5HAZK6H0018AUR,52XPK6HCA105XX,101.4,0.7,39.3,9.437649,6.71082,0,4049,DJI Mini 3 Pro,1581F4XF3229R006,53HFK5R0M30ACD,5HAZK6H0018AUR,52XPK6HCA105XX,DJI Fly,, 1.8.0,54E6999D-4E41-3C56-C869-63925F82E9FA,1581F4XF3229R006W0A6,,,,,,,,,,
6/22/2023,8:05:56.47 PM,1m 13.5s,73.5,43.0426713205613,-77.6661625901557,41.9,41.9,35.4,604,595.7,7.658049,9.43766,-0.894776,8.500372,-7.605596,8.276678,,0.223694,-4.9,-3.4,-4.9,355.1,P-GPS (Brake),Other,,25,5,True,,Mini 3 Pro,False,False,,Smart,RC,False,True,False,,,True,,False,False,False,False,False,False,False,False,False,False,0,Follow Yaw,-33.9,0.1,30.7,30.7,False,False,False,False,False,True,,True,Normal,100,100,668,1016,1024,1373,N,False,False,False,False,False,0,False,False,False,False,68,7.584,1539,2285,7.584,False,3.796,3.788,0.012,False,False,4.986,94.1,90.8,94.1,,,,,,,,,Idle,,,True,,False,10,Go Home,True,True,True,False,False,False,False,False,False,False,False,False,43.0428875252967,-77.6663246167718,89.9,436.3,1640.4,True,1,1,False,False,False,False,,True,False,False,,328,,16.4,Calm,48,, 1.8.0,DJI Mini 3 Pro,1581F4XF3229R006,53HFK5R0M30ACD,5HAZK6H0018AUR,52XPK6HCA105XX,101.4,0.7,39.3,9.437649,6.71082,0,4049,DJI Mini 3 Pro,1581F4XF3229R006,53HFK5R0M30ACD,5HAZK6H0018AUR,52XPK6HCA105XX,DJI Fly,, 1.8.0,54E6999D-4E41-3C56-C869-63925F82E9FA,1581F4XF3229R006W0A6,,,,,,,,,,
6/22/2023,8:05:56.67 PM,1m 13.7s,73.7,43.0426704636058,-77.6661709780818,41.9,41.9,35.4,604,598,7.635145,9.43766,-0.671082,8.500372,-7.605596,8.276678,,0.223694,-6.1,-3.9,-2.8,357.2,P-GPS (Brake),Other,,25,5,True,,Mini 3 Pro,False,False,,Smart,RC,False,True,False,,,True,,False,False,False,False,False,False,False,False,False,False,0,Follow Yaw,-33.9,0.1,32.8,32.8,False,False,False,False,False,True,,True,Normal,100,100,666,1017,1024,1373,N,False,False,False,False,False,0,False,False,False,False,68,7.584,1539,2285,7.584,False,3.796,3.788,0.012,False,False,4.986,94.1,90.8,94.1,,,,,,,,,Idle,,,True,,False,10,Go Home,True,True,True,False,False,False,False,False,False,False,False,False,43.0428875252967,-77.6663246167718,89.1,436.3,1640.4,True,1,1,False,False,False,False,,True,False,False,,328,,16.4,Calm,48,, 1.8.0,DJI Mini 3 Pro,1581F4XF3229R006,53HFK5R0M30ACD,5HAZK6H0018AUR,52XPK6HCA105XX,101.4,0.7,39.3,9.437649,6.71082,0,4049,DJI Mini 3 Pro,1581F4XF3229R006,53HFK5R0M30ACD,5HAZK6H0018AUR,52XPK6HCA105XX,DJI Fly,, 1.8.0,54E6999D-4E41-3C56-C869-63925F82E9FA,1581F4XF3229R006W0A6,,,,,,,,,,
6/22/2023,8:05:56.87 PM,1m 13.9s,73.9,43.0426698862711,-77.6661794418714,41.9,41.9,35.4,604,600.3,7.608884,9.43766,-0.223694,8.500372,-7.605596,8.276678,,0.223694,-5.7,-4,-0.6,359.4,P-GPS (Brake),Other,,25,5,True,,Mini 3 Pro,False,False,,Smart,RC,False,True,False,,,True,,False,False,False,False,False,False,False,False,False,False,0,Follow Yaw,-33.9,0.1,35.1,35.1,False,False,False,False,False,True,,True,Normal,100,100,666,1017,1024,1376,N,False,False,False,False,False,0,False,False,False,False,68,7.584,1539,2285,7.584,False,3.796,3.788,0.012,False,False,4.986,94.1,90.8,94.1,,,,,,,,,Idle,,,True,,False,10,Go Home,True,True,True,False,False,False,False,False,False,False,False,False,43.0428875252967,-77.6663246167718,88.3,436.3,1640.4,True,1,1,False,False,False,False,,True,False,False,,328,,16.4,Calm,48,, 1.8.0,DJI Mini 3 Pro,1581F4XF3229R006,53HFK5R0M30ACD,5HAZK6H0018AUR,52XPK6HCA105XX,101.4,0.7,39.3,9.437649,6.71082,0,4049,DJI Mini 3 Pro,1581F4XF3229R006,53HFK5R0M30ACD,5HAZK6H0018AUR,52XPK6HCA105XX,DJI Fly,, 1.8.0,54E6999D-4E41-3C56-C869-63925F82E9FA,1581F4XF3229R006W0A6,,,,,,,,,,
6/22/2023,8:05:57.07 PM,1m 14.1s,74.1,43.0426695648785,-77.6661879565456,41.9,41.9,35.4,604,602.5,7.605596,9.43766,,8.500372,-7.605596,8.276678,,0.223694,-5.7,-4,1.5,1.5,P-GPS (Brake),Other,,25,5,True,,Mini 3 Pro,False,False,,Smart,RC,False,True,False,,,True,,False,False,False,False,False,False,False,False,False,False,0,Follow Yaw,-33.9,0.1,37.3,37.3,False,False,False,False,False,True,,True,Normal,100,100,655,1004,1024,1376,N,False,False,False,False,False,0,False,False,False,False,68,7.584,1539,2285,7.584,False,3.796,3.788,0.012,False,False,4.986,94.1,90.8,94.1,,,,,,,,,Idle,,,True,,False,10,Go Home,True,True,True,False,False,False,False,False,False,False,False,False,43.0428875252967,-77.6663246167718,87.4,436.3,1640.4,True,1,1,False,False,False,False,,True,False,False,,328,,16.4,Calm,48,, 1.8.0,DJI Mini 3 Pro,1581F4XF3229R006,53HFK5R0M30ACD,5HAZK6H0018AUR,52XPK6HCA105XX,101.4,0.7,39.3,9.437649,6.71082,0,4049,DJI Mini 3 Pro,1581F4XF3229R006,53HFK5R0M30ACD,5HAZK6H0018AUR,52XPK6HCA105XX,DJI Fly,, 1.8.0,54E6999D-4E41-3C56-C869-63925F82E9FA,1581F4XF3229R006W0A6,,,,,,,,,,
6/22/2023,8:05:57.27 PM,1m 14.3s,74.3,43.0426694949562,-77.6661964982268,41.9,41.9,35.4,604,604.8,7.608884,9.43766,0.223694,8.500372,-7.605596,8.276678,,0.223694,-5.5,-3.9,3.8,3.8,P-GPS (Brake),Other,,25,5,True,,Mini 3 Pro,False,False,,Smart,RC,False,True,False,,,True,,False,False,False,False,False,False,False,False,False,False,0,Follow Yaw,-33.9,0.1,39.5,39.5,False,False,False,False,False,True,,True,Normal,100,100,645,993,1024,1394,N,False,False,False,False,False,0,False,False,False,False,68,7.591,1538,2285,7.591,False,3.799,3.792,0.012,False,False,4.859,94.1,90.8,94.1,,,,,,,,,Idle,,,True,,False,10,Go Home,True,True,True,False,False,False,False,False,False,False,False,False,43.0428875252967,-77.6663246167718,86.5,436.3,1640.4,True,1,1,False,False,False,False,,True,False,False,,328,,16.4,Calm,48,, 1.8.0,DJI Mini 3 Pro,1581F4XF3229R006,53HFK5R0M30ACD,5HAZK6H0018AUR,52XPK6HCA105XX,101.4,0.7,39.3,9.437649,6.71082,0,4049,DJI Mini 3 Pro,1581F4XF3229R006,53HFK5R0M30ACD,5HAZK6H0018AUR,52XPK6HCA105XX,DJI Fly,, 1.8.0,54E6999D-4E41-3C56-C869-63925F82E9FA,1581F4XF3229R006W0A6,,,,,,,,,,
6/22/2023,8:05:57.48 PM,1m 14.5s,74.5,43.0426696981781,-77.6662050653561,41.9,41.9,35.4,604,607.1,7.618743,9.43766,0.447388,8.500372,-7.605596,8.276678,,0.223694,-5.3,-4.3,6,6,P-GPS (Brake),Other,,25,5,True,,Mini 3 Pro,False,False,,Smart,RC,False,True,False,,,True,,False,False,False,False,False,False,False,False,False,False,0,Follow Yaw,-33.9,0.1,41.8,41.8,False,False,False,False,False,True,,True,Normal,100,100,649,995,1024,1381,N,False,False,False,False,False,0,False,False,False,False,68,7.591,1538,2285,7.591,False,3.799,3.792,0.012,False,False,4.859,94.1,90.8,94.1,,,,,,,,,Idle,,,True,,False,10,Go Home,True,True,True,False,False,False,False,False,False,False,False,False,43.0428875252967,-77.6663246167718,85.6,436.3,1640.4,True,1,1,False,False,False,False,,True,False,False,,328,,16.4,Calm,48,, 1.8.0,DJI Mini 3 Pro,1581F4XF3229R006,53HFK5R0M30ACD,5HAZK6H0018AUR,52XPK6HCA105XX,101.4,0.7,39.3,9.437649,6.71082,0,4049,DJI Mini 3 Pro,1581F4XF3229R006,53HFK5R0M30ACD,5HAZK6H0018AUR,52XPK6HCA105XX,DJI Fly,, 1.8.0,54E6999D-4E41-3C56-C869-63925F82E9FA,1581F4XF3229R006W0A6,,,,,,,,,,
6/22/2023,8:05:57.68 PM,1m 14.7s,74.7,43.0426701568282,-77.6662136364123,41.9,41.9,35.4,604,609.4,7.658049,9.43766,0.894776,8.500372,-7.605596,8.276678,,0.223694,-6.5,-5.5,8.5,8.5,P-GPS (Brake),Other,,25,5,True,,Mini 3 Pro,False,False,,Smart,RC,False,True,False,,,True,,False,False,False,False,False,False,False,False,False,False,0,Follow Yaw,-33.9,0.1,44.3,44.3,False,False,False,False,False,True,,True,Normal,100,100,648,996,1024,1377,N,False,False,False,False,False,0,False,False,False,False,68,7.591,1538,2285,7.591,False,3.799,3.792,0.012,False,False,4.859,94.1,90.8,94.1,,,,,,,,,Idle,,,True,,False,10,Go Home,True,True,True,False,False,False,False,False,False,False,False,False,43.0428875252967,-77.6663246167718,84.6,436.3,1640.4,True,1,1,False,False,False,False,,True,False,False,,328,,16.4,Calm,48,, 1.8.0,DJI Mini 3 Pro,1581F4XF3229R006,53HFK5R0M30ACD,5HAZK6H0018AUR,52XPK6HCA105XX,101.4,0.7,39.3,9.437649,6.71082,0,4049,DJI Mini 3 Pro,1581F4XF3229R006,53HFK5R0M30ACD,5HAZK6H0018AUR,52XPK6HCA105XX,DJI Fly,, 1.8.0,54E6999D-4E41-3C56-C869-63925F82E9FA,1581F4XF3229R006W0A6,,,,,,,,,,
6/22/2023,8:05:57.78 PM,1m 14.9s,74.9,43.0426708935913,-77.6662222856822,41.9,41.9,35.4,604,611.7,7.908777,9.43766,1.11847,8.500372,-7.82929,8.276678,,0.223694,-5.3,-5,10.8,10.8,P-GPS (Brake),Other,,25,5,True,,Mini 3 Pro,False,False,,Smart,RC,False,True,False,,,True,,False,False,False,False,False,False,False,False,False,False,0,Follow Yaw,-33.9,0.1,46.7,46.7,False,False,False,False,False,True,,True,Normal,100,100,648,997,1024,1417,N,False,False,False,False,False,0,False,False,False,False,68,7.591,1538,2285,7.591,False,3.799,3.792,0.012,False,False,4.859,94.1,90.8,94.1,,,,,,,,,Idle,,,True,,False,10,Go Home,True,True,True,False,False,False,False,False,False,False,False,False,43.0428875252967,-77.6663246167718,83.6,436.3,1640.4,True,1,1,False,False,False,False,,True,False,False,,328,,16.4,Calm,48,, 1.8.0,DJI Mini 3 Pro,1581F4XF3229R006,53HFK5R0M30ACD,5HAZK6H0018AUR,52XPK6HCA105XX,101.4,0.7,39.3,9.437649,6.71082,0,4049,DJI Mini 3 Pro,1581F4XF3229R006,53HFK5R0M30ACD,5HAZK6H0018AUR,52XPK6HCA105XX,DJI Fly,, 1.8.0,54E6999D-4E41-3C56-C869-63925F82E9FA,1581F4XF3229R006W0A6,,,,,,,,,,
6/22/2023,8:05:58.08 PM,1m 15.1s,75.1,43.0426718747999,-77.6662309647608,41.9,41.9,35.4,604,614.1,7.98434,9.43766,1.565858,8.500372,-7.82929,8.276678,,0.223694,-5.8,-5.4,13.2,13.2,P-GPS (Brake),Other,,25,5,True,,Mini 3 Pro,False,False,,Smart,RC,False,True,False,,,True,,False,False,False,False,False,False,False,False,False,False,0,Follow Yaw,-33.9,0.1,49.1,49.1,False,False,False,False,False,True,,True,Normal,100,100,649,996,1024,1428,N,False,False,False,False,False,0,False,False,False,False,68,7.591,1538,2285,7.591,False,3.799,3.792,0.012,False,False,4.859,94.1,90.8,94.1,,,,,,,,,Idle,,,True,,False,10,Go Home,True,True,True,False,False,False,False,False,False,False,False,False,43.0428875252967,-77.6663246167718,82.5,436.3,1640.4,True,1,1,False,False,False,False,,True,False,False,,328,,16.4,Calm,48,, 1.8.0,DJI Mini 3 Pro,1581F4XF3229R006,53HFK5R0M30ACD,5HAZK6H0018AUR,52XPK6HCA105XX,101.4,0.7,39.3,9.437649,6.71082,0,4049,DJI Mini 3 Pro,1581F4XF3229R006,53HFK5R0M30ACD,5HAZK6H0018AUR,52XPK6HCA105XX,DJI Fly,, 1.8.0,54E6999D-4E41-3C56-C869-63925F82E9FA,1581F4XF3229R006W0A6,,,,,,,,,,
6/22/2023,8:05:58.18 PM,1m 15.3s,75.3,43.042673159445,-77.6662396389045,41.9,41.9,35.4,604,616.4,7.867544,9.43766,2.013246,8.500372,-7.605596,8.276678,,0.223694,-6.8,-5.5,15.7,15.7,P-GPS (Brake),Other,,25,5,True,,Mini 3 Pro,False,False,,Smart,RC,False,True,False,,,True,,False,False,False,False,False,False,False,False,False,False,0,Follow Yaw,-33.9,0.1,51.9,51.9,False,False,False,False,False,True,,True,Normal,100,100,649,997,1024,1428,N,False,False,False,False,False,0,False,False,False,False,68,7.587,1537,2285,7.587,False,3.797,3.79,0.012,False,False,4.768,94.1,90.8,94.1,,,,,,,,,Idle,,,True,,False,10,Go Home,True,True,True,False,False,False,False,False,False,False,False,False,43.0428875252967,-77.6663246167718,81.4,436.3,1640.4,True,1,1,False,False,False,False,,True,False,False,,328,,16.4,Calm,48,, 1.8.0,DJI Mini 3 Pro,1581F4XF3229R006,53HFK5R0M30ACD,5HAZK6H0018AUR,52XPK6HCA105XX,101.4,0.7,39.3,9.437649,6.71082,0,4049,DJI Mini 3 Pro,1581F4XF3229R006,53HFK5R0M30ACD,5HAZK6H0018AUR,52XPK6HCA105XX,DJI Fly,, 1.8.0,54E6999D-4E41-3C56-C869-63925F82E9FA,1581F4XF3229R006W0A6,,,,,,,,,,
6/22/2023,8:05:58.49 PM,1m 15.5s,75.5,43.0426747803204,-77.6662482508874,41.9,41.9,35.4,604,618.8,7.927735,9.43766,2.23694,8.500372,-7.605596,8.276678,,0.223694,-6.8,-5.6,18.6,18.6,P-GPS (Brake),Other,,25,5,True,,Mini 3 Pro,False,False,,Smart,RC,False,True,False,,,True,,False,False,False,False,False,False,False,False,False,False,0,Follow Yaw,-33.9,0.1,55.1,55.1,False,False,False,False,False,True,,True,Normal,100,100,650,997,1024,1428,N,False,False,False,False,False,0,False,False,False,False,68,7.587,1537,2285,7.587,False,3.797,3.79,0.012,False,False,4.768,94.1,90.8,94.1,,,,,,,,,Idle,,,True,,False,10,Go Home,True,True,True,False,False,False,False,False,False,False,False,False,43.0428875252967,-77.6663246167718,80.2,436.3,1640.4,True,1,1,False,False,False,False,,True,False,False,,328,,16.4,Calm,48,, 1.8.0,DJI Mini 3 Pro,1581F4XF3229R006,53HFK5R0M30ACD,5HAZK6H0018AUR,52XPK6HCA105XX,101.4,0.7,39.3,9.437649,6.71082,0,4049,DJI Mini 3 Pro,1581F4XF3229R006,53HFK5R0M30ACD,5HAZK6H0018AUR,52XPK6HCA105XX,DJI Fly,, 1.8.0,54E6999D-4E41-3C56-C869-63925F82E9FA,1581F4XF3229R006W0A6,,,,,,,,,,
6/22/2023,8:05:58.69 PM,1m 15.7s,75.7,43.0426767186477,-77.6662568124078,41.9,41.9,35.4,604,621.2,8.065401,9.43766,2.684328,8.500372,-7.605596,8.276678,,0.223694,-7.4,-5,21.7,21.7,P-GPS (Brake),Other,,25,5,True,,Mini 3 Pro,False,False,,Smart,RC,False,True,False,,,True,,False,False,False,False,False,False,False,False,False,False,0,Follow Yaw,-33.9,0.1,58.3,58.3,False,False,False,False,False,True,,True,Normal,100,100,650,1001,1024,1425,N,False,False,False,False,False,0,False,False,False,False,68,7.587,1537,2285,7.587,False,3.797,3.79,0.012,False,False,4.768,94.1,90.8,94.1,,,,,,,,,Idle,,,True,,False,10,Go Home,True,True,True,False,False,False,False,False,False,False,False,False,43.0428875252967,-77.6663246167718,79,436.3,1640.4,True,1,1,False,False,False,False,,True,False,False,,328,,16.4,Calm,48,, 1.8.0,DJI Mini 3 Pro,1581F4XF3229R006,53HFK5R0M30ACD,5HAZK6H0018AUR,52XPK6HCA105XX,101.4,0.7,39.3,9.437649,6.71082,0,4049,DJI Mini 3 Pro,1581F4XF3229R006,53HFK5R0M30ACD,5HAZK6H0018AUR,52XPK6HCA105XX,DJI Fly,, 1.8.0,54E6999D-4E41-3C56-C869-63925F82E9FA,1581F4XF3229R006W0A6,,,,,,,,,,
6/22/2023,8:05:58.89 PM,1m 15.9s,75.9,43.042679001892,-77.6662652452167,41.9,41.9,35.4,604,623.6,8.018735,9.43766,3.131716,8.500372,-7.381902,8.276678,,0.223694,-6.9,-5.3,24.9,24.9,P-GPS (Brake),Other,,25,5,True,,Mini 3 Pro,False,False,,Smart,RC,False,True,False,,,True,,False,False,False,False,False,False,False,False,False,False,0,Follow Yaw,-33.9,0.1,61.5,61.5,False,False,False,False,False,True,,True,Normal,100,100,659,1010,1024,1400,N,False,False,False,False,False,0,False,False,False,False,68,7.587,1537,2285,7.587,False,3.797,3.79,0.012,False,False,4.768,94.1,90.8,94.1,,,,,,,,,Idle,,,True,,False,10,Go Home,True,True,True,False,False,False,False,False,False,False,False,False,43.0428875252967,-77.6663246167718,77.7,436.3,1640.4,True,1,1,False,False,False,False,,True,False,False,,328,,16.4,Calm,48,, 1.8.0,DJI Mini 3 Pro,1581F4XF3229R006,53HFK5R0M30ACD,5HAZK6H0018AUR,52XPK6HCA105XX,101.4,0.7,39.3,9.437649,6.71082,0,4049,DJI Mini 3 Pro,1581F4XF3229R006,53HFK5R0M30ACD,5HAZK6H0018AUR,52XPK6HCA105XX,DJI Fly,, 1.8.0,54E6999D-4E41-3C56-C869-63925F82E9FA,1581F4XF3229R006W0A6,,,,,,,,,,
6/22/2023,8:05:58.99 PM,1m 16.1s,76.1,43.0426816331374,-77.6662735709204,41.9,41.9,35.4,604,626,8.203807,9.43766,3.579104,8.500372,-7.381902,8.276678,,0.223694,-7,-5,28.1,28.1,P-GPS (Brake),Other,,25,5,True,,Mini 3 Pro,False,False,,Smart,RC,False,True,False,,,True,,False,False,False,False,False,False,False,False,False,False,0,Follow Yaw,-33.9,0.1,64.5,64.5,False,False,False,False,False,True,,True,Normal,100,100,665,1013,1024,1394,N,False,False,False,False,False,0,False,False,False,False,68,7.587,1537,2285,7.587,False,3.797,3.79,0.012,False,False,4.768,94.1,90.8,94.1,,,,,,,,,Idle,,,True,,False,10,Go Home,True,True,True,False,False,False,False,False,False,False,False,False,43.0428875252967,-77.6663246167718,76.3,436.3,1640.4,True,1,1,False,False,False,False,,True,False,False,,328,,16.4,Calm,48,, 1.8.0,DJI Mini 3 Pro,1581F4XF3229R006,53HFK5R0M30ACD,5HAZK6H0018AUR,52XPK6HCA105XX,101.4,0.7,39.3,9.437649,6.71082,0,4049,DJI Mini 3 Pro,1581F4XF3229R006,53HFK5R0M30ACD,5HAZK6H0018AUR,52XPK6HCA105XX,DJI Fly,, 1.8.0,54E6999D-4E41-3C56-C869-63925F82E9FA,1581F4XF3229R006W0A6,,,,,,,,,,
6/22/2023,8:05:59.20 PM,1m 16.3s,76.3,43.0426845926974,-77.6662817461774,41.9,41.9,35.4,604,628.4,8.212951,9.43766,4.026492,8.500372,-7.158208,8.276678,,0.223694,-6.5,-4.6,31.1,31.1,P-GPS (Brake),Other,,25,5,True,,Mini 3 Pro,False,False,,Smart,RC,False,True,False,,,True,,False,False,False,False,False,False,False,False,False,False,0,Follow Yaw,-33.9,0.1,67.3,67.3,False,False,False,False,False,True,,True,Normal,100,100,665,1011,1024,1395,N,False,False,False,False,False,0,False,False,False,False,68,7.593,1535,2285,7.593,False,3.8,3.793,0.012,False,False,4.631,94.1,90.8,94.1,,,,,,,,,Idle,,,True,,False,10,Go Home,True,True,True,False,False,False,False,False,False,False,False,False,43.0428875252967,-77.6663246167718,74.9,436.3,1640.4,True,1,1,False,False,False,False,,True,False,False,,328,,16.4,Calm,48,, 1.8.0,DJI Mini 3 Pro,1581F4XF3229R006,53HFK5R0M30ACD,5HAZK6H0018AUR,52XPK6HCA105XX,101.4,0.7,39.3,9.437649,6.71082,0,4049,DJI Mini 3 Pro,1581F4XF3229R006,53HFK5R0M30ACD,5HAZK6H0018AUR,52XPK6HCA105XX,DJI Fly,, 1.8.0,54E6999D-4E41-3C56-C869-63925F82E9FA,1581F4XF3229R006W0A6,,,,,,,,,,
6/22/2023,8:05:59.50 PM,1m 16.5s,76.5,43.042687814796,-77.6662897455075,41.9,41.9,35.4,604,630.9,8.252459,9.43766,4.47388,8.500372,-6.934514,8.276678,,0.223694,-6.6,-4,33.8,33.8,P-GPS (Brake),Other,,25,5,True,,Mini 3 Pro,False,False,,Smart,RC,False,True,False,,,True,,False,False,False,False,False,False,False,False,False,False,0,Follow Yaw,-33.9,0.1,69.9,69.9,False,False,False,False,False,True,,True,Normal,100,100,665,1011,1024,1395,N,False,False,False,False,False,0,False,False,False,False,68,7.593,1535,2285,7.593,False,3.8,3.793,0.012,False,False,4.631,94.1,90.8,94.1,,,,,,,,,Idle,,,True,,False,10,Go Home,True,True,True,False,False,False,False,False,False,False,False,False,43.0428875252967,-77.6663246167718,73.4,436.3,1640.4,True,1,1,False,False,False,False,,True,False,False,,328,,16.4,Calm,48,, 1.8.0,DJI Mini 3 Pro,1581F4XF3229R006,53HFK5R0M30ACD,5HAZK6H0018AUR,52XPK6HCA105XX,101.4,0.7,39.3,9.437649,6.71082,0,4049,DJI Mini 3 Pro,1581F4XF3229R006,53HFK5R0M30ACD,5HAZK6H0018AUR,52XPK6HCA105XX,DJI Fly,, 1.8.0,54E6999D-4E41-3C56-C869-63925F82E9FA,1581F4XF3229R006W0A6,,,,,,,,,,
6/22/2023,8:05:59.70 PM,1m 16.7s,76.7,43.0426913012321,-77.666297513774,41.9,41.9,35.4,604,633.3,8.191599,9.43766,4.697574,8.500372,-6.71082,8.276678,,0.223694,-6.9,-4,36.4,36.4,P-GPS (Brake),Other,,25,5,True,,Mini 3 Pro,False,False,,Smart,RC,False,True,False,,,True,,False,False,False,False,False,False,False,False,False,False,0,Follow Yaw,-33.9,0.1,72.5,72.5,False,False,False,False,False,True,,True,Normal,100,100,663,1011,1024,1396,N,False,False,False,False,False,0,False,False,False,False,68,7.593,1535,2285,7.593,False,3.8,3.793,0.012,False,False,4.631,94.1,90.8,94.1,,,,,,,,,Idle,,,True,,False,10,Go Home,True,True,True,False,False,False,False,False,False,False,False,False,43.0428875252967,-77.6663246167718,71.9,436.3,1640.4,True,1,1,False,False,False,False,,True,False,False,,328,,16.4,Calm,48,, 1.8.0,DJI Mini 3 Pro,1581F4XF3229R006,53HFK5R0M30ACD,5HAZK6H0018AUR,52XPK6HCA105XX,101.4,0.7,39.3,9.437649,6.71082,0,4049,DJI Mini 3 Pro,1581F4XF3229R006,53HFK5R0M30ACD,5HAZK6H0018AUR,52XPK6HCA105XX,DJI Fly,, 1.8.0,54E6999D-4E41-3C56-C869-63925F82E9FA,1581F4XF3229R006W0A6,,,,,,,,,,
6/22/2023,8:05:59.80 PM,1m 16.9s,76.9,43.0426950352492,-77.6663050308645,41.9,41.9,35.4,604,635.7,8.142584,9.43766,4.921268,8.500372,-6.487126,8.276678,,0.223694,-6.9,-3.7,39.1,39.1,P-GPS (Brake),Other,,25,5,True,,Mini 3 Pro,False,False,,Smart,RC,False,True,False,,,True,,False,False,False,False,False,False,False,False,False,False,0,Follow Yaw,-33.9,0.1,75.2,75.2,False,False,False,False,False,True,,True,Normal,100,100,664,1011,1024,1395,N,False,False,False,False,False,0,False,False,False,False,68,7.593,1535,2285,7.593,False,3.8,3.793,0.012,False,False,4.631,94.1,90.8,94.1,,,,,,,,,Idle,,,True,,False,10,Go Home,True,True,True,False,False,False,False,False,False,False,False,False,43.0428875252967,-77.6663246167718,70.4,436.3,1640.4,True,1,1,False,False,False,False,,True,False,False,,328,,16.4,Calm,48,, 1.8.0,DJI Mini 3 Pro,1581F4XF3229R006,53HFK5R0M30ACD,5HAZK6H0018AUR,52XPK6HCA105XX,101.4,0.7,39.3,9.437649,6.71082,0,4049,DJI Mini 3 Pro,1581F4XF3229R006,53HFK5R0M30ACD,5HAZK6H0018AUR,52XPK6HCA105XX,DJI Fly,, 1.8.0,54E6999D-4E41-3C56-C869-63925F82E9FA,1581F4XF3229R006W0A6,,,,,,,,,,
6/22/2023,8:06:00.00 PM,1m 17.1s,77.1,43.0426989974177,-77.6663122281925,41.9,41.9,35.4,604,638.1,8.249427,9.43766,5.368656,8.500372,-6.263432,8.276678,,0.223694,-6.7,-3.9,41.7,41.7,P-GPS (Brake),Other,,25,5,True,,Mini 3 Pro,False,False,,Smart,RC,False,True,False,,,True,,False,False,False,False,False,False,False,False,False,False,0,Follow Yaw,-33.9,0.1,77.8,77.8,False,False,False,False,False,True,,True,Normal,100,100,664,1012,1024,1394,N,False,False,False,False,False,0,False,False,False,False,68,7.593,1535,2285,7.593,False,3.8,3.793,0.012,False,False,4.631,94.1,90.8,94.1,,,,,,,,,Idle,,,True,,False,10,Go Home,True,True,True,False,False,False,False,False,False,False,False,False,43.0428875252967,-77.6663246167718,68.8,436.3,1640.4,True,1,1,False,False,False,False,,True,False,False,,328,,16.4,Calm,48,, 1.8.0,DJI Mini 3 Pro,1581F4XF3229R006,53HFK5R0M30ACD,5HAZK6H0018AUR,52XPK6HCA105XX,101.4,0.7,39.3,9.437649,6.71082,0,4049,DJI Mini 3 Pro,1581F4XF3229R006,53HFK5R0M30ACD,5HAZK6H0018AUR,52XPK6HCA105XX,DJI Fly,, 1.8.0,54E6999D-4E41-3C56-C869-63925F82E9FA,1581F4XF3229R006W0A6,,,,,,,,,,
6/22/2023,8:06:00.21 PM,1m 17.3s,77.3,43.0427031523737,-77.6663190998453,41.9,41.9,35.4,604,640.5,8.068503,9.43766,5.59235,8.500372,-5.816044,8.276678,,0.223694,-6.7,-4.2,44.4,44.4,P-GPS (Brake),Other,,25,5,True,,Mini 3 Pro,False,False,,Smart,RC,False,True,False,,,True,,False,False,False,False,False,False,False,False,False,False,0,Follow Yaw,-33.9,0.1,80.4,80.4,False,False,False,False,False,True,,True,Normal,100,100,664,1012,1024,1394,N,False,False,False,False,False,0,False,False,False,False,68,7.592,1534,2285,7.592,False,3.8,3.792,0.012,False,False,4.559,94.1,90.8,94.1,,,,,,,,,Idle,,,True,,False,10,Go Home,True,True,True,False,False,False,False,False,False,False,False,False,43.0428875252967,-77.6663246167718,67.2,436.3,1640.4,True,1,1,False,False,False,False,,True,False,False,,328,,16.4,Calm,48,, 1.8.0,DJI Mini 3 Pro,1581F4XF3229R006,53HFK5R0M30ACD,5HAZK6H0018AUR,52XPK6HCA105XX,101.4,0.7,39.3,9.437649,6.71082,0,4049,DJI Mini 3 Pro,1581F4XF3229R006,53HFK5R0M30ACD,5HAZK6H0018AUR,52XPK6HCA105XX,DJI Fly,, 1.8.0,54E6999D-4E41-3C56-C869-63925F82E9FA,1581F4XF3229R006W0A6,,,,,,,,,,
6/22/2023,8:06:00.51 PM,1m 17.5s,77.5,43.0427075078788,-77.66632569528,41.9,41.9,35.4,604,642.9,8.068503,9.43766,5.816044,8.500372,-5.59235,8.276678,,0.223694,-6.6,-4.9,46.9,46.9,P-GPS (Brake),Other,,25,5,True,,Mini 3 Pro,False,False,,Smart,RC,False,True,False,,,True,,False,False,False,False,False,False,False,False,False,False,0,Follow Yaw,-33.9,0.1,83,83,False,False,False,False,False,True,,True,Normal,100,100,664,1012,1024,1394,N,False,False,False,False,False,0,False,False,False,False,68,7.592,1534,2285,7.592,False,3.8,3.792,0.012,False,False,4.559,94.1,90.8,94.1,,,,,,,,,Idle,,,True,,False,10,Go Home,True,True,True,False,False,False,False,False,False,False,False,False,43.0428875252967,-77.6663246167718,65.6,436.3,1640.4,True,1,1,False,False,False,False,,True,False,False,,328,,16.4,Calm,48,, 1.8.0,DJI Mini 3 Pro,1581F4XF3229R006,53HFK5R0M30ACD,5HAZK6H0018AUR,52XPK6HCA105XX,101.4,0.7,39.3,9.437649,6.71082,0,4049,DJI Mini 3 Pro,1581F4XF3229R006,53HFK5R0M30ACD,5HAZK6H0018AUR,52XPK6HCA105XX,DJI Fly,, 1.8.0,54E6999D-4E41-3C56-C869-63925F82E9FA,1581F4XF3229R006W0A6,,,,,,,,,,
6/22/2023,8:06:00.61 PM,1m 17.7s,77.7,43.0427120619285,-77.6663320387237,41.9,41.9,35.4,604,645.2,8.080897,9.43766,6.039738,8.500372,-5.368656,8.276678,,0.223694,-7.2,-4.6,49.6,49.6,P-GPS (Brake),Other,,25,5,True,,Mini 3 Pro,False,False,,Smart,RC,False,True,False,,,True,,False,False,False,False,False,False,False,False,False,False,0,Follow Yaw,-33.9,0.1,85.6,85.6,False,False,False,False,False,True,,True,Normal,100,100,664,1012,1024,1394,N,False,False,False,False,False,0,False,False,False,False,68,7.592,1534,2285,7.592,False,3.8,3.792,0.012,False,False,4.559,94.1,90.8,94.1,,,,,,,,,Idle,,,True,,False,10,Go Home,True,True,True,False,False,False,False,False,False,False,False,False,43.0428875252967,-77.6663246167718,64,436.3,1640.4,True,1,1,False,False,False,False,,True,False,False,,328,,16.4,Calm,48,, 1.8.0,DJI Mini 3 Pro,1581F4XF3229R006,53HFK5R0M30ACD,5HAZK6H0018AUR,52XPK6HCA105XX,101.4,0.7,39.3,9.437649,6.71082,0,4049,DJI Mini 3 Pro,1581F4XF3229R006,53HFK5R0M30ACD,5HAZK6H0018AUR,52XPK6HCA105XX,DJI Fly,, 1.8.0,54E6999D-4E41-3C56-C869-63925F82E9FA,1581F4XF3229R006W0A6,,,,,,,,,,
6/22/2023,8:06:00.81 PM,1m 17.9s,77.9,43.0427167766058,-77.6663380921504,41.9,41.9,35.4,604,647.6,7.934044,9.43766,6.039738,8.500372,-5.144962,8.276678,,0.223694,-7.5,-4.9,52.2,52.2,P-GPS (Brake),Other,,25,5,True,,Mini 3 Pro,False,False,,Smart,RC,False,True,False,,,True,,False,False,False,False,False,False,False,False,False,False,0,Follow Yaw,-33.9,0.1,88.2,88.2,False,False,False,False,False,True,,True,Normal,100,100,664,1012,1024,1394,N,False,False,False,False,False,0,False,False,False,False,68,7.592,1534,2285,7.592,False,3.8,3.792,0.012,False,False,4.559,94.1,90.8,94.1,,,,,,,,,Idle,,,True,,False,10,Go Home,True,True,True,False,False,False,False,False,False,False,False,False,43.0428875252967,-77.6663246167718,62.3,436.3,1640.4,True,1,1,False,False,False,False,,True,False,False,,328,,16.4,Calm,48,, 1.8.0,DJI Mini 3 Pro,1581F4XF3229R006,53HFK5R0M30ACD,5HAZK6H0018AUR,52XPK6HCA105XX,101.4,0.7,39.3,9.437649,6.71082,0,4049,DJI Mini 3 Pro,1581F4XF3229R006,53HFK5R0M30ACD,5HAZK6H0018AUR,52XPK6HCA105XX,DJI Fly,, 1.8.0,54E6999D-4E41-3C56-C869-63925F82E9FA,1581F4XF3229R006W0A6,,,,,,,,,,
6/22/2023,8:06:01.11 PM,1m 18.1s,78.1,43.042721662174,-77.6663438523058,41.9,41.9,35.4,604,650,7.82929,9.43766,6.263432,8.500372,-4.697574,8.276678,,0.223694,-7.9,-5.5,54.9,54.9,P-GPS (Brake),Other,,25,5,True,,Mini 3 Pro,False,False,,Smart,RC,False,True,False,,,True,,False,False,False,False,False,False,False,False,False,False,0,Follow Yaw,-33.9,0.1,90.8,90.8,False,False,False,False,False,True,,True,Normal,100,100,667,1012,1024,1394,N,False,False,False,False,False,0,False,False,False,False,68,7.592,1534,2285,7.592,False,3.8,3.792,0.012,False,False,4.559,94.1,90.8,94.1,,,,,,,,,Idle,,,True,,False,10,Go Home,True,True,True,False,False,False,False,False,False,False,False,False,43.0428875252967,-77.6663246167718,60.7,436.3,1640.4,True,1,1,False,False,False,False,,True,False,False,,328,,16.4,Calm,48,, 1.8.0,DJI Mini 3 Pro,1581F4XF3229R006,53HFK5R0M30ACD,5HAZK6H0018AUR,52XPK6HCA105XX,101.4,0.7,39.3,9.437649,6.71082,0,4049,DJI Mini 3 Pro,1581F4XF3229R006,53HFK5R0M30ACD,5HAZK6H0018AUR,52XPK6HCA105XX,DJI Fly,, 1.8.0,54E6999D-4E41-3C56-C869-63925F82E9FA,1581F4XF3229R006W0A6,,,,,,,,,,
6/22/2023,8:06:01.22 PM,1m 18.3s,78.3,43.0427266911849,-77.6663492914313,41.9,41.9,35.4,604,652.3,7.880254,9.43766,6.487126,8.500372,-4.47388,8.276678,,0.223694,-7.9,-5.3,57.5,57.5,P-GPS (Brake),Other,,25,5,True,,Mini 3 Pro,False,False,,Smart,RC,False,True,False,,,True,,False,False,False,False,False,False,False,False,False,False,0,Follow Yaw,-33.9,0.1,93.4,93.4,False,False,False,False,False,True,,True,Normal,100,100,661,994,1024,1414,N,False,False,False,False,False,0,False,False,False,False,68,7.596,1533,2285,7.596,False,3.802,3.794,0.012,False,False,4.577,94.3,90.8,94.2,,,,,,,,,Idle,,,True,,False,10,Go Home,True,True,True,False,False,False,False,False,False,False,False,False,43.0428875252967,-77.6663246167718,59,436.3,1640.4,True,1,1,False,False,False,False,,True,False,False,,328,,16.4,Calm,48,, 1.8.0,DJI Mini 3 Pro,1581F4XF3229R006,53HFK5R0M30ACD,5HAZK6H0018AUR,52XPK6HCA105XX,101.4,0.7,39.3,9.437649,6.71082,0,4049,DJI Mini 3 Pro,1581F4XF3229R006,53HFK5R0M30ACD,5HAZK6H0018AUR,52XPK6HCA105XX,DJI Fly,, 1.8.0,54E6999D-4E41-3C56-C869-63925F82E9FA,1581F4XF3229R006W0A6,,,,,,,,,,
6/22/2023,8:06:01.52 PM,1m 18.5s,78.5,43.0427318856381,-77.6663543719188,41.9,41.9,35.4,604,654.6,7.826093,9.43766,6.71082,8.500372,-4.026492,8.276678,,0.223694,-7.5,-5.2,60,60,P-GPS (Brake),Other,,25,5,True,,Mini 3 Pro,False,False,,Smart,RC,False,True,False,,,True,,False,False,False,False,False,False,False,False,False,False,0,Follow Yaw,-33.9,0.1,96.1,96.1,False,False,False,False,False,True,,True,Normal,100,100,661,993,1024,1415,N,False,False,False,False,False,0,False,False,False,False,68,7.596,1533,2285,7.596,False,3.802,3.794,0.012,False,False,4.577,94.3,90.8,94.2,,,,,,,,,Idle,,,True,,False,10,Go Home,True,True,True,False,False,False,False,False,False,False,False,False,43.0428875252967,-77.6663246167718,57.3,436.3,1640.4,True,1,1,False,False,False,False,,True,False,False,,328,,16.4,Calm,48,, 1.8.0,DJI Mini 3 Pro,1581F4XF3229R006,53HFK5R0M30ACD,5HAZK6H0018AUR,52XPK6HCA105XX,101.4,0.7,39.3,9.437649,6.71082,0,4049,DJI Mini 3 Pro,1581F4XF3229R006,53HFK5R0M30ACD,5HAZK6H0018AUR,52XPK6HCA105XX,DJI Fly,, 1.8.0,54E6999D-4E41-3C56-C869-63925F82E9FA,1581F4XF3229R006W0A6,,,,,,,,,,
6/22/2023,8:06:01.62 PM,1m 18.7s,78.7,43.0427372252303,-77.6663591155299,41.9,41.9,35.4,604,656.9,7.908777,9.43766,6.934514,8.500372,-3.802798,8.276678,,0.223694,-8.3,-5.8,62.8,62.8,P-GPS (Brake),Other,,25,5,True,,Mini 3 Pro,False,False,,Smart,RC,False,True,False,,,True,,False,False,False,False,False,False,False,False,False,False,0,Follow Yaw,-33.9,0.1,99,99,False,False,False,False,False,True,,True,Normal,100,100,668,993,1024,1437,N,False,False,False,False,False,0,False,False,False,False,68,7.596,1533,2285,7.596,False,3.802,3.794,0.012,False,False,4.577,94.3,90.8,94.2,,,,,,,,,Idle,,,True,,False,10,Go Home,True,True,True,False,False,False,False,False,False,False,False,False,43.0428875252967,-77.6663246167718,55.5,436.3,1640.4,True,1,1,False,False,False,False,,True,False,False,,328,,16.4,Calm,48,, 1.8.0,DJI Mini 3 Pro,1581F4XF3229R006,53HFK5R0M30ACD,5HAZK6H0018AUR,52XPK6HCA105XX,101.4,0.7,39.3,9.437649,6.71082,0,4049,DJI Mini 3 Pro,1581F4XF3229R006,53HFK5R0M30ACD,5HAZK6H0018AUR,52XPK6HCA105XX,DJI Fly,, 1.8.0,54E6999D-4E41-3C56-C869-63925F82E9FA,1581F4XF3229R006W0A6,,,,,,,,,,
6/22/2023,8:06:01.82 PM,1m 18.9s,78.9,43.0427427265296,-77.6663635192461,41.9,41.9,35.4,604,659.3,7.703652,9.43766,6.934514,8.500372,-3.35541,8.276678,,0.223694,-8.8,-5.7,65.7,65.7,P-GPS (Brake),Other,,25,5,True,,Mini 3 Pro,False,False,,Smart,RC,False,True,False,,,True,,False,False,False,False,False,False,False,False,False,False,0,Follow Yaw,-33.9,0.1,102,102,False,False,False,False,False,True,,True,Normal,100,100,678,996,1024,1437,N,False,False,False,False,False,0,False,False,False,False,68,7.596,1533,2285,7.596,False,3.802,3.794,0.012,False,False,4.577,94.3,90.8,94.2,,,,,,,,,Idle,,,True,,False,10,Go Home,True,True,True,False,False,False,False,False,False,False,False,False,43.0428875252967,-77.6663246167718,53.8,436.3,1640.4,True,1,1,False,False,False,False,,True,False,False,,328,,16.4,Calm,48,, 1.8.0,DJI Mini 3 Pro,1581F4XF3229R006,53HFK5R0M30ACD,5HAZK6H0018AUR,52XPK6HCA105XX,101.4,0.7,39.3,9.437649,6.71082,0,4049,DJI Mini 3 Pro,1581F4XF3229R006,53HFK5R0M30ACD,5HAZK6H0018AUR,52XPK6HCA105XX,DJI Fly,, 1.8.0,54E6999D-4E41-3C56-C869-63925F82E9FA,1581F4XF3229R006W0A6,,,,,,,,,,
6/22/2023,8:06:02.02 PM,1m 19.1s,79.1,43.0427483693527,-77.6663674960741,41.9,41.9,35.4,604,661.6,7.726353,9.43766,7.158208,8.500372,-2.908022,8.276678,,0.223694,-8.6,-6.1,68.8,68.8,P-GPS (Brake),Other,,25,5,True,,Mini 3 Pro,False,False,,Smart,RC,False,True,False,,,True,,False,False,False,False,False,False,False,False,False,False,0,Follow Yaw,-33.9,0.1,105.3,105.3,False,False,False,False,False,True,,True,Normal,100,100,1024,1024,1011,1090,N,False,False,False,False,False,0,False,False,False,False,68,7.596,1533,2285,7.596,False,3.802,3.794,0.012,False,False,4.577,94.3,90.8,94.2,,,,,,,,,Idle,,,True,,False,10,Go Home,True,True,True,False,False,False,False,False,False,False,False,False,43.0428875252967,-77.6663246167718,52,436.3,1640.4,True,1,1,False,False,False,False,,True,False,False,,328,,16.4,Calm,48,, 1.8.0,DJI Mini 3 Pro,1581F4XF3229R006,53HFK5R0M30ACD,5HAZK6H0018AUR,52XPK6HCA105XX,101.4,0.7,39.3,9.437649,6.71082,0,4049,DJI Mini 3 Pro,1581F4XF3229R006,53HFK5R0M30ACD,5HAZK6H0018AUR,52XPK6HCA105XX,DJI Fly,, 1.8.0,54E6999D-4E41-3C56-C869-63925F82E9FA,1581F4XF3229R006W0A6,,,,,,,,,,
6/22/2023,8:06:02.23 PM,1m 19.3s,79.3,43.0427541218139,-77.666370974748,41.9,41.9,35.4,604,663.9,7.569323,9.43766,7.158208,8.500372,-2.460634,8.276678,,0.223694,-6.1,0.2,71.8,71.8,P-GPS (Brake),Other,,25,5,True,,Mini 3 Pro,False,False,,Smart,RC,False,True,False,,,True,,False,False,False,False,False,False,False,False,False,False,0,Follow Yaw,-33.9,0,107.7,107.7,False,False,False,False,False,True,,True,Normal,100,100,1024,1024,968,1118,N,False,False,False,False,False,0,False,False,False,False,68,7.595,1531,2285,7.595,False,3.801,3.794,0.012,False,False,4.641,94.3,90.8,94.2,,,,,,,,,Idle,,,True,,False,10,Go Home,True,True,True,False,False,False,False,False,False,False,False,False,43.0428875252967,-77.6663246167718,50.2,436.3,1640.4,True,1,1,False,False,False,False,,True,False,False,,328,,16.4,Calm,48,, 1.8.0,DJI Mini 3 Pro,1581F4XF3229R006,53HFK5R0M30ACD,5HAZK6H0018AUR,52XPK6HCA105XX,101.4,0.7,39.3,9.437649,6.71082,0,4049,DJI Mini 3 Pro,1581F4XF3229R006,53HFK5R0M30ACD,5HAZK6H0018AUR,52XPK6HCA105XX,DJI Fly,, 1.8.0,54E6999D-4E41-3C56-C869-63925F82E9FA,1581F4XF3229R006W0A6,,,,,,,,,,
6/22/2023,8:06:02.43 PM,1m 19.5s,79.5,43.0427595152742,-77.6663739029241,41.9,41.9,35.4,604,666,6.579037,9.43766,6.263432,8.500372,-2.013246,8.276678,,0.223694,-3.7,22.1,73.2,73.2,P-GPS (Brake),Other,,25,5,True,,Mini 3 Pro,False,False,,Smart,RC,False,True,False,,,True,,False,False,False,False,False,False,False,False,False,False,0,Follow Yaw,-33.9,0,108.5,108.5,False,False,False,False,False,True,,True,Normal,100,100,1024,1024,972,1114,N,False,False,False,False,False,0,False,False,False,False,68,7.595,1531,2285,7.595,False,3.801,3.794,0.012,False,False,4.641,94.3,90.8,94.2,,,,,,,,,Idle,,,True,,False,10,Go Home,True,True,True,False,False,False,False,False,False,False,False,False,43.0428875252967,-77.6663246167718,48.5,436.3,1640.4,True,1,1,False,False,False,False,,True,False,False,,328,,16.4,Calm,48,, 1.8.0,DJI Mini 3 Pro,1581F4XF3229R006,53HFK5R0M30ACD,5HAZK6H0018AUR,52XPK6HCA105XX,101.4,0.7,39.3,9.437649,6.71082,0,4049,DJI Mini 3 Pro,1581F4XF3229R006,53HFK5R0M30ACD,5HAZK6H0018AUR,52XPK6HCA105XX,DJI Fly,, 1.8.0,54E6999D-4E41-3C56-C869-63925F82E9FA,1581F4XF3229R006W0A6,,,,,,,,,,
6/22/2023,8:06:02.63 PM,1m 19.7s,79.7,43.0427635805614,-77.6663761042063,41.9,41.9,35.4,604,667.6,4.457071,9.43766,4.250186,8.500372,-1.342164,8.276678,,0.223694,-1.3,23.1,74.7,74.7,P-GPS (Brake),Other,,25,5,True,,Mini 3 Pro,False,False,,Smart,RC,False,True,False,,,True,,False,False,False,False,False,False,False,False,False,False,0,Follow Yaw,-33.9,0,108.8,108.8,False,False,False,False,False,True,,True,Normal,100,100,1024,1024,968,1089,N,False,False,False,False,False,0,False,False,False,False,68,7.595,1531,2285,7.595,False,3.801,3.794,0.012,False,False,4.641,94.3,90.8,94.2,,,,,,,,,Idle,,,True,,False,10,Go Home,True,True,True,False,False,False,False,False,False,False,False,False,43.0428875252967,-77.6663246167718,47.2,436.3,1640.4,True,1,1,False,False,False,False,,True,False,False,,328,,16.4,Calm,48,, 1.8.0,DJI Mini 3 Pro,1581F4XF3229R006,53HFK5R0M30ACD,5HAZK6H0018AUR,52XPK6HCA105XX,101.4,0.7,39.3,9.437649,6.71082,0,4049,DJI Mini 3 Pro,1581F4XF3229R006,53HFK5R0M30ACD,5HAZK6H0018AUR,52XPK6HCA105XX,DJI Fly,, 1.8.0,54E6999D-4E41-3C56-C869-63925F82E9FA,1581F4XF3229R006W0A6,,,,,,,,,,
6/22/2023,8:06:02.83 PM,1m 19.9s,79.9,43.0427660627871,-77.6663776916871,41.9,41.9,35.4,604,668.6,2.409258,9.43766,2.23694,8.500372,-0.894776,8.276678,,0.223694,-1.8,17.2,74.8,74.8,P-GPS (Brake),Other,,25,5,True,,Mini 3 Pro,False,False,,Smart,RC,False,True,False,,,True,,False,False,False,False,False,False,False,False,False,False,0,Follow Yaw,-33.9,0,108.9,108.9,False,False,False,False,False,True,,True,Normal,100,100,1024,1024,600,1024,N,False,False,False,False,False,0,False,False,False,False,68,7.595,1531,2285,7.595,False,3.801,3.794,0.012,False,False,4.641,94.3,90.8,94.2,,,,,,,,,Idle,,,True,,False,10,Go Home,True,True,True,False,False,False,False,False,False,False,False,False,43.0428875252967,-77.6663246167718,46.5,436.3,1640.4,True,1,1,False,False,False,False,,True,False,False,,328,,16.4,Calm,48,, 1.8.0,DJI Mini 3 Pro,1581F4XF3229R006,53HFK5R0M30ACD,5HAZK6H0018AUR,52XPK6HCA105XX,101.4,0.7,39.3,9.437649,6.71082,0,4049,DJI Mini 3 Pro,1581F4XF3229R006,53HFK5R0M30ACD,5HAZK6H0018AUR,52XPK6HCA105XX,DJI Fly,, 1.8.0,54E6999D-4E41-3C56-C869-63925F82E9FA,1581F4XF3229R006W0A6,,,,,,,,,,
6/22/2023,8:06:03.04 PM,1m 20.1s,80.1,43.0427673035101,-77.6663788543162,41.9,41.9,35.4,604,669.1,1.204629,9.43766,1.11847,8.500372,-0.447388,8.276678,0.223694,0.223694,-2.5,9.6,74.9,74.9,P-GPS (Brake),Other,,25,5,True,,Mini 3 Pro,False,False,,Smart,RC,False,True,False,,,True,,False,False,False,False,False,False,False,False,False,False,0,Follow Yaw,-33.9,0,108.9,108.9,False,False,False,False,False,True,,True,Normal,100,100,1024,1024,364,1024,N,False,False,False,False,False,0,False,False,False,False,68,7.595,1531,2285,7.595,False,3.801,3.794,0.012,False,False,4.641,94.3,90.8,94.2,,,,,,,,,Idle,,,True,,False,10,Go Home,True,True,True,False,False,False,False,False,False,False,False,False,43.0428875252967,-77.6663246167718,46.1,436.3,1640.4,True,1,1,False,False,False,False,,True,False,False,,328,,16.4,Calm,48,, 1.8.0,DJI Mini 3 Pro,1581F4XF3229R006,53HFK5R0M30ACD,5HAZK6H0018AUR,52XPK6HCA105XX,101.4,0.7,39.3,9.437649,6.71082,0,4049,DJI Mini 3 Pro,1581F4XF3229R006,53HFK5R0M30ACD,5HAZK6H0018AUR,52XPK6HCA105XX,DJI Fly,, 1.8.0,54E6999D-4E41-3C56-C869-63925F82E9FA,1581F4XF3229R006W0A6,,,,,,,,,,
6/22/2023,8:06:03.24 PM,1m 20.3s,80.3,43.0427679233448,-77.6663797844194,41.6,41.9,35.4,604,669.5,0.80654,9.43766,0.671082,8.500372,-0.447388,8.276678,1.789552,1.789552,-2.8,6.8,75,75,P-GPS (Brake),Other,,25,5,True,,Mini 3 Pro,False,False,,Smart,RC,False,True,False,,,True,,False,False,False,False,False,False,False,False,False,False,0,Follow Yaw,-33.9,0,109,109,False,False,False,False,False,True,,True,Normal,100,100,755,1020,562,1049,N,False,False,False,False,False,0,False,False,False,False,67,7.616,1530,2285,7.616,False,3.806,3.81,0.012,False,False,4.582,94.3,90.8,94.2,,,,,,,,,Idle,,,True,,False,10,Go Home,True,True,True,False,False,False,False,False,False,False,False,False,43.0428875252967,-77.6663246167718,46,436.3,1640.4,True,1,1,False,False,False,False,,True,False,False,,328,,16.4,Calm,48,, 1.8.0,DJI Mini 3 Pro,1581F4XF3229R006,53HFK5R0M30ACD,5HAZK6H0018AUR,52XPK6HCA105XX,101.4,0.7,39.3,9.437649,6.71082,0,4049,DJI Mini 3 Pro,1581F4XF3229R006,53HFK5R0M30ACD,5HAZK6H0018AUR,52XPK6HCA105XX,DJI Fly,, 1.8.0,54E6999D-4E41-3C56-C869-63925F82E9FA,1581F4XF3229R006W0A6,,,,,,,,,,
6/22/2023,8:06:03.44 PM,1m 20.5s,80.5,43.042768271483,-77.6663806006393,40.6,41.9,35.4,603,669.7,0.316351,9.43766,0.223694,8.500372,-0.223694,8.276678,3.579104,3.579104,-3.1,5.2,74.9,74.9,P-GPS (Brake),Other,,25,5,True,,Mini 3 Pro,False,False,,Smart,RC,False,True,False,,,True,,False,False,False,False,False,False,False,False,False,False,0,Follow Yaw,-33.9,0,109,109,False,False,False,False,False,True,,True,Normal,100,100,364,933,717,1303,N,False,False,False,False,False,0,False,False,False,False,67,7.616,1530,2285,7.616,False,3.806,3.81,0.012,False,False,4.582,94.3,90.8,94.2,,,,,,,,,Idle,,,True,,False,10,Go Home,True,True,True,False,False,False,False,False,False,False,False,False,43.0428875252967,-77.6663246167718,45.9,436.3,1640.4,True,1,1,False,False,False,False,,True,False,False,,328,,16.4,Calm,48,, 1.8.0,DJI Mini 3 Pro,1581F4XF3229R006,53HFK5R0M30ACD,5HAZK6H0018AUR,52XPK6HCA105XX,101.4,0.7,39.3,9.437649,6.71082,0,4049,DJI Mini 3 Pro,1581F4XF3229R006,53HFK5R0M30ACD,5HAZK6H0018AUR,52XPK6HCA105XX,DJI Fly,, 1.8.0,54E6999D-4E41-3C56-C869-63925F82E9FA,1581F4XF3229R006W0A6,,,,,,,,,,
6/22/2023,8:06:03.64 PM,1m 20.7s,80.7,43.0427684523113,-77.6663812476898,39.6,41.9,35.4,602,669.9,0.223694,9.43766,,8.500372,-0.223694,8.276678,3.35541,3.579104,-3.8,-10.7,75.2,75.2,P-GPS (Brake),Other,,25,5,True,,Mini 3 Pro,False,False,,Smart,RC,False,True,False,,,True,,False,False,False,False,False,False,False,False,False,False,0,Follow Yaw,-33.9,0,109.3,109.3,False,False,False,False,False,True,,True,Normal,100,100,364,942,754,1272,N,False,False,False,False,False,0,False,False,False,False,67,7.616,1530,2285,7.616,False,3.806,3.81,0.012,False,False,4.582,94.3,90.8,94.2,,,,,,,,,Idle,,,True,,False,10,Go Home,True,True,True,False,False,False,False,False,False,False,False,False,43.0428875252967,-77.6663246167718,45.9,436.3,1640.4,True,1,1,False,False,False,False,,True,False,False,,328,,16.4,Calm,48,, 1.8.0,DJI Mini 3 Pro,1581F4XF3229R006,53HFK5R0M30ACD,5HAZK6H0018AUR,52XPK6HCA105XX,101.4,0.7,39.3,9.437649,6.71082,0,4049,DJI Mini 3 Pro,1581F4XF3229R006,53HFK5R0M30ACD,5HAZK6H0018AUR,52XPK6HCA105XX,DJI Fly,, 1.8.0,54E6999D-4E41-3C56-C869-63925F82E9FA,1581F4XF3229R006W0A6,,,,,,,,,,
6/22/2023,8:06:03.85 PM,1m 20.9s,80.9,43.0427692464378,-77.6663818282542,38.7,41.9,35.4,601,670.2,1.360677,9.43766,1.342164,8.500372,-0.223694,8.276678,2.013246,3.579104,-4.1,-17.6,76.7,76.7,P-GPS (Brake),Other,,25,5,True,,Mini 3 Pro,False,False,,Smart,RC,False,True,False,,,True,,False,False,False,False,False,False,False,False,False,False,0,Follow Yaw,-33.9,0,110.3,110.3,False,False,False,False,False,True,,True,Normal,100,100,364,943,773,1244,N,False,False,False,False,False,0,False,False,False,False,67,7.616,1530,2285,7.616,False,3.806,3.81,0.012,False,False,4.582,94.3,90.8,94.2,,,,,,,,,Idle,,,True,,False,10,Go Home,True,True,True,False,False,False,False,False,False,False,False,False,43.0428875252967,-77.6663246167718,45.7,436.3,1640.4,True,1,1,False,False,False,False,,True,False,False,,328,,16.4,Calm,48,, 1.8.0,DJI Mini 3 Pro,1581F4XF3229R006,53HFK5R0M30ACD,5HAZK6H0018AUR,52XPK6HCA105XX,101.4,0.7,39.3,9.437649,6.71082,0,4049,DJI Mini 3 Pro,1581F4XF3229R006,53HFK5R0M30ACD,5HAZK6H0018AUR,52XPK6HCA105XX,DJI Fly,, 1.8.0,54E6999D-4E41-3C56-C869-63925F82E9FA,1581F4XF3229R006W0A6,,,,,,,,,,
6/22/2023,8:06:04.05 PM,1m 21.1s,81.1,43.042771178477,-77.6663825225437,38.3,41.9,35.4,600,671,2.721354,9.43766,2.684328,8.500372,-0.447388,8.276678,1.342164,3.579104,-1.3,-19.2,77,77,P-GPS (Brake),Other,,25,5,True,,Mini 3 Pro,False,False,,Smart,RC,False,True,False,,,True,,False,False,False,False,False,False,False,False,False,False,0,Follow Yaw,-33.9,0,111.2,111.2,False,False,False,False,False,True,,True,Normal,100,100,364,944,782,1240,N,False,False,False,False,False,0,False,False,False,False,67,7.616,1530,2285,7.616,False,3.806,3.81,0.012,False,False,4.582,94.3,90.8,94.2,,,,,,,,,Idle,,,True,,False,10,Go Home,True,True,True,False,False,False,False,False,False,False,False,False,43.0428875252967,-77.6663246167718,45.1,436.3,1640.4,True,1,1,False,False,False,False,,True,False,False,,328,,16.4,Calm,48,, 1.8.0,DJI Mini 3 Pro,1581F4XF3229R006,53HFK5R0M30ACD,5HAZK6H0018AUR,52XPK6HCA105XX,101.4,0.7,39.3,9.437649,6.71082,0,4049,DJI Mini 3 Pro,1581F4XF3229R006,53HFK5R0M30ACD,5HAZK6H0018AUR,52XPK6HCA105XX,DJI Fly,, 1.8.0,54E6999D-4E41-3C56-C869-63925F82E9FA,1581F4XF3229R006W0A6,,,,,,,,,,
6/22/2023,8:06:04.25 PM,1m 21.3s,81.3,43.0427742162177,-77.6663835987653,38,41.9,35.4,600,672.1,4.124713,9.43766,4.026492,8.500372,-0.894776,8.276678,1.11847,3.579104,-1.6,-19.4,77.8,77.8,P-GPS (Brake),Other,,25,5,True,,Mini 3 Pro,False,False,,Smart,RC,False,True,False,,,True,,False,False,False,False,False,False,False,False,False,False,0,Follow Yaw,-33.9,0,112,112,False,False,False,False,False,True,,True,Normal,100,100,364,943,751,1235,N,False,False,False,False,False,0,False,False,False,False,67,7.567,1529,2285,7.567,False,3.788,3.779,0.012,False,False,4.751,94.3,90.8,94.2,,,,,,,,,Idle,,,True,,False,10,Go Home,True,True,True,False,False,False,False,False,False,False,False,False,43.0428875252967,-77.6663246167718,44.2,436.3,1640.4,True,1,1,False,False,False,False,,True,False,False,,328,,16.4,Calm,48,, 1.8.0,DJI Mini 3 Pro,1581F4XF3229R006,53HFK5R0M30ACD,5HAZK6H0018AUR,52XPK6HCA105XX,101.4,0.7,39.3,9.437649,6.71082,0,4049,DJI Mini 3 Pro,1581F4XF3229R006,53HFK5R0M30ACD,5HAZK6H0018AUR,52XPK6HCA105XX,DJI Fly,, 1.8.0,54E6999D-4E41-3C56-C869-63925F82E9FA,1581F4XF3229R006W0A6,,,,,,,,,,
6/22/2023,8:06:04.45 PM,1m 21.5s,81.5,43.0427782249126,-77.6663850703524,37.7,41.9,35.4,600,673.6,5.317145,9.43766,5.144962,8.500372,-1.342164,8.276678,1.11847,3.579104,-3.2,-19.1,78.7,78.7,P-GPS (Brake),Other,,25,5,True,,Mini 3 Pro,False,False,,Smart,RC,False,True,False,,,True,,False,False,False,False,False,False,False,False,False,False,0,Follow Yaw,-33.9,0,112.7,112.7,False,False,False,False,False,True,,True,Normal,100,100,407,944,521,1111,N,False,False,False,False,False,0,False,False,False,False,67,7.567,1529,2285,7.567,False,3.788,3.779,0.012,False,False,4.751,94.3,90.8,94.2,,,,,,,,,Idle,,,True,,False,10,Go Home,True,True,True,False,False,False,False,False,False,False,False,False,43.0428875252967,-77.6663246167718,43,436.3,1640.4,True,1,1,False,False,False,False,,True,False,False,,328,,16.4,Calm,48,, 1.8.0,DJI Mini 3 Pro,1581F4XF3229R006,53HFK5R0M30ACD,5HAZK6H0018AUR,52XPK6HCA105XX,101.4,0.7,39.3,9.437649,6.71082,0,4049,DJI Mini 3 Pro,1581F4XF3229R006,53HFK5R0M30ACD,5HAZK6H0018AUR,52XPK6HCA105XX,DJI Fly,, 1.8.0,54E6999D-4E41-3C56-C869-63925F82E9FA,1581F4XF3229R006W0A6,,,,,,,,,,
6/22/2023,8:06:04.66 PM,1m 21.7s,81.7,43.042783067818,-77.666386837177,37.4,41.9,35.4,599,675.5,6.456197,9.43766,6.263432,8.500372,-1.565858,8.276678,1.565858,3.579104,-3.1,-21.2,79.5,79.5,P-GPS (Brake),Other,,25,5,True,,Mini 3 Pro,False,False,,Smart,RC,False,True,False,,,True,,False,False,False,False,False,False,False,False,False,False,0,Follow Yaw,-33.9,0,113.2,113.2,False,False,False,False,False,True,,True,Normal,100,100,527,982,364,1024,N,False,False,False,False,False,0,False,False,False,False,67,7.567,1529,2285,7.567,False,3.788,3.779,0.012,False,False,4.751,94.3,90.8,94.2,,,,,,,,,Idle,,,True,,False,10,Go Home,True,True,True,False,False,False,False,False,False,False,False,False,43.0428875252967,-77.6663246167718,41.5,436.3,1640.4,True,1,1,False,False,False,False,,True,False,False,,328,,16.4,Calm,48,, 1.8.0,DJI Mini 3 Pro,1581F4XF3229R006,53HFK5R0M30ACD,5HAZK6H0018AUR,52XPK6HCA105XX,101.4,0.7,39.3,9.437649,6.71082,0,4049,DJI Mini 3 Pro,1581F4XF3229R006,53HFK5R0M30ACD,5HAZK6H0018AUR,52XPK6HCA105XX,DJI Fly,, 1.8.0,54E6999D-4E41-3C56-C869-63925F82E9FA,1581F4XF3229R006W0A6,,,,,,,,,,
6/22/2023,8:06:04.86 PM,1m 21.9s,81.9,43.0427885220085,-77.6663888461804,36.4,41.9,35.4,598,677.5,7.161702,9.43766,6.934514,8.500372,-1.789552,8.276678,3.131716,3.579104,-3,-24.6,79.9,79.9,P-GPS (Brake),Other,,25,5,True,,Mini 3 Pro,False,False,,Smart,RC,False,True,False,,,True,,False,False,False,False,False,False,False,False,False,False,0,Follow Yaw,-33.9,0,113.4,113.4,False,False,False,False,False,True,,True,Normal,100,100,1024,1024,364,1024,N,False,False,False,False,False,0,False,False,False,False,67,7.567,1529,2285,7.567,False,3.788,3.779,0.012,False,False,4.751,94.3,90.8,94.2,,,,,,,,,Idle,,,True,,False,10,Go Home,True,True,True,False,False,False,False,False,False,False,False,False,43.0428875252967,-77.6663246167718,39.9,436.3,1640.4,True,1,1,False,False,False,False,,True,False,False,,328,,16.4,Calm,48,, 1.8.0,DJI Mini 3 Pro,1581F4XF3229R006,53HFK5R0M30ACD,5HAZK6H0018AUR,52XPK6HCA105XX,101.4,0.7,39.3,9.437649,6.71082,0,4049,DJI Mini 3 Pro,1581F4XF3229R006,53HFK5R0M30ACD,5HAZK6H0018AUR,52XPK6HCA105XX,DJI Fly,, 1.8.0,54E6999D-4E41-3C56-C869-63925F82E9FA,1581F4XF3229R006W0A6,,,,,,,,,,
6/22/2023,8:06:05.06 PM,1m 22.1s,82.1,43.0427945159852,-77.6663910594131,35.4,41.9,35.4,597,679.8,7.813295,9.43766,7.605596,8.500372,-1.789552,8.276678,4.697574,4.697574,-4.6,-15.7,80.1,80.1,P-GPS (Brake),Other,,25,5,True,,Mini 3 Pro,False,False,,Smart,RC,False,True,False,,,True,,False,False,False,False,False,False,False,False,False,False,0,Follow Yaw,-33.9,0,113.5,113.5,False,False,False,False,False,True,,True,Normal,100,100,1024,1024,364,1024,N,False,False,False,False,False,0,False,False,False,False,67,7.567,1529,2285,7.567,False,3.788,3.779,0.012,False,False,4.751,94.3,90.8,94.2,,,,,,,,,Idle,,,True,,False,10,Go Home,True,True,True,False,False,False,False,False,False,False,False,False,43.0428875252967,-77.6663246167718,38.2,436.3,1640.4,True,1,1,False,False,False,False,,True,False,False,,328,,16.4,Calm,48,, 1.8.0,DJI Mini 3 Pro,1581F4XF3229R006,53HFK5R0M30ACD,5HAZK6H0018AUR,52XPK6HCA105XX,101.4,0.7,39.3,9.437649,6.71082,0,4049,DJI Mini 3 Pro,1581F4XF3229R006,53HFK5R0M30ACD,5HAZK6H0018AUR,52XPK6HCA105XX,DJI Fly,, 1.8.0,54E6999D-4E41-3C56-C869-63925F82E9FA,1581F4XF3229R006W0A6,,,,,,,,,,
6/22/2023,8:06:05.26 PM,1m 22.3s,82.3,43.0428008089524,-77.6663932711161,33.7,41.9,35.4,596,682.2,7.765114,9.43766,7.605596,8.500372,-1.565858,8.276678,5.144962,5.144962,-4.1,12.2,79.2,79.2,P-GPS (Brake),Other,,25,5,True,,Mini 3 Pro,False,False,,Smart,RC,False,True,False,,,True,,False,False,False,False,False,False,False,False,False,False,0,Follow Yaw,-33.9,0,113.5,113.5,False,False,False,False,False,True,,True,Normal,100,100,1024,1024,364,1024,N,False,False,False,False,False,0,False,False,False,False,67,7.599,1527,2285,7.599,False,3.788,3.779,0.012,False,False,4.76,94.3,90.8,94.2,,,,,,,,,Idle,,,True,,False,10,Go Home,True,True,True,False,False,False,False,False,False,False,False,False,43.0428875252967,-77.6663246167718,36.5,436.3,1640.4,True,1,1,False,False,False,False,,True,False,False,,328,,16.4,Calm,48,, 1.8.0,DJI Mini 3 Pro,1581F4XF3229R006,53HFK5R0M30ACD,5HAZK6H0018AUR,52XPK6HCA105XX,101.4,0.7,39.3,9.437649,6.71082,0,4049,DJI Mini 3 Pro,1581F4XF3229R006,53HFK5R0M30ACD,5HAZK6H0018AUR,52XPK6HCA105XX,DJI Fly,, 1.8.0,54E6999D-4E41-3C56-C869-63925F82E9FA,1581F4XF3229R006W0A6,,,,,,,,,,
6/22/2023,8:06:05.47 PM,1m 22.5s,82.5,43.0428062704932,-77.6663950548436,32.1,41.9,35.4,594,684.2,6.142427,9.43766,6.039738,8.500372,-1.11847,8.276678,5.368656,5.368656,-2.9,27,78.5,78.5,P-GPS (Brake),Other,,25,5,True,,Mini 3 Pro,False,False,,Smart,RC,False,True,False,,,True,,False,False,False,False,False,False,False,False,False,False,0,Follow Yaw,-33.9,0,113.5,113.5,False,False,False,False,False,True,,True,Normal,100,100,957,1024,364,1024,N,False,False,False,False,False,0,False,False,False,False,67,7.611,1527,2285,7.611,False,3.81,3.801,0.012,False,False,4.76,94.3,90.8,94.2,,,,,,,,,Idle,,,True,,False,10,Go Home,True,True,True,False,False,False,False,False,False,False,False,False,43.0428875252967,-77.6663246167718,35,436.3,1640.4,True,1,1,False,False,False,False,,True,False,False,,328,,16.4,Calm,48,, 1.8.0,DJI Mini 3 Pro,1581F4XF3229R006,53HFK5R0M30ACD,5HAZK6H0018AUR,52XPK6HCA105XX,101.4,0.7,39.3,9.437649,6.71082,0,4049,DJI Mini 3 Pro,1581F4XF3229R006,53HFK5R0M30ACD,5HAZK6H0018AUR,52XPK6HCA105XX,DJI Fly,, 1.8.0,54E6999D-4E41-3C56-C869-63925F82E9FA,1581F4XF3229R006W0A6,,,,,,,,,,
6/22/2023,8:06:05.57 PM,1m 22.7s,82.7,43.042810109111,-77.6663962363214,30.5,41.9,35.4,592,685.6,3.829024,9.43766,3.802798,8.500372,-0.447388,8.276678,5.59235,5.59235,-1.9,25.2,79.1,79.1,P-GPS (Brake),Other,,24,5,True,,Mini 3 Pro,False,False,,Smart,RC,False,True,False,,,True,,False,False,False,False,False,False,False,False,False,False,0,Follow Yaw,-33.9,0,113.5,113.5,False,False,False,False,False,True,,True,Normal,100,100,364,839,364,1241,N,False,False,False,False,False,0,False,False,False,False,67,7.611,1527,2285,7.611,False,3.81,3.801,0.012,False,False,4.76,94.3,90.8,94.2,,,,,,,,,Idle,,,True,,False,10,Go Home,True,True,True,False,False,False,False,False,False,False,False,False,43.0428875252967,-77.6663246167718,34,436.3,1640.4,True,1,1,False,False,False,False,,True,False,False,,328,,16.4,Calm,48,, 1.8.0,DJI Mini 3 Pro,1581F4XF3229R006,53HFK5R0M30ACD,5HAZK6H0018AUR,52XPK6HCA105XX,101.4,0.7,39.3,9.437649,6.71082,0,4049,DJI Mini 3 Pro,1581F4XF3229R006,53HFK5R0M30ACD,5HAZK6H0018AUR,52XPK6HCA105XX,DJI Fly,, 1.8.0,54E6999D-4E41-3C56-C869-63925F82E9FA,1581F4XF3229R006W0A6,,,,,,,,,,
6/22/2023,8:06:05.87 PM,1m 22.9s,82.9,43.0428122427873,-77.6663968090262,28.8,41.9,35.4,591,686.4,2.013246,9.43766,2.013246,8.500372,,8.276678,5.368656,5.59235,4.3,2.6,80.2,80.2,P-GPS (Brake),Other,,23,5,True,,Mini 3 Pro,False,False,,Smart,RC,False,True,False,,,True,,False,False,False,False,False,False,False,False,False,False,0,Follow Yaw,-33.9,0,113.7,113.7,False,False,False,False,False,True,,True,Normal,100,100,364,874,364,1328,N,False,False,False,False,False,0,False,False,False,False,67,7.611,1527,2285,7.611,False,3.81,3.801,0.012,False,False,4.76,94.3,90.8,94.2,,,,,,,,,Idle,,,True,,False,10,Go Home,True,True,True,False,False,False,False,False,False,False,False,False,43.0428875252967,-77.6663246167718,33.5,436.3,1640.4,True,1,1,False,False,False,False,,True,False,False,,328,,16.4,Calm,48,, 1.8.0,DJI Mini 3 Pro,1581F4XF3229R006,53HFK5R0M30ACD,5HAZK6H0018AUR,52XPK6HCA105XX,101.4,0.7,39.3,9.437649,6.71082,0,4049,DJI Mini 3 Pro,1581F4XF3229R006,53HFK5R0M30ACD,5HAZK6H0018AUR,52XPK6HCA105XX,DJI Fly,, 1.8.0,54E6999D-4E41-3C56-C869-63925F82E9FA,1581F4XF3229R006W0A6,,,,,,,,,,
6/22/2023,8:06:06.07 PM,1m 23.1s,83.1,43.0428139496864,-77.6663974119207,27.5,41.9,35.4,589,687.1,2.47078,9.43766,2.460634,8.500372,-0.223694,8.276678,5.368656,5.59235,-0.8,-19.8,80.1,80.1,P-GPS (Brake),Other,,23,5,True,,Mini 3 Pro,False,False,,Smart,RC,False,True,False,,,True,,False,False,False,False,False,False,False,False,False,False,0,Follow Yaw,-33.9,0,114.7,114.7,False,False,False,False,False,True,,True,Normal,100,100,364,926,472,1148,N,False,False,False,False,False,0,False,False,False,False,67,7.611,1527,2285,7.611,False,3.81,3.801,0.012,False,False,4.76,94.3,90.8,94.2,,,,,,,,,Idle,,,True,,False,10,Go Home,True,True,True,False,False,False,False,False,False,False,False,False,43.0428875252967,-77.6663246167718,33.1,436.3,1640.4,True,1,1,False,False,False,False,,True,False,False,,328,,16.4,Calm,48,, 1.8.0,DJI Mini 3 Pro,1581F4XF3229R006,53HFK5R0M30ACD,5HAZK6H0018AUR,52XPK6HCA105XX,101.4,0.7,39.3,9.437649,6.71082,0,4049,DJI Mini 3 Pro,1581F4XF3229R006,53HFK5R0M30ACD,5HAZK6H0018AUR,52XPK6HCA105XX,DJI Fly,, 1.8.0,54E6999D-4E41-3C56-C869-63925F82E9FA,1581F4XF3229R006W0A6,,,,,,,,,,
6/22/2023,8:06:06.18 PM,1m 23.3s,83.3,43.0428165998816,-77.6663982220862,25.9,41.9,24.6,588,688.1,3.829024,9.43766,3.802798,8.500372,-0.447388,8.276678,4.921268,5.59235,2.3,-19.1,80.6,80.6,P-GPS (Brake),Other,,24,5,True,,Mini 3 Pro,True,False,,Smart,RC,False,True,False,,,True,,False,False,False,False,False,False,False,False,False,False,0,Follow Yaw,-33.9,0,115.9,115.9,False,False,False,False,False,True,,True,Normal,100,100,446,978,547,1065,N,False,False,False,False,False,0,False,False,False,False,67,7.611,1527,2285,7.611,False,3.81,3.801,0.012,False,False,4.76,94.3,90.8,94.2,,,,,,,,,Idle,,,True,,False,10,Go Home,True,True,True,False,False,False,False,False,True,False,False,False,43.0428875252967,-77.6663246167718,32.4,436.3,1640.4,True,1,1,False,False,False,False,,True,False,False,,328,,16.4,Calm,48,, 1.8.0,DJI Mini 3 Pro,1581F4XF3229R006,53HFK5R0M30ACD,5HAZK6H0018AUR,52XPK6HCA105XX,101.4,0.7,39.3,9.437649,6.71082,0,4049,DJI Mini 3 Pro,1581F4XF3229R006,53HFK5R0M30ACD,5HAZK6H0018AUR,52XPK6HCA105XX,DJI Fly,, 1.8.0,54E6999D-4E41-3C56-C869-63925F82E9FA,1581F4XF3229R006W0A6,,,,,,,,,,
6/22/2023,8:06:06.48 PM,1m 23.5s,83.5,43.0428202534392,-77.6663993718272,24.2,41.9,23.6,586,689.4,4.966812,9.43766,4.921268,8.500372,-0.671082,8.276678,5.144962,5.59235,1.1,-22.8,82,82,P-GPS (Brake),Other,,24,5,True,,Mini 3 Pro,True,False,,Smart,RC,False,True,False,,,True,,False,False,False,False,False,False,False,False,False,False,0,Follow Yaw,-33.9,0,116.3,116.3,False,False,False,False,False,True,,True,Normal,100,100,768,1024,550,1024,N,False,False,False,False,False,0,False,False,False,False,67,7.577,1526,2285,7.577,False,3.794,3.783,0.012,False,False,3.966,94.3,90.8,94.2,,,,,,,,,Idle,,,True,,False,10,Go Home,True,True,True,False,False,False,False,False,True,False,False,False,43.0428875252967,-77.6663246167718,31.6,436.3,1640.4,True,1,1,False,False,False,False,,True,False,False,,328,,16.4,Calm,48,, 1.8.0,DJI Mini 3 Pro,1581F4XF3229R006,53HFK5R0M30ACD,5HAZK6H0018AUR,52XPK6HCA105XX,101.4,0.7,39.3,9.437649,6.71082,0,4049,DJI Mini 3 Pro,1581F4XF3229R006,53HFK5R0M30ACD,5HAZK6H0018AUR,52XPK6HCA105XX,DJI Fly,, 1.8.0,54E6999D-4E41-3C56-C869-63925F82E9FA,1581F4XF3229R006W0A6,,,,,,,,,,
6/22/2023,8:06:06.68 PM,1m 23.7s,83.7,43.0428250616448,-77.6664008975046,22.9,41.9,22.3,585,691.2,6.582839,9.43766,6.487126,8.500372,-1.11847,8.276678,4.47388,5.59235,1.5,-21,81.8,81.8,P-GPS (Brake),Other,,24,5,True,,Mini 3 Pro,True,False,,Smart,RC,False,True,False,,,True,,False,False,False,False,False,False,False,False,False,False,0,Follow Yaw,-33.9,0,116.5,116.5,False,False,False,False,False,True,,True,Normal,100,100,1024,1024,530,1024,N,False,False,False,False,False,0,False,False,False,False,67,7.577,1526,2285,7.577,False,3.794,3.783,0.012,False,False,3.966,94.3,90.8,94.2,,,,,,,,,Idle,,,True,,False,10,Go Home,True,True,True,False,False,False,False,False,True,False,False,False,43.0428875252967,-77.6663246167718,30.5,436.3,1640.4,True,1,1,False,False,False,False,,True,False,False,,328,,16.4,Calm,48,, 1.8.0,DJI Mini 3 Pro,1581F4XF3229R006,53HFK5R0M30ACD,5HAZK6H0018AUR,52XPK6HCA105XX,101.4,0.7,39.3,9.437649,6.71082,0,4049,DJI Mini 3 Pro,1581F4XF3229R006,53HFK5R0M30ACD,5HAZK6H0018AUR,52XPK6HCA105XX,DJI Fly,, 1.8.0,54E6999D-4E41-3C56-C869-63925F82E9FA,1581F4XF3229R006W0A6,,,,,,,,,,
6/22/2023,8:06:06.78 PM,1m 23.9s,83.9,43.0428307281765,-77.6664027651135,21.6,41.9,21.3,584,693.4,7.282948,9.43766,7.158208,8.500372,-1.342164,8.276678,4.250186,5.59235,-1.5,-5,82.5,82.5,P-GPS (Brake),Other,,24,5,True,,Mini 3 Pro,True,False,,Smart,RC,False,True,False,,,True,,False,False,False,False,False,False,False,False,False,False,0,Follow Yaw,-33.9,0,116.5,116.5,False,False,False,False,False,True,,True,Normal,100,100,1024,1024,468,1024,N,False,False,False,False,False,0,False,False,False,False,67,7.577,1526,2285,7.577,False,3.794,3.783,0.012,False,False,3.966,94.3,90.8,94.2,,,,,,,,,Idle,,,True,,False,10,Go Home,True,True,True,False,False,False,False,False,True,False,False,False,43.0428875252967,-77.6663246167718,29.3,436.3,1640.4,True,1,1,False,False,False,False,,True,False,False,,328,,16.4,Calm,48,, 1.8.0,DJI Mini 3 Pro,1581F4XF3229R006,53HFK5R0M30ACD,5HAZK6H0018AUR,52XPK6HCA105XX,101.4,0.7,39.3,9.437649,6.71082,0,4049,DJI Mini 3 Pro,1581F4XF3229R006,53HFK5R0M30ACD,5HAZK6H0018AUR,52XPK6HCA105XX,DJI Fly,, 1.8.0,54E6999D-4E41-3C56-C869-63925F82E9FA,1581F4XF3229R006W0A6,,,,,,,,,,
6/22/2023,8:06:07.09 PM,1m 24.1s,84.1,43.0428362795317,-77.6664046020112,20.3,41.9,20.3,582,695.4,6.582839,9.43766,6.487126,8.500372,-1.11847,8.276678,4.47388,5.59235,-2.9,22.3,81.9,81.9,P-GPS (Brake),Other,,24,5,True,,Mini 3 Pro,True,False,,Smart,RC,False,True,False,,,True,,False,False,False,False,False,False,False,False,False,False,0,Follow Yaw,-33.9,0,116.5,116.5,False,False,False,False,False,True,,True,Normal,100,100,1024,1274,517,1024,N,False,False,False,False,False,0,False,False,False,False,67,7.577,1526,2285,7.577,False,3.794,3.783,0.012,False,False,3.966,94.3,90.8,94.2,,,,,,,,,Idle,,,True,,False,10,Go Home,True,True,True,False,False,False,False,False,True,False,False,False,43.0428875252967,-77.6663246167718,28.3,436.3,1640.4,True,1,1,False,False,False,False,,True,False,False,,328,,16.4,Calm,48,, 1.8.0,DJI Mini 3 Pro,1581F4XF3229R006,53HFK5R0M30ACD,5HAZK6H0018AUR,52XPK6HCA105XX,101.4,0.7,39.3,9.437649,6.71082,0,4049,DJI Mini 3 Pro,1581F4XF3229R006,53HFK5R0M30ACD,5HAZK6H0018AUR,52XPK6HCA105XX,DJI Fly,, 1.8.0,54E6999D-4E41-3C56-C869-63925F82E9FA,1581F4XF3229R006W0A6,,,,,,,,,,
6/22/2023,8:06:07.19 PM,1m 24.3s,84.3,43.0428405965933,-77.6664060169877,19,41.9,19,581,697.1,4.523931,9.43766,4.47388,8.500372,-0.671082,8.276678,4.921268,5.59235,-4.8,28.7,80.3,80.3,P-GPS (Brake),Other,,23,5,True,,Mini 3 Pro,True,False,,Smart,RC,False,True,False,,,True,,False,False,False,False,False,False,False,False,False,False,0,Follow Yaw,-33.9,0,116.5,116.5,False,False,False,False,False,True,,True,Normal,100,100,1024,1640,517,1024,N,False,False,False,False,False,0,False,False,False,False,67,7.577,1526,2285,7.577,False,3.794,3.783,0.012,False,False,3.966,94.3,90.8,94.2,,,,,,,,,Idle,,,True,,False,10,Go Home,True,True,True,False,False,False,False,False,True,False,False,False,43.0428875252967,-77.6663246167718,27.6,436.3,1640.4,True,1,1,False,False,False,False,,True,False,False,,328,,16.4,Calm,48,, 1.8.0,DJI Mini 3 Pro,1581F4XF3229R006,53HFK5R0M30ACD,5HAZK6H0018AUR,52XPK6HCA105XX,101.4,0.7,39.3,9.437649,6.71082,0,4049,DJI Mini 3 Pro,1581F4XF3229R006,53HFK5R0M30ACD,5HAZK6H0018AUR,52XPK6HCA105XX,DJI Fly,, 1.8.0,54E6999D-4E41-3C56-C869-63925F82E9FA,1581F4XF3229R006W0A6,,,,,,,,,,
6/22/2023,8:06:07.39 PM,1m 24.5s,84.5,43.0428430837835,-77.6664068051689,17.3,41.9,17.7,579,698,2.248096,9.43766,2.23694,8.500372,-0.223694,8.276678,4.47388,5.59235,-0.4,6.8,83.7,83.7,P-GPS (Brake),Other,,23,5,True,,Mini 3 Pro,True,False,,Smart,RC,False,True,False,,,True,,False,False,False,False,False,False,False,False,False,False,0,Follow Yaw,-33.9,0,116.5,116.5,False,False,False,False,False,True,,True,Normal,100,100,1024,1684,578,1024,N,False,False,False,False,False,0,False,False,False,False,67,7.621,1525,2285,7.621,False,3.816,3.805,0.012,False,False,4.849,94.5,90.8,94.4,,,,,,,,,Idle,,,True,,False,10,Go Home,True,True,True,False,False,False,False,False,True,False,False,False,43.0428875252967,-77.6663246167718,27.2,436.3,1640.4,True,1,1,False,False,False,False,,True,False,False,,328,,16.4,Calm,48,, 1.8.0,DJI Mini 3 Pro,1581F4XF3229R006,53HFK5R0M30ACD,5HAZK6H0018AUR,52XPK6HCA105XX,101.4,0.7,39.3,9.437649,6.71082,0,4049,DJI Mini 3 Pro,1581F4XF3229R006,53HFK5R0M30ACD,5HAZK6H0018AUR,52XPK6HCA105XX,DJI Fly,, 1.8.0,54E6999D-4E41-3C56-C869-63925F82E9FA,1581F4XF3229R006W0A6,,,,,,,,,,
6/22/2023,8:06:07.69 PM,1m 24.7s,84.7,43.042844605845,-77.6664071231,16,41.9,16.4,578,698.6,1.581755,9.43766,1.565858,8.500372,0.223694,8.276678,4.47388,5.59235,-14.8,8.8,81.6,81.6,P-GPS (Brake),Other,,23,5,True,,Mini 3 Pro,True,False,,Smart,RC,False,True,False,,,True,,False,False,False,False,False,False,False,False,False,False,0,Follow Yaw,-33.9,0,116.5,116.5,False,False,False,False,False,True,,True,Normal,100,100,1024,1092,917,1024,N,False,False,False,False,False,0,False,False,False,False,67,7.621,1525,2285,7.621,False,3.816,3.805,0.012,False,False,4.849,94.5,90.8,94.4,,,,,,,,,Idle,,,True,,False,10,Go Home,True,True,True,False,False,False,False,False,True,False,False,False,43.0428875252967,-77.6663246167718,27,436.3,1640.4,True,1,1,False,False,False,False,,True,False,False,,328,,16.4,Calm,48,, 1.8.0,DJI Mini 3 Pro,1581F4XF3229R006,53HFK5R0M30ACD,5HAZK6H0018AUR,52XPK6HCA105XX,101.4,0.7,39.3,9.437649,6.71082,0,4049,DJI Mini 3 Pro,1581F4XF3229R006,53HFK5R0M30ACD,5HAZK6H0018AUR,52XPK6HCA105XX,DJI Fly,, 1.8.0,54E6999D-4E41-3C56-C869-63925F82E9FA,1581F4XF3229R006W0A6,,,,,,,,,,
6/22/2023,8:06:07.79 PM,1m 24.9s,84.9,43.0428455765442,-77.6664063022265,15,41.9,16.4,577,699,1.581755,9.43766,1.11847,8.500372,1.11847,8.276678,2.908022,5.59235,-10.6,-2.2,82.7,82.7,P-GPS (Brake),Other,,23,5,True,,Mini 3 Pro,False,False,,Smart,RC,False,True,False,,,True,,False,False,False,False,False,False,False,False,False,False,0,Follow Yaw,-33.9,0,116.5,116.5,False,False,False,False,False,True,,True,Normal,100,100,1024,1193,899,1024,N,False,False,False,False,False,0,False,False,False,False,67,7.621,1525,2285,7.621,False,3.816,3.805,0.012,False,False,4.849,94.5,90.8,94.4,,,,,,,,,Idle,,,True,,False,10,Go Home,True,True,True,False,False,False,False,False,False,False,False,False,43.0428875252967,-77.6663246167718,26.6,436.3,1640.4,True,1,1,False,False,False,False,,True,False,False,,328,,16.4,Calm,48,, 1.8.0,DJI Mini 3 Pro,1581F4XF3229R006,53HFK5R0M30ACD,5HAZK6H0018AUR,52XPK6HCA105XX,101.4,0.7,39.3,9.437649,6.71082,0,4049,DJI Mini 3 Pro,1581F4XF3229R006,53HFK5R0M30ACD,5HAZK6H0018AUR,52XPK6HCA105XX,DJI Fly,, 1.8.0,54E6999D-4E41-3C56-C869-63925F82E9FA,1581F4XF3229R006W0A6,,,,,,,,,,
6/22/2023,8:06:07.99 PM,1m 25.1s,85.1,43.0428464847571,-77.6664046262226,14.1,41.9,15,576,699.5,2.110324,9.43766,1.11847,8.500372,1.789552,8.276678,1.342164,5.59235,-4.4,-1,82.6,82.6,P-GPS (Brake),Other,,23,5,True,,Mini 3 Pro,True,False,,Smart,RC,False,True,False,,,True,,False,False,False,False,False,False,False,False,False,False,0,Follow Yaw,-33.9,0,116.5,116.5,False,False,False,False,False,True,,True,Normal,100,100,988,1684,668,1024,N,False,False,False,False,False,0,False,False,False,False,67,7.621,1525,2285,7.621,False,3.816,3.805,0.012,False,False,4.849,94.5,90.8,94.4,,,,,,,,,Idle,,,True,,False,10,Go Home,True,True,True,False,False,False,False,False,True,False,False,False,43.0428875252967,-77.6663246167718,26,436.3,1640.4,True,1,1,False,False,False,False,,True,False,False,,328,,16.4,Calm,48,, 1.8.0,DJI Mini 3 Pro,1581F4XF3229R006,53HFK5R0M30ACD,5HAZK6H0018AUR,52XPK6HCA105XX,101.4,0.7,39.3,9.437649,6.71082,0,4049,DJI Mini 3 Pro,1581F4XF3229R006,53HFK5R0M30ACD,5HAZK6H0018AUR,52XPK6HCA105XX,DJI Fly,, 1.8.0,54E6999D-4E41-3C56-C869-63925F82E9FA,1581F4XF3229R006W0A6,,,,,,,,,,
6/22/2023,8:06:08.30 PM,1m 25.3s,85.3,43.0428471863492,-77.6664025412442,14.1,41.9,14.7,576,700.1,2.20313,9.43766,0.894776,8.500372,2.013246,8.276678,0.671082,5.59235,-5.6,-2.3,82.7,82.7,P-GPS (Brake),Other,,24,5,True,,Mini 3 Pro,True,False,,Smart,RC,False,True,False,,,True,,False,False,False,False,False,False,False,False,False,False,0,Follow Yaw,-33.9,0,116.5,116.5,False,False,False,False,False,True,,True,Normal,100,100,1004,1684,897,1024,N,False,False,False,False,False,0,False,False,False,False,67,7.621,1525,2285,7.621,False,3.816,3.805,0.012,False,False,4.849,94.5,90.8,94.4,,,,,,,,,Idle,,,True,,False,10,Go Home,True,True,True,False,False,False,False,False,True,False,False,False,43.0428875252967,-77.6663246167718,25.4,436.3,1640.4,True,1,1,False,False,False,False,,True,False,False,,328,,16.4,Calm,48,, 1.8.0,DJI Mini 3 Pro,1581F4XF3229R006,53HFK5R0M30ACD,5HAZK6H0018AUR,52XPK6HCA105XX,101.4,0.7,39.3,9.437649,6.71082,0,4049,DJI Mini 3 Pro,1581F4XF3229R006,53HFK5R0M30ACD,5HAZK6H0018AUR,52XPK6HCA105XX,DJI Fly,, 1.8.0,54E6999D-4E41-3C56-C869-63925F82E9FA,1581F4XF3229R006W0A6,,,,,,,,,,
6/22/2023,8:06:08.40 PM,1m 25.5s,85.5,43.0428477789264,-77.6664002770157,13.7,41.9,14.4,576,700.8,2.409258,9.43766,0.894776,8.500372,2.23694,8.276678,1.789552,5.59235,-12.8,-1.3,82.7,82.7,P-GPS (Brake),Other,,24,5,True,,Mini 3 Pro,True,False,,Smart,RC,False,True,False,,,True,,False,False,False,False,False,False,False,False,False,False,0,Follow Yaw,-33.9,0,116.5,116.5,False,False,False,False,False,True,,True,Normal,100,100,1021,1684,1024,1024,N,False,False,False,False,False,0,False,False,False,False,67,7.556,1524,2285,7.556,False,3.78,3.776,0.012,False,False,5.093,94.5,90.8,94.4,,,,,,,,,Idle,,,True,,False,10,Go Home,True,True,True,False,False,False,False,False,True,False,False,False,43.0428875252967,-77.6663246167718,24.8,436.3,1640.4,True,1,1,False,False,False,False,,True,False,False,,328,,16.4,Calm,48,, 1.8.0,DJI Mini 3 Pro,1581F4XF3229R006,53HFK5R0M30ACD,5HAZK6H0018AUR,52XPK6HCA105XX,101.4,0.7,39.3,9.437649,6.71082,0,4049,DJI Mini 3 Pro,1581F4XF3229R006,53HFK5R0M30ACD,5HAZK6H0018AUR,52XPK6HCA105XX,DJI Fly,, 1.8.0,54E6999D-4E41-3C56-C869-63925F82E9FA,1581F4XF3229R006W0A6,,,,,,,,,,
6/22/2023,8:06:08.60 PM,1m 25.7s,85.7,43.042848359041,-77.6663972897441,13.1,41.9,13.7,575,701.6,3.257033,9.43766,0.894776,8.500372,3.131716,8.276678,0.894776,5.59235,-14,-0.3,82.9,82.9,P-GPS (Brake),Other,,24,5,True,,Mini 3 Pro,True,False,,Smart,RC,False,True,False,,,True,,False,False,False,False,False,False,False,False,False,False,0,Follow Yaw,-33.9,0,116.5,116.5,False,False,False,False,False,True,,True,Normal,100,100,1024,1684,1024,1024,N,False,False,False,False,False,0,False,False,False,False,67,7.556,1524,2285,7.556,False,3.78,3.776,0.012,False,False,5.093,94.5,90.8,94.4,,,,,,,,,Idle,,,True,,False,10,Go Home,True,True,True,False,False,False,False,False,True,False,False,False,43.0428875252967,-77.6663246167718,24,436.3,1640.4,True,1,1,False,False,False,False,,True,False,False,,328,,16.4,Calm,48,, 1.8.0,DJI Mini 3 Pro,1581F4XF3229R006,53HFK5R0M30ACD,5HAZK6H0018AUR,52XPK6HCA105XX,101.4,0.7,39.3,9.437649,6.71082,0,4049,DJI Mini 3 Pro,1581F4XF3229R006,53HFK5R0M30ACD,5HAZK6H0018AUR,52XPK6HCA105XX,DJI Fly,, 1.8.0,54E6999D-4E41-3C56-C869-63925F82E9FA,1581F4XF3229R006W0A6,,,,,,,,,,
6/22/2023,8:06:08.90 PM,1m 25.9s,85.9,43.0428490002349,-77.6663932482292,13.1,41.9,13.7,575,702.7,3.906647,9.43766,0.894776,8.500372,3.802798,8.276678,0.223694,5.59235,-10.8,-2.5,82.8,82.8,P-GPS (Brake),Other,,24,5,True,,Mini 3 Pro,True,False,,Smart,RC,False,True,False,,,True,,False,False,False,False,False,False,False,False,False,False,0,Follow Yaw,-33.9,0,116.5,116.5,False,False,False,False,False,True,,True,Normal,100,100,1024,1684,1024,1024,N,False,False,False,False,False,0,False,False,False,False,67,7.556,1524,2285,7.556,False,3.78,3.776,0.012,False,False,5.093,94.5,90.8,94.4,,,,,,,,,Idle,,,True,,False,10,Go Home,True,True,True,False,False,False,False,False,True,False,False,False,43.0428875252967,-77.6663246167718,23,436.3,1640.4,True,1,1,False,False,False,False,,True,False,False,,328,,16.4,Calm,48,, 1.8.0,DJI Mini 3 Pro,1581F4XF3229R006,53HFK5R0M30ACD,5HAZK6H0018AUR,52XPK6HCA105XX,101.4,0.7,39.3,9.437649,6.71082,0,4049,DJI Mini 3 Pro,1581F4XF3229R006,53HFK5R0M30ACD,5HAZK6H0018AUR,52XPK6HCA105XX,DJI Fly,, 1.8.0,54E6999D-4E41-3C56-C869-63925F82E9FA,1581F4XF3229R006W0A6,,,,,,,,,,
6/22/2023,8:06:09.01 PM,1m 26.1s,86.1,43.0428498272708,-77.666388542128,13.1,41.9,13.7,575,704,4.611569,9.43766,1.11847,8.500372,4.47388,8.276678,,5.59235,-12.6,-0.7,82.7,82.7,P-GPS (Brake),Other,,23,5,True,,Mini 3 Pro,True,False,,Smart,RC,False,True,False,,,True,,False,False,False,False,False,False,False,False,False,False,0,Follow Yaw,-33.9,0,116.5,116.5,False,False,False,False,False,True,,True,Normal,100,100,1024,1684,1024,1024,N,False,False,False,False,False,0,False,False,False,False,67,7.556,1524,2285,7.556,False,3.78,3.776,0.012,False,False,5.093,94.5,90.8,94.4,,,,,,,,,Idle,,,True,,False,10,Go Home,True,True,True,False,False,False,False,False,True,False,False,False,43.0428875252967,-77.6663246167718,21.9,436.3,1640.4,True,1,1,False,False,False,False,,True,False,False,,328,,16.4,Calm,48,, 1.8.0,DJI Mini 3 Pro,1581F4XF3229R006,53HFK5R0M30ACD,5HAZK6H0018AUR,52XPK6HCA105XX,101.4,0.7,39.3,9.437649,6.71082,0,4049,DJI Mini 3 Pro,1581F4XF3229R006,53HFK5R0M30ACD,5HAZK6H0018AUR,52XPK6HCA105XX,DJI Fly,, 1.8.0,54E6999D-4E41-3C56-C869-63925F82E9FA,1581F4XF3229R006W0A6,,,,,,,,,,
6/22/2023,8:06:09.21 PM,1m 26.3s,86.3,43.0428507386513,-77.6663831502884,13.1,41.9,13.7,575,705.5,5.265131,9.43766,1.11847,8.500372,5.144962,8.276678,,5.59235,-12.6,-0.2,82.7,82.7,P-GPS (Brake),Other,,23,5,True,,Mini 3 Pro,True,False,,Smart,RC,False,True,False,,,True,,False,False,False,False,False,False,False,False,False,False,0,Follow Yaw,-33.9,0,116.5,116.5,False,False,False,False,False,True,,True,Normal,100,100,1024,1427,1024,1024,N,False,False,False,False,False,0,False,False,False,False,67,7.556,1524,2285,7.556,False,3.78,3.776,0.012,False,False,5.093,94.5,90.8,94.4,,,,,,,,,Idle,,,True,,False,10,Go Home,True,True,True,False,False,False,False,False,True,False,False,False,43.0428875252967,-77.6663246167718,20.5,436.3,1640.4,True,1,1,False,False,False,False,,True,False,False,,328,,16.4,Calm,48,, 1.8.0,DJI Mini 3 Pro,1581F4XF3229R006,53HFK5R0M30ACD,5HAZK6H0018AUR,52XPK6HCA105XX,101.4,0.7,39.3,9.437649,6.71082,0,4049,DJI Mini 3 Pro,1581F4XF3229R006,53HFK5R0M30ACD,5HAZK6H0018AUR,52XPK6HCA105XX,DJI Fly,, 1.8.0,54E6999D-4E41-3C56-C869-63925F82E9FA,1581F4XF3229R006W0A6,,,,,,,,,,
6/22/2023,8:06:09.41 PM,1m 26.5s,86.5,43.0428517309175,-77.6663771528524,13.1,41.9,14.1,575,707.1,5.7031,9.43766,1.11847,8.500372,5.59235,8.276678,,5.59235,-12.5,0.1,82.7,82.7,P-GPS (Brake),Other,,23,5,True,,Mini 3 Pro,True,False,,Smart,RC,False,True,False,,,True,,False,False,False,False,False,False,False,False,False,False,0,Follow Yaw,-33.9,0,116.5,116.5,False,False,False,False,False,True,,True,Normal,100,100,1024,1024,1024,1024,N,False,False,False,False,False,0,False,False,False,False,67,7.582,1522,2285,7.582,False,3.796,3.786,0.012,False,False,4.987,94.6,90.8,94.6,,,,,,,,,Idle,,,True,,False,10,Go Home,True,True,True,False,False,False,False,False,True,False,False,False,43.0428875252967,-77.6663246167718,19.1,436.3,1640.4,True,1,1,False,False,False,False,,True,False,False,,328,,16.4,Calm,48,, 1.8.0,DJI Mini 3 Pro,1581F4XF3229R006,53HFK5R0M30ACD,5HAZK6H0018AUR,52XPK6HCA105XX,101.4,0.7,39.3,9.437649,6.71082,0,4049,DJI Mini 3 Pro,1581F4XF3229R006,53HFK5R0M30ACD,5HAZK6H0018AUR,52XPK6HCA105XX,DJI Fly,, 1.8.0,54E6999D-4E41-3C56-C869-63925F82E9FA,1581F4XF3229R006W0A6,,,,,,,,,,
6/22/2023,8:06:09.61 PM,1m 26.7s,86.7,43.0428527439303,-77.6663705928627,13.1,41.9,13.7,575,708.9,6.142427,9.43766,1.11847,8.500372,6.039738,8.276678,,5.59235,-4.9,0,82.7,82.7,P-GPS (Brake),Other,,23,5,True,,Mini 3 Pro,True,False,,Smart,RC,False,True,False,,,True,,False,False,False,False,False,False,False,False,False,False,0,Follow Yaw,-33.9,0,116.5,116.5,False,False,False,False,False,True,,True,Normal,100,100,1024,1024,1024,1024,N,False,False,False,False,False,0,False,False,False,False,67,7.582,1522,2285,7.582,False,3.796,3.786,0.012,False,False,4.987,94.6,90.8,94.6,,,,,,,,,Idle,,,True,,False,10,Go Home,True,True,True,False,False,False,False,False,True,False,False,False,43.0428875252967,-77.6663246167718,17.6,436.3,1640.4,True,1,1,False,False,False,False,,True,False,False,,328,,16.4,Calm,48,, 1.8.0,DJI Mini 3 Pro,1581F4XF3229R006,53HFK5R0M30ACD,5HAZK6H0018AUR,52XPK6HCA105XX,101.4,0.7,39.3,9.437649,6.71082,0,4049,DJI Mini 3 Pro,1581F4XF3229R006,53HFK5R0M30ACD,5HAZK6H0018AUR,52XPK6HCA105XX,DJI Fly,, 1.8.0,54E6999D-4E41-3C56-C869-63925F82E9FA,1581F4XF3229R006W0A6,,,,,,,,,,
6/22/2023,8:06:09.91 PM,1m 26.9s,86.9,43.0428537283022,-77.6663641094224,13.1,41.9,13.7,575,710.7,5.663479,9.43766,0.894776,8.500372,5.59235,8.276678,,5.59235,17.8,0.5,82.8,82.8,P-GPS (Brake),Other,,23,5,True,,Mini 3 Pro,True,False,,Smart,RC,False,True,False,,,True,,False,False,False,False,False,False,False,False,False,False,0,Follow Yaw,-33.9,0,116.5,116.5,False,False,False,False,False,True,,True,Normal,100,100,1049,1211,1024,1024,N,False,False,False,False,False,0,False,False,False,False,67,7.582,1522,2285,7.582,False,3.796,3.786,0.012,False,False,4.987,94.6,90.8,94.6,,,,,,,,,Idle,,,True,,False,10,Go Home,True,True,True,False,False,False,False,False,True,False,False,False,43.0428875252967,-77.6663246167718,16.2,436.3,1640.4,True,1,1,False,False,False,False,,True,False,False,,328,,16.4,Calm,48,, 1.8.0,DJI Mini 3 Pro,1581F4XF3229R006,53HFK5R0M30ACD,5HAZK6H0018AUR,52XPK6HCA105XX,101.4,0.7,39.3,9.437649,6.71082,0,4049,DJI Mini 3 Pro,1581F4XF3229R006,53HFK5R0M30ACD,5HAZK6H0018AUR,52XPK6HCA105XX,DJI Fly,, 1.8.0,54E6999D-4E41-3C56-C869-63925F82E9FA,1581F4XF3229R006W0A6,,,,,,,,,,
6/22/2023,8:06:10.12 PM,1m 27.1s,87.1,43.0428545309505,-77.6663591987226,13.1,41.9,13.7,575,712,3.641474,9.43766,0.671082,8.500372,3.579104,8.276678,,5.59235,20.8,1.3,82.7,82.7,P-GPS (Brake),Other,,23,5,True,,Mini 3 Pro,True,False,,Smart,RC,False,True,False,,,True,,False,False,False,False,False,False,False,False,False,False,0,Follow Yaw,-33.9,0,116.5,116.5,False,False,False,False,False,True,,True,Normal,100,100,1024,1684,1024,1024,N,False,False,False,False,False,0,False,False,False,False,67,7.582,1522,2285,7.582,False,3.796,3.786,0.012,False,False,4.987,94.6,90.8,94.6,,,,,,,,,Idle,,,True,,False,10,Go Home,True,True,True,False,False,False,False,False,True,False,False,False,43.0428875252967,-77.6663246167718,15.1,436.3,1640.4,True,1,1,False,False,False,False,,True,False,False,,328,,16.4,Calm,48,, 1.8.0,DJI Mini 3 Pro,1581F4XF3229R006,53HFK5R0M30ACD,5HAZK6H0018AUR,52XPK6HCA105XX,101.4,0.7,39.3,9.437649,6.71082,0,4049,DJI Mini 3 Pro,1581F4XF3229R006,53HFK5R0M30ACD,5HAZK6H0018AUR,52XPK6HCA105XX,DJI Fly,, 1.8.0,54E6999D-4E41-3C56-C869-63925F82E9FA,1581F4XF3229R006W0A6,,,,,,,,,,
6/22/2023,8:06:10.22 PM,1m 27.3s,87.3,43.042855084341,-77.6663561577005,13.1,41.9,13.4,575,712.8,2.248096,9.43766,0.223694,8.500372,2.23694,8.276678,,5.59235,-0.1,0.4,82.7,82.7,P-GPS (Brake),Other,,23,5,True,,Mini 3 Pro,True,False,,Smart,RC,False,True,False,,,True,,False,False,False,False,False,False,False,False,False,False,0,Follow Yaw,-33.9,0,116.5,116.5,False,False,False,False,False,True,,True,Normal,100,100,1024,1684,1024,1024,N,False,False,False,False,False,0,False,False,False,False,67,7.582,1522,2285,7.582,False,3.796,3.786,0.012,False,False,4.987,94.6,90.8,94.6,,,,,,,,,Idle,,,True,,False,10,Go Home,True,True,True,False,False,False,False,False,True,False,False,False,43.0428875252967,-77.6663246167718,14.5,436.3,1640.4,True,1,1,False,False,False,False,,True,False,False,,328,,16.4,Calm,48,, 1.8.0,DJI Mini 3 Pro,1581F4XF3229R006,53HFK5R0M30ACD,5HAZK6H0018AUR,52XPK6HCA105XX,101.4,0.7,39.3,9.437649,6.71082,0,4049,DJI Mini 3 Pro,1581F4XF3229R006,53HFK5R0M30ACD,5HAZK6H0018AUR,52XPK6HCA105XX,DJI Fly,, 1.8.0,54E6999D-4E41-3C56-C869-63925F82E9FA,1581F4XF3229R006W0A6,,,,,,,,,,
6/22/2023,8:06:10.52 PM,1m 27.5s,87.5,43.042855542884,-77.6663536217836,13.1,41.9,13.4,575,713.5,2.47078,9.43766,0.223694,8.500372,2.460634,8.276678,,5.59235,-6.6,0,82.7,82.7,P-GPS (Brake),Other,,23,5,True,,Mini 3 Pro,True,False,,Smart,RC,False,True,False,,,True,,False,False,False,False,False,False,False,False,False,False,0,Follow Yaw,-33.9,0,116.5,116.5,False,False,False,False,False,True,,True,Normal,100,100,1024,1684,1024,1024,N,False,False,False,False,False,0,False,False,False,False,67,7.563,1521,2285,7.563,False,3.786,3.777,0.012,False,False,4.579,94.6,90.8,94.6,,,,,,,,,Idle,,,True,,False,10,Go Home,True,True,True,False,False,False,False,False,True,False,False,False,43.0428875252967,-77.6663246167718,13.9,436.3,1640.4,True,1,1,False,False,False,False,,True,False,False,,328,,16.4,Calm,48,, 1.8.0,DJI Mini 3 Pro,1581F4XF3229R006,53HFK5R0M30ACD,5HAZK6H0018AUR,52XPK6HCA105XX,101.4,0.7,39.3,9.437649,6.71082,0,4049,DJI Mini 3 Pro,1581F4XF3229R006,53HFK5R0M30ACD,5HAZK6H0018AUR,52XPK6HCA105XX,DJI Fly,, 1.8.0,54E6999D-4E41-3C56-C869-63925F82E9FA,1581F4XF3229R006W0A6,,,,,,,,,,
6/22/2023,8:06:10.62 PM,1m 27.7s,87.7,43.0428559865357,-77.6663508700913,13.1,41.9,13.4,575,714.3,2.693632,9.43766,0.223694,8.500372,2.684328,8.276678,,5.59235,-7,-0.1,82.7,82.7,P-GPS (Brake),Other,,23,5,True,,Mini 3 Pro,True,False,,Smart,RC,False,True,False,,,True,,False,False,False,False,False,False,False,False,False,False,0,Follow Yaw,-33.9,0,116.5,116.5,False,False,False,False,False,True,,True,Normal,100,100,1024,1684,987,1024,N,False,False,False,False,False,0,False,False,False,False,67,7.563,1521,2285,7.563,False,3.786,3.777,0.012,False,False,4.579,94.6,90.8,94.6,,,,,,,,,Idle,,,True,,False,10,Go Home,True,True,True,False,False,False,False,False,True,False,False,False,43.0428875252967,-77.6663246167718,13.4,436.3,1640.4,True,1,1,False,False,False,False,,True,False,False,,328,,16.4,Calm,48,, 1.8.0,DJI Mini 3 Pro,1581F4XF3229R006,53HFK5R0M30ACD,5HAZK6H0018AUR,52XPK6HCA105XX,101.4,0.7,39.3,9.437649,6.71082,0,4049,DJI Mini 3 Pro,1581F4XF3229R006,53HFK5R0M30ACD,5HAZK6H0018AUR,52XPK6HCA105XX,DJI Fly,, 1.8.0,54E6999D-4E41-3C56-C869-63925F82E9FA,1581F4XF3229R006W0A6,,,,,,,,,,
6/22/2023,8:06:10.83 PM,1m 27.9s,87.9,43.0428564057056,-77.6663477562358,13.1,41.9,13.4,575,715.1,2.916612,9.43766,0.223694,8.500372,2.908022,8.276678,,5.59235,-8,-1,82.7,82.7,P-GPS (Brake),Other,,23,5,True,,Mini 3 Pro,True,False,,Smart,RC,False,True,False,,,True,,False,False,False,False,False,False,False,False,False,False,0,Follow Yaw,-33.9,0,116.5,116.5,False,False,False,False,False,True,,True,Normal,100,100,1024,1684,958,1024,N,False,False,False,False,False,0,False,False,False,False,67,7.563,1521,2285,7.563,False,3.786,3.777,0.012,False,False,4.579,94.6,90.8,94.6,,,,,,,,,Idle,,,True,,False,10,Go Home,True,True,True,False,False,False,False,False,True,False,False,False,43.0428875252967,-77.6663246167718,12.9,436.3,1640.4,True,1,1,False,False,False,False,,True,False,False,,328,,16.4,Calm,48,, 1.8.0,DJI Mini 3 Pro,1581F4XF3229R006,53HFK5R0M30ACD,5HAZK6H0018AUR,52XPK6HCA105XX,101.4,0.7,39.3,9.437649,6.71082,0,4049,DJI Mini 3 Pro,1581F4XF3229R006,53HFK5R0M30ACD,5HAZK6H0018AUR,52XPK6HCA105XX,DJI Fly,, 1.8.0,54E6999D-4E41-3C56-C869-63925F82E9FA,1581F4XF3229R006W0A6,,,,,,,,,,
6/22/2023,8:06:11.13 PM,1m 28.1s,88.1,43.0428568629143,-77.6663442673111,13.4,41.9,13.4,575,716.1,3.362858,9.43766,0.223694,8.500372,3.35541,8.276678,,5.59235,-8.6,-1.3,82.7,82.7,P-GPS (Brake),Other,,23,5,True,,Mini 3 Pro,True,False,,Smart,RC,False,True,False,,,True,,False,False,False,False,False,False,False,False,False,False,0,Follow Yaw,-33.9,0,116.5,116.5,False,False,False,False,False,True,,True,Normal,100,100,1024,1684,1024,1024,N,False,False,False,False,False,0,False,False,False,False,67,7.563,1521,2285,7.563,False,3.786,3.777,0.012,False,False,4.579,94.6,90.8,94.6,,,,,,,,,Idle,,,True,,False,10,Go Home,True,True,True,False,False,False,False,False,True,False,False,False,43.0428875252967,-77.6663246167718,12.3,436.3,1640.4,True,1,1,False,False,False,False,,True,False,False,,328,,16.4,Calm,48,, 1.8.0,DJI Mini 3 Pro,1581F4XF3229R006,53HFK5R0M30ACD,5HAZK6H0018AUR,52XPK6HCA105XX,101.4,0.7,39.3,9.437649,6.71082,0,4049,DJI Mini 3 Pro,1581F4XF3229R006,53HFK5R0M30ACD,5HAZK6H0018AUR,52XPK6HCA105XX,DJI Fly,, 1.8.0,54E6999D-4E41-3C56-C869-63925F82E9FA,1581F4XF3229R006W0A6,,,,,,,,,,
6/22/2023,8:06:11.23 PM,1m 28.3s,88.3,43.0428573720358,-77.6663403531495,13.4,41.9,13.4,575,717.1,3.809371,9.43766,0.223694,8.500372,3.802798,8.276678,,5.59235,-8.9,-1.5,82.8,82.8,P-GPS (Brake),Other,,23,5,True,,Mini 3 Pro,True,False,,Smart,RC,False,True,False,,,True,,False,False,False,False,False,False,False,False,False,False,0,Follow Yaw,-33.9,0,116.5,116.5,False,False,False,False,False,True,,True,Normal,100,100,1024,1024,966,1024,N,False,False,False,False,False,0,False,False,False,False,67,7.563,1521,2285,7.563,False,3.786,3.777,0.012,False,False,4.579,94.6,90.8,94.6,,,,,,,,,Idle,,,True,,False,10,Go Home,True,True,True,False,False,False,False,False,True,False,False,False,43.0428875252967,-77.6663246167718,11.7,436.3,1640.4,True,1,1,False,False,False,False,,True,False,False,,328,,16.4,Calm,48,, 1.8.0,DJI Mini 3 Pro,1581F4XF3229R006,53HFK5R0M30ACD,5HAZK6H0018AUR,52XPK6HCA105XX,101.4,0.7,39.3,9.437649,6.71082,0,4049,DJI Mini 3 Pro,1581F4XF3229R006,53HFK5R0M30ACD,5HAZK6H0018AUR,52XPK6HCA105XX,DJI Fly,, 1.8.0,54E6999D-4E41-3C56-C869-63925F82E9FA,1581F4XF3229R006W0A6,,,,,,,,,,
6/22/2023,8:06:11.43 PM,1m 28.5s,88.5,43.0428579463293,-77.6663360277628,13.4,41.9,13.4,575,718.3,4.256068,9.43766,0.223694,8.500372,4.250186,8.276678,,5.59235,-7.3,-0.5,82.8,82.8,P-GPS (Brake),Other,,23,5,True,,Mini 3 Pro,True,False,,Smart,RC,False,True,False,,,True,,False,False,False,False,False,False,False,False,False,False,0,Follow Yaw,-33.9,0,116.5,116.5,False,False,False,False,False,True,,True,Normal,100,100,1024,1024,1024,1024,N,False,False,False,False,False,0,False,False,False,False,67,7.583,1519,2285,7.583,False,3.796,3.787,0.012,False,False,4.893,94.6,90.8,94.6,,,,,,,,,Idle,,,True,,False,10,Go Home,True,True,True,False,False,False,False,False,True,False,False,False,43.0428875252967,-77.6663246167718,11.2,436.3,1640.4,True,1,1,False,False,False,False,,True,False,False,,328,,16.4,Calm,48,, 1.8.0,DJI Mini 3 Pro,1581F4XF3229R006,53HFK5R0M30ACD,5HAZK6H0018AUR,52XPK6HCA105XX,101.4,0.7,39.3,9.437649,6.71082,0,4049,DJI Mini 3 Pro,1581F4XF3229R006,53HFK5R0M30ACD,5HAZK6H0018AUR,52XPK6HCA105XX,DJI Fly,, 1.8.0,54E6999D-4E41-3C56-C869-63925F82E9FA,1581F4XF3229R006W0A6,,,,,,,,,,
6/22/2023,8:06:11.64 PM,1m 28.7s,88.7,43.0428585237668,-77.666331501407,13.4,41.9,13.4,575,719.5,4.05127,9.43766,0.447388,8.500372,4.026492,8.276678,,5.59235,7.3,-1.1,82.5,82.5,P-GPS (Brake),Other,,24,5,True,,Mini 3 Pro,True,False,,Smart,RC,False,True,False,,,True,,False,False,False,False,False,False,False,False,False,False,0,Follow Yaw,-33.9,0,116.5,116.5,False,False,False,False,False,True,,True,Normal,100,100,1024,1024,1024,1024,N,False,False,False,False,False,0,False,False,False,False,67,7.583,1519,2285,7.583,False,3.796,3.787,0.012,False,False,4.893,94.6,90.8,94.6,,,,,,,,,Idle,,,True,,False,10,Go Home,True,True,True,False,False,False,False,False,True,False,False,False,43.0428875252967,-77.6663246167718,10.7,436.3,1640.4,True,1,1,False,False,False,False,,True,False,False,,328,,16.4,Calm,48,, 1.8.0,DJI Mini 3 Pro,1581F4XF3229R006,53HFK5R0M30ACD,5HAZK6H0018AUR,52XPK6HCA105XX,101.4,0.7,39.3,9.437649,6.71082,0,4049,DJI Mini 3 Pro,1581F4XF3229R006,53HFK5R0M30ACD,5HAZK6H0018AUR,52XPK6HCA105XX,DJI Fly,, 1.8.0,54E6999D-4E41-3C56-C869-63925F82E9FA,1581F4XF3229R006W0A6,,,,,,,,,,
6/22/2023,8:06:11.84 PM,1m 28.9s,88.9,43.0428590935477,-77.6663277438306,13.4,41.9,13.1,575,720.6,2.916612,9.43766,0.223694,8.500372,2.908022,8.276678,,5.59235,14.2,-1.4,82.5,82.5,P-GPS (Brake),Other,,24,5,True,,Mini 3 Pro,True,False,,Smart,RC,False,True,False,,,True,,False,False,False,False,False,False,False,False,False,False,0,Follow Yaw,-33.9,0,116.5,116.5,False,False,False,False,False,True,,True,Normal,100,100,1024,1024,1024,1147,N,False,False,False,False,False,0,False,False,False,False,67,7.583,1519,2285,7.583,False,3.796,3.787,0.012,False,False,4.893,94.6,90.8,94.6,,,,,,,,,Idle,,,True,,False,10,Go Home,True,True,True,False,False,False,False,False,True,False,False,False,43.0428875252967,-77.6663246167718,10.4,436.3,1640.4,True,1,1,False,False,False,False,,True,False,False,,328,,16.4,Calm,48,, 1.8.0,DJI Mini 3 Pro,1581F4XF3229R006,53HFK5R0M30ACD,5HAZK6H0018AUR,52XPK6HCA105XX,101.4,0.7,39.3,9.437649,6.71082,0,4049,DJI Mini 3 Pro,1581F4XF3229R006,53HFK5R0M30ACD,5HAZK6H0018AUR,52XPK6HCA105XX,DJI Fly,, 1.8.0,54E6999D-4E41-3C56-C869-63925F82E9FA,1581F4XF3229R006W0A6,,,,,,,,,,
6/22/2023,8:06:12.04 PM,1m 29.1s,89.1,43.0428595893884,-77.6663253183933,13.4,41.9,13.1,575,721.2,1.803478,9.43766,0.223694,8.500372,1.789552,8.276678,,5.59235,10.2,0.3,82.7,82.7,P-GPS (Brake),Other,,25,5,True,,Mini 3 Pro,True,False,,Smart,RC,False,True,False,,,True,,False,False,False,False,False,False,False,False,False,False,0,Follow Yaw,-33.9,0,116.5,116.5,False,False,False,False,False,True,,True,Normal,100,100,1024,1024,1024,1276,N,False,False,False,False,False,0,False,False,False,False,67,7.583,1519,2285,7.583,False,3.796,3.787,0.012,False,False,4.893,94.6,90.8,94.6,,,,,,,,,Idle,,,True,,False,10,Go Home,True,True,True,False,False,False,False,False,True,False,False,False,43.0428875252967,-77.6663246167718,10.1,436.3,1640.4,True,1,1,False,False,False,False,,True,False,False,,328,,16.4,Calm,48,, 1.8.0,DJI Mini 3 Pro,1581F4XF3229R006,53HFK5R0M30ACD,5HAZK6H0018AUR,52XPK6HCA105XX,101.4,0.7,39.3,9.437649,6.71082,0,4049,DJI Mini 3 Pro,1581F4XF3229R006,53HFK5R0M30ACD,5HAZK6H0018AUR,52XPK6HCA105XX,DJI Fly,, 1.8.0,54E6999D-4E41-3C56-C869-63925F82E9FA,1581F4XF3229R006W0A6,,,,,,,,,,
6/22/2023,8:06:12.25 PM,1m 29.3s,89.3,43.0428599313457,-77.6663240142093,13.4,41.9,13.1,575,721.6,0.894776,9.43766,,8.500372,0.894776,8.276678,,5.59235,6.9,0.1,82.7,82.7,P-GPS (Brake),Other,,25,5,True,,Mini 3 Pro,True,False,,Smart,RC,False,True,False,,,True,,False,False,False,False,False,False,False,False,False,False,0,Follow Yaw,-33.9,0,116.9,116.9,False,False,False,False,False,True,,True,Normal,100,100,1024,1024,1024,1523,N,False,False,False,False,False,0,False,False,False,False,67,7.583,1519,2285,7.583,False,3.796,3.787,0.012,False,False,4.893,94.6,90.8,94.6,,,,,,,,,Idle,,,True,,False,10,Go Home,True,True,True,False,False,False,False,False,True,False,False,False,43.0428875252967,-77.6663246167718,10,436.3,1640.4,True,1,1,False,False,False,False,,True,False,False,,328,,16.4,Calm,48,, 1.8.0,DJI Mini 3 Pro,1581F4XF3229R006,53HFK5R0M30ACD,5HAZK6H0018AUR,52XPK6HCA105XX,101.4,0.7,39.3,9.437649,6.71082,0,4049,DJI Mini 3 Pro,1581F4XF3229R006,53HFK5R0M30ACD,5HAZK6H0018AUR,52XPK6HCA105XX,DJI Fly,, 1.8.0,54E6999D-4E41-3C56-C869-63925F82E9FA,1581F4XF3229R006W0A6,,,,,,,,,,
6/22/2023,8:06:12.45 PM,1m 29.5s,89.5,43.0428601405216,-77.6663234758223,13.4,41.9,13.1,575,721.8,0.447388,9.43766,,8.500372,0.447388,8.276678,,5.59235,4.1,0.1,83.1,83.1,P-GPS (Brake),Other,,24,5,True,,Mini 3 Pro,True,False,,Smart,RC,False,True,False,,,True,,False,False,False,False,False,False,False,False,False,False,0,Follow Yaw,-33.9,0.2,119.5,119.5,False,False,False,False,False,True,,True,Normal,100,100,1024,1024,1024,1684,N,False,False,False,False,False,0,False,False,False,False,67,7.573,1518,2285,7.573,False,3.791,3.782,0.012,False,False,4.813,94.6,90.8,94.6,,,,,,,,,Idle,,,True,,False,10,Go Home,True,True,True,False,False,False,False,False,True,False,False,False,43.0428875252967,-77.6663246167718,9.9,436.3,1640.4,True,1,1,False,False,False,False,,True,False,False,,328,,16.4,Calm,48,, 1.8.0,DJI Mini 3 Pro,1581F4XF3229R006,53HFK5R0M30ACD,5HAZK6H0018AUR,52XPK6HCA105XX,101.4,0.7,39.3,9.437649,6.71082,0,4049,DJI Mini 3 Pro,1581F4XF3229R006,53HFK5R0M30ACD,5HAZK6H0018AUR,52XPK6HCA105XX,DJI Fly,, 1.8.0,54E6999D-4E41-3C56-C869-63925F82E9FA,1581F4XF3229R006W0A6,,,,,,,,,,
6/22/2023,8:06:12.65 PM,1m 29.7s,89.7,43.0428602769181,-77.6663233869701,13.4,41.9,13.1,575,721.8,0.223694,9.43766,,8.500372,0.223694,8.276678,,5.59235,2,0,85.9,85.9,P-GPS (Brake),Other,,25,5,True,,Mini 3 Pro,True,False,,Smart,RC,False,True,False,,,True,,False,False,False,False,False,False,False,False,False,False,0,Follow Yaw,-33.9,0.4,128,128,False,False,False,False,False,True,,True,Normal,100,100,1024,1024,1024,1336,N,False,False,False,False,False,0,False,False,False,False,67,7.573,1518,2285,7.573,False,3.791,3.782,0.012,False,False,4.813,94.6,90.8,94.6,,,,,,,,,Idle,,,True,,False,10,Go Home,True,True,True,False,False,False,False,False,True,False,False,False,43.0428875252967,-77.6663246167718,9.9,436.3,1640.4,True,1,1,False,False,False,False,,True,False,False,,328,,16.4,Calm,48,, 1.8.0,DJI Mini 3 Pro,1581F4XF3229R006,53HFK5R0M30ACD,5HAZK6H0018AUR,52XPK6HCA105XX,101.4,0.7,39.3,9.437649,6.71082,0,4049,DJI Mini 3 Pro,1581F4XF3229R006,53HFK5R0M30ACD,5HAZK6H0018AUR,52XPK6HCA105XX,DJI Fly,, 1.8.0,54E6999D-4E41-3C56-C869-63925F82E9FA,1581F4XF3229R006W0A6,,,,,,,,,,
6/22/2023,8:06:12.85 PM,1m 29.9s,89.9,43.0428603570799,-77.6663235022367,13.4,41.9,13.1,575,721.9,,9.43766,,8.500372,,8.276678,,5.59235,0.9,-0.2,94.6,94.6,P-GPS (Brake),Other,,25,5,True,,Mini 3 Pro,True,False,,Smart,RC,False,True,False,,,True,,False,False,False,False,False,False,False,False,False,False,0,Follow Yaw,-33.9,0.2,136.6,136.6,False,False,False,False,False,True,,True,Normal,100,100,1024,1024,1024,1024,N,False,False,False,False,False,0,False,False,False,False,67,7.573,1518,2285,7.573,False,3.791,3.782,0.012,False,False,4.813,94.6,90.8,94.6,,,,,,,,,Idle,,,True,,False,10,Go Home,True,True,True,False,False,False,False,False,True,False,False,False,43.0428875252967,-77.6663246167718,9.9,436.3,1640.4,True,1,1,False,False,False,False,,True,False,False,,328,,16.4,Calm,48,, 1.8.0,DJI Mini 3 Pro,1581F4XF3229R006,53HFK5R0M30ACD,5HAZK6H0018AUR,52XPK6HCA105XX,101.4,0.7,39.3,9.437649,6.71082,0,4049,DJI Mini 3 Pro,1581F4XF3229R006,53HFK5R0M30ACD,5HAZK6H0018AUR,52XPK6HCA105XX,DJI Fly,, 1.8.0,54E6999D-4E41-3C56-C869-63925F82E9FA,1581F4XF3229R006W0A6,,,,,,,,,,
6/22/2023,8:06:13.05 PM,1m 30.1s,90.1,43.042860412792,-77.6663237625718,13.4,41.9,13.1,575,721.9,,9.43766,,8.500372,,8.276678,,5.59235,-0.2,-0.5,103.2,103.2,P-GPS (Brake),Other,,24,5,True,,Mini 3 Pro,True,False,,Smart,RC,False,True,False,,,True,,False,False,False,False,False,False,False,False,False,False,0,Follow Yaw,-33.9,0.1,140.2,140.2,False,False,False,False,False,True,,True,Normal,100,100,1024,1024,1024,1024,N,False,False,False,False,False,0,False,False,False,False,67,7.573,1518,2285,7.573,False,3.791,3.782,0.012,False,False,4.813,94.6,90.8,94.6,,,,,,,,,Idle,,,True,,False,10,Go Home,True,True,True,False,False,False,False,False,True,False,False,False,43.0428875252967,-77.6663246167718,9.8,436.3,1640.4,True,1,1,False,False,False,False,,True,False,False,,328,,16.4,Calm,48,, 1.8.0,DJI Mini 3 Pro,1581F4XF3229R006,53HFK5R0M30ACD,5HAZK6H0018AUR,52XPK6HCA105XX,101.4,0.7,39.3,9.437649,6.71082,0,4049,DJI Mini 3 Pro,1581F4XF3229R006,53HFK5R0M30ACD,5HAZK6H0018AUR,52XPK6HCA105XX,DJI Fly,, 1.8.0,54E6999D-4E41-3C56-C869-63925F82E9FA,1581F4XF3229R006W0A6,,,,,,,,,,
6/22/2023,8:06:13.26 PM,1m 30.3s,90.3,43.042860413094,-77.6663240859285,13.4,41.9,13.1,575,722,,9.43766,,8.500372,,8.276678,,5.59235,-1.4,-1.8,106.6,106.6,P-GPS (Brake),Other,,25,5,True,,Mini 3 Pro,True,False,,Smart,RC,False,True,False,,,True,,False,False,False,False,False,False,False,False,False,False,0,Follow Yaw,-33.2,0,141.6,141.6,False,False,False,False,False,True,,True,Normal,100,100,1024,1024,1024,1024,N,False,False,False,False,False,0,False,False,False,False,67,7.573,1518,2285,7.573,False,3.791,3.782,0.012,False,False,4.813,94.6,90.8,94.6,,,,,,,,,Idle,,,True,,False,10,Go Home,True,True,True,False,False,False,False,False,True,False,False,False,43.0428875252967,-77.6663246167718,9.8,436.3,1640.4,True,1,1,False,False,False,False,,True,False,False,,328,,16.4,Calm,48,, 1.8.0,DJI Mini 3 Pro,1581F4XF3229R006,53HFK5R0M30ACD,5HAZK6H0018AUR,52XPK6HCA105XX,101.4,0.7,39.3,9.437649,6.71082,0,4049,DJI Mini 3 Pro,1581F4XF3229R006,53HFK5R0M30ACD,5HAZK6H0018AUR,52XPK6HCA105XX,DJI Fly,, 1.8.0,54E6999D-4E41-3C56-C869-63925F82E9FA,1581F4XF3229R006W0A6,,,,,,,,,,
6/22/2023,8:06:13.46 PM,1m 30.5s,90.5,43.0428603907775,-77.6663243267241,13.4,41.9,13.1,575,722.1,,9.43766,,8.500372,,8.276678,,5.59235,-1.8,-1.9,107.9,107.9,P-GPS (Brake),Other,,25,5,True,,Mini 3 Pro,True,False,,Smart,RC,False,True,False,,,True,,False,False,False,False,False,False,False,False,False,False,0,Follow Yaw,-32.4,0,141.7,141.7,False,False,False,False,False,True,,True,Normal,100,100,1024,1024,1024,1024,N,False,False,False,False,False,0,False,False,False,False,67,7.574,1517,2285,7.574,False,3.792,3.782,0.012,False,False,4.834,94.6,90.8,94.6,,,,,,,,,Idle,,,True,,False,10,Go Home,True,True,True,False,False,False,False,False,True,False,False,False,43.0428875252967,-77.6663246167718,9.8,436.3,1640.4,True,1,1,False,False,False,False,,True,False,False,,328,,16.4,Calm,48,, 1.8.0,DJI Mini 3 Pro,1581F4XF3229R006,53HFK5R0M30ACD,5HAZK6H0018AUR,52XPK6HCA105XX,101.4,0.7,39.3,9.437649,6.71082,0,4049,DJI Mini 3 Pro,1581F4XF3229R006,53HFK5R0M30ACD,5HAZK6H0018AUR,52XPK6HCA105XX,DJI Fly,, 1.8.0,54E6999D-4E41-3C56-C869-63925F82E9FA,1581F4XF3229R006W0A6,,,,,,,,,,
6/22/2023,8:06:13.66 PM,1m 30.7s,90.7,43.0428603627511,-77.6663244696798,13.4,41.9,13.1,575,722.1,,9.43766,,8.500372,,8.276678,,5.59235,-1.5,-1.9,107.8,107.8,P-GPS (Brake),Other,,25,5,True,,Mini 3 Pro,True,False,,Smart,RC,False,True,False,,,True,,False,False,False,False,False,False,False,False,False,False,0,Follow Yaw,-32.3,0,141.7,141.7,False,False,False,False,False,True,,True,Normal,100,100,1024,1024,1024,1024,N,False,False,False,False,False,0,False,False,False,False,67,7.574,1517,2285,7.574,False,3.792,3.782,0.012,False,False,4.834,94.6,90.8,94.6,,,,,,,,,Idle,,,True,,False,10,Go Home,True,True,True,False,False,False,False,False,True,False,False,False,43.0428875252967,-77.6663246167718,9.9,436.3,1640.4,True,1,1,False,False,False,False,,True,False,False,,328,,16.4,Calm,48,, 1.8.0,DJI Mini 3 Pro,1581F4XF3229R006,53HFK5R0M30ACD,5HAZK6H0018AUR,52XPK6HCA105XX,101.4,0.7,39.3,9.437649,6.71082,0,4049,DJI Mini 3 Pro,1581F4XF3229R006,53HFK5R0M30ACD,5HAZK6H0018AUR,52XPK6HCA105XX,DJI Fly,, 1.8.0,54E6999D-4E41-3C56-C869-63925F82E9FA,1581F4XF3229R006W0A6,,,,,,,,,,
6/22/2023,8:06:13.86 PM,1m 30.9s,90.9,43.04286034097,-77.6663245243541,13.4,41.9,13.1,575,722.1,,9.43766,,8.500372,,8.276678,,5.59235,-1.3,-1.3,107.8,107.8,P-GPS (Brake),Other,,25,5,True,,Mini 3 Pro,True,False,,Smart,RC,False,True,False,,,True,,False,False,False,False,False,False,False,False,False,False,0,Follow Yaw,-32.3,0,141.7,141.7,False,False,False,False,False,True,,True,Normal,100,100,1024,1024,1024,1024,N,False,False,False,False,False,0,False,False,False,False,67,7.574,1517,2285,7.574,False,3.792,3.782,0.012,False,False,4.834,94.6,90.8,94.6,,,,,,,,,Idle,,,True,,False,10,Go Home,True,True,True,False,False,False,False,False,True,False,False,False,43.0428875252967,-77.6663246167718,9.9,436.3,1640.4,True,1,1,False,False,False,False,,True,False,False,,328,,16.4,Calm,48,, 1.8.0,DJI Mini 3 Pro,1581F4XF3229R006,53HFK5R0M30ACD,5HAZK6H0018AUR,52XPK6HCA105XX,101.4,0.7,39.3,9.437649,6.71082,0,4049,DJI Mini 3 Pro,1581F4XF3229R006,53HFK5R0M30ACD,5HAZK6H0018AUR,52XPK6HCA105XX,DJI Fly,, 1.8.0,54E6999D-4E41-3C56-C869-63925F82E9FA,1581F4XF3229R006W0A6,,,,,,,,,,
6/22/2023,8:06:14.07 PM,1m 31.1s,91.1,43.042860338355,-77.6663245048885,13.4,41.9,13.1,575,722.1,,9.43766,,8.500372,,8.276678,,5.59235,-1,-0.9,107.7,107.7,P-GPS (Brake),Other,,24,5,True,,Mini 3 Pro,True,False,,Smart,RC,False,True,False,,,True,,False,False,False,False,False,False,False,False,False,False,0,Follow Yaw,-33.7,0,141.7,141.7,False,False,False,False,False,True,,True,Normal,100,100,1024,1024,1024,1024,N,False,False,False,False,False,0,False,False,False,False,67,7.574,1517,2285,7.574,False,3.792,3.782,0.012,False,False,4.834,94.6,90.8,94.6,,,,,,,,,Idle,,,True,,False,10,Go Home,True,True,True,False,False,False,False,False,True,False,False,False,43.0428875252967,-77.6663246167718,9.9,436.3,1640.4,True,1,1,False,False,False,False,,True,False,False,,328,,16.4,Calm,48,, 1.8.0,DJI Mini 3 Pro,1581F4XF3229R006,53HFK5R0M30ACD,5HAZK6H0018AUR,52XPK6HCA105XX,101.4,0.7,39.3,9.437649,6.71082,0,4049,DJI Mini 3 Pro,1581F4XF3229R006,53HFK5R0M30ACD,5HAZK6H0018AUR,52XPK6HCA105XX,DJI Fly,, 1.8.0,54E6999D-4E41-3C56-C869-63925F82E9FA,1581F4XF3229R006W0A6,,,,,,,,,,
6/22/2023,8:06:14.27 PM,1m 31.3s,91.3,43.0428603430196,-77.6663244564312,13.4,41.9,13.1,575,722.2,,9.43766,,8.500372,,8.276678,,5.59235,-0.9,-0.8,107.8,107.8,P-GPS (Brake),Other,,24,5,True,,Mini 3 Pro,True,False,,Smart,RC,False,True,False,,,True,,False,False,False,False,False,False,False,False,False,False,0,Follow Yaw,-35.2,0,141.7,141.7,False,False,False,False,False,True,,True,Normal,100,100,1024,1024,1024,1024,N,False,False,False,False,False,0,False,False,False,False,67,7.574,1517,2285,7.574,False,3.792,3.782,0.012,False,False,4.834,94.6,90.8,94.6,,,,,,,,,Idle,,,True,,False,10,Go Home,True,True,True,False,False,False,False,False,True,False,False,False,43.0428875252967,-77.6663246167718,9.9,436.3,1640.4,True,1,1,False,False,False,False,,True,False,False,,328,,16.4,Calm,48,, 1.8.0,DJI Mini 3 Pro,1581F4XF3229R006,53HFK5R0M30ACD,5HAZK6H0018AUR,52XPK6HCA105XX,101.4,0.7,39.3,9.437649,6.71082,0,4049,DJI Mini 3 Pro,1581F4XF3229R006,53HFK5R0M30ACD,5HAZK6H0018AUR,52XPK6HCA105XX,DJI Fly,, 1.8.0,54E6999D-4E41-3C56-C869-63925F82E9FA,1581F4XF3229R006W0A6,,,,,,,,,,
6/22/2023,8:06:14.37 PM,1m 31.5s,91.5,43.0428603633315,-77.6663244151147,13.4,41.9,13.1,575,722.2,,9.43766,,8.500372,,8.276678,,5.59235,-1.3,-0.1,107.8,107.8,P-GPS (Brake),Other,,24,5,True,,Mini 3 Pro,True,False,,Smart,RC,False,True,False,,,True,,False,False,False,False,False,False,False,False,False,False,0,Follow Yaw,-35.6,0,141.7,141.7,False,False,False,False,False,True,,True,Normal,100,100,1024,1024,985,666,N,False,False,False,False,False,0,False,False,False,False,67,7.574,1517,2285,7.574,False,3.792,3.782,0.012,False,False,4.834,94.6,90.8,94.6,,,,,,,,,Idle,,,True,,False,10,Go Home,True,True,True,False,False,False,False,False,True,False,False,False,43.0428875252967,-77.6663246167718,9.9,436.3,1640.4,True,1,1,False,False,False,False,,True,False,False,,328,,16.4,Calm,48,, 1.8.0,DJI Mini 3 Pro,1581F4XF3229R006,53HFK5R0M30ACD,5HAZK6H0018AUR,52XPK6HCA105XX,101.4,0.7,39.3,9.437649,6.71082,0,4049,DJI Mini 3 Pro,1581F4XF3229R006,53HFK5R0M30ACD,5HAZK6H0018AUR,52XPK6HCA105XX,DJI Fly,, 1.8.0,54E6999D-4E41-3C56-C869-63925F82E9FA,1581F4XF3229R006W0A6,,,,,,,,,,
6/22/2023,8:06:14.67 PM,1m 31.7s,91.7,43.0428603803345,-77.6663243652069,13.4,41.9,12.7,575,722.2,,9.43766,,8.500372,,8.276678,,5.59235,-1.2,0.2,107.8,107.8,P-GPS (Brake),Other,,24,5,True,,Mini 3 Pro,True,False,,Smart,RC,False,True,False,,,True,,False,False,False,False,False,False,False,False,False,False,0,Follow Yaw,-35.6,-0.1,140.5,140.5,False,False,False,False,False,True,,True,Normal,100,100,1024,1024,1000,565,N,False,False,False,False,False,0,False,False,False,False,67,7.581,1515,2285,7.581,False,3.796,3.785,0.012,False,False,4.864,94.8,90.8,94.8,,,,,,,,,Idle,,,True,,False,10,Go Home,True,True,True,False,False,False,False,False,True,False,False,False,43.0428875252967,-77.6663246167718,9.9,436.3,1640.4,True,1,1,False,False,False,False,,True,False,False,,328,,16.4,Calm,48,, 1.8.0,DJI Mini 3 Pro,1581F4XF3229R006,53HFK5R0M30ACD,5HAZK6H0018AUR,52XPK6HCA105XX,101.4,0.7,39.3,9.437649,6.71082,0,4049,DJI Mini 3 Pro,1581F4XF3229R006,53HFK5R0M30ACD,5HAZK6H0018AUR,52XPK6HCA105XX,DJI Fly,, 1.8.0,54E6999D-4E41-3C56-C869-63925F82E9FA,1581F4XF3229R006W0A6,,,,,,,,,,
6/22/2023,8:06:14.88 PM,1m 31.9s,91.9,43.0428603530514,-77.6663243193064,13.4,41.9,12.7,575,722.2,,9.43766,,8.500372,,8.276678,,5.59235,-1.1,-0.4,106.6,106.6,P-GPS (Brake),Other,,24,5,True,,Mini 3 Pro,True,False,,Smart,RC,False,True,False,,,True,,False,False,False,False,False,False,False,False,False,False,0,Follow Yaw,-35.6,-0.1,136.1,136.1,False,False,False,False,False,True,,True,Normal,100,100,1024,1024,1024,1024,N,False,False,False,False,False,0,False,False,False,False,67,7.581,1515,2285,7.581,False,3.796,3.785,0.012,False,False,4.864,94.8,90.8,94.8,,,,,,,,,Idle,,,True,,False,10,Go Home,True,True,True,False,False,False,False,False,True,False,False,False,43.0428875252967,-77.6663246167718,9.9,436.3,1640.4,True,1,1,False,False,False,False,,True,False,False,,328,,16.4,Calm,48,, 1.8.0,DJI Mini 3 Pro,1581F4XF3229R006,53HFK5R0M30ACD,5HAZK6H0018AUR,52XPK6HCA105XX,101.4,0.7,39.3,9.437649,6.71082,0,4049,DJI Mini 3 Pro,1581F4XF3229R006,53HFK5R0M30ACD,5HAZK6H0018AUR,52XPK6HCA105XX,DJI Fly,, 1.8.0,54E6999D-4E41-3C56-C869-63925F82E9FA,1581F4XF3229R006W0A6,,,,,,,,,,
6/22/2023,8:06:14.98 PM,1m 32.1s,92.1,43.0428602996287,-77.6663242717055,13.1,41.9,12.7,575,722.2,,9.43766,,8.500372,,8.276678,,5.59235,-0.6,-0.8,102,102,P-GPS (Brake),Other,,24,5,True,,Mini 3 Pro,True,False,,Smart,RC,False,True,False,,,True,,False,False,False,False,False,False,False,False,False,False,0,Follow Yaw,-35.6,-0.1,133.3,133.3,False,False,False,False,False,True,,True,Normal,100,100,1024,1024,1013,699,N,False,False,False,False,False,0,False,False,False,False,67,7.581,1515,2285,7.581,False,3.796,3.785,0.012,False,False,4.864,94.8,90.8,94.8,,,,,,,,,Idle,,,True,,False,10,Go Home,True,True,True,False,False,False,False,False,True,False,False,False,43.0428875252967,-77.6663246167718,9.9,436.3,1640.4,True,1,1,False,False,False,False,,True,False,False,,328,,16.4,Calm,48,, 1.8.0,DJI Mini 3 Pro,1581F4XF3229R006,53HFK5R0M30ACD,5HAZK6H0018AUR,52XPK6HCA105XX,101.4,0.7,39.3,9.437649,6.71082,0,4049,DJI Mini 3 Pro,1581F4XF3229R006,53HFK5R0M30ACD,5HAZK6H0018AUR,52XPK6HCA105XX,DJI Fly,, 1.8.0,54E6999D-4E41-3C56-C869-63925F82E9FA,1581F4XF3229R006W0A6,,,,,,,,,,
6/22/2023,8:06:15.28 PM,1m 32.3s,92.3,43.0428602700668,-77.6663242353576,13.1,41.9,12.7,575,722.2,,9.43766,,8.500372,,8.276678,,5.59235,-0.8,-0.1,99.4,99.4,P-GPS (Brake),Other,,24,5,True,,Mini 3 Pro,True,False,,Smart,RC,False,True,False,,,True,,False,False,False,False,False,False,False,False,False,False,0,Follow Yaw,-35.6,0,131.7,131.7,False,False,False,False,False,True,,True,Normal,100,100,1024,1024,991,671,N,False,False,False,False,False,0,False,False,False,False,67,7.581,1515,2285,7.581,False,3.796,3.785,0.012,False,False,4.864,94.8,90.8,94.8,,,,,,,,,Idle,,,True,,False,10,Go Home,True,True,True,False,False,False,False,False,True,False,False,False,43.0428875252967,-77.6663246167718,9.9,436.3,1640.4,True,1,1,False,False,False,False,,True,False,False,,328,,16.4,Calm,48,, 1.8.0,DJI Mini 3 Pro,1581F4XF3229R006,53HFK5R0M30ACD,5HAZK6H0018AUR,52XPK6HCA105XX,101.4,0.7,39.3,9.437649,6.71082,0,4049,DJI Mini 3 Pro,1581F4XF3229R006,53HFK5R0M30ACD,5HAZK6H0018AUR,52XPK6HCA105XX,DJI Fly,, 1.8.0,54E6999D-4E41-3C56-C869-63925F82E9FA,1581F4XF3229R006W0A6,,,,,,,,,,
6/22/2023,8:06:15.38 PM,1m 32.5s,92.5,43.0428602378384,-77.6663242242021,13.1,41.9,12.7,575,722.3,,9.43766,,8.500372,,8.276678,,5.59235,-0.6,-0.7,97.8,97.8,P-GPS (Brake),Other,,24,5,True,,Mini 3 Pro,True,False,,Smart,RC,False,True,False,,,True,,False,False,False,False,False,False,False,False,False,False,0,Follow Yaw,-35.6,0,129.7,129.7,False,False,False,False,False,True,,True,Normal,100,100,1024,1024,1024,1024,N,False,False,False,False,False,0,False,False,False,False,67,7.581,1515,2285,7.581,False,3.796,3.785,0.012,False,False,4.864,94.8,90.8,94.8,,,,,,,,,Idle,,,True,,False,10,Go Home,True,True,True,False,False,False,False,False,True,False,False,False,43.0428875252967,-77.6663246167718,9.9,436.3,1640.4,True,1,1,False,False,False,False,,True,False,False,,328,,16.4,Calm,48,, 1.8.0,DJI Mini 3 Pro,1581F4XF3229R006,53HFK5R0M30ACD,5HAZK6H0018AUR,52XPK6HCA105XX,101.4,0.7,39.3,9.437649,6.71082,0,4049,DJI Mini 3 Pro,1581F4XF3229R006,53HFK5R0M30ACD,5HAZK6H0018AUR,52XPK6HCA105XX,DJI Fly,, 1.8.0,54E6999D-4E41-3C56-C869-63925F82E9FA,1581F4XF3229R006W0A6,,,,,,,,,,
6/22/2023,8:06:15.68 PM,1m 32.7s,92.7,43.0428601931561,-77.6663242208541,13.1,41.9,12.7,575,722.3,,9.43766,,8.500372,,8.276678,,5.59235,-1.1,-1.5,95.7,95.7,P-GPS (Brake),Other,,24,5,True,,Mini 3 Pro,True,False,,Smart,RC,False,True,False,,,True,,False,False,False,False,False,False,False,False,False,False,0,Follow Yaw,-35.6,0,128.2,128.2,False,False,False,False,False,True,,True,Normal,100,100,1024,1024,1024,1024,N,False,False,False,False,False,0,False,False,False,False,67,7.575,1514,2285,7.575,False,3.793,3.782,0.012,False,False,4.775,94.8,90.8,94.8,,,,,,,,,Idle,,,True,,False,10,Go Home,True,True,True,False,False,False,False,False,True,False,False,False,43.0428875252967,-77.6663246167718,9.9,436.3,1640.4,True,1,1,False,False,False,False,,True,False,False,,328,,16.4,Calm,48,, 1.8.0,DJI Mini 3 Pro,1581F4XF3229R006,53HFK5R0M30ACD,5HAZK6H0018AUR,52XPK6HCA105XX,101.4,0.7,39.3,9.437649,6.71082,0,4049,DJI Mini 3 Pro,1581F4XF3229R006,53HFK5R0M30ACD,5HAZK6H0018AUR,52XPK6HCA105XX,DJI Fly,, 1.8.0,54E6999D-4E41-3C56-C869-63925F82E9FA,1581F4XF3229R006W0A6,,,,,,,,,,
6/22/2023,8:06:15.89 PM,1m 32.9s,92.9,43.0428601685757,-77.666324230326,13.4,41.9,12.7,575,722.3,,9.43766,,8.500372,,8.276678,,5.59235,-0.9,-1.3,94.2,94.2,P-GPS (Brake),Other,,24,5,True,,Mini 3 Pro,True,False,,Smart,RC,False,True,False,,,True,,False,False,False,False,False,False,False,False,False,False,0,Follow Yaw,-34.1,0,127.5,127.5,False,False,False,False,False,True,,True,Normal,100,100,1024,1024,1024,1024,N,False,False,False,False,False,0,False,False,False,False,67,7.575,1514,2285,7.575,False,3.793,3.782,0.012,False,False,4.775,94.8,90.8,94.8,,,,,,,,,Idle,,,True,,False,10,Go Home,True,True,True,False,False,False,False,False,True,False,False,False,43.0428875252967,-77.6663246167718,9.9,436.3,1640.4,True,1,1,False,False,False,False,,True,False,False,,328,,16.4,Calm,48,, 1.8.0,DJI Mini 3 Pro,1581F4XF3229R006,53HFK5R0M30ACD,5HAZK6H0018AUR,52XPK6HCA105XX,101.4,0.7,39.3,9.437649,6.71082,0,4049,DJI Mini 3 Pro,1581F4XF3229R006,53HFK5R0M30ACD,5HAZK6H0018AUR,52XPK6HCA105XX,DJI Fly,, 1.8.0,54E6999D-4E41-3C56-C869-63925F82E9FA,1581F4XF3229R006W0A6,,,,,,,,,,
6/22/2023,8:06:15.99 PM,1m 33.1s,93.1,43.0428601698458,-77.6663242650966,13.4,41.9,13.1,575,722.3,,9.43766,,8.500372,,8.276678,,5.59235,-1.3,-1.5,93.7,93.7,P-GPS (Brake),Other,,24,5,True,,Mini 3 Pro,True,False,,Smart,RC,False,True,False,,,True,,False,False,False,False,False,False,False,False,False,False,0,Follow Yaw,-31.3,0,127.5,127.5,False,False,False,False,False,True,,True,Normal,100,100,1024,1024,1024,1024,N,False,False,False,False,False,0,False,False,False,False,67,7.575,1514,2285,7.575,False,3.793,3.782,0.012,False,False,4.775,94.8,90.8,94.8,,,,,,,,,Idle,,,True,,False,10,Go Home,True,True,True,False,False,False,False,False,True,False,False,False,43.0428875252967,-77.6663246167718,9.9,436.3,1640.4,True,1,1,False,False,False,False,,True,False,False,,328,,16.4,Calm,48,, 1.8.0,DJI Mini 3 Pro,1581F4XF3229R006,53HFK5R0M30ACD,5HAZK6H0018AUR,52XPK6HCA105XX,101.4,0.7,39.3,9.437649,6.71082,0,4049,DJI Mini 3 Pro,1581F4XF3229R006,53HFK5R0M30ACD,5HAZK6H0018AUR,52XPK6HCA105XX,DJI Fly,, 1.8.0,54E6999D-4E41-3C56-C869-63925F82E9FA,1581F4XF3229R006W0A6,,,,,,,,,,
6/22/2023,8:06:16.29 PM,1m 33.3s,93.3,43.0428602235597,-77.6663243143378,13.4,41.9,13.1,575,722.3,,9.43766,,8.500372,,8.276678,,5.59235,-1.7,-0.2,93.6,93.6,P-GPS (Brake),Other,,24,5,True,,Mini 3 Pro,True,False,,Smart,RC,False,True,False,,,True,,False,False,False,False,False,False,False,False,False,False,0,Follow Yaw,-28.8,0,127.5,127.5,False,False,False,False,False,True,,True,Normal,100,100,1024,1024,1024,1024,N,False,False,False,False,False,0,False,False,False,False,67,7.575,1514,2285,7.575,False,3.793,3.782,0.012,False,False,4.775,94.8,90.8,94.8,,,,,,,,,Idle,,,True,,False,10,Go Home,True,True,True,False,False,False,False,False,True,False,False,False,43.0428875252967,-77.6663246167718,9.9,436.3,1640.4,True,1,1,False,False,False,False,,True,False,False,,328,,16.4,Calm,48,, 1.8.0,DJI Mini 3 Pro,1581F4XF3229R006,53HFK5R0M30ACD,5HAZK6H0018AUR,52XPK6HCA105XX,101.4,0.7,39.3,9.437649,6.71082,0,4049,DJI Mini 3 Pro,1581F4XF3229R006,53HFK5R0M30ACD,5HAZK6H0018AUR,52XPK6HCA105XX,DJI Fly,, 1.8.0,54E6999D-4E41-3C56-C869-63925F82E9FA,1581F4XF3229R006W0A6,,,,,,,,,,
6/22/2023,8:06:16.49 PM,1m 33.5s,93.5,43.042860284414,-77.6663243293469,13.4,41.9,13.1,575,722.3,,9.43766,,8.500372,,8.276678,,5.59235,-1.1,-0.1,93.6,93.6,P-GPS (Brake),Other,,24,5,True,,Mini 3 Pro,True,False,,Smart,RC,False,True,False,,,True,,False,False,False,False,False,False,False,False,False,False,0,Follow Yaw,-27.8,0,127.5,127.5,False,False,False,False,False,True,,True,Normal,100,100,1024,1024,1024,1024,N,False,False,False,False,False,0,False,False,False,False,67,7.575,1514,2285,7.575,False,3.793,3.782,0.012,False,False,4.775,94.8,90.8,94.8,,,,,,,,,Idle,,,True,,False,10,Go Home,True,True,True,False,False,False,False,False,True,False,False,False,43.0428875252967,-77.6663246167718,9.9,436.3,1640.4,True,1,1,False,False,False,False,,True,False,False,,328,,16.4,Calm,48,, 1.8.0,DJI Mini 3 Pro,1581F4XF3229R006,53HFK5R0M30ACD,5HAZK6H0018AUR,52XPK6HCA105XX,101.4,0.7,39.3,9.437649,6.71082,0,4049,DJI Mini 3 Pro,1581F4XF3229R006,53HFK5R0M30ACD,5HAZK6H0018AUR,52XPK6HCA105XX,DJI Fly,, 1.8.0,54E6999D-4E41-3C56-C869-63925F82E9FA,1581F4XF3229R006W0A6,,,,,,,,,,
6/22/2023,8:06:16.60 PM,1m 33.7s,93.7,43.0428603186128,-77.6663243403668,13.4,41.9,12.7,575,722.3,,9.43766,,8.500372,,8.276678,,5.59235,-1.2,-0.9,93.5,93.5,P-GPS (Brake),Other,,24,5,True,,Mini 3 Pro,True,False,,Smart,RC,False,True,False,,,True,,False,False,False,False,False,False,False,False,False,False,0,Follow Yaw,-27.8,0,127.5,127.5,False,False,False,False,False,True,,True,Normal,100,100,1024,1024,1024,1024,N,False,False,False,False,False,0,False,False,False,False,67,7.577,1513,2285,7.577,False,3.794,3.783,0.012,False,False,4.795,94.8,90.8,94.8,,,,,,,,,Idle,,,True,,False,10,Go Home,True,True,True,False,False,False,False,False,True,False,False,False,43.0428875252967,-77.6663246167718,9.9,436.3,1640.4,True,1,1,False,False,False,False,,True,False,False,,328,,16.4,Calm,48,, 1.8.0,DJI Mini 3 Pro,1581F4XF3229R006,53HFK5R0M30ACD,5HAZK6H0018AUR,52XPK6HCA105XX,101.4,0.7,39.3,9.437649,6.71082,0,4049,DJI Mini 3 Pro,1581F4XF3229R006,53HFK5R0M30ACD,5HAZK6H0018AUR,52XPK6HCA105XX,DJI Fly,, 1.8.0,54E6999D-4E41-3C56-C869-63925F82E9FA,1581F4XF3229R006W0A6,,,,,,,,,,
6/22/2023,8:06:16.90 PM,1m 33.9s,93.9,43.0428603533341,-77.6663243454534,13.4,41.9,12.7,575,722.4,,9.43766,,8.500372,,8.276678,,5.59235,-1.6,-1.6,93.6,93.6,P-GPS (Brake),Other,,25,5,True,,Mini 3 Pro,True,False,,Smart,RC,False,True,False,,,True,,False,False,False,False,False,False,False,False,False,False,0,Follow Yaw,-27.8,0,127.5,127.5,False,False,False,False,False,True,,True,Normal,100,100,1024,1024,908,1024,N,False,False,False,False,False,0,False,False,False,False,67,7.577,1513,2285,7.577,False,3.794,3.783,0.012,False,False,4.795,94.8,90.8,94.8,,,,,,,,,Idle,,,True,,False,10,Go Home,True,True,True,False,False,False,False,False,True,False,False,False,43.0428875252967,-77.6663246167718,9.9,436.3,1640.4,True,1,1,False,False,False,False,,True,False,False,,328,,16.4,Calm,48,, 1.8.0,DJI Mini 3 Pro,1581F4XF3229R006,53HFK5R0M30ACD,5HAZK6H0018AUR,52XPK6HCA105XX,101.4,0.7,39.3,9.437649,6.71082,0,4049,DJI Mini 3 Pro,1581F4XF3229R006,53HFK5R0M30ACD,5HAZK6H0018AUR,52XPK6HCA105XX,DJI Fly,, 1.8.0,54E6999D-4E41-3C56-C869-63925F82E9FA,1581F4XF3229R006W0A6,,,,,,,,,,
6/22/2023,8:06:17.10 PM,1m 34.1s,94.1,43.0428603952322,-77.6663243433991,13.4,41.9,12.7,575,722.4,,9.43766,,8.500372,,8.276678,,5.59235,-1.5,-0.8,93.6,93.6,P-GPS (Brake),Other,,25,5,True,,Mini 3 Pro,True,False,,Smart,RC,False,True,False,,,True,,False,False,False,False,False,False,False,False,False,False,0,Follow Yaw,-27.8,0,127.5,127.5,False,False,False,False,False,True,,True,Normal,100,100,1024,1024,364,1024,N,False,False,False,False,False,0,False,False,False,False,67,7.577,1513,2285,7.577,False,3.794,3.783,0.012,False,False,4.795,94.8,90.8,94.8,,,,,,,,,Idle,,,True,,False,10,Go Home,True,True,True,False,False,False,False,False,True,False,False,False,43.0428875252967,-77.6663246167718,9.8,436.3,1640.4,True,1,1,False,False,False,False,,True,False,False,,328,,16.4,Calm,48,, 1.8.0,DJI Mini 3 Pro,1581F4XF3229R006,53HFK5R0M30ACD,5HAZK6H0018AUR,52XPK6HCA105XX,101.4,0.7,39.3,9.437649,6.71082,0,4049,DJI Mini 3 Pro,1581F4XF3229R006,53HFK5R0M30ACD,5HAZK6H0018AUR,52XPK6HCA105XX,DJI Fly,, 1.8.0,54E6999D-4E41-3C56-C869-63925F82E9FA,1581F4XF3229R006W0A6,,,,,,,,,,
6/22/2023,8:06:17.20 PM,1m 34.3s,94.3,43.0428604509486,-77.6663243322825,13.1,41.9,12.7,575,722.4,,9.43766,,8.500372,,8.276678,0.671082,5.59235,-0.7,0,93.7,93.7,P-GPS (Brake),Other,,25,5,True,,Mini 3 Pro,True,False,,Smart,RC,False,True,False,,,True,,False,False,False,False,False,False,False,False,False,False,0,Follow Yaw,-27.8,0,127.5,127.5,False,False,False,False,False,True,,True,Normal,100,100,1024,1024,406,1024,N,False,False,False,False,False,0,False,False,False,False,67,7.577,1513,2285,7.577,False,3.794,3.783,0.012,False,False,4.795,94.8,90.8,94.8,,,,,,,,,Idle,,,True,,False,10,Go Home,True,True,True,False,False,False,False,False,True,False,False,False,43.0428875252967,-77.6663246167718,9.8,436.3,1640.4,True,1,1,False,False,False,False,,True,False,False,,328,,16.4,Calm,48,, 1.8.0,DJI Mini 3 Pro,1581F4XF3229R006,53HFK5R0M30ACD,5HAZK6H0018AUR,52XPK6HCA105XX,101.4,0.7,39.3,9.437649,6.71082,0,4049,DJI Mini 3 Pro,1581F4XF3229R006,53HFK5R0M30ACD,5HAZK6H0018AUR,52XPK6HCA105XX,DJI Fly,, 1.8.0,54E6999D-4E41-3C56-C869-63925F82E9FA,1581F4XF3229R006W0A6,,,,,,,,,,
6/22/2023,8:06:17.51 PM,1m 34.5s,94.5,43.0428604672448,-77.6663243429625,12.7,41.9,12.1,575,722.4,,9.43766,,8.500372,,8.276678,2.460634,5.59235,-0.5,-0.1,93.5,93.5,P-GPS (Brake),Other,,25,5,True,,Mini 3 Pro,True,False,,Smart,RC,False,True,False,,,True,,False,False,False,False,False,False,False,False,False,False,0,Follow Yaw,-27.8,0,127.5,127.5,False,False,False,False,False,True,,True,Normal,100,100,1024,1024,438,1024,N,False,False,False,False,False,0,False,False,False,False,67,7.577,1513,2285,7.577,False,3.794,3.783,0.012,False,False,4.795,94.8,90.8,94.8,,,,,,,,,Idle,,,True,,False,10,Go Home,True,True,True,False,False,False,False,False,True,False,False,False,43.0428875252967,-77.6663246167718,9.8,436.3,1640.4,True,1,1,False,False,False,False,,True,False,False,,328,,16.4,Calm,48,, 1.8.0,DJI Mini 3 Pro,1581F4XF3229R006,53HFK5R0M30ACD,5HAZK6H0018AUR,52XPK6HCA105XX,101.4,0.7,39.3,9.437649,6.71082,0,4049,DJI Mini 3 Pro,1581F4XF3229R006,53HFK5R0M30ACD,5HAZK6H0018AUR,52XPK6HCA105XX,DJI Fly,, 1.8.0,54E6999D-4E41-3C56-C869-63925F82E9FA,1581F4XF3229R006W0A6,,,,,,,,,,
6/22/2023,8:06:17.61 PM,1m 34.7s,94.7,43.0428604416515,-77.6663243371683,11.8,41.9,11.1,574,722.4,,9.43766,,8.500372,,8.276678,3.131716,5.59235,-1.1,-0.4,93.5,93.5,P-GPS (Brake),Other,,25,5,True,,Mini 3 Pro,True,False,,Smart,RC,False,True,False,,,True,,False,False,False,False,False,False,False,False,False,False,0,Follow Yaw,-27.8,0,127.5,127.5,False,False,False,False,False,True,,True,Normal,100,100,1024,1024,490,1024,N,False,False,False,False,False,0,False,False,False,False,67,7.606,1511,2285,7.606,False,3.809,3.797,0.012,False,False,4.762,94.8,90.8,94.8,,,,,,,,,Idle,,,True,,False,10,Go Home,True,True,True,False,False,False,False,False,True,False,False,False,43.0428875252967,-77.6663246167718,9.8,436.3,1640.4,True,1,1,False,False,False,False,,True,False,False,,328,,16.4,Calm,48,, 1.8.0,DJI Mini 3 Pro,1581F4XF3229R006,53HFK5R0M30ACD,5HAZK6H0018AUR,52XPK6HCA105XX,101.4,0.7,39.3,9.437649,6.71082,0,4049,DJI Mini 3 Pro,1581F4XF3229R006,53HFK5R0M30ACD,5HAZK6H0018AUR,52XPK6HCA105XX,DJI Fly,, 1.8.0,54E6999D-4E41-3C56-C869-63925F82E9FA,1581F4XF3229R006W0A6,,,,,,,,,,
6/22/2023,8:06:17.81 PM,1m 34.9s,94.9,43.0428604050091,-77.6663242853439,10.8,41.9,10.1,573,722.4,,9.43766,,8.500372,,8.276678,3.131716,5.59235,-0.4,-1.6,93.6,93.6,P-GPS (Brake),Other,,25,5,True,,Mini 3 Pro,True,False,,Smart,RC,False,True,False,,,True,,False,False,False,False,False,False,False,False,False,False,0,Follow Yaw,-27.8,0,127.5,127.5,False,False,False,False,False,True,,True,Normal,100,100,1024,1024,426,1024,N,False,False,False,False,False,0,False,False,False,False,67,7.606,1511,2285,7.606,False,3.809,3.797,0.012,False,False,4.762,94.8,90.8,94.8,,,,,,,,,Idle,,,True,,False,10,Go Home,True,True,True,False,False,False,False,False,True,False,False,False,43.0428875252967,-77.6663246167718,9.8,436.3,1640.4,True,1,1,False,False,False,False,,True,False,False,,328,,16.4,Calm,48,, 1.8.0,DJI Mini 3 Pro,1581F4XF3229R006,53HFK5R0M30ACD,5HAZK6H0018AUR,52XPK6HCA105XX,101.4,0.7,39.3,9.437649,6.71082,0,4049,DJI Mini 3 Pro,1581F4XF3229R006,53HFK5R0M30ACD,5HAZK6H0018AUR,52XPK6HCA105XX,DJI Fly,, 1.8.0,54E6999D-4E41-3C56-C869-63925F82E9FA,1581F4XF3229R006W0A6,,,,,,,,,,
6/22/2023,8:06:18.01 PM,1m 35.1s,95.1,43.0428603995306,-77.6663241849977,9.8,41.9,9.1,572,722.5,,9.43766,,8.500372,,8.276678,3.131716,5.59235,-1.5,-1.2,93.7,93.7,P-GPS (Brake),Other,,25,5,True,,Mini 3 Pro,True,False,,Smart,RC,False,True,False,,,True,,False,False,False,False,False,False,False,False,False,False,0,Follow Yaw,-27.8,0,127.5,127.5,False,False,False,False,False,True,,True,Normal,100,100,1024,1024,487,1024,N,False,False,False,False,False,0,False,False,False,False,67,7.606,1511,2285,7.606,False,3.809,3.797,0.012,False,False,4.762,94.8,90.8,94.8,,,,,,,,,Idle,,,True,,False,10,Go Home,True,True,True,False,False,False,False,False,True,False,False,False,43.0428875252967,-77.6663246167718,9.8,436.3,1640.4,True,1,1,False,False,False,False,,True,False,False,,328,,16.4,Calm,48,, 1.8.0,DJI Mini 3 Pro,1581F4XF3229R006,53HFK5R0M30ACD,5HAZK6H0018AUR,52XPK6HCA105XX,101.4,0.7,39.3,9.437649,6.71082,0,4049,DJI Mini 3 Pro,1581F4XF3229R006,53HFK5R0M30ACD,5HAZK6H0018AUR,52XPK6HCA105XX,DJI Fly,, 1.8.0,54E6999D-4E41-3C56-C869-63925F82E9FA,1581F4XF3229R006W0A6,,,,,,,,,,
6/22/2023,8:06:18.22 PM,1m 35.3s,95.3,43.0428604184354,-77.6663240262491,9.1,41.9,8.5,571,722.5,,9.43766,,8.500372,,8.276678,2.684328,5.59235,-0.7,-0.8,93.6,93.6,P-GPS (Brake),Other,,24,5,True,,Mini 3 Pro,True,False,,Smart,RC,False,True,False,,,True,,False,False,False,False,False,False,False,False,False,False,0,Follow Yaw,-27.8,0,127.5,127.5,False,False,False,False,False,True,,True,Normal,100,100,1024,1024,464,1024,N,False,False,False,False,False,0,False,False,False,False,67,7.606,1511,2285,7.606,False,3.809,3.797,0.012,False,False,4.762,94.8,90.8,94.8,,,,,,,,,Idle,,,True,,False,10,Go Home,True,True,True,False,False,False,False,False,True,False,False,False,43.0428875252967,-77.6663246167718,9.8,436.3,1640.4,True,1,1,False,False,False,False,,True,False,False,,328,,16.4,Calm,48,, 1.8.0,DJI Mini 3 Pro,1581F4XF3229R006,53HFK5R0M30ACD,5HAZK6H0018AUR,52XPK6HCA105XX,101.4,0.7,39.3,9.437649,6.71082,0,4049,DJI Mini 3 Pro,1581F4XF3229R006,53HFK5R0M30ACD,5HAZK6H0018AUR,52XPK6HCA105XX,DJI Fly,, 1.8.0,54E6999D-4E41-3C56-C869-63925F82E9FA,1581F4XF3229R006W0A6,,,,,,,,,,
6/22/2023,8:06:18.42 PM,1m 35.5s,95.5,43.0428604712627,-77.6663238171142,8.5,41.9,8.2,570,722.6,,9.43766,,8.500372,,8.276678,2.013246,5.59235,0.8,-0.7,93.6,93.6,P-GPS (Brake),Other,,24,5,True,,Mini 3 Pro,True,False,,Smart,RC,False,True,False,,,True,,False,False,False,False,False,False,False,False,False,False,0,Follow Yaw,-27.8,0,127.5,127.5,False,False,False,False,False,True,,True,Normal,100,100,1024,1024,469,1024,N,False,False,False,False,False,0,False,False,False,False,67,7.606,1511,2285,7.606,False,3.809,3.797,0.012,False,False,4.762,94.8,90.8,94.8,,,,,,,,,Idle,,,True,,False,10,Go Home,True,True,True,False,False,False,False,False,True,False,False,False,43.0428875252967,-77.6663246167718,9.8,436.3,1640.4,True,1,1,False,False,False,False,,True,False,False,,328,,16.4,Calm,48,, 1.8.0,DJI Mini 3 Pro,1581F4XF3229R006,53HFK5R0M30ACD,5HAZK6H0018AUR,52XPK6HCA105XX,101.4,0.7,39.3,9.437649,6.71082,0,4049,DJI Mini 3 Pro,1581F4XF3229R006,53HFK5R0M30ACD,5HAZK6H0018AUR,52XPK6HCA105XX,DJI Fly,, 1.8.0,54E6999D-4E41-3C56-C869-63925F82E9FA,1581F4XF3229R006W0A6,,,,,,,,,,
6/22/2023,8:06:18.62 PM,1m 35.7s,95.7,43.0428605635679,-77.666323642363,7.8,41.9,7.5,570,722.6,,9.43766,,8.500372,,8.276678,1.789552,5.59235,0.5,-0.2,93.6,93.6,P-GPS (Brake),Other,,24,5,True,,Mini 3 Pro,True,False,,Smart,RC,False,True,False,,,True,,False,False,False,False,False,False,False,False,False,False,0,Follow Yaw,-27.8,0,127.5,127.5,False,False,False,False,False,True,,True,Normal,100,100,1024,1024,470,1024,N,False,False,False,False,False,0,False,False,False,False,67,7.553,1510,2285,7.553,False,3.781,3.772,0.012,False,False,4.153,94.8,90.8,94.8,,,,,,,,,Idle,,,True,,False,10,Go Home,True,True,True,False,False,False,False,False,True,False,False,False,43.0428875252967,-77.6663246167718,9.8,436.3,1640.4,True,1,1,False,False,False,False,,True,False,False,,328,,16.4,Calm,48,, 1.8.0,DJI Mini 3 Pro,1581F4XF3229R006,53HFK5R0M30ACD,5HAZK6H0018AUR,52XPK6HCA105XX,101.4,0.7,39.3,9.437649,6.71082,0,4049,DJI Mini 3 Pro,1581F4XF3229R006,53HFK5R0M30ACD,5HAZK6H0018AUR,52XPK6HCA105XX,DJI Fly,, 1.8.0,54E6999D-4E41-3C56-C869-63925F82E9FA,1581F4XF3229R006W0A6,,,,,,,,,,
6/22/2023,8:06:18.82 PM,1m 35.9s,95.9,43.0428606884036,-77.6663235112581,7.2,41.9,7.2,569,722.7,,9.43766,,8.500372,,8.276678,1.789552,5.59235,0.3,0.8,93.7,93.7,P-GPS (Brake),Other,,23,5,True,,Mini 3 Pro,True,False,,Smart,RC,False,True,False,,,True,,False,False,False,False,False,False,False,False,False,False,0,Follow Yaw,-27.8,0,127.5,127.5,False,False,False,False,False,True,,True,Normal,100,100,1024,1024,471,1024,N,False,False,False,False,False,0,False,False,False,False,67,7.553,1510,2285,7.553,False,3.781,3.772,0.012,False,False,4.153,94.8,90.8,94.8,,,,,,,,,Idle,,,True,,False,10,Go Home,True,True,True,False,False,False,False,False,True,False,False,False,43.0428875252967,-77.6663246167718,9.7,436.3,1640.4,True,1,1,False,False,False,False,,True,False,False,,328,,16.4,Calm,48,, 1.8.0,DJI Mini 3 Pro,1581F4XF3229R006,53HFK5R0M30ACD,5HAZK6H0018AUR,52XPK6HCA105XX,101.4,0.7,39.3,9.437649,6.71082,0,4049,DJI Mini 3 Pro,1581F4XF3229R006,53HFK5R0M30ACD,5HAZK6H0018AUR,52XPK6HCA105XX,DJI Fly,, 1.8.0,54E6999D-4E41-3C56-C869-63925F82E9FA,1581F4XF3229R006W0A6,,,,,,,,,,
6/22/2023,8:06:19.02 PM,1m 36.1s,96.1,43.0428607989304,-77.6663234494811,6.8,41.9,6.5,569,722.7,,9.43766,,8.500372,,8.276678,1.342164,5.59235,-1.2,0.1,93.7,93.7,P-GPS (Brake),Other,,23,5,True,,Mini 3 Pro,True,False,,Smart,RC,False,True,False,,,True,,False,False,False,False,False,False,False,False,False,False,0,Follow Yaw,-27.8,0,127.5,127.5,False,False,False,False,False,True,,True,Normal,100,100,1024,1024,468,1024,N,False,False,False,False,False,0,False,False,False,False,67,7.553,1510,2285,7.553,False,3.781,3.772,0.012,False,False,4.153,94.8,90.8,94.8,,,,,,,,,Idle,,,True,,False,10,Go Home,True,True,True,False,False,False,False,False,True,False,False,False,43.0428875252967,-77.6663246167718,9.7,436.3,1640.4,True,1,1,False,False,False,False,,True,False,False,,328,,16.4,Calm,48,, 1.8.0,DJI Mini 3 Pro,1581F4XF3229R006,53HFK5R0M30ACD,5HAZK6H0018AUR,52XPK6HCA105XX,101.4,0.7,39.3,9.437649,6.71082,0,4049,DJI Mini 3 Pro,1581F4XF3229R006,53HFK5R0M30ACD,5HAZK6H0018AUR,52XPK6HCA105XX,DJI Fly,, 1.8.0,54E6999D-4E41-3C56-C869-63925F82E9FA,1581F4XF3229R006W0A6,,,,,,,,,,
6/22/2023,8:06:19.23 PM,1m 36.3s,96.3,43.0428609383532,-77.666323392146,6.5,41.9,6.2,568,722.8,,9.43766,,8.500372,,8.276678,0.223694,5.59235,0,1.5,93.8,93.8,P-GPS (Brake),Other,,23,5,True,,Mini 3 Pro,True,False,,Smart,RC,False,True,False,,,True,,False,False,False,False,False,False,False,False,False,False,0,Follow Yaw,-27.8,0,127.5,127.5,False,False,False,False,False,True,,True,Normal,100,100,1024,1024,478,1024,N,False,False,False,False,False,0,False,False,False,False,67,7.553,1510,2285,7.553,False,3.781,3.772,0.012,False,False,4.153,94.8,90.8,94.8,,,,,,,,,Idle,,,True,,False,10,Go Home,True,True,True,False,False,False,False,False,True,False,False,False,43.0428875252967,-77.6663246167718,9.7,436.3,1640.4,True,1,1,False,False,False,False,,True,False,False,,328,,16.4,Calm,48,, 1.8.0,DJI Mini 3 Pro,1581F4XF3229R006,53HFK5R0M30ACD,5HAZK6H0018AUR,52XPK6HCA105XX,101.4,0.7,39.3,9.437649,6.71082,0,4049,DJI Mini 3 Pro,1581F4XF3229R006,53HFK5R0M30ACD,5HAZK6H0018AUR,52XPK6HCA105XX,DJI Fly,, 1.8.0,54E6999D-4E41-3C56-C869-63925F82E9FA,1581F4XF3229R006W0A6,,,,,,,,,,
6/22/2023,8:06:19.43 PM,1m 36.5s,96.5,43.0428610071276,-77.6663234042334,6.5,41.9,0.9,568,722.8,,9.43766,,8.500372,,8.276678,,5.59235,0,2.5,93.7,93.7,P-GPS (Brake),Other,,23,5,True,,Mini 3 Pro,True,False,,Smart,RC,False,True,False,,,True,,False,False,False,False,False,False,False,False,False,False,0,Follow Yaw,-27.8,0,127.5,127.5,False,False,False,False,False,True,,True,Normal,100,100,1024,1024,477,1024,N,False,False,False,False,False,0,False,False,False,False,67,7.553,1510,2285,7.553,False,3.781,3.772,0.012,False,False,4.153,94.8,90.8,94.8,,,,,,,,,Idle,,,True,,False,10,Go Home,True,True,True,False,False,False,False,False,True,False,False,False,43.0428875252967,-77.6663246167718,9.6,436.3,1640.4,True,1,1,False,False,False,False,,True,False,False,,328,,16.4,Calm,48,, 1.8.0,DJI Mini 3 Pro,1581F4XF3229R006,53HFK5R0M30ACD,5HAZK6H0018AUR,52XPK6HCA105XX,101.4,0.7,39.3,9.437649,6.71082,0,4049,DJI Mini 3 Pro,1581F4XF3229R006,53HFK5R0M30ACD,5HAZK6H0018AUR,52XPK6HCA105XX,DJI Fly,, 1.8.0,54E6999D-4E41-3C56-C869-63925F82E9FA,1581F4XF3229R006W0A6,,,,,,,,,,
6/22/2023,8:06:19.64 PM,1m 36.7s,96.7,43.0428609350271,-77.6663234606008,6.5,41.9,0.9,568,722.8,,9.43766,,8.500372,,8.276678,-0.223694,5.59235,-0.5,0.1,93.7,93.7,P-GPS (Brake),Other,,24,5,True,,Mini 3 Pro,False,False,,Smart,RC,False,True,False,,,True,,False,False,False,False,False,False,False,False,False,False,0,Follow Yaw,-27.8,0,127.5,127.5,False,False,False,False,False,True,,True,Normal,100,100,1024,1024,432,1024,N,False,False,False,False,False,0,False,False,False,False,67,7.558,1509,2285,7.558,False,3.785,3.773,0.012,False,False,5.304,95,90.8,95,,,,,,,,,Idle,,,True,,False,10,Go Home,True,True,True,False,False,False,False,False,False,False,False,False,43.0428875252967,-77.6663246167718,9.7,436.3,1640.4,True,1,1,False,False,False,False,,True,False,False,,328,,16.4,Calm,48,, 1.8.0,DJI Mini 3 Pro,1581F4XF3229R006,53HFK5R0M30ACD,5HAZK6H0018AUR,52XPK6HCA105XX,101.4,0.7,39.3,9.437649,6.71082,0,4049,DJI Mini 3 Pro,1581F4XF3229R006,53HFK5R0M30ACD,5HAZK6H0018AUR,52XPK6HCA105XX,DJI Fly,, 1.8.0,54E6999D-4E41-3C56-C869-63925F82E9FA,1581F4XF3229R006W0A6,,,,,,,,,,
6/22/2023,8:06:19.84 PM,1m 36.9s,96.9,43.0428608201868,-77.6663235461613,6.5,41.9,3.2,568,722.9,,9.43766,,8.500372,,8.276678,-0.223694,5.59235,-1.5,0.2,95.2,95.2,P-GPS (Brake),Other,,24,5,True,,Mini 3 Pro,True,False,,Smart,RC,False,True,False,,,True,,False,False,False,False,False,False,False,False,False,False,0,Follow Yaw,-27.8,0,127.5,127.5,False,False,False,False,False,True,,True,Normal,100,100,1024,1024,438,1024,N,False,False,False,False,False,0,False,False,False,False,67,7.558,1509,2285,7.558,False,3.785,3.773,0.012,False,False,5.304,95,90.8,95,,,,,,,,,Idle,,,True,,False,10,Go Home,True,True,True,False,False,False,False,False,True,False,False,False,43.0428875252967,-77.6663246167718,9.7,436.3,1640.4,True,1,1,False,False,False,False,,True,False,False,,328,,16.4,Calm,48,, 1.8.0,DJI Mini 3 Pro,1581F4XF3229R006,53HFK5R0M30ACD,5HAZK6H0018AUR,52XPK6HCA105XX,101.4,0.7,39.3,9.437649,6.71082,0,4049,DJI Mini 3 Pro,1581F4XF3229R006,53HFK5R0M30ACD,5HAZK6H0018AUR,52XPK6HCA105XX,DJI Fly,, 1.8.0,54E6999D-4E41-3C56-C869-63925F82E9FA,1581F4XF3229R006W0A6,,,,,,,,,,
6/22/2023,8:06:20.04 PM,1m 37.1s,97.1,43.0428609397367,-77.6663235715713,6.5,41.9,0,568,722.9,0.223694,9.43766,,8.500372,0.223694,8.276678,0.223694,5.59235,-0.1,-1.1,95.5,95.5,P-GPS (Brake),Other,,24,5,True,,Mini 3 Pro,True,False,,Smart,RC,False,True,False,,,True,,False,False,False,False,False,False,False,False,False,False,0,Follow Yaw,-27.8,0,127.5,127.5,False,False,False,False,False,True,,True,Normal,100,100,1024,1024,364,1024,N,False,False,False,False,False,0,False,False,False,False,67,7.558,1509,2285,7.558,False,3.785,3.773,0.012,False,False,5.304,95,90.8,95,,,,,,,,,Idle,,,True,,False,10,Go Home,True,True,True,False,False,False,False,False,True,False,False,False,43.0428875252967,-77.6663246167718,9.7,436.3,1640.4,True,1,1,False,False,False,False,,True,False,False,,328,,16.4,Calm,48,, 1.8.0,DJI Mini 3 Pro,1581F4XF3229R006,53HFK5R0M30ACD,5HAZK6H0018AUR,52XPK6HCA105XX,101.4,0.7,39.3,9.437649,6.71082,0,4049,DJI Mini 3 Pro,1581F4XF3229R006,53HFK5R0M30ACD,5HAZK6H0018AUR,52XPK6HCA105XX,DJI Fly,, 1.8.0,54E6999D-4E41-3C56-C869-63925F82E9FA,1581F4XF3229R006W0A6,,,,,,,,,,
6/22/2023,8:06:20.24 PM,1m 37.3s,97.3,43.0428610010537,-77.6663232539597,6.5,41.9,0,568,723,0.223694,9.43766,,8.500372,0.223694,8.276678,0.223694,5.59235,1.1,-2.5,93.1,93.1,P-GPS (Brake),Other,,24,5,True,,Mini 3 Pro,True,False,,Smart,RC,False,True,False,,,True,,False,False,False,False,False,False,False,False,False,False,0,Follow Yaw,-27.8,0,127.5,127.5,False,False,False,False,False,True,,True,Normal,100,100,1024,1024,364,958,N,False,False,False,False,False,0,False,False,False,False,67,7.558,1509,2285,7.558,False,3.785,3.773,0.012,False,False,5.304,95,90.8,95,,,,,,,,,Idle,,,True,,False,10,Go Home,True,True,True,False,False,False,False,False,True,False,False,False,43.0428875252967,-77.6663246167718,9.6,436.3,1640.4,True,1,1,False,False,False,False,,True,False,False,,328,,16.4,Calm,48,, 1.8.0,DJI Mini 3 Pro,1581F4XF3229R006,53HFK5R0M30ACD,5HAZK6H0018AUR,52XPK6HCA105XX,101.4,0.7,39.3,9.437649,6.71082,0,4049,DJI Mini 3 Pro,1581F4XF3229R006,53HFK5R0M30ACD,5HAZK6H0018AUR,52XPK6HCA105XX,DJI Fly,, 1.8.0,54E6999D-4E41-3C56-C869-63925F82E9FA,1581F4XF3229R006W0A6,,,,,,,,,,
6/22/2023,8:06:20.44 PM,1m 37.5s,97.5,43.0428610668682,-77.6663230696215,6.5,41.9,0.6,568,723.1,,9.43766,,8.500372,,8.276678,,5.59235,-0.4,-1.3,93.3,93.3,P-GPS (Brake),Other,,24,5,True,,Mini 3 Pro,True,False,,Smart,RC,False,True,False,,,True,,False,False,False,False,False,False,False,False,False,False,0,Follow Yaw,-27.8,0,127.4,127.4,False,False,False,False,False,True,,True,Normal,100,100,1024,1024,364,952,N,False,False,False,False,False,0,False,False,False,False,67,7.558,1509,2285,7.558,False,3.785,3.773,0.012,False,False,5.304,95,90.8,95,,,,,,,,,Idle,,,True,,False,10,Go Home,True,True,True,False,False,False,False,False,True,False,False,False,43.0428875252967,-77.6663246167718,9.6,436.3,1640.4,True,1,1,False,False,False,False,,True,False,False,,328,,16.4,Calm,48,, 1.8.0,DJI Mini 3 Pro,1581F4XF3229R006,53HFK5R0M30ACD,5HAZK6H0018AUR,52XPK6HCA105XX,101.4,0.7,39.3,9.437649,6.71082,0,4049,DJI Mini 3 Pro,1581F4XF3229R006,53HFK5R0M30ACD,5HAZK6H0018AUR,52XPK6HCA105XX,DJI Fly,, 1.8.0,54E6999D-4E41-3C56-C869-63925F82E9FA,1581F4XF3229R006W0A6,,,,,,,,,,
6/22/2023,8:06:20.65 PM,1m 37.7s,97.7,43.0428611267953,-77.6663229569382,6.5,41.9,0.6,568,723.1,,9.43766,,8.500372,,8.276678,,5.59235,-1.4,-0.4,93.9,93.9,P-GPS (Brake),Other,,24,5,True,,Mini 3 Pro,True,False,,Smart,RC,False,True,False,,,True,,False,False,False,False,False,False,False,False,False,False,0,Follow Yaw,-27.8,0,127.4,127.4,False,False,False,False,False,True,,True,Normal,100,100,1024,1024,364,942,N,False,False,False,False,False,0,False,False,False,False,66,7.443,1506,2285,7.443,False,3.735,3.708,0.027,False,False,6.186,95,90.8,95,,,,,,,,,Idle,,,True,,False,10,Go Home,True,True,True,False,False,False,False,False,True,False,False,False,43.0428875252967,-77.6663246167718,9.6,436.3,1640.4,True,1,1,False,False,False,False,,True,False,False,,328,,16.4,Calm,48,, 1.8.0,DJI Mini 3 Pro,1581F4XF3229R006,53HFK5R0M30ACD,5HAZK6H0018AUR,52XPK6HCA105XX,101.4,0.7,39.3,9.437649,6.71082,0,4049,DJI Mini 3 Pro,1581F4XF3229R006,53HFK5R0M30ACD,5HAZK6H0018AUR,52XPK6HCA105XX,DJI Fly,, 1.8.0,54E6999D-4E41-3C56-C869-63925F82E9FA,1581F4XF3229R006W0A6,,,,,,,,,,
6/22/2023,8:06:20.85 PM,1m 37.9s,97.9,43.0428612065844,-77.6663229366448,6.5,41.9,0.3,568,723.1,,9.43766,,8.500372,,8.276678,,5.59235,-2.2,0,93.9,93.9,P-GPS (Brake),Other,,24,5,True,,Mini 3 Pro,True,False,,Smart,RC,False,True,False,,,True,,False,False,False,False,False,False,False,False,False,False,0,Follow Yaw,-27.8,0,127.3,127.3,False,False,False,False,False,True,,True,Normal,100,100,1024,1024,364,927,N,False,False,False,False,False,0,False,False,False,False,66,7.443,1506,2285,7.443,False,3.735,3.708,0.027,False,False,6.186,95,90.8,95,,,,,,,,,Idle,,,True,,False,10,Go Home,True,True,True,False,False,False,False,False,True,False,False,False,43.0428875252967,-77.6663246167718,9.6,436.3,1640.4,True,1,1,False,False,False,False,,True,False,False,,328,,16.4,Calm,48,, 1.8.0,DJI Mini 3 Pro,1581F4XF3229R006,53HFK5R0M30ACD,5HAZK6H0018AUR,52XPK6HCA105XX,101.4,0.7,39.3,9.437649,6.71082,0,4049,DJI Mini 3 Pro,1581F4XF3229R006,53HFK5R0M30ACD,5HAZK6H0018AUR,52XPK6HCA105XX,DJI Fly,, 1.8.0,54E6999D-4E41-3C56-C869-63925F82E9FA,1581F4XF3229R006W0A6,,,,,,,,,,
6/22/2023,8:06:21.05 PM,1m 38.1s,98.1,43.0428612235317,-77.6663229097842,6.5,41.9,0,568,723.1,,9.43766,,8.500372,,8.276678,,5.59235,-3.3,0.6,94,94,Confirm Landing,Other,Landing (Vert Low Limit),24,5,True,,Mini 3 Pro,True,False,,Smart,RC,False,True,False,,,True,,False,False,False,False,False,False,False,False,False,False,0,Follow Yaw,-24.4,0,127.1,127.1,False,False,False,False,False,True,,True,Normal,100,100,1024,1024,364,927,N,False,False,False,False,False,0,False,False,False,False,66,7.443,1506,2285,7.443,False,3.735,3.708,0.027,False,False,6.186,95,90.8,95,,,,,,,,,Idle,,,True,,False,10,Go Home,True,True,True,False,False,False,False,False,False,False,False,False,43.0428875252967,-77.6663246167718,9.6,436.3,1640.4,True,1,1,False,False,False,False,,True,False,False,,328,,16.4,Calm,48,, 1.8.0,DJI Mini 3 Pro,1581F4XF3229R006,53HFK5R0M30ACD,5HAZK6H0018AUR,52XPK6HCA105XX,101.4,0.7,39.3,9.437649,6.71082,0,4049,DJI Mini 3 Pro,1581F4XF3229R006,53HFK5R0M30ACD,5HAZK6H0018AUR,52XPK6HCA105XX,DJI Fly,, 1.8.0,54E6999D-4E41-3C56-C869-63925F82E9FA,1581F4XF3229R006W0A6,,,,,,,,,,
6/22/2023,8:06:21.25 PM,1m 38.3s,98.3,43.0428612361464,-77.6663228962777,6.5,41.9,0,568,723.1,,9.43766,,8.500372,,8.276678,,5.59235,-3.5,0.9,94.1,94.1,Confirm Landing,Other,Landing (Vert Low Limit),24,5,True,,Mini 3 Pro,True,False,,Smart,RC,False,True,False,,,True,,False,False,False,False,False,False,False,False,False,False,0,Follow Yaw,-18.8,0,127,127,False,False,False,False,False,True,,True,Normal,100,100,1024,1024,364,927,N,False,False,False,False,False,0,False,False,False,False,66,7.443,1506,2285,7.443,False,3.735,3.708,0.027,False,False,6.186,95,90.8,95,,,,,,,,,Idle,,,True,,False,10,Go Home,True,True,True,False,False,False,False,False,False,False,False,False,43.0428875252967,-77.6663246167718,9.6,436.3,1640.4,True,1,1,False,False,False,False,,True,False,False,,328,,16.4,Calm,48,, 1.8.0,DJI Mini 3 Pro,1581F4XF3229R006,53HFK5R0M30ACD,5HAZK6H0018AUR,52XPK6HCA105XX,101.4,0.7,39.3,9.437649,6.71082,0,4049,DJI Mini 3 Pro,1581F4XF3229R006,53HFK5R0M30ACD,5HAZK6H0018AUR,52XPK6HCA105XX,DJI Fly,, 1.8.0,54E6999D-4E41-3C56-C869-63925F82E9FA,1581F4XF3229R006W0A6,,,,,,,,,,
6/22/2023,8:06:21.46 PM,1m 38.5s,98.5,43.0428612636822,-77.6663228854951,6.5,41.9,0,568,723.2,,9.43766,,8.500372,,8.276678,,5.59235,-3.7,1.2,94,94,Confirm Landing,Other,Landing (Vert Low Limit),24,5,True,,Mini 3 Pro,True,False,,Smart,RC,False,True,False,,,True,,False,False,False,False,False,False,False,False,False,False,0,Follow Yaw,-13.3,0,126.8,126.8,False,False,False,False,False,True,,True,Normal,100,100,1024,1024,364,927,N,False,False,False,False,False,0,False,False,False,False,66,7.443,1506,2285,7.443,False,3.735,3.708,0.027,False,False,6.186,95,90.8,95,,,,,,,,,Idle,,,True,,False,10,Go Home,True,True,True,False,False,False,False,False,False,False,False,False,43.0428875252967,-77.6663246167718,9.5,436.3,1640.4,True,1,1,False,False,False,False,,True,False,False,,328,,16.4,Calm,48,, 1.8.0,DJI Mini 3 Pro,1581F4XF3229R006,53HFK5R0M30ACD,5HAZK6H0018AUR,52XPK6HCA105XX,101.4,0.7,39.3,9.437649,6.71082,0,4049,DJI Mini 3 Pro,1581F4XF3229R006,53HFK5R0M30ACD,5HAZK6H0018AUR,52XPK6HCA105XX,DJI Fly,, 1.8.0,54E6999D-4E41-3C56-C869-63925F82E9FA,1581F4XF3229R006W0A6,,,,,,,,,,
6/22/2023,8:06:21.66 PM,1m 38.7s,98.7,43.0428612837586,-77.6663228787946,6.5,41.9,0,568,723.2,,9.43766,,8.500372,,8.276678,,5.59235,-3.9,1.7,94.1,94.1,Confirm Landing,Other,Landing (Vert Low Limit),24,5,True,,Mini 3 Pro,True,False,,Smart,RC,False,True,False,,,True,,False,False,False,False,False,False,False,False,False,False,0,Follow Yaw,-7.7,0,126.7,126.7,False,False,False,False,False,True,,True,Normal,100,100,1024,1024,364,926,N,False,False,False,False,False,0,False,False,False,False,66,7.34,1502,2285,7.34,False,3.735,3.708,0.027,False,False,13.804,95,90.8,95,,,,,,,,,Idle,,,True,,False,10,Go Home,True,True,True,False,False,False,False,False,False,False,False,False,43.0428875252967,-77.6663246167718,9.5,436.3,1640.4,True,1,1,False,False,False,False,,True,False,False,,328,,16.4,Calm,48,, 1.8.0,DJI Mini 3 Pro,1581F4XF3229R006,53HFK5R0M30ACD,5HAZK6H0018AUR,52XPK6HCA105XX,101.4,0.7,39.3,9.437649,6.71082,0,4049,DJI Mini 3 Pro,1581F4XF3229R006,53HFK5R0M30ACD,5HAZK6H0018AUR,52XPK6HCA105XX,DJI Fly,, 1.8.0,54E6999D-4E41-3C56-C869-63925F82E9FA,1581F4XF3229R006W0A6,,,,,,,,,,
6/22/2023,8:06:21.86 PM,1m 38.9s,98.9,43.0428612993244,-77.6663228475003,6.5,41.9,0.3,568,723.2,,9.43766,,8.500372,,8.276678,,5.59235,-3.7,2,93.9,93.9,Confirm Landing,Other,Landing (Vert Low Limit),24,5,True,,Mini 3 Pro,True,False,,Smart,RC,False,True,False,,,True,,False,False,False,False,False,False,False,False,False,False,0,Follow Yaw,-2.2,0,126.5,126.5,False,False,False,False,False,True,,True,Normal,100,100,1024,1024,364,926,N,False,False,False,False,False,0,False,False,False,False,66,7.35,1502,2285,7.35,False,3.684,3.666,0.027,False,False,13.804,95,90.8,95,,,,,,,,,Idle,,,True,,False,10,Go Home,True,True,True,False,False,False,False,False,False,False,False,False,43.0428875252967,-77.6663246167718,9.5,436.3,1640.4,True,1,1,False,False,False,False,,True,False,False,,328,,16.4,Calm,48,, 1.8.0,DJI Mini 3 Pro,1581F4XF3229R006,53HFK5R0M30ACD,5HAZK6H0018AUR,52XPK6HCA105XX,101.4,0.7,39.3,9.437649,6.71082,0,4049,DJI Mini 3 Pro,1581F4XF3229R006,53HFK5R0M30ACD,5HAZK6H0018AUR,52XPK6HCA105XX,DJI Fly,, 1.8.0,54E6999D-4E41-3C56-C869-63925F82E9FA,1581F4XF3229R006W0A6,,,,,,,,,,
6/22/2023,8:06:22.06 PM,1m 39.1s,99.1,43.0428613322489,-77.6663228895069,6.5,41.9,0.6,568,723.2,,9.43766,,8.500372,,8.276678,,5.59235,-3,2.2,93.5,93.5,Confirm Landing,Other,Landing (Vert Low Limit),24,5,True,,Mini 3 Pro,True,False,,Smart,RC,False,True,False,,,True,,False,False,False,False,False,False,False,False,False,False,0,Follow Yaw,0,0,126.4,126.4,False,False,False,False,False,True,,True,Normal,100,100,1024,1024,364,926,N,False,False,False,False,False,0,False,False,False,False,66,7.35,1502,2285,7.35,False,3.684,3.666,0.027,False,False,13.804,95,90.8,95,,,,,,,,,Idle,,,True,,False,10,Go Home,True,True,True,False,False,False,False,False,False,False,False,False,43.0428875252967,-77.6663246167718,9.5,436.3,1640.4,True,1,1,False,False,False,False,,True,False,False,,328,,16.4,Calm,48,, 1.8.0,DJI Mini 3 Pro,1581F4XF3229R006,53HFK5R0M30ACD,5HAZK6H0018AUR,52XPK6HCA105XX,101.4,0.7,39.3,9.437649,6.71082,0,4049,DJI Mini 3 Pro,1581F4XF3229R006,53HFK5R0M30ACD,5HAZK6H0018AUR,52XPK6HCA105XX,DJI Fly,, 1.8.0,54E6999D-4E41-3C56-C869-63925F82E9FA,1581F4XF3229R006W0A6,,,,,,,,,,
6/22/2023,8:06:22.26 PM,1m 39.3s,99.3,43.0428613398069,-77.6663229461006,6.5,41.9,0.6,568,723.2,,9.43766,,8.500372,,8.276678,,5.59235,-2.7,3,93.4,93.4,Confirm Landing,Other,Landing (Vert Low Limit),24,5,True,,Mini 3 Pro,True,False,,Smart,RC,False,True,False,,,True,,False,False,False,False,False,False,False,False,False,False,0,Follow Yaw,0,0,126.3,126.3,False,False,False,False,False,True,,True,Normal,100,100,1024,1024,364,926,N,False,False,False,False,False,0,False,False,False,False,66,7.35,1502,2285,7.35,False,3.684,3.666,0.027,False,False,13.804,95,90.8,95,,,,,,,,,Idle,,,True,,False,10,Go Home,True,True,True,False,False,False,False,False,False,False,False,False,43.0428875252967,-77.6663246167718,9.5,436.3,1640.4,True,1,1,False,False,False,False,,True,False,False,,328,,16.4,Calm,48,, 1.8.0,DJI Mini 3 Pro,1581F4XF3229R006,53HFK5R0M30ACD,5HAZK6H0018AUR,52XPK6HCA105XX,101.4,0.7,39.3,9.437649,6.71082,0,4049,DJI Mini 3 Pro,1581F4XF3229R006,53HFK5R0M30ACD,5HAZK6H0018AUR,52XPK6HCA105XX,DJI Fly,, 1.8.0,54E6999D-4E41-3C56-C869-63925F82E9FA,1581F4XF3229R006W0A6,,,,,,,,,,
6/22/2023,8:06:22.36 PM,1m 39.5s,99.5,43.0428613711422,-77.6663229794653,6.5,41.9,0.6,568,723.2,,9.43766,,8.500372,,8.276678,,5.59235,-2.5,3.5,93.4,93.4,Confirm Landing,Other,Landing (Vert Low Limit),24,5,True,,Mini 3 Pro,True,False,,Smart,RC,False,True,False,,,True,,False,False,False,False,False,False,False,False,False,False,0,Follow Yaw,0,0,126.1,126.1,False,False,False,False,False,True,,True,Normal,100,100,1024,1024,364,926,N,False,False,False,False,False,0,False,False,False,False,66,7.35,1502,2285,7.35,False,3.684,3.666,0.027,False,False,13.804,95,90.8,95,,,,,,,,,Idle,,,True,,False,10,Go Home,True,True,True,False,False,False,False,False,False,False,False,False,43.0428875252967,-77.6663246167718,9.5,436.3,1640.4,True,1,1,False,False,False,False,,True,False,False,,328,,16.4,Calm,48,, 1.8.0,DJI Mini 3 Pro,1581F4XF3229R006,53HFK5R0M30ACD,5HAZK6H0018AUR,52XPK6HCA105XX,101.4,0.7,39.3,9.437649,6.71082,0,4049,DJI Mini 3 Pro,1581F4XF3229R006,53HFK5R0M30ACD,5HAZK6H0018AUR,52XPK6HCA105XX,DJI Fly,, 1.8.0,54E6999D-4E41-3C56-C869-63925F82E9FA,1581F4XF3229R006W0A6,,,,,,,,,,
6/22/2023,8:06:22.67 PM,1m 39.7s,99.7,43.0428613823926,-77.6663229767583,6.5,41.9,0.6,568,723.2,,9.43766,,8.500372,,8.276678,,5.59235,-2.3,3.8,93,93,Confirm Landing,Other,Landing (Vert Low Limit),24,5,True,,Mini 3 Pro,True,False,,Smart,RC,False,True,False,,,True,,False,False,False,False,False,False,False,False,False,False,0,Follow Yaw,0,0,126,126,False,False,False,False,False,True,,True,Normal,100,100,1024,1024,364,925,N,False,False,False,False,False,0,False,False,False,False,66,7.397,1499,2285,7.397,False,3.684,3.666,0.027,False,False,11.839,95,90.8,95,,,,,,,,,Idle,,,True,,False,10,Go Home,True,True,True,False,False,False,False,False,False,False,False,False,43.0428875252967,-77.6663246167718,9.5,436.3,1640.4,True,1,1,False,False,False,False,,True,False,False,,328,,16.4,Calm,48,, 1.8.0,DJI Mini 3 Pro,1581F4XF3229R006,53HFK5R0M30ACD,5HAZK6H0018AUR,52XPK6HCA105XX,101.4,0.7,39.3,9.437649,6.71082,0,4049,DJI Mini 3 Pro,1581F4XF3229R006,53HFK5R0M30ACD,5HAZK6H0018AUR,52XPK6HCA105XX,DJI Fly,, 1.8.0,54E6999D-4E41-3C56-C869-63925F82E9FA,1581F4XF3229R006W0A6,,,,,,,,,,
6/22/2023,8:06:22.87 PM,1m 39.9s,99.9,43.0428613900085,-77.6663229714109,6.5,41.9,0.6,568,723.2,,9.43766,,8.500372,,8.276678,,5.59235,-2.4,3.9,93.2,93.2,Confirm Landing,Other,Landing (Vert Low Limit),24,5,True,,Mini 3 Pro,True,False,,Smart,RC,False,True,False,,,True,,False,False,False,False,False,False,False,False,False,False,0,Follow Yaw,0,0,125.8,125.8,False,False,False,False,False,True,,True,Normal,100,100,1024,1024,364,926,N,False,False,False,False,False,0,False,False,False,False,66,7.425,1499,2285,7.425,False,3.72,3.705,0.027,False,False,11.839,95,90.8,95,,,,,,,,,Idle,,,True,,False,10,Go Home,True,True,True,False,False,False,False,False,False,False,False,False,43.0428875252967,-77.6663246167718,9.5,436.3,1640.4,True,1,1,False,False,False,False,,True,False,False,,328,,16.4,Calm,48,, 1.8.0,DJI Mini 3 Pro,1581F4XF3229R006,53HFK5R0M30ACD,5HAZK6H0018AUR,52XPK6HCA105XX,101.4,0.7,39.3,9.437649,6.71082,0,4049,DJI Mini 3 Pro,1581F4XF3229R006,53HFK5R0M30ACD,5HAZK6H0018AUR,52XPK6HCA105XX,DJI Fly,, 1.8.0,54E6999D-4E41-3C56-C869-63925F82E9FA,1581F4XF3229R006W0A6,,,,,,,,,,
6/22/2023,8:06:22.97 PM,1m 40.1s,100.1,43.042861384168,-77.6663229983272,6.5,41.9,0.6,568,723.2,,9.43766,,8.500372,,8.276678,,5.59235,-2.6,3.9,93.5,93.5,Confirm Landing,Other,Landing (Vert Low Limit),24,5,True,,Mini 3 Pro,True,False,,Smart,RC,False,True,False,,,True,,False,False,False,False,False,False,False,False,False,False,0,Follow Yaw,0,0,125.7,125.7,False,False,False,False,False,True,,True,Normal,100,100,1024,1024,364,926,N,False,False,False,False,False,0,False,False,False,False,66,7.425,1499,2285,7.425,False,3.72,3.705,0.027,False,False,11.839,95,90.8,95,,,,,,,,,Idle,,,True,,False,10,Go Home,True,True,True,False,False,False,False,False,False,False,False,False,43.0428875252967,-77.6663246167718,9.5,436.3,1640.4,True,1,1,False,False,False,False,,True,False,False,,328,,16.4,Calm,48,, 1.8.0,DJI Mini 3 Pro,1581F4XF3229R006,53HFK5R0M30ACD,5HAZK6H0018AUR,52XPK6HCA105XX,101.4,0.7,39.3,9.437649,6.71082,0,4049,DJI Mini 3 Pro,1581F4XF3229R006,53HFK5R0M30ACD,5HAZK6H0018AUR,52XPK6HCA105XX,DJI Fly,, 1.8.0,54E6999D-4E41-3C56-C869-63925F82E9FA,1581F4XF3229R006W0A6,,,,,,,,,,
6/22/2023,8:06:23.28 PM,1m 40.3s,100.3,43.0428613588338,-77.6663230216646,6.5,41.9,0.3,568,723.2,,9.43766,,8.500372,,8.276678,,5.59235,-3.1,4,93.6,93.6,Confirm Landing,Other,Landing (Vert Low Limit),24,5,True,,Mini 3 Pro,True,False,,Smart,RC,False,True,False,,,True,,False,False,False,False,False,False,False,False,False,False,0,Follow Yaw,0,0,125.5,125.5,False,False,False,False,False,True,,True,Normal,100,100,1024,1024,364,925,N,False,False,False,False,False,0,False,False,False,False,66,7.425,1499,2285,7.425,False,3.72,3.705,0.027,False,False,11.839,95,90.8,95,,,,,,,,,Idle,,,True,,False,10,Go Home,True,True,True,False,False,False,False,False,False,False,False,False,43.0428875252967,-77.6663246167718,9.5,436.3,1640.4,True,1,1,False,False,False,False,,True,False,False,,328,,16.4,Calm,48,, 1.8.0,DJI Mini 3 Pro,1581F4XF3229R006,53HFK5R0M30ACD,5HAZK6H0018AUR,52XPK6HCA105XX,101.4,0.7,39.3,9.437649,6.71082,0,4049,DJI Mini 3 Pro,1581F4XF3229R006,53HFK5R0M30ACD,5HAZK6H0018AUR,52XPK6HCA105XX,DJI Fly,, 1.8.0,54E6999D-4E41-3C56-C869-63925F82E9FA,1581F4XF3229R006W0A6,,,,,,,,,,
6/22/2023,8:06:23.48 PM,1m 40.5s,100.5,43.0428613239648,-77.6663229963704,6.5,41.9,0.3,568,723.3,,9.43766,,8.500372,,8.276678,,5.59235,-3.6,4.1,93.6,93.6,Confirm Landing,Other,Landing (Vert Low Limit),24,5,True,,Mini 3 Pro,True,False,,Smart,RC,False,True,False,,,True,,False,False,False,False,False,False,False,False,False,False,0,Follow Yaw,0,0,125.4,125.4,False,False,False,False,False,True,,True,Normal,100,100,1024,1024,364,925,N,False,False,False,False,False,0,False,False,False,False,66,7.425,1499,2285,7.425,False,3.72,3.705,0.027,False,False,11.839,95,90.8,95,,,,,,,,,Idle,,,True,,False,10,Go Home,True,True,True,False,False,False,False,False,False,False,False,False,43.0428875252967,-77.6663246167718,9.5,436.3,1640.4,True,1,1,False,False,False,False,,True,False,False,,328,,16.4,Calm,48,, 1.8.0,DJI Mini 3 Pro,1581F4XF3229R006,53HFK5R0M30ACD,5HAZK6H0018AUR,52XPK6HCA105XX,101.4,0.7,39.3,9.437649,6.71082,0,4049,DJI Mini 3 Pro,1581F4XF3229R006,53HFK5R0M30ACD,5HAZK6H0018AUR,52XPK6HCA105XX,DJI Fly,, 1.8.0,54E6999D-4E41-3C56-C869-63925F82E9FA,1581F4XF3229R006W0A6,,,,,,,,,,
6/22/2023,8:06:23.58 PM,1m 40.7s,100.7,43.0428612734163,-77.6663229682006,6.5,41.9,0.3,568,723.3,,9.43766,,8.500372,,8.276678,,5.59235,-4,3.9,93.7,93.7,Confirm Landing,Other,Landing (Vert Low Limit),24,5,True,,Mini 3 Pro,True,False,,Smart,RC,False,True,False,,,True,,False,False,False,False,False,False,False,False,False,False,0,Follow Yaw,0,0,125.2,125.2,False,False,False,False,False,True,,True,Normal,100,100,1024,1024,364,925,N,False,False,False,False,False,0,False,False,False,False,66,7.425,1499,2285,7.425,False,3.72,3.705,0.027,False,False,11.839,95,90.8,95,,,,,,,,,Idle,,,True,,False,10,Go Home,True,True,True,False,False,False,False,False,False,False,False,False,43.0428875252967,-77.6663246167718,9.5,436.3,1640.4,True,1,1,False,False,False,False,,True,False,False,,328,,16.4,Calm,48,, 1.8.0,DJI Mini 3 Pro,1581F4XF3229R006,53HFK5R0M30ACD,5HAZK6H0018AUR,52XPK6HCA105XX,101.4,0.7,39.3,9.437649,6.71082,0,4049,DJI Mini 3 Pro,1581F4XF3229R006,53HFK5R0M30ACD,5HAZK6H0018AUR,52XPK6HCA105XX,DJI Fly,, 1.8.0,54E6999D-4E41-3C56-C869-63925F82E9FA,1581F4XF3229R006W0A6,,,,,,,,,,
6/22/2023,8:06:23.88 PM,1m 40.9s,100.9,43.0428612305672,-77.6663229259845,6.5,41.9,0.3,568,723.3,,9.43766,,8.500372,,8.276678,,5.59235,-4.6,4,93.5,93.5,Confirm Landing,Other,Landing (Vert Low Limit),24,5,True,,Mini 3 Pro,True,False,,Smart,RC,False,True,False,,,True,,False,False,False,False,False,False,False,False,False,False,0,Follow Yaw,0,0,125.1,125.1,False,False,False,False,False,True,,True,Normal,100,100,1024,1024,364,925,N,False,False,False,False,False,0,False,False,False,False,66,7.521,1496,2285,7.521,False,3.766,3.755,0.027,False,False,7.865,95.2,90.8,95.1,,,,,,,,,Idle,,,True,,False,10,Go Home,True,True,True,False,False,False,False,False,False,False,False,False,43.0428875252967,-77.6663246167718,9.6,436.3,1640.4,True,1,1,False,False,False,False,,True,False,False,,328,,16.4,Calm,48,, 1.8.0,DJI Mini 3 Pro,1581F4XF3229R006,53HFK5R0M30ACD,5HAZK6H0018AUR,52XPK6HCA105XX,101.4,0.7,39.3,9.437649,6.71082,0,4049,DJI Mini 3 Pro,1581F4XF3229R006,53HFK5R0M30ACD,5HAZK6H0018AUR,52XPK6HCA105XX,DJI Fly,, 1.8.0,54E6999D-4E41-3C56-C869-63925F82E9FA,1581F4XF3229R006W0A6,,,,,,,,,,
6/22/2023,8:06:23.98 PM,1m 41.1s,101.1,43.042861179434,-77.6663228590668,6.5,41.9,0,568,723.3,,9.43766,,8.500372,,8.276678,,5.59235,-5,4.4,93.6,93.6,Confirm Landing,Other,Landing (Vert Low Limit),24,5,True,,Mini 3 Pro,True,False,,Smart,RC,False,True,False,,,True,,False,False,False,False,False,False,False,False,False,False,0,Follow Yaw,0,0,124.9,124.9,False,False,False,False,False,True,,True,Normal,100,100,1024,1024,364,925,N,False,False,False,False,False,0,False,False,False,False,66,7.521,1496,2285,7.521,False,3.766,3.755,0.027,False,False,7.865,95.2,90.8,95.1,,,,,,,,,Idle,,,True,,False,10,Go Home,True,True,True,False,False,False,False,False,False,False,False,False,43.0428875252967,-77.6663246167718,9.6,436.3,1640.4,True,1,1,False,False,False,False,,True,False,False,,328,,16.4,Calm,48,, 1.8.0,DJI Mini 3 Pro,1581F4XF3229R006,53HFK5R0M30ACD,5HAZK6H0018AUR,52XPK6HCA105XX,101.4,0.7,39.3,9.437649,6.71082,0,4049,DJI Mini 3 Pro,1581F4XF3229R006,53HFK5R0M30ACD,5HAZK6H0018AUR,52XPK6HCA105XX,DJI Fly,, 1.8.0,54E6999D-4E41-3C56-C869-63925F82E9FA,1581F4XF3229R006W0A6,,,,,,,,,,
6/22/2023,8:06:24.29 PM,1m 41.3s,101.3,43.0428611669008,-77.666322769685,6.5,41.9,0,568,723.3,,9.43766,,8.500372,,8.276678,,5.59235,-5.1,4.3,93.8,93.8,Confirm Landing,Other,Landing (Vert Low Limit),24,5,True,,Mini 3 Pro,True,False,,Smart,RC,False,True,False,,,True,,False,False,False,False,False,False,False,False,False,False,0,Follow Yaw,0,0,124.8,124.8,False,False,False,False,False,True,,True,Normal,100,100,1024,1024,364,926,N,False,False,False,False,False,0,False,False,False,False,66,7.521,1496,2285,7.521,False,3.766,3.755,0.027,False,False,7.865,95.2,90.8,95.1,,,,,,,,,Idle,,,True,,False,10,Go Home,True,True,True,False,False,False,False,False,False,False,False,False,43.0428875252967,-77.6663246167718,9.6,436.3,1640.4,True,1,1,False,False,False,False,,True,False,False,,328,,16.4,Calm,48,, 1.8.0,DJI Mini 3 Pro,1581F4XF3229R006,53HFK5R0M30ACD,5HAZK6H0018AUR,52XPK6HCA105XX,101.4,0.7,39.3,9.437649,6.71082,0,4049,DJI Mini 3 Pro,1581F4XF3229R006,53HFK5R0M30ACD,5HAZK6H0018AUR,52XPK6HCA105XX,DJI Fly,, 1.8.0,54E6999D-4E41-3C56-C869-63925F82E9FA,1581F4XF3229R006W0A6,,,,,,,,,,
6/22/2023,8:06:24.49 PM,1m 41.5s,101.5,43.0428611607048,-77.6663226933099,6.5,41.9,0,568,723.4,,9.43766,,8.500372,,8.276678,,5.59235,-5.4,4.5,94.1,94.1,Confirm Landing,Other,Landing (Vert Low Limit),24,5,True,,Mini 3 Pro,True,False,,Smart,RC,True,True,False,,,True,,False,False,False,False,False,False,False,False,False,False,0,Follow Yaw,0,0,128.6,128.6,False,False,False,False,False,True,,True,Normal,100,100,1024,1024,364,929,N,False,False,False,False,False,0,False,False,False,False,66,7.521,1496,2285,7.521,False,3.766,3.755,0.027,False,False,7.865,95.2,90.8,95.1,,,,,,,,,Idle,,,True,,False,10,Go Home,True,True,True,False,False,False,False,False,False,False,False,False,43.0428875252967,-77.6663246167718,9.6,436.3,1640.4,True,1,1,False,False,False,False,,True,False,False,,328,,16.4,Calm,48,, 1.8.0,DJI Mini 3 Pro,1581F4XF3229R006,53HFK5R0M30ACD,5HAZK6H0018AUR,52XPK6HCA105XX,101.4,0.7,39.3,9.437649,6.71082,0,4049,DJI Mini 3 Pro,1581F4XF3229R006,53HFK5R0M30ACD,5HAZK6H0018AUR,52XPK6HCA105XX,DJI Fly,, 1.8.0,54E6999D-4E41-3C56-C869-63925F82E9FA,1581F4XF3229R006W0A6,,,,,,,,,,
